componente,edad,n_trabajos,horas_trabajos_total,tot_integ,menores,p65mas,sexo_desc__hombre,sexo_desc__mujer,nivelaprob_desc__doctorado,nivelaprob_desc__especialidad,nivelaprob_desc__estudios_tecnicos_o_comerciales,nivelaprob_desc__licenciatura_o_ingenieria_profesional,nivelaprob_desc__maestria,nivelaprob_desc__ninguno,nivelaprob_desc__normal,nivelaprob_desc__preescolar_o_kinder,nivelaprob_desc__preparatoria_o_bachillerato,nivelaprob_desc__primaria,nivelaprob_desc__secundaria,region_banxico__centro,region_banxico__centro_norte,region_banxico__norte,region_banxico__sur,tam_loc_desc__localidades_con_100_000_y_mas_habitantes,tam_loc_desc__localidades_con_15_000_a_99_999_habitantes,tam_loc_desc__localidades_con_2_500_a_14_999_habitantes,tam_loc_desc__localidades_con_menos_de_2_500_habitantes,parentesco_desc__abuelo_a,parentesco_desc__ahijado_a,parentesco_desc__bisabuelo_a,parentesco_desc__bisnieto_a,parentesco_desc__compadre_comadre,parentesco_desc__concubino_a,parentesco_desc__concuno_a,parentesco_desc__consuegro_a,parentesco_desc__cunado_a,parentesco_desc__esposo_a_companero_a_conyuge_pareja_marido_mujer_senor_a_consorte,parentesco_desc__familiar_otro_parentesco,parentesco_desc__hermano_a,parentesco_desc__hijastro_a_entenado_a,parentesco_desc__hijo_a_adoptivo_a,parentesco_desc__hijo_a_hijo_a_consanguineo_hijo_a_reconocido,parentesco_desc__jefe_a,parentesco_desc__madre_padre,parentesco_desc__medio_a_hermano_a,parentesco_desc__nieto_a,parentesco_desc__no_tiene_parentesco,parentesco_desc__nuera_yerno,parentesco_desc__padrastro_madrastra,parentesco_desc__pareja_del_mismo_sexo,parentesco_desc__primo_a_noicpircsed_4202_y,parentesco_desc__sobrino_a,parentesco_desc__suegro_a,parentesco_desc__tio_a,hablaind_desc__no,hablaind_desc__si,segsoc_desc__no,segsoc_desc__si,subor_principal_desc__no,subor_principal_desc__no_aplica_sin_trabajo_principal_reportado,subor_principal_desc__si,contrato_principal_desc__no,contrato_principal_desc__no_aplica_sin_contrato_principal_documentado,contrato_principal_desc__si,sexo_jefe_desc__hombre,sexo_jefe_desc__mujer,educa_jefe_desc__posgrado,educa_jefe_desc__preescolar,educa_jefe_desc__preparatoria_completa,educa_jefe_desc__preparatoria_incompleta,educa_jefe_desc__primaria_completa,educa_jefe_desc__primaria_incompleta,educa_jefe_desc__profesional_completa,educa_jefe_desc__profesional_incompleta,educa_jefe_desc__secundaria_completa,educa_jefe_desc__secundaria_incompleta,educa_jefe_desc__sin_instruccion
PC1,-0.477497125204023,0.03136117147704787,0.1270789191809899,0.563836744004991,0.5714135570873227,-0.24017077977203688,0.0027698042460592874,-0.002769804246059291,-0.0010712317462874801,-0.0007958179152485381,-0.005972975363672071,-0.002411515813427866,-0.004010388610846916,-0.015209148461641892,-0.0007279875735223396,4.2408619950827055e-05,0.04720651181049452,-0.0592242514861935,0.04217439654039531,0.005865825925915992,0.0013842855767958826,-0.0037089351529667872,-0.0035411763497450667,-0.016496792921136188,0.0014283945232010876,0.005347761901841765,0.00972063649609335,-6.246102757232345e-05,4.969550376371884e-06,-1.0199582319772712e-05,7.95385937344079e-06,2.4775079221452765e-06,-9.181973688895222e-06,0.00014131314975324128,-1.0951241433354052e-07,0.001999859875486041,-0.00798197942525113,7.560847982779623e-05,0.0001561577908798215,0.001301337999022441,2.1292542577918875e-05,0.07936074457742408,-0.10057057941035774,-0.0007364723228196112,7.993006272332197e-07,0.004807428545826383,0.0003935414611524624,0.01869181087480194,1.8676690888806904e-05,-5.5751831014672605e-05,0.00022968775715094517,0.002291666854179618,-3.31246194209073e-05,-4.546711241128622e-05,-0.003059191094188189,0.00305919109418819,0.0026747108110167853,-0.0026747108110167644,-0.07708808339238896,-0.00976743612210061,0.0868555195144895,0.05152781985510429,-0.08565822991146702,0.034130410056362706,0.011643844766684666,-0.011643844766684668,-0.005566998274134978,-1.4474958202024434e-05,0.009774637537897597,0.0025434084192603353,-0.0016773771469041103,-0.02401111651552478,-0.012764309727354848,-0.0021025799640867356,0.04014460366894673,0.0023278612430835456,-0.008653654282980736
PC2,-0.014871106555973868,0.5966771049875628,0.6733843044332823,-0.18193670079442467,-0.12549935379647742,-0.1841742516830681,0.12248088763289045,-0.12248088763289078,0.0006008963690704028,0.0005271708093935318,-0.0009870642715064347,0.0037553905735983467,0.002074039934461319,-0.005214755639066314,-0.0003965648968471818,-2.5733493977401077e-05,0.006552961076443514,-0.01298582043050868,0.006099479968938897,-0.005755472148659564,-0.004526632852792613,-0.0010916886414412575,0.011373793642893454,0.006891320868147514,0.0011499475574175285,-0.0005887124185486307,-0.007452556007016432,-9.373599051638215e-05,8.840146078059434e-06,-2.1760616446103656e-06,-6.406845594114714e-05,-1.5922007262139736e-07,-4.82038094262864e-05,-2.543680826553186e-05,-2.2023145795776685e-05,-0.0006160382631503927,-0.055681987280036524,9.55310872761624e-06,-0.0010918645517746062,-0.00047173800562425256,-2.8023383672713625e-06,-0.03594224344048222,0.1087223191825193,-0.0014510062671578637,7.387541697598177e-06,-0.00582087684459211,0.00017611062040188933,-0.005728301235762139,7.948824682724617e-06,0.00010986910744305035,3.0092902376716663e-05,-0.0012145641920803757,-0.0006768693612650648,-0.00011802616197171428,-0.002561965734680411,0.0025619657346804174,-0.07375663420003238,0.07375663420003235,-0.0319681430520099,-0.09012019364315824,0.12208833669516791,0.03491662834766708,-0.12166570683305931,0.08674907848539241,0.023173646971109522,-0.023173646971109494,0.002061578708831136,-9.297657243789426e-06,0.013931929219845577,0.00262516405352987,-0.011801348516658752,-0.02104335887654026,0.00993088471147196,0.0024654996074359764,0.01100290158570498,0.00018260210688660305,-0.009346554943263294
PC3,0.45816373719331194,0.30613278793870186,0.10413594854601221,0.3582712227635557,0.29664377592841323,0.4973879325733906,0.044321730798945164,-0.0443217307989452,-0.0006512393883155443,-0.000595346373774109,-0.0030729562567437187,-0.09255921478634507,-0.0052907968509687455,0.027081783526868047,0.00010882503499510367,9.146663141082381e-05,-0.06823420526812224,0.1301665191987379,0.012955164532257401,0.013074900147935622,-0.022674890335481694,-0.04911481215180514,0.058714802339351196,-0.1283296213003636,-0.00832423728298307,0.014558027640193753,0.12209583094315296,0.00021084679734621823,-2.484555552267083e-05,1.0274070755392581e-05,4.972752235953961e-05,-1.3572314080346167e-06,-9.045716393079252e-05,5.043403616202492e-05,-6.097315587117431e-06,0.0004473288286659537,-0.004288925223037938,4.076394797495205e-05,-0.0014190143622181668,-0.0010768604380705109,-1.268291038137926e-06,-0.06181407845627485,0.05454981642957318,0.002662269223155439,-9.258792163632581e-06,0.0029799536177760586,-0.0019410342964070238,0.00967881249993053,4.931461884842196e-05,-0.00043879049618555254,-0.00040595353911483987,-0.0008501938697228769,0.0013615657423262431,0.00027702769580825,-0.05141503435570167,0.05141503435570166,0.13349715760312855,-0.1334971576031284,0.1528862598575719,-0.025554923494428467,-0.1273313363631435,0.019951864456248775,0.12904486503992998,-0.1489967294961787,0.047922424713865534,-0.04792242471386553,-0.0078016241862624005,1.6219485979117613e-05,-0.050555579140111336,-0.009609238907303537,0.04862578759974202,0.08067224559174216,-0.0489994196779359,-0.014274056748956283,-0.03339601879378419,-0.0005407695327399423,0.03586245430963029
PC4,-0.162957347028545,-0.15581476112816484,0.20468445241831246,0.15379143739407408,-0.17607274508442727,0.6921571331441319,0.043619810168101014,-0.04361981016810107,0.0008679486098661648,0.0006525811184099894,0.0035170919492006625,0.08660970994981618,0.003766542339699912,-0.011020739750375643,0.0007579587393846952,-6.0457556573258964e-05,0.05064845913525235,-0.07787882342241095,-0.057860271112270094,0.011238123026165586,0.014245842707094293,0.043328393429978476,-0.06881235916323833,0.14222788270975512,0.004997022744561167,-0.010264554074961362,-0.136960351379355,4.655948782987731e-05,1.5036758474248184e-05,7.806333969956248e-06,0.00018183851213072309,1.2639131239585477e-06,-0.0001102162312081306,5.4237742363637715e-05,-1.1537733373073792e-06,0.0012839644946376265,-0.08340030265055255,7.389865445283354e-05,0.005047634612890073,0.0006421256947588552,2.078446920025301e-05,0.19187115673855293,-0.16979724771277224,-0.0005407421320784229,1.8082338397724474e-06,0.026689483209280086,0.0026567379066670155,0.019124562459980034,2.834624565859692e-05,9.842561097220608e-05,0.0006821535610838023,0.00525633884659437,-0.00015446105256828663,0.00021996006605609668,0.04987125135787446,-0.04987125135787447,-0.19346791019000478,0.19346791019000462,-0.1762892379875911,-0.008777889182914143,0.18506712717050522,-0.016923287141694027,-0.18628367979239666,0.20320696693409088,-0.053114761879136135,0.05311476187913604,0.004625009329404896,-4.379965609484979e-05,0.0006590530489735046,-0.0006522476691240449,-0.008398255910470888,0.01627316224692721,0.023206924641356347,0.003941792957223816,-0.045403610136255435,-0.005703119125462844,0.011495090273522206
PC5,0.4533429376347083,-0.3787733646928564,0.1456076817929673,0.07879249533090343,0.28308092306699917,-0.1776415511443594,0.17746794884037503,-0.1774679488403752,0.001717135291578964,0.0007715059390922541,0.006799779664990263,0.008476288848711822,0.006245037750232511,-0.0030317865759750084,0.0007737084313634306,-0.00013482898660881069,-0.032748394283407554,-0.0034616852833275515,0.01459323920334983,-0.031162211827598183,0.022949139732200533,0.08544200769530971,-0.07722893559991206,0.14233158117874276,0.002081890229629285,-0.01893407155390048,-0.12547939985447173,0.00011457022136769498,-1.230850301496771e-06,1.023813778105633e-05,-0.00016623644918599395,6.113398501769881e-06,-9.312356259863117e-05,0.00011593884164757892,1.2254865938808646e-05,0.0006855658890510854,-0.04000218649069167,-1.6789231995101354e-05,-0.0010310669637948367,-0.0012771486066700524,6.768906389707322e-06,-0.20617441625939462,0.27172711809469197,0.0018277067898388815,-1.1722402422350037e-05,-0.017988216116535786,-0.0011430964011648018,-0.004127426568315683,7.45422043859494e-05,-0.00010481049778048624,-1.6863087401096412e-05,-0.0037278150290536586,0.0010895391961438252,0.00021179197156792132,0.03449653439138161,-0.034496534391381596,-0.30356107077579536,0.3035610707757951,-0.04613983748473848,0.023675791265962677,0.022464046218775933,-0.16001330292277652,-0.027565555692821847,0.18757885861559842,0.0972202035719779,-0.09722020357197778,0.008001326204995256,-5.3380678104960876e-05,0.03005554949450566,0.0047083044004685645,-0.034840410301232326,-0.05053784771389768,0.042905033808101754,0.006342445703932361,0.019047887418951883,0.0006068475413017696,-0.026235755879022327
PC6,0.16436296025016378,0.4140007498513056,-0.21995124877273822,0.0296696315433983,0.15367136777057344,-0.021678453180945856,-0.39875002149523664,0.3987500214952376,0.0030062310873867487,0.0018082334743781403,0.015090238348148266,0.1127777055265516,0.014814936576035713,-0.0025137096138573966,0.0027328779604518186,-8.320875369390761e-05,-0.01570048400827362,-0.07375123359117364,-0.058181587005953675,-0.049300188242155284,0.022088286266852268,0.03679979624976489,-0.009587894274461788,0.19289379335887705,0.00401689840919826,-0.015093040066442007,-0.1818176517016335,1.7180043055501174e-06,-1.7511157180208108e-05,1.1821667083039362e-05,-1.0858531316306412e-06,1.4895917346855434e-05,0.0002028494872092036,1.9807602013148708e-05,-1.3487826316648026e-06,5.078843416008421e-05,0.17191799421696202,9.094322245671864e-05,0.0026013352154591303,-0.0017182894050550182,9.35461248497597e-06,-0.0632503065688016,-0.10304973406502736,0.0024930109064711403,-2.198087722461554e-05,-0.006675155495399873,-1.4777111790428391e-05,-0.0028888641357389727,-2.644385461838411e-05,0.00024924634193013086,-3.568685848418408e-05,-0.0009102571991359122,0.0008325439793952879,0.00011513175694267162,0.02628937698310224,-0.026289376983102238,-0.20958057121175833,0.20958057121175805,0.0405854065478987,-0.03822303664651414,-0.0023623699013845937,-0.21261137420406354,0.0034080940229536732,0.20920328018111015,-0.19298567162979094,0.19298567162979066,0.016916118816110895,-0.0001531829624638118,0.025290411966337384,0.0018350967522196805,-0.046679868188362734,-0.05024180829196587,0.08042003904639362,0.01395056174670555,-0.02449672274494604,-0.006230640511639729,-0.010610005628389053
PC7,0.28146025393284013,0.0188325284465779,-0.16256512180829377,0.017836199079684145,0.031235878133984152,-0.06257931635227365,-0.07714499908305485,0.07714499908305489,0.0003327794472302026,-0.0006604373418566609,0.0019230787289979956,-0.10813387157018292,-0.0011641791853418404,0.005466811376469996,0.0006827321365478201,0.00014123706508806233,-0.10540671711547366,0.07608698272887189,0.13073158372964902,0.04756877223410078,0.03375739647029426,-0.00285038119641982,-0.07847578750797529,-0.058391040541009624,0.005073434894898295,0.0038200408974476798,0.04949756474866362,3.076256769969706e-06,-2.3834938845083404e-05,2.193590618275142e-05,-7.286416315249223e-06,1.2996148901988916e-05,4.7670501746548764e-05,9.66305376203369e-05,-6.313563319550445e-06,0.0002682571739534789,0.0013623098850758188,7.990888961444964e-06,0.004355969391724275,-0.0007730858054266126,1.9643009520870822e-06,-0.06024730324248057,0.056411051520147186,0.0028167762001496503,-5.281970575049668e-06,-0.005153571799929831,-0.0004026907870869275,-0.000294326656627536,7.621077808983122e-05,-0.00013452426532388175,-4.1782694675482964e-05,-0.00047987775693516524,0.0015752245257141934,0.000511815881551542,0.02223503229006536,-0.022235032290065352,0.04058632361094979,-0.040586323610949805,-0.3831700246881279,-0.03022711666800667,0.41339714135613437,0.4957523191359247,-0.41592862750642823,-0.07982369162949714,-0.14387983715073283,0.1438798371507326,-0.003348563493907452,0.00012507612607447368,-0.06995076752954778,-0.009202105959182265,0.03543611940636143,0.02094497343381675,-0.061900309076864286,-0.01543693936271035,0.09251447307977971,0.005253609017340664,0.005564434358839074
PC8,0.09874857000870625,-0.40185191806969106,0.5682511478718896,-0.01977050535493452,0.018488646891406557,-0.04485567467137265,-0.2758698780062458,0.275869878006246,-0.0019322078852177932,-0.0010129496574912559,0.0056485321109360775,-0.08931353222561879,-0.006935332942598238,0.0053559900544687955,-0.0017707035524605619,-2.4721320479592634e-05,-0.017953199274284293,0.005292809000428639,0.10264531569231705,0.08742201885801743,-0.045248180717092884,-0.04599613258516034,0.003822294444235713,-0.01930886493994386,0.019315095612852672,0.023729219440925663,-0.02373545011383444,0.0001463896936986507,-3.6138733376738886e-05,3.7121170706279465e-06,1.5113316830908181e-05,2.097620712082353e-05,1.5097644902403717e-06,-2.196738703092656e-06,3.588987210283753e-06,-0.00014053337139992094,0.06294953579551187,-1.8311369414557153e-05,0.006374496993882367,-0.0013793315287034633,-2.7138416063276697e-06,-0.00717665437474365,-0.06684542745278803,0.002227658150856802,7.269021706169961e-06,-0.0010030821426267103,-0.00022550741283308085,0.003162645094576339,-4.27729075888829e-05,0.00018291343591995388,0.00028192521393162814,0.0008783956597127429,0.0005509346060286227,6.560581523643818e-05,0.003949547760961179,-0.003949547760961212,0.13029628944734348,-0.1302962894473433,0.08154772733723849,0.023698991672390268,-0.10524671900962872,-0.01852440012011229,0.10163536837803484,-0.08311096825792272,-0.3365654142865739,0.33656541428657344,-0.010568016637275605,4.905408930194726e-05,-0.022288767879979514,-0.004183090527262949,0.009128520904633917,-0.004843608463008221,-0.061367461036480477,-0.011267964684903643,0.09229496840661033,0.0014993359925621625,0.011547029835802131
PC9,-0.1585508480070332,0.021509016203019926,-0.08979800662561985,-0.38646813415051784,0.4266926252271466,0.14600345834122344,0.14723819395475723,-0.1472381939547574,0.0006515973182489934,0.0005106874191559696,-0.008245073690416826,0.05998612775895046,0.0030349586138717077,0.009783111389226273,-0.0007003269948323287,-9.354333091560196e-05,0.10721935400561519,0.08255001279951829,-0.25469690528842276,-0.06994762941325534,0.026357645140922287,-0.019683281333058442,0.06327326560539145,0.012327245654229126,-0.004644553288369728,-0.004647735400339772,-0.003034956965519646,-0.00017425910003691713,-2.1850095377093907e-05,-2.0486005898882128e-05,0.00010435766690843927,-1.252548940226136e-05,-1.5195432259300071e-05,-0.00012548563290101547,-3.496824004261025e-05,-0.0028320050826925167,-0.26541689820583736,3.4324072388203286e-05,0.0013736640301022145,-0.0014635893835085957,-3.8667195726123386e-05,-0.01872788153735625,0.2765125881738271,-0.0020952589474678416,4.879923621562911e-06,0.013544524270979049,0.001263429164705714,-0.0004107590086610585,-1.6991651363642135e-05,0.0003067629323299506,-8.530043181808563e-05,0.00031905881519373055,-0.0017199229660423243,-0.0002515446436644838,-0.021174177843064777,0.021174177843064763,0.03453044218843811,-0.03453044218843801,-0.00344819696046519,0.004102763772026964,-0.0006545668115618035,0.028064353906187414,-0.00011583221251162598,-0.0279485216936762,-0.354265306058324,0.3542653060583234,0.005306045312649171,3.5370754043004037e-05,0.08079701320135119,0.00982909811630809,0.03229071949701601,0.03691432586135152,0.04678549466798791,0.015540368065778177,-0.24040026925093713,-0.007468427903409269,0.020370261677861247
PC10,-0.14785781442969312,0.09715979385264537,-0.1157847292211156,-0.18928159405559475,0.129710698316091,0.1831403755028259,0.09061535516987049,-0.09061535516987054,-0.0006233958758573299,-0.00030216417156164743,0.003438116321929807,-0.09990409045271281,-0.0039037810041952087,-0.010562908391820405,-0.00013419757994417858,-0.0002614436740231707,-0.1814891963491081,-0.25673513144858917,0.5504781926258844,-0.02803821431827508,0.011687476905857516,0.07705522151114448,-0.06070448409872689,-0.03822269720666444,-0.014088188716890585,-0.01786128877349241,0.0701721746970474,-4.031939031512285e-05,-9.254759073964961e-06,-1.8993354044087466e-05,4.586093887035741e-06,1.637247402392125e-05,0.00015751798963800637,1.6442618548578612e-06,-3.610605043534821e-06,-0.0011551522779755436,-0.1049483734619684,6.128985013646927e-05,-0.003243305088603008,-0.00018543687092173366,1.2544902691353168e-05,-0.0033763828485346013,0.10977343871202361,-0.0023674439970027624,-1.3622927106505867e-05,0.007491820835074354,-0.0013832064425048426,0.0015066790116023228,-6.136112934867315e-05,-0.00013789395192988216,-0.00031135621534566073,0.0001755706585598131,-0.0016306211718173126,-0.00031513029795630514,0.023425500205422268,-0.02342550020542227,-0.0904951681905299,0.09049516819052972,0.0744313221558484,0.006048320522743239,-0.08047964267859155,-0.07318605131815571,0.0800389660847182,-0.0068529147665624505,-0.10392908015367948,0.10392908015367928,-0.006842069522915097,-0.00014645540895747783,-0.1421673025617502,-0.019704638176728198,-0.17655080433225606,-0.08744873622872588,-0.08065486488379317,-0.014216202298726829,0.5203237536113163,0.013641735635353378,-0.006234415832816644
PC11,0.11840199827960543,0.10501841091232282,-0.14777448640330848,0.4715434409305316,-0.3924980185275181,-0.2379995394757062,0.22403305240789612,-0.22403305240789645,3.8833691066525455e-05,-1.4358336074771216e-05,0.0012414158284396737,0.005162676257349921,-0.00273638328261977,-0.0010373865114267633,-0.00029283683407231587,-2.4079470960169935e-05,-0.028967613089818267,0.031562145921937124,-0.004932414173820343,0.026210780167708253,-0.03336278959869721,-0.01944648289193339,0.026598492322922426,0.1182471965071721,-0.007779301473695844,0.0028417228973423654,-0.11330961793081883,7.60178768158692e-05,1.0776745445250171e-05,-2.6731854665720654e-06,6.351417383989023e-05,1.2280096712543623e-05,-0.00013228794712959332,3.239051863440026e-05,2.433817543727438e-05,0.001111218081431967,-0.27404519576278086,0.00011007246373201772,0.0074572173370236125,-0.0012409051254836242,-1.9595136448045464e-05,0.17813663927764542,0.06709518221534212,0.0014675180882772127,-1.855447097551645e-05,-0.0003392599889636923,0.000224843159020871,0.01569810062811489,0.0001136141002180207,-0.00011150722152863323,0.0007198585241452387,0.003167440850046398,5.849565902654801e-05,0.00033046086786674264,0.003382606706277039,-0.0033826067062770466,-0.02271946107737086,0.022719461077370832,0.07696473704842643,0.004017896919311587,-0.08098263396773807,-0.06485682655486545,0.08262620321381667,-0.017769376658950876,-0.34913283629081043,0.34913283629080966,0.0002085837722050891,0.00012691669585490706,-0.05464006173263501,-0.007762524384307714,0.04643302003342353,0.011470429896193715,-0.029694056061269365,-0.007152849282721079,0.036184573263097944,-0.0038720596160741277,0.00869802741623216
PC12,-0.016816809896762985,-0.026087266588377577,-0.03859625234756413,0.007705473901196115,-0.05051527858947537,-0.03925743404028169,-0.04118947030547448,0.04118947030547461,1.3983949059485912e-05,-0.0007889830591420255,-0.006165366429080041,-0.09172369580496781,0.0008487520905317847,0.0024486199253827487,0.001995510428863312,-0.00014869513034616866,0.002840035797896462,0.13379379647289044,-0.043113958241088435,0.1302441508321605,-0.34396449726869754,0.13375977707159703,0.07996056936494039,-0.4744944740581863,-0.012656179441101784,-0.0569834158872861,0.5441340693865748,-2.144047111060296e-05,9.533624401395976e-06,-1.4265630949550703e-05,-7.426187855836468e-05,1.8919963640686344e-05,-0.00020152659146878817,-7.405594205291778e-05,3.228544643768714e-06,-0.0016747121896399221,-0.016866609321977245,1.2440076568011491e-05,-0.002489862407738666,-0.0009662163072400435,7.989230620730348e-06,0.04788595936708223,-0.021910003116407586,-0.0011451539863418445,-1.3637607870421055e-05,-0.0032671008825829457,-0.001569906034132449,0.005990480302231,-8.034551963325819e-05,3.190339579934342e-05,-0.0008419279447235494,-0.0017765106152323336,-0.000756727073252051,-0.00021619098407455825,-0.08364199430880244,0.08364199430880237,-0.2108995004162544,0.21089950041625377,-0.05648205573475939,0.007992116320132291,0.04848993941462705,-0.22289133249802714,-0.04404976858858979,0.26694110108661795,-0.08159933916666606,0.08159933916666581,-0.005065191661628418,4.080002617550586e-05,-0.02943465957676638,-0.010805657340731262,0.10819237928538035,0.08373614293619622,-0.08338604332906484,-0.01816078653697995,-0.04933012577915847,-0.00913478848716983,0.013347930463747059
PC13,-0.012942728108666032,-0.01722739473007353,0.03448547944039404,0.02855567091494207,-0.04886679807633905,-0.03250174839012176,-0.020060552188378645,0.020060552188378808,-0.0001852636335435559,-0.0006854752381600122,-0.004142683374161446,-0.05623216683379706,-0.00427203764351379,-0.016117237867725967,0.0009977532493551933,-0.0001844644928573301,-0.008833030703241623,0.10337102546447233,-0.013716418926827047,-0.30257802673255585,0.7664169306545859,-0.24687107745191808,-0.21696782647011298,-0.23680978766459587,0.027072301543631716,-0.022099983292535708,0.2318374694134999,-0.00014839621655191038,-5.665584712766236e-07,-1.543055270773752e-05,-4.566317781786594e-05,-4.318929715325243e-06,-6.382906741790682e-05,-4.4861487216658677e-05,-1.1526231088376712e-05,-0.0008256292152075051,0.007095424356516046,5.580686887908722e-05,-0.0012650432485458868,0.0006237124774605105,4.047075159088906e-06,0.05703615980240048,-0.056958149273490556,-0.0018241955090448285,-1.718933124821223e-05,-0.0010659847790025318,-0.0007043420255543046,0.00011817153985926919,0.00012505145773416,0.00024300219654030245,-0.00013956605791724656,-0.0015229844278347921,-0.0005979787275113746,-4.5720958204894664e-05,0.04624867657204451,-0.046248676572044546,-0.14556509829467965,0.14556509829467934,0.034461367692887476,0.005984887938686026,-0.04044625563157348,-0.03921457040839262,0.040991903802885914,-0.0017773333944931687,-0.04596899739953074,0.045968997399530614,-0.007313661013794137,-0.00015174004764909125,-0.040041220642406616,-0.0018251072225668264,0.09203671404614963,0.060440992001175926,-0.04733963833368332,-0.013407390524990723,-0.031478024663776645,0.0007517653128919824,-0.011672688911349923
PC14,0.039863969699318116,0.04848321580982475,-0.042980197327966554,0.03437822976325612,-0.04743434829987415,0.02650569355784102,-0.007755154807328822,0.007755154807328871,-0.0005880226844377362,-0.0005513860030244705,0.011333295751603203,-0.48990319473472727,-0.0038261344624785365,0.0014459886366920693,0.001704674431173947,-5.777519671042869e-05,0.6409850455432982,-0.1446132665685528,-0.01592922471283703,-0.0611039524564001,-0.01878985305296081,0.10799970762384553,-0.028105902114484382,0.012488455388958791,0.0032244706617834823,0.001078257945721528,-0.016791183996463677,3.9828759251431256e-05,-5.0911870715070195e-05,1.2511927047237359e-05,0.00012394391292692292,-2.3868911391356287e-06,-0.00011878769373697409,8.958898400401177e-05,8.089395123121074e-06,0.0008757481884176491,0.03545293355363713,8.017898382872147e-05,0.0023196256650642707,0.0006460444120475147,-1.119512446097094e-05,-0.04939779587108215,0.00045517374466999083,0.0005922769414194439,2.9673158472172258e-06,0.0050488527992066795,-0.0012947727888963864,0.004070258893238508,6.956765421688128e-05,-0.00010601467219809477,0.0003799902098267476,0.0002465624673396928,0.0004816968808744919,-1.3975775758680635e-05,0.030971869687344486,-0.03097186968734442,-0.09953110546526588,0.09953110546526582,0.030717856757638773,-0.0010489033294827125,-0.02966895342815604,0.09453350171807726,0.0283226995730507,-0.12285620129112838,-0.016084817266783995,0.016084817266783895,-0.010333160155982726,-6.948954253706811e-05,0.3851591123111865,0.047205550944990946,-0.09822290483121716,-0.04194233371841364,-0.2857640565256447,-0.04485575409891283,0.04865345846577133,0.0008638824030735515,-0.0006943052523142409
PC15,0.013521972096554053,0.052323836335408117,-0.05404450258741645,-0.015447525593402713,0.030026548085159872,0.011797620466147546,-0.001146676616234659,0.001146676616234573,0.0004982229309474645,0.0009387576211739371,0.0038023326459817597,0.07443636421991517,0.004205101084445287,-0.0058381463726487545,0.0009235922981232769,-0.00014963372387881424,0.10034589723998545,-0.12572003042506572,-0.053442457518979164,0.7293170481119687,0.0403138243413453,-0.4101799531442559,-0.3594509193090593,-0.1821331083236415,0.09804091046009183,0.13416879308607335,-0.05007659522252395,9.874014128963271e-05,-5.3636044269445016e-05,-1.7217832585458837e-05,1.7488806333121332e-06,2.8592419487508125e-05,-0.00016381830223270374,-0.00011846859468400873,-3.1144651780098174e-05,-0.002072340236088904,-0.06737830105781915,-7.73894790812605e-05,-0.002752484904285451,-0.0011257755919358739,3.5649399274780004e-05,-0.004905909716306969,0.08704141307491903,-0.0007944251429630613,2.9995585422520238e-05,-0.0001777520541026129,-0.0018676627149598348,-0.0018097620472339222,-0.00013363345292482305,3.390939859178336e-05,-0.0009634179850410564,-0.001976558931132871,-0.00030107688595234957,-0.0005492732742387548,0.1232015062515898,-0.12320150625158963,-0.028229253077698437,0.028229253077698368,0.027966781190851744,-0.004645616260059582,-0.023321164930792178,-0.031015991519224545,0.021639954854447953,0.009376036664776672,0.015713930417756913,-0.015713930417756903,0.005471881319975291,3.35325285385899e-05,0.07264062820393627,0.0032514731660157592,-0.04679111666645338,-0.07992074898489053,0.05190865005634412,0.006201390331124057,0.003978809730918774,-0.0073777329669845555,-0.00939676671852426
PC16,0.05348102753019595,-0.060416026793553276,-0.021905873102512415,0.04739120476530646,-0.048725713375986426,0.016052184721364618,-0.008058498220916473,0.00805849822091674,0.000989099794221876,-2.2466498625930975e-05,-0.004966198224325827,0.0556812873716061,0.002513371133173764,0.035650793002321934,0.0029310071180164154,0.00022396189644616205,0.07630600420324754,-0.19878544374461032,0.029478583948529008,-0.133121857916947,0.03303825326106591,-0.49932206896298453,0.5994056736188651,-0.22954094529606178,0.15700306895538677,0.1993586777856725,-0.1268208014449978,6.119901004055309e-05,2.8829684684317236e-05,2.5575073075614907e-05,0.00010782064266429137,1.5022615350001808e-05,-0.0002616797461231805,-0.00011192855304064346,-3.343910672212731e-06,-0.0005200213302608608,-0.017281092337117197,-5.895410916767471e-05,-0.0003734956315666706,-0.000906369819336383,-1.4298728163225755e-05,-0.05388966483857699,0.07027215001183136,0.0001154766998351965,1.4356358847419026e-06,-0.002485023354525534,-0.0002163237814246956,0.005539069049258075,-0.00011400985599752052,0.00044151605871471596,3.4682787483878783e-06,-0.0004845526999712115,0.0001995524228128472,-9.035648695584038e-05,-0.16500835904205863,0.16500835904205852,0.0011161553774034784,-0.001116155377403615,-0.08966674218477479,0.0075721445644259585,0.08209459762034878,-0.05882843832989625,-0.07899485142738061,0.1378232897572775,0.004696614325789462,-0.004696614325789449,0.0019877549552074266,4.5158272218487596e-05,0.08435457196176913,-0.004483122394498968,-0.2293742660023566,-0.016998914739033585,0.043340120567979146,-0.0007760045348210704,0.08334589061613079,-0.002728684456723907,0.041287495754128926
PC17,0.0913163658007392,-0.002821248151979164,-0.013060672521893135,0.0831381901077992,-0.04840427261366452,0.0036316553396430473,-0.03364282637425761,0.033642826374257695,0.0020088335938159563,0.0005244286367431517,-0.0009713360715173595,0.03062543187910094,0.0034859744569057105,0.03253455481451284,0.0012778091422242233,-4.0968792455298164e-05,0.12822394216924976,-0.16185654704449928,-0.03581212278408047,-0.06927741585227024,0.14457197846319525,0.12079959768972742,-0.19609416030065224,0.0446406848825017,-0.08682603376468472,-0.14502033888448335,0.18720568776666674,0.00016528358532172382,-2.8401740084869204e-05,-2.0695974930783068e-05,-6.791506149486648e-05,-1.1639267114352259e-08,-0.0001381807184097899,3.531389707827361e-05,-1.3084487350159078e-05,0.0008303900231832472,-0.12164212508596463,2.9514058126755703e-07,-0.0010607377147708536,-0.00020706699822772465,-1.9392603638689137e-05,-0.03893015909965488,0.1700916176294425,0.0008069213329136255,-5.728063903651811e-06,-0.0003674382663704462,-0.0001470722337187443,-0.009009239552895744,-0.00014837819622350504,-4.493398700483695e-05,-0.0001505219858686296,-0.0004137899945401292,0.00035069553754270494,0.00013435625825657978,0.025911777174706538,-0.02591177717470652,0.4151169459054205,-0.4151169459054197,-0.10533977668383902,-0.01423181920265275,0.1195715958864918,-0.3183827807086223,-0.1164415057147599,0.43482428642338466,0.008390321135627632,-0.008390321135627642,0.005182823342376143,-0.00014160795421862537,0.10850781983503609,0.0064350355079680404,-0.2259056062635289,-0.00724644126813021,0.029883241014771203,-0.002641792395223698,0.06307435013176292,-0.005034680524358617,0.027886858573545344
PC18,-0.04406426952499942,0.03261293482818609,-0.06399178910982391,-0.13367052092815784,0.0845136679042631,0.004894404128488919,0.09918384041527417,-0.09918384041527445,0.004142098389004624,0.0027397841297116254,0.0031220458840677257,-0.3900615604180397,0.0206119819941554,-0.04907397781223794,0.001818835806153718,-0.00015273264387802646,-0.04406237398918998,0.32472570184787247,0.12619019681237995,0.09565493929522037,0.03561075443116434,-0.1724931124560557,0.04122741872967073,0.1283010965872135,-0.011742043375829542,0.16331281787476293,-0.2798718710861468,-6.26812693035328e-05,-2.8012118696636723e-05,-2.6390455946656566e-05,-0.00011446589355845749,1.6383521963092562e-05,1.322867988273746e-05,2.7497715440381876e-05,-1.949453707963207e-05,0.0008042487228946283,0.11561611260036131,3.264372533301734e-05,0.0018245157369253823,0.000565538630049235,2.972432930578627e-05,0.010491498473783702,-0.1428035078202465,-0.0005092591359108132,-8.588889564055142e-06,0.005303120055992832,0.00014933965291341438,0.008251231324724297,8.27792487016199e-05,0.00012082492469377669,0.000520224079479055,9.34129680052985e-05,-0.0003743637396186744,4.439469475300828e-06,-0.038755151768443685,0.03875515176844364,0.11983607417123351,-0.11983607417123375,-0.05460007121451889,-0.005094277910408628,0.059694349124927486,-0.272916575480014,-0.05559440924353125,0.3285109847235475,0.0041387711064552885,-0.004138771106455205,0.018784800436132596,-9.70209087291797e-05,-0.08453217965720897,-0.012199287481618071,0.40382325734917507,-0.005732101949476653,-0.26705666258783095,-0.0380271300913201,0.04562481099218954,-0.006225227730564803,-0.05436325837074768
PC19,-0.1436748904846178,0.005631513685184747,0.0029092986345819194,0.10745389352661146,-0.1122053830315473,0.058648817409622495,-0.24819708540428576,0.24819708540428595,-0.0007408260678370415,-0.0004691397041801104,0.004476777038846247,-0.03970643776417787,0.00016559173754449041,-0.031601733230115586,0.0005777363378979272,-7.232247263866398e-05,-0.039270363849787236,0.09838501184270765,0.008255706131740037,-0.14250121275370212,-0.020417168517561885,0.23596061210254124,-0.07304223083127667,-0.26986401438692575,0.29276679555460244,0.2521041588698038,-0.2750069400374807,-0.0002306595035342085,-4.110399000912396e-05,-1.6024027919642192e-05,0.00017577360171269416,1.0580281957689452e-05,-0.00020737617726740432,-0.00012784808188315028,2.1372638135495263e-05,7.039882605750208e-05,-0.37618997989010095,8.409051126642177e-05,-0.012607432727516958,0.0016479810941639732,2.0393945766453495e-06,-0.05778791391164033,0.4479154765618682,-0.003956723586953614,5.362333185641912e-06,0.011629812900431791,-0.003620164821020334,-0.005788978461580311,-0.000197399171490387,-0.0003769742964770395,-0.0008083281953420018,0.001557032316047733,-0.0007522456627564039,-0.00041076795391174065,0.05503389317928196,-0.05503389317928184,0.007196859396671279,-0.0071968593966711125,0.012157754523544312,0.0003387906132383406,-0.012496545136782708,-0.009718492194118036,0.01071355801050293,-0.000995065816384852,0.11817400179413289,-0.11817400179413229,-0.003720184949866548,-0.00032016392967446707,-0.03252806233143779,0.001983273041076549,0.20763876118283403,-0.07903531042253428,-0.04675462443667851,-0.0013745411113796693,0.00013049676310120106,-7.212009844793574e-05,-0.04594752370699213
PC20,-0.13688431958276795,-0.022544326423276473,0.009987153605964832,0.06317674707929821,-0.08073061105345417,0.04747218378525969,-0.20713664622767292,0.20713664622767275,0.0011867255924255249,0.0013124941064784346,-0.0008373712439813386,-0.11332638869077342,0.008280227398451606,-0.011425107508576046,-0.0012983363570533146,-8.777378292554316e-05,-0.02030433709411187,0.08182652750198258,0.054673340078083374,0.13702292538511665,0.03011304060921456,-0.30607111115857977,0.13893514516424826,0.4126917815822886,-0.36720109905069276,-0.273088822244183,0.2275981397125873,-0.00017285535708488897,3.831716181473387e-05,1.8887531265165958e-05,3.963253519946586e-05,-2.3874658992617537e-05,4.3476868200026386e-05,-9.263605345101976e-06,3.6043990322567583e-05,-0.0004827158969872298,-0.27256515087567174,-0.00014760562629949694,-0.010079283961069654,0.001498612407827787,8.772131391972552e-05,-0.05874749845496073,0.341587046917946,-0.00281037682949952,-3.1532923993785695e-05,0.007347586444709821,-0.0011805667001099302,-0.00377416250664236,-0.00015743735569778098,-0.0002848622528697606,-0.0002048485793763287,0.0014555082516537789,-0.0009517979532867524,-0.0005289998849708454,-0.13717000408519153,0.13717000408519145,-0.08774376565634155,0.08774376565634132,-0.0016086807353597188,0.010782560981476933,-0.009173880246117268,0.04010776728337463,0.009157932855594006,-0.04926570013896883,0.10689901133181408,-0.10689901133181351,0.007700245659075804,-8.211880845524484e-05,-0.014742736182198034,-0.0023192892104160166,0.1180725839659433,-0.009351582012159868,-0.07289724906794451,-0.006335581209968175,-0.009850854508233975,0.002397453353295855,-0.01259087197893908
PC21,-0.023429134766039375,0.0030695341690275615,0.005156226345865676,-0.045982276608553495,0.041664025617050474,-0.048976476287507203,-0.05794990003462468,0.05794990003462488,0.0005164292453619657,0.0011006667081344956,0.016771183788061073,-0.09057046135784153,0.006238654704092931,-0.0471563120026703,-0.000311313117779031,0.00029538655842118594,-0.007400403936439051,0.31367205010419963,-0.1931558806935422,0.05822741224206825,-0.0016275814542941955,0.01759504580104327,-0.07419487658881747,0.03946185815177444,-0.032217248614640426,0.12066371096651966,-0.12790832050365356,-1.2336376195189961e-05,-2.188920883577916e-05,-9.015495991592654e-06,-1.8097262994065666e-05,4.304949323241658e-06,-5.5870364433774355e-06,-8.24943746985992e-05,-1.1454669648845966e-06,-0.0003156283206290633,-0.1104010966121327,-0.00021557352746437528,-0.005566120419067139,-0.0012981996016000752,5.1082767498459355e-05,0.15414699980177143,0.007364399108637731,0.0009292736786497453,-6.192966009941443e-06,-0.016478662852057378,-0.0018221269952088549,-0.022033464328638237,-7.852659877989263e-05,-0.00017257833014997046,-0.0006546607768981166,-0.0038216768934980494,0.00033228572577574667,0.00018672741260082962,-0.047130277517422894,0.047130277517422894,-0.04486013582294909,0.04486013582294893,0.009061025404241078,-0.0019994260718244512,-0.007061599332416665,-0.01025590041003395,0.007518064789515694,0.0027378356205182697,0.05374647369723348,-0.05374647369723323,0.00597487569953669,-5.5096695224680805e-05,-0.1346679879864185,0.0006241394860770771,-0.5134901874726541,0.6322320416462086,-0.10274693642194127,-0.007795260379992501,0.21962462267239954,-0.034405012485821854,-0.06529519806216925
PC22,0.16113038686823086,-0.004757561816423117,0.015278906761512945,-0.09095932847796688,0.11558814698117917,-0.027341602464541925,-0.03119617158749402,0.031196171587494215,-0.0020079935655626935,-0.0014264125656252777,0.0350444645387452,0.12427471456928627,-0.014243100385020604,0.008324005527205913,0.0009360450543410975,-0.00025668785875716804,0.21589559607819794,0.057107967463526005,-0.4236485988563381,-0.05228413573409035,-0.02368360255203733,-0.03420747747659114,0.11017521576271878,0.012199702527476541,-0.024830027770236657,-0.05034249630098547,0.06297282154374542,0.00030517827323212066,-9.903317749221374e-05,3.5237754351130635e-05,-0.00030298635960737674,-2.7417128331264085e-06,-9.100103535134019e-05,3.27407396713505e-05,-5.7559494146935815e-05,-0.001983569317643945,-0.1367817428630106,-0.000320012123595553,-0.009691279446573234,-0.004048206270114044,5.608952045733337e-06,0.353373514308617,-0.07799881275503687,0.0054528380283160845,-9.549174906859164e-06,-0.05589617595075291,-0.007297391146663832,-0.05346008873924158,5.0410402763538856e-05,-0.0005885605413499574,-0.0022271328350660547,-0.011441456584096746,0.002790411512776994,0.00025135955570842246,0.09034168441621654,-0.09034168441621636,0.010442253779575063,-0.01044225377957489,-0.004778218969574526,0.0015002914342658073,0.0032779275353087105,0.024332127619996334,-0.003878221783007906,-0.020453905836988744,0.06550768711248837,-0.06550768711248806,-0.01640906995083923,-0.00030455035960525346,-0.22250208836586852,0.0021308257495796304,0.16937597008952895,-0.33388868699353885,-0.03225569058360813,-0.008814790624975187,0.5457106852691295,-0.08979142595081174,-0.013251178278990307
PC23,0.21754434286239155,-0.0002000536598653624,0.011159218334303889,-0.1257914822756364,0.140644723637763,-0.11040593180664215,-0.07048204291596602,0.07048204291596624,0.000995240275273479,0.000750549407587231,-0.013965845994564746,-0.017800010910143382,0.004193251497423417,0.028671806712831163,0.0010005741221333908,9.717072618793676e-05,-0.05937247853559949,-0.2238331715121517,0.2792629142110237,-0.04510523612461814,-0.030521085800319647,-0.013933663355150935,0.08955998528008867,-0.00036948899104502497,-0.18862377992457055,0.17698207647010233,0.012011192445514102,4.3219962130969236e-05,-9.34592656530453e-05,4.9776043202026665e-05,-0.0004149546872442844,-1.1227881701825204e-05,0.0003695411588832964,-0.00018287672396379354,-9.585190082784904e-06,-0.00510698770313453,-0.2878330377439523,-0.0001417999582514315,-0.017803206037223646,-0.0048213887382675385,-7.635727451430494e-05,0.592454996566582,-0.10185189193854939,0.003862305628355524,-4.491938892196132e-05,-0.07779537237617676,-0.007083246809232984,-0.0720973148442281,-7.880956395836048e-05,-6.68644840285163e-05,-0.0018483976064842071,-0.02124338386330395,0.002334508467109552,-0.0005092657473911868,0.16775403026117058,-0.1677540302611704,0.0039052329963709317,-0.0039052329963709664,-0.0009376685697918361,-0.0019232356143463302,0.0028609041841382316,-0.016423968767433978,0.00011591665514453647,0.016308052112289403,0.09471758651941506,-0.09471758651941434,0.0039616284085515294,-0.0003129569838338956,0.12189688805495864,-0.0031668148885098443,0.04738173107565542,0.12237837949318167,-0.08107571834355562,-0.011597778161477097,-0.325169754219728,0.06416973771599138,0.06153465784876559
PC24,-0.011558692272437695,-0.010921782162798915,0.006899298713601697,0.026593384993215657,-0.03563606127151038,0.014280572173481514,0.007172813503123124,-0.007172813503122901,-0.0021498358943884445,-0.0014880711223979395,-0.0004098593457702406,0.068086428755378,-0.011081084615301915,0.05274775937198191,0.00046768149190077983,0.000316946634405027,0.04031459346792949,-0.06474346262938527,-0.08206109611435061,-0.022875830776786715,0.054338709130369124,0.12440616365658022,-0.15586904201016263,-0.05939902021657542,-0.6043754329609607,0.6474962300954324,0.01627822308210603,0.0002525536944545711,7.498492183594503e-05,-1.148683459009734e-05,0.00028338737614182815,-4.852907471983997e-05,-6.275501225987308e-05,-2.0085918440562733e-05,3.6648482952839415e-05,-0.0001099501471343578,0.05185898665768273,-0.0001490419286001611,0.0009617959628763634,-0.0003733132771863157,-7.120526897019287e-06,-0.08407341683023634,0.011092856668251813,0.0006570591399914782,-3.9723884559161784e-05,0.0071269130410512565,0.0005562674707839804,0.010777894748978958,-0.00010578040223836044,0.0002558098063060567,0.00012447841236967738,0.0012669239703681223,-0.00013260553801919261,-0.00019275097916486572,-0.22519385854604002,0.22519385854603996,-0.017756911555292618,0.01775691155529263,-0.005817930448981285,0.004288054052607307,0.0015298763963740927,0.01955732236333869,-0.0017571039116532072,-0.017800218451685744,-0.02956430117484981,0.029564301174849594,-0.013663775980219312,0.0004126659512277901,-0.026861254943786217,0.005392937362088016,0.01164600499791879,-0.1384256279290748,0.06415451439657499,0.0008708173133352703,0.05262710669063717,-0.017192643858786855,0.06103925600008503
PC25,-0.09123117744831025,0.004487202974271298,-0.004137583846814646,0.06863172599320985,-0.058028025368702205,0.042379024753013965,0.015282049285568304,-0.015282049285568242,-0.0008837254266342853,-0.000697712967594355,-0.005969044350718766,0.015411867865453024,-0.004410660622185203,-0.09837836588772729,-0.0012524896145311992,-0.0004315079038767211,-0.004862260616929515,0.12276667776445296,-0.021292778239708765,-0.07821008121437695,-0.07914625826555066,-0.0936827902444019,0.25103912972432946,-0.01100501295080926,-0.2873582943829695,0.18116340749572846,0.11719989983805118,-0.00046929072905373126,-0.00012157774205040495,-5.1759299380671475e-06,0.0003660560556473236,-2.4857767749034143e-05,0.0001485475910884826,-0.00011380576190710514,-8.998666020480606e-05,0.001797595956312039,0.0965457175003254,6.538496807165838e-06,0.0045765136588374715,0.003100168078853778,2.407132464123423e-05,-0.2690415354427116,0.07436137737228955,-0.0050939576876108394,-1.6836603213324444e-05,0.04078721758961186,0.003585865399053284,0.04179236058519374,2.735910613138525e-05,0.00039059930084863885,0.0002107053667137859,0.008954319846065291,-0.0014499420119901997,-0.00024804689199086705,0.5570286442895638,-0.557028644289563,0.01312019992456391,-0.01312019992456391,-3.0493134011303283e-06,0.0023740762077390466,-0.002371026894338003,-0.01723146375068993,-2.9613360555630006e-05,0.017261077111245922,-0.03135272997617222,0.03135272997617193,-0.005191105312934777,-0.0003767876370664829,0.0047801240275984775,-0.0006293956238851341,-0.02793239527488401,0.08126678481467503,0.03586636901874691,0.009060391110903156,0.047088163051558336,-0.01413199581373344,-0.12980015236097786
PC26,-0.01564711472913869,-1.517735827398503e-06,0.002795388490423,0.009366287842801965,-0.0015719377375815052,0.026786771865012406,0.00884440325441884,-0.008844403254418856,-0.005156207815810245,-0.0037933950320336376,0.051048122802562455,0.2550036507326406,-0.030034813583225795,-0.061155605650303396,0.008012513232996371,-0.0002956341965974392,-0.36602874283460674,0.21855950461261686,-0.06615939226823894,-0.0008245338319735895,0.009306894100752888,0.004522864701758004,-0.013005224970537216,-0.007724078614685825,-0.017080411641035353,0.007483146901957394,0.01732134335376398,0.0001914239212202351,-1.77172662181313e-05,-3.5853193327453625e-05,-0.00025418884600370006,-2.2382271039692037e-06,-0.0001590638257983057,-0.00015959723838220377,-2.991386189920352e-05,0.0007357799205641585,0.018225083010382663,-6.760662779334552e-05,0.0012278978071830829,-0.00193834071545965,3.068007039862329e-05,0.06091951820902602,-0.010582468598623364,0.0032465787828863365,-8.55867963041633e-05,-0.03250319614880131,-0.0010674667801689429,-0.036369840687679324,8.40485134030039e-05,0.00022261255195777643,-0.0006893067018952264,-0.00483422819814195,0.0029549797376500625,0.0009580111889279869,-0.024934045020945907,0.024934045020945903,-0.0024988947583510085,0.0024988947583510154,0.0030116283636365954,-0.0002741771331566021,-0.0027374512304800713,0.014074806377036812,0.000753430675556159,-0.014828237052593028,-0.0068511261548247085,0.006851126154824513,-0.021081760856593468,2.7538012957396596e-05,0.7050631015339773,-0.17066101026717165,-0.06506384440123839,-0.14653099459944882,-0.372465170954311,0.040251872444469886,0.1690003374089099,-0.06545554515496962,-0.07308452316658248
PC27,-0.07262351258046959,-0.001333196404924769,0.001994803478659407,0.008111940743645157,-0.013649583802477605,-0.01708128732023617,-0.0039505508901465855,0.003950550890147009,0.013308844736453954,0.011065379374797596,0.0673191287130101,-0.16696084092617586,0.08997262790558075,0.3974901418648987,0.004356977078285529,0.000530029174287433,-0.23201174750283432,0.0073210229825690365,-0.19239156340087155,0.003700618653591831,0.0010606204572620181,-0.01116986055799693,0.006408621447143152,0.011920008946694288,0.011163197743457226,-0.0016241069017981398,-0.021459099788353628,0.0002542168935320832,6.3347313471393e-06,6.83459223336097e-05,0.0003612514540269618,-4.093327888768372e-06,0.00031907947622637767,4.806050876356399e-06,-5.0889486201450445e-06,0.0015165513123875513,0.0006370051449704588,0.00014154970572402136,-0.001428903392576215,0.002770431496779471,0.00018366218945448982,-0.06354928384110442,0.005352401243908929,-0.0009905289119450102,-2.3053538505539325e-05,0.027107911485416802,0.003463898648198101,0.019858571749744952,0.0001264925129982593,0.00022633604239672239,0.0006807541843811939,0.003210553623148077,-0.0002771099666560948,-1.2091940555446993e-05,0.11331801513286557,-0.11331801513286549,-0.028488217932935603,0.02848821793293549,0.003470055321748533,0.0007738271908788275,-0.004243882512627401,-0.010605502088383446,0.004340595255850454,0.006264906832533252,0.01653039011774146,-0.0165303901177413,0.1245404247837414,0.0004273384722403125,-0.15025435572092463,0.05955008614339471,-0.2199210074331523,-0.1994621798896172,-0.31407670252984504,0.10411040449312947,-0.10039144718355987,0.04853859697063441,0.6469388418939583
PC28,-0.037589674597632274,-0.0009417559545049775,-0.003101785615535327,0.005143853616074154,-0.00836283358867311,0.015846282587696575,-0.008462833691428424,0.008462833691428579,-0.001286806934559237,0.0004554688464713935,0.02924462137799866,-0.3347437639613091,-0.0017793425646761216,0.016506497016453972,0.00356561213319892,-0.0006122592669086657,-0.08815604321269846,0.32514743925890205,0.051658577307126724,0.00131180578303014,-0.003524011507664182,-0.002061778260091185,0.004273983984725005,-0.002427607788241082,0.003260322145854741,0.002153069593676421,-0.0029857839512903994,-0.00010665286530420204,-0.0001191469576900181,-4.5404251580949406e-05,-0.00020884336183829566,3.5723146485644452e-06,-0.00046643121755418626,-2.6674438653870574e-05,-3.545133091429156e-05,-0.000359623306295187,-0.0030709766016969557,-8.480128742655415e-05,0.0017136785719460718,-0.002458640482657431,0.00010229011741195613,0.15465035313138453,0.008574256272598568,0.005916528031730197,7.817656372518953e-05,-0.0583135008585721,-0.0027941645147150918,-0.09788170015939354,-5.418355718505392e-05,-0.00027094112076389077,-0.00048550622771939144,-0.008497029171069011,0.0027758138730222207,0.001465002834562113,0.02600041897158092,-0.026000418971580844,-0.013815812612248011,0.01381581261224775,0.011656121823962359,-0.012531651137598505,0.0008755293136361742,-0.005796713594298845,-0.001882369525076688,0.0076790831193760765,0.0016495037360356006,-0.0016495037360355035,-0.08181524305217598,-9.170315326257521e-05,0.2103524152780042,-0.15713400843025496,-0.17319033235655884,-0.22954860426503582,0.6102075204058489,-0.3952891081799368,0.03362606812530973,-0.01953897681206915,0.2024219724401281
PC29,-0.022744980841793692,-0.0038013341746150897,0.0012724251502268594,0.04302927514515873,-0.02133208065706249,0.04475580092972545,0.012557593310700568,-0.012557593310700537,0.013805989290551672,0.010163130282506361,-0.07519358418507532,-0.028253892172737216,0.11063218097630764,-0.26362731019956154,-0.0028074509186032997,5.257643431733072e-05,0.00628477238228331,0.19226400069049976,0.03667958741951052,0.0015870587791338084,-0.0029097769801151308,-0.003908249779352085,0.0052309679803336645,-0.02189106180425191,-0.009151084031936846,0.011082612652351415,0.019959533183837752,-0.00027953620204804186,5.9857078802183494e-05,-1.4832968650513312e-05,-0.00032119888769414906,-4.295482261518213e-05,-0.0016807634355741619,-0.00042068736586724394,7.37441705895331e-05,-0.01398235033825073,0.23485179796688624,-0.0003012418130297397,-0.07555544944548592,-0.011295868296334728,-0.00011618835413010255,0.2068206335421276,0.19634217184538746,-0.010903739645332582,-4.012665782618125e-05,-0.10681917545250563,-0.020405906995008098,-0.3579542786353057,-0.0002856220886128004,-0.0015414847222036338,-0.003474455434803526,-0.0265963789575768,-0.0050843016052211365,-0.0010316624797157906,-0.019309629371199774,0.01930962937119983,0.00506777337608,-0.005067773376079972,-0.0035809275460265133,0.0005741428607093091,0.0030067846853169267,0.0013180177537227417,-0.0025688138010358935,0.0012507960473131016,-0.029099404552028238,0.029099404552027662,0.15551753918123393,0.0007047486925599446,-0.1097180668684183,0.33595165120138804,-0.2649219089999235,-0.32013900429507347,-0.07020532139692726,0.19750462925072193,-0.1331429875452538,0.40074322095240583,-0.19229450017271474
PC30,0.015815632368755748,0.12410144226003644,0.05074457529762878,-0.0024366506487038045,0.0031313715214725743,0.0009394002804565538,-0.003459585521363648,0.0034595855213637935,0.004920046869431112,0.003518709484169928,0.029687656532557536,-0.01902774415088554,0.03493787460086667,-0.017538835509023777,0.0015647805750363397,-0.00017393676799675947,-0.015110580613562269,-0.008275030345255771,-0.01450294067533698,0.002088297012552463,0.0021522819791221226,0.008217402535268023,-0.01245798152694268,0.003789210967875045,0.005108272162438032,-0.0009431959995280792,-0.007954287130784894,0.00021019789644319276,-3.921731179927501e-05,-1.4623235135707846e-06,-0.0002587554220369187,-2.4442383342315743e-06,0.0002183450377286622,0.00019079213376596246,0.00017733821881176973,0.0017989374891716784,-0.013940593584129739,0.0001507366693485378,0.012717159388438148,0.0011173292057017926,-1.6220951600351636e-05,-0.007734887196854501,-0.019113875981837586,0.0015290164022508865,1.0111292840864824e-05,0.003407596290959179,0.0011395799339753952,0.011195251057775718,-1.1023842289878448e-05,0.00032085996608623114,0.0005064801058259779,0.0032975359875552605,0.003134589621878167,-3.375846161818904e-06,0.003700010183418038,-0.0037000101834180517,0.0033415086362776035,-0.003341508636277555,-0.5817980054715727,0.7361790922442566,-0.1543810867726864,-0.10709632975399956,0.21611960103171945,-0.10902327127772027,0.0017065759578808598,-0.0017065759578808945,0.039518532161540304,-0.0003592387312795998,0.006444001430264635,-0.012961380289651783,-0.012067279606187378,-0.009921876785808758,0.01713582616982703,-0.010090899430036743,-0.005427441467738204,0.004224737484053043,-0.016494980934982695
PC31,-0.021752520461016545,-0.01663550549154691,0.007453983090763817,0.021443825142564512,-0.0070887670055943125,0.011900012373494417,0.015529056464857693,-0.01552905646485786,0.047940557023212066,0.03786144064766241,0.3921111189116037,-0.2032924261977342,0.4121606037359941,0.02754594075756392,0.015418324395593347,0.0015842727323624461,-0.2100264516462832,-0.3053290654690669,-0.21597431489090452,-0.011839550857187506,0.0005894578645736434,0.00850872017035291,0.0027413728222606334,-0.01970814213808949,-0.009226982973310434,0.006896100841021796,0.022039024270378696,-0.0001082182637924152,-0.0001239333721942265,-1.6005696464510555e-05,-7.039467904951247e-05,-3.838389647994184e-05,-0.0003250962028128676,-0.00047827425018244843,-6.819458517947542e-05,-0.0088618278449466,0.09529277389751983,-0.0002501217896478964,-0.03756073219587197,-0.0040687320881532575,-1.315865788019128e-05,0.04425426580130354,0.08248779955216021,-0.0106272614407752,-4.703012037053265e-06,-0.01862118171747784,-0.0075058539146197895,-0.11772202854550906,-0.00019490273993621457,-0.0005555453510033589,-0.002737842906172763,-0.005787798907740026,-0.005058679602922812,-0.0012359675901329609,-0.005806763034090674,0.005806763034090778,0.009208481912122458,-0.00920848191212214,0.03826664747066945,-0.04260756555088689,0.004340918080217242,0.027860647102256914,-0.009371632582063649,-0.018489014520194025,-0.013477408870869706,0.013477408870869526,0.502466864823318,0.0005500053720609154,0.009471102577277568,-0.13394244310262307,0.07448843571205149,0.07976365330203913,0.034947805470887376,-0.18270873346098637,0.003830690626511251,-0.11819025602774118,-0.27067712529279436
PC32,0.06133400415043787,-0.004402620849690481,0.0006530179664439029,-0.047759187642311685,0.0283185650639505,-0.02686163649176837,-0.021037481265016172,0.021037481265015492,0.016470232800062504,0.013536782579767207,0.06520278560923887,-0.04606897150521688,0.14338344107858159,-0.20388537867892648,0.004109516013825504,8.748839769068609e-05,-0.04591900343997482,0.08507767126610988,-0.031994564121158114,-0.004187363071496225,0.0012326832653165795,0.0020745071787066777,0.0008801726274727806,-0.02028734403233276,-0.009287326537722865,0.006486388435625375,0.023088282134430663,0.0014115442916045606,0.00019285638139249217,9.638024731720152e-05,-0.00028292560575426604,6.736878132324042e-05,0.003260665782620936,0.0013376875918347294,8.984987417682546e-05,0.030642514784840938,-0.39791930817038346,0.00027505929445929486,0.18042765484195122,0.016473238034425297,0.00018106478885575187,-0.17235500403265622,-0.34975786554386956,0.04547985993348006,6.318224053619421e-05,0.002806404167857837,0.03409589044612365,0.5339705316660718,0.0009429373722809227,0.0043491793820687975,0.007560710132200986,0.03309496484602889,0.018702939754040047,0.004792618717171387,-0.022587008410074154,0.022587008410074126,0.005089123462709989,-0.005089123462709864,0.03437836272939863,-0.03720714666883225,0.002828783939433888,0.00787477589437191,-0.006932946160175769,-0.0009418297341964865,0.02928400890714418,-0.029284008907143517,0.19017447851604163,0.0006568018306189686,-0.005445123944891725,0.07244119175546751,-0.16388257263089315,-0.20987760585468304,0.0028562661324536345,-0.06871688434637171,-0.04066213710736075,0.36428350703682344,-0.14182792138720673
PC33,0.0010059402374361195,0.0011600836312567362,-0.0009131339754761179,-0.0044263679677769945,0.0022144054215448277,0.000990130236664619,0.0010800542677893285,-0.0010800542677893246,-0.003044159311226928,-0.0026918828141428816,0.08750666381164274,0.04735248965946563,-0.03215606116221877,-0.027373971343479013,0.004198963258426884,-1.5917709264325064e-06,-0.10766051102755334,0.007116889247744378,0.026753171452268562,0.001983620047281337,-0.0007735659227109028,-0.005052385333343851,0.0038423312087733624,-0.0029915363535376284,0.0012967773258036963,-0.003094636784135597,0.004789395811869711,0.0002634081973694959,0.00020190398761607727,0.0002546585073688549,-0.00014253994507947877,1.1442096994322476e-05,0.0004218999472153859,0.0002771472184090123,0.0002693257469931116,0.002060652450869116,-0.03559845420523775,-7.933924188477376e-05,0.032069409726215775,0.00015312416988414075,4.7933188794408035e-05,-0.013105703661084274,-0.032797339729014385,0.006176225659788048,-3.537281545772955e-05,-0.016917082409404115,-0.00047762432264782367,0.05310987842675639,0.000516103127193639,0.0006019454332568176,0.0010929576355900113,-0.0004890275116520423,0.0014645183403235035,0.0006499499808240766,-0.0037570849592896208,0.0037570849592896242,0.0022782139953931232,-0.00227821399539313,-0.0027438575192703027,0.004298338636197635,-0.00155448111692736,-0.0005083020772824534,0.0010345146133678828,-0.0005262125360854198,0.0008469507496747519,-0.0008469507496747034,-0.024797487815483486,0.00012180310004920118,0.0718233599683366,0.815146867517704,-0.012103112764172409,-0.017446130285041345,-0.043936611550134716,-0.3353500246043166,-0.017651648861053505,-0.4284795412978499,-0.0073274734080414315
PC34,-0.014860891107092246,0.003935799165840668,-0.004283284527567419,0.0010926308287175918,-0.0005525099592572844,0.004196596069876685,0.007998716282894003,-0.007998716282894287,-0.03079968012044364,-0.022699046589058476,0.7028573368071017,-0.09171340129840326,-0.3170704193975507,0.0740784691942997,0.008712528836351957,0.0009917596846956353,-0.10400630547821536,-0.10959293840455611,-0.11075830323421826,0.005116196369869597,-0.0009361598657115777,-0.011481460277010858,0.007301423772852943,0.0029865573244248593,-0.0011492826821228735,-0.0020971269651740843,0.00025985232287221993,0.0004012253151149149,2.12792141636442e-05,5.8705448905987945e-05,-5.100878965871858e-05,-1.623957616230659e-05,0.00030186591615669056,-3.1085059822395875e-05,4.545912220072298e-06,-0.0012692161720194405,0.02358483888467165,-6.928461402439488e-06,-0.008037829649326145,0.000883907047596999,0.00020065988046479022,-0.0010873514755558866,0.021651823818427424,-0.001256053665876361,-7.362846279313786e-06,0.012231250577211195,-0.006139844148173458,-0.03647071003942981,0.0002050607191671815,-0.0010288143201934606,-0.0013509573075127148,-0.0015131254892225034,-0.0006327917929960652,-0.0006458439404682607,0.00129823100047539,-0.0012982310004755401,0.0020091932669681067,-0.002009193266967746,-0.006566995035895036,0.0018191669793723106,0.004747828056522484,-0.010759302748448663,-0.0012421836859229304,0.01200148643437221,-0.003586999183548707,0.003586999183548721,-0.44636387721227233,0.00017560531968944647,-0.009402494962849464,0.09836414087049772,0.03195321718882628,0.0413836057815696,0.005614697166019145,0.013438948005199292,0.0003235928296435181,0.36070126703969585,-0.09618870202601856
PC35,0.01386988360610838,-0.0023160696037593832,-0.0007573893525579384,-0.0016107185685864459,0.0012226850103075337,-0.000490486389927991,-0.004522535251534905,0.0045225352515347456,0.0015723108668349375,0.0022795291911142587,0.2577232236568044,-0.21013755732928113,0.0378478062046291,-0.19501076891911268,0.003747621163271181,-0.00031356293498474574,-0.02489305363581029,0.06565297743346112,0.0615314743030754,-0.005089252578909645,0.003276397305025436,-0.0007056486092914538,0.0025185038831754547,-0.01736665551773109,-0.002305998245924007,0.0038171482883831986,0.01585550547527234,-8.94613733336486e-05,0.00026276793481663785,-3.113066243176643e-05,-0.0002897548920603177,2.278384394299726e-05,0.0010610166758407875,0.0004747521062880601,4.730689105840696e-05,0.009831814433113442,-0.08725187742486087,-0.00010193701172662821,0.0811042003206234,-0.000588051150389316,0.00014989311644868046,0.028020663265337448,-0.07291661935043188,0.021008408675990915,7.979251162852294e-05,-0.08693982554560634,0.015187103639801941,0.07184662971850625,0.0005668676795978402,0.0015451013842644238,0.0057444072216133475,0.0014192279162961036,0.007876001631609994,0.0019599184440615217,-0.01064217236060274,0.01064217236060289,0.004912566231768256,-0.004912566231768186,0.007815387166959413,-0.010993332673585883,0.0031779455066264506,0.0021890634242098805,-0.0035346218103416566,0.0013455583861318454,0.0054065943085054805,-0.005406594308505349,-0.05342674994017815,0.00037008567527575494,0.00027489690578968995,-0.013647762013535632,-0.1049858224329844,-0.13078376665195854,0.18583515455579966,0.6987517484476831,-0.07839110016850405,-0.4957422472751343,-0.008254437102252016
PC36,-0.029216694920760004,-0.00025849006336699926,-0.0007069218423514864,0.007872651727504731,-0.016779552764780464,0.023381304892874405,0.005540052928955624,-0.005540052928955319,0.0007378314219729093,-6.587898129691017e-05,-0.0018879361779718246,-0.003631702647264201,-0.0072136403769405485,0.022309313172244133,-0.0009519149340874722,-0.0001484510291125396,0.00043939086569075303,-0.0024970855539117875,-0.0070899257593218905,-0.00041571097937087576,0.0016495346043109704,0.003597281929425933,-0.004831105554366194,0.008125608967111592,0.003576210790756186,-0.004545195938573443,-0.007156623819294355,-0.0014807048480723062,-0.00025397162362728043,-0.0001123971160200965,-0.0002818985696530288,-0.00010353392286918672,-0.0038682594615078447,-0.0019310725131394136,-9.685664845515555e-05,-0.04908604151771376,0.24845722795950032,-0.0007519544048213839,-0.48063068719194796,-0.027494949547257334,-0.0002616568517366047,0.17945629479842695,0.2327054889272666,-0.0518567447784822,-7.102747773289294e-05,-0.4772301336734323,-0.0553917935909603,0.6113665040691345,-0.0012557781251260423,-0.004875198899377751,-0.011753863539794518,-0.0771942306595888,-0.02080669414271867,-0.00519606665029753,0.003962666990577943,-0.00396266699057788,0.0042387230577643695,-0.004238723057764168,-0.009569144106353233,0.00928743874534419,0.00028170536100881327,0.001261370596650463,0.0006037977428534763,-0.0018651683395038976,-0.014116749993529153,0.014116749993528542,-0.017522279147176203,0.0005046302347881267,-0.0026540796992580995,-0.005341570687865088,0.004953684292892488,0.01233036357351238,0.002045635759848237,-0.0026799659495839456,-0.0016082942683587342,0.002792878558151246,0.0071789973330496915
PC37,-0.034663878096301566,0.0022673714222601546,-0.00010340562383839846,0.008236086466693326,-0.00930140848394781,0.023634372378813134,-0.0005193104742758914,0.0005193104742762522,-0.0044871931883801175,-0.0009590871778019372,-0.27715478152197204,-0.15608926500613104,0.03383447749115395,0.6136089142347856,0.02317249049789684,0.0003464404182520475,-0.12441597423303666,-0.026776709331024245,-0.08107931218374437,0.0037141798931010564,0.0006442382434215868,-0.004318158410040268,-4.025972648263876e-05,-0.0015151815712666217,0.0009736198992287282,0.0008025773694215338,-0.00026101569738341823,0.0033686555894070352,0.00014790659792221494,0.0004137049276612126,-0.00016059335954518583,1.8536990562534328e-05,0.0008093909798150833,0.0009427291562595988,4.842629821448291e-05,0.01894361030918118,-0.02928243896472832,-0.00017104206689690787,0.3392812454656952,0.0071891067903446515,-0.0001922476600335751,-0.010614675679050806,-0.025848060171048043,0.0322500508273633,4.7721741176418985e-05,-0.37959492342833934,0.012751518868315104,-0.019958313633508973,0.0006871102919490599,0.0009500815126831088,0.005042227278376015,0.0298114160332974,0.010931380386779063,0.002187474918148663,0.013338451609728033,-0.013338451609728068,-0.006484966090244624,0.00648496609024442,-0.0036428539084849,0.0052614540076969096,-0.0016186000992119698,-0.003006789036864105,0.001559023379233665,0.001447765657630884,-0.006014749199519678,0.0060147491995196645,-0.11945020279682275,0.0008683548341076029,0.06739460657791199,0.11231456625342172,0.0035470042128323363,-0.0042664108225271,0.09341505744416125,0.1509370145251587,0.03619428134431385,0.06297446299050058,-0.4039287345630574
PC38,-0.031121468062792597,0.00010854715890833144,-0.0031803636895640364,0.01327735435988997,-0.01177792436759273,0.019581173753610098,0.005808834680493008,-0.005808834680492814,0.01300948408439892,0.006286426049098515,0.1482803278435114,0.12805991177238552,-0.13406796334597404,-0.27059570611298595,-0.026404298545891484,-0.0001428427798777776,0.10046203834850775,-0.013909659986040157,0.04902228267286668,0.00012975469208600932,0.00015235383166062322,0.0018423361489965928,-0.0021244446727434474,0.004817853714635251,0.0007839755227067313,-5.429644470328343e-05,-0.0055475327926384765,-0.003514137418315688,-0.0002064704752661739,-0.0004050978868217203,0.0014083220947533615,-7.423948186208867e-05,-0.002351053398841823,-0.0014175475547602723,-0.00011884986398242464,-0.028835831482567548,0.09870024348815534,0.00042219993642885617,0.6029135067862095,-0.0006335187005104201,0.00011405474601619819,-0.026295187087673387,0.10116670237311168,-0.07632984659534547,-4.96258881881261e-05,-0.5704060624535939,-0.017980915865000516,-0.047898014550884216,-0.0012152525403450586,-0.002719257509652167,-0.006299697014022072,0.01408964778288084,-0.026756098538997235,-0.005307972900926813,0.003171624391265053,-0.003171624391264786,0.0033675159645038012,-0.0033675159645035887,0.0019737086124634526,-0.00016811740333010257,-0.0018055912091340803,0.0011266004696401377,-0.0023423370364469565,0.001215736566806777,-0.004886194387901631,0.004886194387901388,0.12576347059085302,-0.0008494429519325247,-0.07556980648753842,-0.11180814715405632,0.04193183804851637,0.06426617725149572,-0.10088262922010191,-0.15077406796008616,-0.02234823252123254,-0.017614108387097087,0.24788494879118034
PC39,0.0001146093905878753,-0.0009069510277783362,-0.00036815614069936277,0.002931074136040471,-0.002180030371721894,-0.0013171828718693843,0.002674400071599964,-0.0026744000716005497,-0.19782334951453445,-0.14025076776682754,-0.05379202559096769,0.005764891843969726,0.6559212200802285,-0.1365523487438559,0.012633701902002168,0.00035825622627559667,-0.033071202029792454,-0.06375447982577699,-0.049433896580721226,-0.0010068527089411477,0.00012516342857815275,0.0018536553903280716,-0.0009719661099648496,0.005051773401980994,-0.00034257792570080024,-0.0021685761424651345,-0.002540619333815302,-0.0022728232716069763,-0.0002820776895865577,-0.00019890694578829143,-0.00040486635430550446,-0.00011066684475908532,-0.004409369551402689,-0.0021261083119236534,-9.143796352336812e-05,-0.08671611364710297,0.09901215188934254,-0.0007216272312774274,0.23858656922817176,-0.04019771993472875,-0.0002619849558986799,0.07139500608868232,0.0962918937203644,-0.09164673378400691,-0.0001393075545070337,0.11329548738135127,-0.12499815034049581,0.10551624611837235,-0.00145309202187386,-0.007463733842813764,-0.018025225853099774,-0.3098397704191056,-0.0266039834023587,-0.006133654506120963,-0.0010242931501307298,0.0010242931501310698,0.0026560629246758644,-0.0026560629246754758,0.002561801256388066,0.0013935096463907684,-0.0039553109027789385,0.004037803192383574,-0.0034390137325737424,-0.0005987894598101923,-7.747538382590902e-06,7.747538382840702e-06,-0.4605972006604256,-0.001339937517643868,0.036594069420074954,0.04802562530661179,0.06298364414022341,0.06872560906419255,-0.003472516168327257,0.008326834217690503,0.0517534675571849,0.07219758904386718,0.11680281559655337
PC40,-9.47065206259236e-05,0.00020466692462942256,-0.0008592898832699443,-0.0016346341831414172,0.0011781844922336983,0.0011615485912109674,0.0029090455262364206,-0.002909045526236581,-0.11842741735381364,-0.08202160402704414,-0.002905847071663789,0.02690403448615608,0.3386761220673525,-0.11372581857113495,0.002365594817963947,0.0028447250586201823,0.0011876971143936913,-0.03926323247743285,-0.01563425404339623,0.001148839549312393,0.0005644852062771494,-0.0006278562578912541,-0.0010854684976983196,-9.868919169413052e-05,-0.0002487530637892224,0.0007601563455327221,-0.0004127140900493687,0.0008740787426920998,0.0003886196517285121,6.946757018815985e-06,0.0019102967990687184,0.0001354149234315512,0.005509654875510058,0.0026262639705836293,0.00011524706461623824,0.11620056307961253,-0.12287603533522562,0.0017695818068827513,-0.2643739576959106,0.06604999052736116,0.0004833787456774692,-0.14922178677080572,-0.12195033477822231,0.07092906208422844,0.00010947896330028048,-0.32265083185288534,0.18279662085722084,-0.19967091759432098,0.0016364602686997427,0.006883655049110324,0.020458752498891522,0.6727714811722016,0.022301289334117402,0.00678702685541793,0.0004961465741228563,-0.000496146574122884,0.000867344995198048,-0.0008673449951978329,0.002113494600396059,-0.0012391969977743472,-0.0008742976026216882,0.0003370938059516944,-0.0001635236564212876,-0.00017357014953058632,-0.0014814572795492642,0.0014814572795492642,-0.23409773829552905,-0.0001372693709211184,0.00853432492849495,0.014147687379441512,0.04459589732880482,0.05138810789687144,-0.020759275701971284,-0.023929332628070614,0.02418070588026032,0.03343483339237729,0.10264205919024341
PC41,-0.008800918992684021,0.0005818985044670488,-0.0007373806003530374,0.004217063236080839,-0.003947196093916472,0.005531142179893575,0.0013922146714866468,-0.0013922146714864872,-0.04082394456706241,-0.020066125721904693,0.018827162288069924,0.023638081403298677,0.038923983816234714,-0.01712677974873461,-0.025832191776342717,-0.000558585097586467,0.017756059712778938,-0.002890010914381076,0.008152350605629334,0.0012521040113967624,-0.00035570330307030384,-0.00045319899690945964,-0.0004432017114168185,-0.0006931237062458018,0.001055416856559216,0.00023986891179134107,-0.0006021620621054213,0.0012848343147722902,0.000421511923843008,4.5733924478333354e-05,0.002238012499306191,0.0001423393932397654,0.0058178080250104736,0.0028897189889683667,0.00012570793430032078,0.25004883484831397,-0.08111624635805136,0.0018953426774002604,-0.13828940043395124,0.09825209124563566,0.0005105508395689858,-0.10739375335145956,-0.07858254457943767,0.12296664519693658,0.0001463857286630153,-0.18867924193302443,0.7138395982497792,-0.13038366800263512,0.0017294120520287733,0.008211447814627532,0.02610233905427909,-0.5450057285174941,0.025526943899727206,0.007255324565169512,0.0011724355903531495,-0.0011724355903534982,7.630840763481542e-05,-7.630840763464455e-05,0.0005966172633192074,0.001738045417718482,-0.0023346626810378454,0.0005835987762316946,-0.0007612157430443092,0.00017761696681257294,-0.003485704763961796,0.0034857047639612823,-0.017050779405923575,-0.001437683457927984,-0.008521018734614763,-0.006583229551691688,0.015579675798424723,0.018179072075673333,-0.01443650133237846,-0.023161461510577463,0.004108774398793341,0.005541120105173852,0.027782031615049475
PC42,-0.006805621976410086,0.0019120285930816078,-0.0004731462009553815,-0.0009606070678188847,-0.0024892941260773946,0.0032437595467531208,0.0020334647795192326,-0.002033464779519184,-0.03997362362062131,-0.03395016730360481,0.030946024396805098,0.030058781278310825,0.02325368469393324,0.006653734036723036,-0.07840824909781208,-0.0030835825947026774,0.02655886271690483,0.015042255554901747,0.022902279939163016,0.0006786994160158525,0.0001881127490597559,-0.0013200990147179056,0.00045328684964210386,-0.00031405636659977143,-0.00023739053639229568,0.00010036136533096707,0.00045108553766065596,0.0007031012394091429,0.0003564323144784401,1.3841832477906602e-05,0.0016890057998833145,9.802038956616826e-05,0.0047068424054727415,0.0019972445787708876,7.939723911706142e-05,0.7663040658772634,-0.04667962264456603,0.001410939920734401,-0.07454355830266599,0.10085833365127778,0.0003702847825888412,-0.06305588687800147,-0.047854712289861226,0.16994000577884588,0.00012862373683963381,-0.10215489653446566,-0.5289752151121583,-0.07064020633088383,0.0012588820037228816,0.007445278895707791,0.022504349168693392,-0.1694598708707194,0.018226909006462684,0.0052724103420081735,0.0005622282548897236,-0.0005622282548896941,-4.1534254957276834e-05,4.153425495719877e-05,0.037565232993113394,0.04740731604339766,-0.08497254903651105,0.040309447909773824,-0.08228882987917499,0.0419793819694009,-0.003120896539319677,0.003120896539319115,0.011230160070761618,-0.0009659558307530593,-0.006639610961871708,-0.010000763250247987,0.005731645058692846,0.00946556707885759,-0.007296590763552012,-0.010495211736635444,-0.003947482301614069,-0.0037659972340051,0.01668423987036743
PC43,-0.001355019589565708,-0.010372361945771087,-0.0004935849593983113,-0.0007624213464584302,-0.00024851299594271653,0.0011215296560575742,0.00018525593502794445,-0.00018525593502795833,-0.028273802239485002,-0.023630592694416072,0.015093286277144003,0.016049250193060145,0.013272621871049987,0.01024384854568622,-0.04033428583521757,-0.0015063251604910729,0.014059060211388818,0.012043397298125714,0.01298354153315509,0.0005713009767393778,0.00043447599335945863,0.0006953496783087057,-0.0017011266484075072,0.001313555755357937,1.7603906901059174e-05,0.00017099150374484673,-0.0015021511660038254,-5.4471083756689465e-05,3.8682510423137736e-05,7.85986573329997e-06,0.0003586423740352322,1.5992909232300824e-05,0.0004979145117223714,0.00018425181468473468,-7.210729031386959e-05,0.0876363840570042,-0.0071576094871111055,4.3454492634647113e-05,-0.009142074011461826,0.011073824520331508,7.05651466027335e-05,-0.014071014296423476,-0.004858723625428253,0.07361603124571237,2.2313893058002184e-05,-0.01991629017687456,-0.08377359873840665,-0.011535512862411392,0.0002074785239748161,0.001027350162521284,0.003231167923420223,-0.03158450999962607,0.0032630087570415453,0.0008709888636809666,0.002098642807725806,-0.0020986428077258527,-0.002030291829607343,0.002030291829607337,-0.25449532977718925,-0.32422581157192754,0.5787211413491176,-0.27623257739527024,0.558866624122014,-0.28263404672674197,-0.0010726069941730254,0.0010726069941728138,0.009199190489156371,-0.0003584053730544626,-0.0006208319748409116,-0.0028872415778476265,0.00030342754230433967,-0.00018781498413203597,-0.0018918163409801388,-0.0037355899656709695,0.0006492580385861306,-0.002558841886473302,0.002088666032952779
PC44,0.0017671610329053349,-0.002506614395139003,0.001842550097391901,-0.0005130328177059985,0.0008719645740065778,-0.0016691361031823306,0.0004587969274585813,-0.00045879692745822744,0.28157103419823565,0.16641943674326845,-0.19555184199337347,-0.15997603118637718,-0.09534501661733229,-0.21900509547767816,0.7330899988751363,0.01374584156892586,-0.16849865045146512,-0.1814081316392602,-0.17504154402008165,0.0004102661118833336,-0.0011392483150954365,0.0017079376017851509,-0.000978955398573846,0.0017239327458842685,-0.0009843924803740328,-0.001016450555147555,0.00027691028963651443,-0.001161150864881725,-7.892036918958137e-05,-0.0001262961160468836,4.756244298053866e-05,-3.6117743113775816e-05,-0.001628520236217788,-0.0006082939674706533,-2.4256362697566594e-05,0.2308761605054729,0.006333879991665764,-0.00015764588617628132,0.01285290530114358,-0.014019915547616835,-0.0001110428994384972,0.0018657376091466282,0.006476750033791445,-0.25796054959055714,-2.7271568206181478e-05,-0.00016352411913138874,0.03460915139364887,0.0030738847290147087,-0.0005057827690600619,-0.003587011089211254,-0.007638607847426289,0.006816269574110689,-0.012740177283658949,-0.002377217320875466,-0.0007118320461694319,0.0007118320461698621,0.001577697797662897,-0.0015776977976624668,-0.013776451647927707,-0.02126135944068375,0.035037811088610954,-0.014131517880140596,0.03587625576835782,-0.021744737888218894,-0.0003568353299853444,0.0003568353299852056,-0.1200945062254115,0.0038237526590658914,0.0033532285179569965,0.010285828471273992,0.01635719696506026,0.01822751690949942,8.705854881332908e-05,0.0028421208551521193,0.012205336836633052,0.015987040472939994,0.036925425989017324
PC45,-0.01263265685436513,3.345219207798525e-05,0.0006147166884126441,0.003410164849677301,-0.00470995915643533,0.0037845967858242124,0.003131166443683428,-0.0031311664436826925,0.07415430162413167,0.03263719005812614,-0.05521111474760193,-0.036933456587545266,-0.01687701502962144,-0.10315367952767812,0.2723444395891358,0.0040309992009317785,-0.04598923321048698,-0.06965249811585411,-0.055349933253536696,-0.00029013141657131813,0.00014858462321787336,0.000437131973372535,-0.00029558518001958356,0.001465398145566954,0.00016513966682248082,-0.0007760755385080587,-0.0008544622738816676,-0.0009336298028756601,0.00032653844570641744,-0.00016092366184829177,0.002332173819779182,6.024563499790192e-05,0.003368408650597815,0.001644550574802943,4.486115128270185e-05,-0.35948702534863397,-0.02877771038892922,0.0016661158204974783,-0.048351746539184046,0.1700857999742806,0.0003968631566108709,-0.06142601388505674,-0.02841957434031693,0.8077627730826915,0.00011599621915148487,-0.10674212033332113,-0.18825894844782526,-0.06734387164390258,0.000786451928298789,0.005257602097129357,0.021042634433887313,-0.12761302266898816,9.698516119119316e-05,0.002526586909972907,0.0021702877051599095,-0.0021702877051599546,0.00045962498204142783,-0.0004596249820412804,0.009692881764125085,0.011909541468896074,-0.021602423233021195,0.010347299575513277,-0.019691165772813397,0.00934386619729944,-0.0022230555176649125,0.0022230555176645517,-0.04582181755479283,0.0004899855570803835,-0.008761254828896135,-0.010075643470710542,0.01853072572305705,0.02461929363997293,-0.014691224882417576,-0.017609342363073162,0.003220515625856707,0.005284425450155554,0.0448143371037697
PC46,-0.0007973283548203061,-0.0004049313346942535,0.00011800218674369286,0.0002626665941535605,-0.00035581585775245825,0.00011386123820765308,0.00023825556678322164,-0.00023825556678219728,0.8179875588509803,-0.5044835394393196,-0.02348213720317889,-0.01353619203448703,0.06195667864972157,-0.030943274544849825,-0.24009765972414712,0.0022421107310036242,-0.021424933531901114,-0.024934762094615256,-0.023283849659207045,0.00023810395444860515,-0.00023760637899282802,0.00033577541563152655,-0.0003362729910867312,-0.00019033214594543595,-0.00011250549313323124,0.0005074354176859399,-0.0002045977786079402,-0.00029436133466982824,-3.1392265856470397e-06,-3.716570971169005e-05,0.00022577801331476015,-8.727670293161294e-06,-0.0005061982248098888,-0.00012568733181049345,-1.0145783662670653e-06,0.008736274696810958,0.0009647756796666851,6.63690026476894e-05,0.0034224894297377184,-0.03259613918787493,4.770843145949946e-06,-0.0024560828741402793,0.0006602407182283443,0.023718182439972924,-2.0931210200729537e-05,-0.0052483022858930695,0.015531321465123288,-0.001977507033729592,-9.912485902586121e-05,-0.0017983637951182417,-0.0031953742139190985,0.0011007859483440352,-0.005385912192436698,-0.000676956508408085,-9.026090545767584e-05,9.026090545737053e-05,4.565466286330158e-05,-4.565466286329464e-05,0.0003621958534575538,-0.0013035592770000298,0.0009413634235429513,0.00018880313826780126,0.0018892685939750076,-0.0020780717322435582,0.00010233016706157061,-0.00010233016706132081,-0.09167678120289971,-5.418108342619964e-05,0.010729289626876054,0.010231990649153661,0.012465655811318255,0.013105679090129052,0.0011654268632177445,0.0031293936910694493,0.011621846012640633,0.012362110919061005,0.01691956962286123
PC47,0.005835045919892411,-1.5807193422118226e-06,0.00027246942559683643,-0.000808885431733318,0.0019736238404071925,-0.0007934575162597407,-0.000258945605211669,0.00025894560521121796,0.03686457273112457,-0.0015073896344463336,-0.0020675405096949595,-0.0024746321047264125,0.003530826422281058,0.006802091820893544,-0.04118688700309306,-0.000718210957349516,-0.0019220840849140386,0.003144902387899287,-0.00046564906797501304,0.000758370484462631,-0.0008967369240812512,-1.4647470020154318e-06,0.0001398311866206356,-0.0002779021019696376,-0.00019239057202341883,0.0005598000378090381,-8.950736381552887e-05,0.003529738033871091,0.0005101913717775949,0.0002621554101928797,0.0011845227305836148,0.00020580856629934252,0.008015475672553118,0.0039164347347094754,0.00018687754418013954,-0.1854801960025884,-0.05792608238818804,0.0016383110839694095,-0.07029096125629221,0.8961849579874441,0.0004725907020450928,-0.0487716702139038,-0.05904999085652876,-0.32630904607103556,0.00015759215974090954,-0.051300152010578734,-0.1278498623583928,-0.05544192295943931,0.0026129317048465385,0.011302996090696767,0.041637003231898465,-0.08496645787312575,0.0825546417560408,0.013014113209219249,-0.0014600128643347807,0.00146001286433515,-3.1524588839518166e-05,3.152458883945485e-05,-0.002789807072545586,-0.004779204371197129,0.007569011443742734,-0.003637843257866983,0.006680266175738688,-0.0030424229178715005,-0.0016850533891935061,0.001685053389193187,-0.0037942498875352115,-2.362068519613439e-05,0.003947036138883905,0.004347170722789544,-0.003696440320492411,-0.004552042915124774,0.005258360668356063,0.00757368541097897,0.0014708584058693505,-0.0023546181157578783,-0.00817613942277187
PC48,-1.985318773756604e-05,-0.0008154429660921611,-0.0004665724951425364,0.0010604512677366102,-0.0005300075195697402,-6.38336021300013e-05,0.0007089513702426944,-0.0007089513702427865,0.28486870275329457,0.7636145741975441,-0.11184662900165422,-0.08513437176761557,0.05428700658632079,-0.1310097529228583,-0.4665264472874233,0.01294186591212162,-0.10188601139756694,-0.11251909584769886,-0.10678984122446485,-0.0007507212139691657,1.4951428177084418e-05,0.0009062298272312502,-0.00017046004144004269,-0.0010910466068128472,7.616752801907736e-05,0.0006367798874446052,0.00037809919135092714,-0.0009629444653230597,-1.633711939509692e-05,-0.0001102294082578623,0.0005434602338941723,-1.443723446250102e-05,-0.0015711899012164723,-0.00030924381812231995,-2.675084836820278e-06,0.01430433861244531,0.002825414186741204,0.0002478125691128062,0.006857927587185106,-0.010989396228478889,-2.2196023862825496e-05,-0.00678561257890653,0.001678715474214516,0.044372168128707125,-7.42672125050506e-05,-0.01327426956346204,0.002944826788983619,-0.005410824923691625,-0.0002738255842880122,-0.004764083273644987,-0.00969106311384292,-0.0002454046172061519,-0.017483419977342308,-0.001773243452434698,-0.0005613747146443471,0.0005613747146436393,0.00034385799979563814,-0.0003438579997960961,-0.002624204810816294,-0.004810924616505792,0.00743512942732244,-0.0022779528468544197,0.007160124977833693,-0.004882172130979828,-0.0003716749552045151,0.00037167495520384897,-0.1883347739227071,0.0025073644178272027,0.020486656154032584,0.02046350265885588,0.02686725090747863,0.027781830351936262,-0.00016306699044939255,0.00499074222565855,0.023089775020413164,0.024376211970850298,0.03793450720610625
PC49,-0.006616970284014274,-8.760831843510064e-05,-0.0003804978018148511,0.000851600009886485,-0.002245501150857865,0.002017009213918085,0.0015042129041584543,-0.0015042129041578436,0.012522974495850402,0.01597655164939952,-0.002443071479871453,0.0012283486579042213,0.00473658167880682,-0.018684454723194327,0.004671169590298729,0.00045436985309599276,-0.0016094944294244018,-0.011570733152771656,-0.0052822421400934155,0.00018181907188077884,0.00013514142626891434,-2.9641801888441455e-05,-0.00028731869626080764,0.00020852846737873243,6.0544426933928364e-05,-0.0003086801681008722,3.9607273789266095e-05,0.004315393533646211,0.001339668707239658,0.00021017782559994147,0.0054062285877959845,0.0003912172713802023,0.020324067998836237,0.008994599633461824,0.0003657362080548999,-0.13119781160778884,-0.07287272006393916,0.005058763829824366,-0.08624455003779224,-0.2231308063430999,0.0013822863001941785,-0.08741547432679506,-0.07257005997360581,-0.11343188424802494,0.0004524992588426672,-0.10823681967933418,-0.12482201426761277,-0.09082365071769741,0.005397421045004638,0.03153942025697809,0.22313859669197883,-0.11483222816466748,0.8899196720702798,0.027342270211245162,0.0006822382953304354,-0.0006822382953300919,-1.610007676147371e-05,1.610007676132799e-05,0.0017214853707941784,-0.0014719947502223416,-0.00024949062057116195,-0.0001333239925566474,-0.00020276949618844298,0.000336093488744707,-0.0014028939845333217,0.0014028939845325654,-0.00958415128910539,-0.0005078933263153403,-0.004912726936295191,-0.00386692582782564,0.007189550286493762,0.009820928224030648,-0.006070780732624771,-0.008819730056393488,0.0005525800611833201,0.0016710197007708642,0.014528129896082105
PC50,0.0017232573834340776,0.00012541200329158628,-0.00015896257495416058,-0.00025162628484402816,0.0009600151778684524,-0.00027283535419164034,-0.0007814709261859069,0.0007814709261861428,0.003475357015761198,0.004336954825568038,-0.0011976176663226618,-0.00047217878247225037,0.001317653727334528,-0.0003867590165391871,-0.0022423682598083916,-5.4457606230212674e-05,-0.0015859389004466914,-0.0008879889153036585,-0.002302656421541087,0.0003699106332435073,-0.0003008908618263237,-3.86070172430919e-05,-3.0412754173994583e-05,-0.0007142062154880946,-5.5672710693621674e-05,0.00023145967064819306,0.0005384192555333289,0.006145361696555288,0.0010108487859187693,0.0004019672541929059,0.0031508472278712896,0.0003714720353043266,0.01944793666562237,0.008437788613121097,0.00035167359130298123,-0.0757368392984564,-0.05303368888509481,0.003700695209959342,-0.0557232163224953,-0.09632053790227964,0.0010987369579179484,-0.0498607292163881,-0.05216447030363317,-0.08547733273040438,0.00033933466467869116,-0.05173781225310948,-0.06795289737619317,-0.052377250104072355,0.005164520920890859,0.029411947707908757,0.9182928321016626,-0.061039747724396874,-0.3272094590598745,0.0313080177434886,0.0003205001720381134,-0.00032050017203820317,0.00010403399702819081,-0.0001040339970280555,-0.0006032043730557976,-4.8578216309263546e-05,0.0006517825893649224,-0.00017757272309038875,0.0007108424560301877,-0.0005332697329397534,0.0008818004618732981,-0.0008818004618725937,-0.002561989245508328,-0.00026009430044786363,0.0012142054772208586,-8.185472589565014e-05,0.0002890607110942224,-0.00031726546332183636,6.774259224360916e-05,-0.001627881398369382,0.0017157346287005248,0.0023937395751445385,-0.0008313978508602445
PC51,-0.0007882010192939946,-4.607524964961914e-06,-1.5520590800579236e-05,0.0005333434315179201,-0.00030755478579920113,0.0003621354114771982,7.696083459128329e-05,-7.696083459136135e-05,0.0027474094048657973,0.002805268433724738,-0.0007071609243024159,-0.00016396376565837312,0.0006923842851732122,-0.0025396617224257567,0.0007930654674380977,-2.341134429525993e-06,-0.00011353191640938592,-0.002429901646750863,-0.0010815664812236989,0.0002685733480065379,-0.00018060748010707145,3.9096982414006665e-05,-0.00012706285031370557,0.00017425831613575304,1.1634012725192378e-05,-0.00010658163006860288,-7.931069879206498e-05,0.029335257115405924,0.005224771184280122,0.0016100787433990515,0.018252521226705093,0.0016724289840534257,0.17528269927690396,0.04913006931566316,0.0016807689897275712,-0.11946513251219704,-0.10203433224346421,0.02014307514572221,-0.106237049721804,-0.13115907968902485,0.005291689696034371,-0.10407765801267545,-0.1015837649347924,-0.11905670768488341,0.0016968528275455295,-0.1093462541773359,-0.11636793543612672,-0.10615155109202995,0.0270929529556533,0.6202893230735215,-0.18839329157812654,-0.11338234113816607,-0.15701044913897233,0.6175630588249842,0.00010068102905873982,-0.00010068102905869819,8.37135736000737e-05,-8.371357359971375e-05,-0.00013223490271197652,4.148223001392351e-05,9.07526726982473e-05,-8.758614384227204e-05,0.0003843764191702667,-0.0002967902753286565,0.0001033356840920653,-0.00010333568409195775,-0.0027547900056575716,-0.0007635940192983857,-0.0008331336862154731,-0.0007674491308120729,0.0017782783889780107,0.0019263954950948913,-0.0009233161287575363,-0.0008096174669279051,0.00039889633424784743,0.0005442057420966817,0.0022041244772522
PC52,-0.0007135319812279413,4.0012616029784986e-05,7.695429579984529e-05,-0.0004748588913929155,-4.81468287542924e-05,-9.026323898869617e-05,-5.786784009596032e-05,5.7867840096671556e-05,-0.0010726641596384406,-0.0010115504424677083,0.0008989712981182351,0.0011401891594307323,-0.0005460053082868392,-0.0003051453087667029,0.0010500490799289844,-0.0012798027302006673,0.0009687573994556116,-0.0005834303118586737,0.0007406313242873941,0.00014742840054070283,0.00011507536173881172,-0.0004383658251172484,0.00017586206283773387,-0.00020556207554370265,-0.00028498759833682497,0.00042601237458828045,6.45372992924137e-05,-0.0010352791434557404,5.9745698494206856e-05,-6.159201391729707e-05,0.00038635646462516215,-3.36426166269721e-06,0.0017306769033111347,-0.000412628696692785,-2.2562173259044974e-05,0.00016188636092943649,-0.0001635097094160251,0.0001414356611806264,-0.00021462616397115858,-0.0011914272980146738,1.834315524278443e-05,-0.0010933592540105716,-3.9475033976231304e-05,0.0018658723426356744,2.5255694516843844e-05,-0.0015873617121860695,-0.0009895116787914417,-0.0005971125312597622,-0.0003109773107013679,-0.7059389102688849,-0.0008350935930321046,-0.0008847739231775675,0.002748435542243244,0.7082435569432336,0.00016462497089228534,-0.0001646249708919731,-0.00011324625021030647,0.00011324625021004106,3.0486938920951112e-05,0.00028107095951996827,-0.00031155789844101653,-0.00021524465218873343,8.67751085245963e-07,0.0002143769011039888,-0.00012424606638640001,0.0001242460663861836,0.0017145577861187242,-0.0009153513602269378,-0.0005715538388887803,-0.00033977286204062845,0.0005233246126104159,0.0007580985970488258,-0.0007551618810090347,-0.00027486762997670083,-0.0006523049878760581,-0.0002442354197900315,0.000757266984030544
PC53,1.8484683341860862e-06,0.00016613696080868332,-4.062632868607018e-05,-0.00021811776871600335,0.0001372071959198491,7.57412390313088e-05,-0.0001528447256007889,0.00015284472560004447,-0.08522971797888339,-0.0870035147625881,-0.07232965745030205,-0.07183299799551887,-0.07625093549753982,-0.0715344778048402,-0.08130546057338847,0.7586255000927413,-0.07126501666093255,-0.07085806974238255,-0.07101565162636682,-6.5710482096017e-05,0.00010615770701750543,-7.539229981827901e-05,3.4945074894351746e-05,7.815938336282205e-05,0.00012229188100614717,-0.0002778164193585743,7.736515498981366e-05,-0.003183520117017993,-0.0005188782499322123,-0.0001582289825245202,-0.0018603758325838175,-0.00011776293918153239,-0.1043837137974625,-0.00530815196125751,-0.000170654003600735,0.00612951654576147,0.0049287270185500096,-0.0017612786820870119,0.005725951663177367,0.006638547841724851,-0.00043093786585589723,0.005550415870186287,0.005315458401697892,0.006130866353594527,-0.00013970458994135146,0.006160232939084742,0.004391452504648757,0.005570214375096916,-0.0026116092288102424,0.021912790248519762,0.007853849508913975,0.0028305423681408495,0.007135987593233237,0.024370263017926067,0.0005626950871217423,-0.0005626950871200354,-0.00015241292664340544,0.0001524129266434332,-0.00026084307236209914,0.00034872623526186614,-8.788316289876086e-05,-0.00043904086833618933,0.0002136057866097274,0.00022543508172787052,6.377975226001809e-05,-6.377975226043442e-05,-0.05262608965503218,0.5673613986971832,-0.05681557419750807,-0.05761382816363289,-0.05702853097944666,-0.05755841002360392,-0.05650628472190816,-0.05702920424071569,-0.05687022427019575,-0.05798187174399658,-0.057331380701142444
PC54,-0.00011681242395358531,-0.00012684478273778353,0.00010180005647996668,0.00034827697727608873,-0.00027750995669547436,0.00021623388715793503,0.00014487832204902339,-0.00014487832204856227,-0.009324975664687414,-0.009374230265912551,-0.008856758795041407,-0.008022271862124158,-0.008585865259676596,-0.008463464918570387,-0.008960944108096159,0.0849822106363526,-0.007794299558615625,-0.007477709129054553,-0.008121691074573473,-1.4778903784987835e-05,6.711680286774439e-05,-7.673857972624772e-05,2.4400680644513784e-05,-0.0001893289480364435,0.00022014909229624464,1.7736695978735548e-05,-4.8556840238252186e-05,0.02378222124268845,0.003635957296770083,0.0011146595677998528,0.013188105047423408,0.0011550345008796772,0.9323978760994615,0.04390258840311183,0.001139527307272127,-0.050714061122045184,-0.04553932096245247,0.014948080500762372,-0.047157542011277476,-0.053232302953694854,0.003624476786543932,-0.04610063977614782,-0.04562692317392397,-0.05097121461218809,0.0011626472771722098,-0.04750096614585152,-0.05004430877880345,-0.04679671551811159,0.021356608538045888,-0.20044313606891404,-0.06602506178610701,-0.049283490834967025,-0.06005454671700844,-0.20191755210644136,-0.00010770391006306723,0.00010770391006309499,1.1247957025700694e-05,-1.1247957025214972e-05,-0.0001783161131412303,-9.283278232295744e-05,0.0002711488954631608,-0.00018032622679575033,8.305835725699179e-05,9.726786953932753e-05,-0.0001613182052501872,0.0001613182052497969,-0.005933136929326788,0.06399419446114228,-0.006059433801675972,-0.006753556876254285,-0.00660260450370502,-0.006692337359835807,-0.006123917638277132,-0.006577653260910379,-0.006296951863189237,-0.006680866898678223,-0.006273735329290514
PC55,-0.00015505598981243338,-2.718860684860808e-06,-3.391740976159543e-05,-0.00017300346575915875,-9.927670239049747e-05,3.936319933170408e-06,-4.602445535855618e-05,4.60244553581058e-05,-0.000118186805517942,-7.761289019804691e-05,0.00024292638291689662,0.0002691844908702017,1.3557910875581537e-05,-0.0010372829589344566,0.00021792892071604772,0.0005849266264844012,8.772543463068591e-07,-9.700710573764225e-05,6.881741794638116e-07,-1.1385828829118226e-05,2.9657812293960167e-06,-9.819667447344936e-05,0.00010661672207295386,-7.351331840652064e-05,-4.132452809181911e-05,0.00011645109665200243,-1.6132501531422594e-06,0.12429077664090767,0.010935962988622868,0.003200322721171253,0.049236762241435805,0.003284703947791137,-0.14996855654281008,0.9244334780642484,0.0032366489698681983,-0.07066885028093334,-0.06750339495441472,0.05885076777020953,-0.06834026708929522,-0.07284150962064967,0.010970190655551808,-0.06769307508991948,-0.06739919905149018,-0.0707988183294423,0.003309903092570565,-0.0686372481644836,-0.07050376688411303,-0.06786965006404834,0.10304349507291122,-0.11382291087084329,-0.08010083343076557,-0.06959525517943535,-0.07642747879812505,-0.1126221978145226,0.00011231652580799643,-0.00011231652580824189,3.3442039595675543e-05,-3.344203959564952e-05,5.8574390938714166e-05,-0.00015042731176178464,9.185292082280853e-05,-5.94370908491397e-05,8.901900375578135e-05,-2.958191290738238e-05,-3.079725585000692e-05,3.079725584966518e-05,0.00022910444724627034,0.00026842859447222706,-8.321349083184604e-06,-0.0006384896072310756,7.298893853579982e-05,0.0002881768824427467,-0.00017634102219343546,-0.0003251391217916639,-0.00014306167374961154,-0.0002011681287741908,0.0006338220401240855
PC56,1.8391757709029784e-05,6.075374500431185e-05,1.2901433963082263e-05,3.091291252914597e-05,6.402262466290809e-05,-2.358473533791897e-05,-0.00012038205342542279,0.0001203820534260406,0.06123600747845916,0.06165346052518499,0.05575103225551943,0.05584557576112028,0.05834098898074808,0.05432109404236136,0.058615967005530546,-0.5709180108127038,0.05550782422519091,0.05452186995914725,0.05512419057944243,-0.0001746328863106414,3.09135963403504e-05,4.014094440105056e-05,0.00010357834557106612,4.960787768660624e-05,6.6632921795698e-05,2.7626188595789372e-05,-0.0001438669880782827,-0.003097369258264981,-0.0001059220827959507,-5.8932936037039366e-05,0.0009191571110665452,-1.3246510838003586e-05,-4.2836931855064556e-05,0.0007699659254991218,-2.7417795176113335e-05,-1.1540550338503056e-05,-0.00013906812170353874,0.0005647518187408052,0.00014135253681846205,-0.00030217450901499215,5.380564144272519e-05,-0.0003237000518834937,3.069522286744397e-05,0.0005090972016877082,-2.9138245612188253e-05,-0.0006368733738282215,0.0012628588950262427,-0.0009383616585134091,-0.0007808791353222694,0.0006306461766198851,0.0002745736503442066,0.00039317281678978577,0.0003662754023676107,0.0005911087619112285,0.00011153141348500123,-0.00011153141348618084,8.298478414828225e-05,-8.298478414819899e-05,-5.69511797393063e-05,0.00016821485661937946,-0.00011126367688074623,4.223046855597948e-05,-5.4447707887983476e-05,1.2217239331091534e-05,0.00016048545664335,-0.0001604854566430447,-0.0793882897234794,0.7635810484887168,-0.07637039656624994,-0.0764525578175087,-0.07553808168359163,-0.0751035080892427,-0.07673335725961308,-0.07694310027320263,-0.07594074281338603,-0.07593401998658413,-0.07517699427585905
PC57,-0.00036564141400008876,3.126663359264369e-05,-4.86122534146383e-05,-7.048167193450983e-05,-5.074445554938156e-05,-5.7387977996698706e-05,-5.270911146863788e-05,5.2709111469249805e-05,0.0004134106729941048,0.0004637229864439202,0.0004719612052912995,0.0006011753579110574,0.00043645504999065277,-0.002839417285099035,0.0007328809286771265,-0.0012230517440935621,0.0005647060595102525,-3.6159185240110595e-05,0.0004143159536157959,-9.05404748447209e-05,8.22576224199581e-06,-1.7791396827889633e-05,0.00010010610943016543,7.670655816617578e-05,-1.4858163966513516e-05,-6.855023014833844e-05,6.70183594724677e-06,0.7947582001733731,0.016799051415229527,0.004458818072475147,0.10156538346089973,0.004784342577031142,-0.11112286746151734,-0.2780454055707945,0.004716642895926185,-0.07033785997907935,-0.0679234242182957,0.13365358131223273,-0.06854451863425202,-0.0722479794298449,0.01697946917260866,-0.06858848015894231,-0.0677362808694964,-0.06938682232619739,0.0048493882466579,-0.06959877719554033,-0.07035775389394844,-0.06873737069948807,0.40943276356702435,-0.09551009583996134,-0.07665073949961078,-0.06987806751018165,-0.07321833638784542,-0.09411286121845899,0.00015512738325432554,-0.00015512738325480432,4.5685811213974636e-07,-4.568581125352633e-07,-2.1162982198702496e-05,-9.249196055608963e-05,0.0001136549427555927,3.464494963599518e-06,7.325282051512925e-06,-1.0789777016073643e-05,1.7765600551084004e-05,-1.7765600551201965e-05,-0.00033332635131379934,0.0026254570941448285,-0.0006284698221152296,-0.0011771151323414428,9.582808788053169e-05,0.00033130179074097876,-0.0004849594660807574,-0.0008369087588621371,-0.00043478879122357816,-0.0007085033611865521,0.0015514847103597906
PC58,0.00016518911746810484,-5.058330147884887e-05,5.1714278366487914e-05,-2.4860644946162857e-05,3.726313478686412e-05,2.727340265509218e-05,-0.00013196773329740043,0.00013196773329725233,-0.0002612616807045878,-0.00026640690190749927,-0.0004782571428750715,-0.00015955852506740987,-0.00023123873997051752,0.001425990419409523,-0.00020510523597208792,0.00048192315900430927,-0.00014109187220702913,-2.9863931978592155e-05,-0.00013512954773218892,0.00016492036180789944,-0.00010101344549282715,-2.8438984867457107e-06,-6.106301782878715e-05,-4.658184491279291e-05,-7.702618180314286e-05,0.00010386107245965656,1.974695425579695e-05,-0.51456490363092,0.006463689205380402,0.0019728367882429244,0.04505733384459282,0.001842294082803217,-0.03412198724497121,-0.06759565425460297,0.0018618913755877608,-0.023133731497669285,-0.022617421698518894,0.06532640086830431,-0.022614385027373583,-0.023217873923172136,0.006390043397647047,-0.02215717534295953,-0.02249315595119275,-0.02386030782097201,0.001813649040359969,-0.022025074856455815,-0.02283021516414414,-0.022233252151571174,0.8452042719117379,-0.02990116264375462,-0.024736213337438202,-0.02260207548786248,-0.024972364221793608,-0.03025545625928243,-0.00017431823308861841,0.00017431823308847877,8.608328599384735e-05,-8.608328599319509e-05,-6.224411117620879e-05,0.0001321762629750839,-6.993215179870726e-05,-9.000368166370981e-05,7.19513533799232e-06,8.280854632815312e-05,6.85123687404858e-05,-6.851236873985089e-05,0.0003420509926104105,-0.0007101886383469064,0.00023679519322322706,8.699889763909979e-05,-0.0001768572768261296,-0.0001693608676106434,0.00030437041576252336,0.0002453386136238092,0.00023779261728948398,0.00047869400373325567,-0.0008756339510995748
PC59,0.00036089497203275323,-0.00010763517673290774,5.8269370402286975e-05,-0.00019657588694628947,0.00014213537105455063,-0.00017594760528289854,-3.7843813406391365e-05,3.784381340599151e-05,-0.0004432617421830992,-0.00044085481000913536,-0.00013011817602565957,-0.000390657510871013,-0.0003760811508381843,0.0012537572451694467,-0.0002124220062033593,0.0007880677452375331,-0.00029568894648087686,0.00039952516404218215,-0.00015226581183996717,7.733655413854831e-05,-1.049602891848092e-05,-9.117013979718924e-05,2.4329614577094094e-05,4.227770981369422e-05,-0.00015507282706793413,9.873379836274065e-06,0.00010292173741673072,-0.17393484518210406,0.01706600413702701,0.004774948298150249,0.2483463709574268,0.004478913457860528,-0.058039814022788405,-0.08893007280039446,0.004537060143998709,-0.04329759697350075,-0.042616285889414594,0.9048879639291612,-0.04260022139627498,-0.04339385528860672,0.016846306433344845,-0.041660135076055094,-0.04267508242570607,-0.04447708588327978,0.004473513638973739,-0.04106895753054731,-0.04290752032511808,-0.04173463030018037,-0.21790490883556746,-0.052772527287431474,-0.04570069566336461,-0.04226796081814491,-0.04610404622962935,-0.05332483906783529,-9.588130713871629e-05,9.588130713803628e-05,2.766075988650668e-05,-2.7660759886603825e-05,-3.0054869664383754e-05,-7.812557376252801e-05,0.00010818044342742611,-1.8245933081462856e-05,7.23954870381141e-05,-5.4149553955357144e-05,0.000161937860329614,-0.00016193786032859744,0.0005572730275265822,-0.0009248530855439873,0.00036371439795792465,0.0005924218428646818,-0.00032027997347866197,-0.0004421035320185396,0.0005340709847802307,0.0006811294772236451,0.0002575785840584349,-9.149144193629222e-06,-0.001289802579180252
PC60,0.0004312168048082608,4.7076908637918224e-05,5.290105537406346e-05,-0.0001803552728986183,0.0002371985843283241,-0.00029674183752419116,2.6969509515973634e-06,-2.6969509534565533e-06,-0.00042550373081766835,-0.0003624759203395365,-7.892316838638367e-05,-0.00032638668202898853,-0.00033631900145835066,0.0007501185477891831,-0.00021539686168046447,0.0007280285478031712,-0.0002932048695187192,0.00038823592638405693,0.00017182721225040935,1.7415866079562026e-06,3.5505369357667627e-05,3.702343685882403e-05,-7.427039282401071e-05,5.3333359733981345e-06,0.0001653891711841174,-0.0002534556281839767,8.27331210278004e-05,-0.07856949455154119,0.012352934865553923,0.003331453770243506,0.9322315686522513,0.0031890053228688375,-0.033788458744141575,-0.048022875327548446,0.003201554405653618,-0.02613666492244597,-0.025899960277741524,-0.3197185283934888,-0.02573707459831079,-0.025935887783182447,0.01211064250492587,-0.024877629118524966,-0.026025818985944783,-0.027125008334339007,0.0030886599267449617,-0.024075552365713404,-0.02575585545799222,-0.02500523729490472,-0.08967361051183402,-0.03104185826242924,-0.027324851782297627,-0.025183481620314085,-0.028039479376015197,-0.031568491739524474,-9.589152523867273e-05,9.589152523786781e-05,5.963204444764392e-06,-5.963204444958681e-06,-0.0001426930597645676,0.00023855720903125793,-9.586414926715525e-05,-9.025045773882346e-05,-1.4823620832868367e-05,0.00010507407857382467,0.00012017647827494704,-0.00012017647827321232,0.0004263421532935546,-0.000508958990361354,0.0004117963227092125,0.0004001801079764611,-0.00020648277593215627,-0.0005075523297468632,0.00040886311631271877,0.0005076134265442067,2.9814250296779365e-05,8.352863510316388e-05,-0.001045143916199115
PC61,6.0747642515656524e-05,1.3784775995250617e-05,-2.099423849163349e-06,-1.25405556955864e-05,3.2245919941969146e-05,7.738513635850946e-06,8.108665018154637e-06,-8.10866501778281e-06,-3.8024599966156834e-06,1.2488835067240244e-05,-0.00023801806508456078,2.4415563939625537e-05,2.413442505651048e-05,0.00013504858043595258,1.227069619220999e-05,3.612140859420108e-05,7.672658785056732e-05,-6.334573908937675e-05,-1.603983296750381e-05,-3.814149791208808e-05,-6.10015900317281e-06,3.479232578941418e-05,9.449331124971976e-06,-2.8230163398606893e-05,1.779380581724572e-05,3.044366152411479e-05,-2.000730394081593e-05,-0.08156289176600347,0.6684370010420565,0.027374755826615027,-0.0981176201593732,0.027377633896842654,-0.06804843558363029,-0.07453136375146399,0.027151564730275548,-0.06279189128193442,-0.06234388246973255,-0.09280319986159194,-0.06247902603418179,-0.06298358207207712,0.6694407759366797,-0.06232377274486296,-0.06235740397250028,-0.06292865785355589,0.027355615566787197,-0.062443156642850606,-0.06270132977019949,-0.06240048534499386,-0.0833488995648112,-0.06641878711312449,-0.0638463004614171,-0.0626019376057622,-0.06362444281014135,-0.06648028013504292,9.600189991169211e-05,-9.600189991090802e-05,4.183922571810578e-05,-4.1839225716037987e-05,-2.2689358382128877e-05,2.4994618737769758e-05,-2.3052603575213215e-06,-2.393624653755644e-06,1.66860337085864e-05,-1.4292409056086697e-05,-4.1246227906674426e-05,4.124622790700749e-05,6.568923159917459e-05,7.378381594465495e-05,4.937767584045627e-05,-0.00020094743773829953,7.937789258448055e-05,6.309661471048944e-05,1.8473906697666354e-06,-0.00011781027892134033,3.137439670458653e-05,8.627342562163819e-05,-0.00013206272702104283
PC62,-1.1674781130867009e-05,4.429662166565985e-06,2.5432296539238948e-06,2.1220174784735205e-06,2.7575301992868835e-05,1.14791450544874e-05,-3.435615571757155e-05,3.435615571818853e-05,-8.312848166409364e-06,-1.2978517628766371e-05,0.00022282279033474976,-3.743872251610057e-05,-1.0947551927313777e-05,-0.00012335088516136152,-1.0824042523217901e-05,-1.8363987563559927e-05,1.022100761530133e-05,3.493792488228379e-05,-4.5765167349628695e-05,4.4698060998759725e-05,-6.440717331407733e-06,-3.553934881350674e-05,-2.717994853511157e-06,1.625204322878125e-05,-1.2605772546877333e-06,-8.663950410916534e-06,-6.327515559790371e-06,0.00012964178885621538,0.7076033448468406,-0.00014325333264099903,-0.00023697038826638733,6.3948058003231e-05,-3.801854183000438e-05,-2.228988032214503e-05,-0.00022060477563148428,-3.88399068078965e-05,-4.632033343050096e-05,-0.00011800240810619193,-1.222169100881243e-05,-5.094736095186819e-05,-0.7066095473846937,-5.554316770510492e-05,-4.241214395184212e-06,1.7883339858588976e-06,1.6776858481814746e-06,-9.757731194064839e-05,-6.739466187172596e-06,-7.19475795391486e-05,1.8256405593693528e-05,2.4109296997865994e-05,2.6836880922809225e-05,-4.293460261600712e-05,-3.567121119932293e-05,-1.7932739765740002e-05,0.0001062315978844347,-0.00010623159788385184,-4.1306906896909634e-06,4.130690690710981e-06,-8.43574203223188e-06,-2.371748275831198e-07,8.67291685893029e-06,-1.3971138823315465e-05,1.048002160707745e-05,3.491117215545861e-06,1.551994469055351e-05,-1.551994468892981e-05,-6.312767535140984e-06,0.0001208375911684002,-1.7525550478174334e-05,-0.00021574144429125502,5.95489810913466e-06,2.5436258931199607e-05,-4.7856452077327596e-05,-0.00019500043588718818,6.420783797750351e-05,3.4698452236549965e-05,0.00023130161184528597
PC63,-3.8579100453636015e-05,4.125285564046604e-06,-1.1230609416117653e-05,9.131888919163326e-07,6.032195760557313e-06,1.868165450173324e-05,2.29982076459808e-05,-2.2998207646545722e-05,4.7574279848699975e-05,4.9677241287277246e-05,5.145295502173889e-05,7.275004194680335e-05,5.417276830106362e-05,-0.00025508587049306213,3.052767488653232e-05,-1.5027417983110069e-05,2.447605083310666e-05,-2.6215703581141704e-05,-3.43020200641675e-05,-2.1214581986517007e-05,2.1025177073108383e-05,3.407879233083451e-06,-3.218474318045488e-06,9.41095365353077e-06,-5.560844180539908e-05,2.6289169524702956e-05,1.9908318626912086e-05,-0.08038615644873917,-0.12049914466697158,0.45853365491443654,-0.08521179184127649,0.4620925425754939,-0.07625467205084781,-0.07850882544462834,0.4594614559699958,-0.07419752011842129,-0.07396864106854675,-0.08382069422893347,-0.07404622734364234,-0.07434466609078316,-0.12078464380019949,-0.07408134926785413,-0.07398208188906225,-0.07409567052468964,0.4622705161625407,-0.07420752590355387,-0.07420431541325195,-0.07410560709970349,-0.08119427237550604,-0.07565741726986144,-0.0746360833335383,-0.07418088003615125,-0.07438696829342367,-0.07560301511289168,2.8806282119098192e-05,-2.8806282124871352e-05,9.411874349080085e-06,-9.411874347498017e-06,4.9522138859645765e-05,-8.425929288561132e-05,3.4737154026024536e-05,-1.0319095720245919e-05,-3.9214306841311997e-07,1.071123878532143e-05,-1.3495669292193369e-05,1.3495669289979861e-05,-3.0841390109087596e-05,6.114768927235848e-05,-5.776766753812224e-06,-0.000290473827034822,5.2330254708941176e-05,6.201350801221528e-05,-8.412660101895283e-05,-2.3176947747505228e-05,2.3293240925481573e-05,4.948934636614388e-05,0.0001861214933901456
PC64,-2.000870049616574e-05,-2.952157937339542e-06,8.457660312747227e-06,-5.799552251780347e-06,-7.599872277212828e-06,8.324120899188132e-06,7.303789086427582e-06,-7.303789086135579e-06,-1.0232759675585262e-05,-2.0426433709572932e-05,1.2908510546991354e-05,-3.400240864259019e-05,-1.5366817691678854e-05,4.3735996135897985e-05,2.7933792270984012e-05,-9.03129099210395e-06,1.676322595457367e-05,1.2559172573615648e-06,-1.3537731451573778e-05,-6.978771347450254e-06,-1.295210767639568e-07,8.193738667969762e-06,-1.0854462462602747e-06,9.775322824154623e-06,-1.1192147487099936e-05,1.6786076751196082e-06,-2.6178301584236716e-07,4.63572448572919e-05,-2.755580118530979e-05,-0.08608046650404008,9.663101318691317e-06,0.790698717832878,4.238580434895358e-05,4.2897810987724966e-05,-0.10933862477452332,3.8926790017601576e-05,4.794694595826321e-05,8.542442080802098e-05,4.010917493574295e-05,1.3115654892564832e-05,9.406239076675468e-05,3.6246865236261305e-05,4.413738748587637e-05,5.589379041517212e-05,-0.5961800811481001,2.1151053284484966e-05,2.4602796501169144e-05,4.833543504463925e-05,3.943715494075101e-05,3.763487890640592e-05,2.2962028096235043e-05,2.7084916040698293e-05,5.8230374275679286e-05,5.1404375849967154e-05,-5.315420537832516e-06,5.315420535417781e-06,7.902596024872421e-06,-7.902596026898578e-06,-1.001612992439227e-05,2.2624045109387314e-05,-1.2607915185681995e-05,1.8708135382919377e-05,3.7739594462016246e-06,-2.2482094834047617e-05,1.4062042331289965e-05,-1.4062042329784225e-05,2.0839191286217695e-05,-2.4113532234642295e-05,-1.725095558105516e-05,3.420596222811212e-05,-1.2727945582158284e-05,-1.556622828036147e-05,7.010079278935155e-05,1.3146846377216914e-05,-2.7766899345110785e-05,-9.236784535848752e-06,-3.1630447119013194e-05
PC65,1.946441371932757e-05,-3.5068640315290397e-06,5.0459503129026735e-06,-2.9892667915337632e-05,2.6538655026698825e-05,5.837904792296416e-06,8.792723091302309e-07,-8.792723110435496e-07,-4.825345819651545e-05,-4.693410897545387e-05,-2.8143142032099357e-05,-3.8977001790126034e-05,-4.29170248481813e-05,0.00026907180229107533,-2.8028550310104055e-05,1.8982508841462633e-05,-8.873143630821491e-06,-7.654218844496945e-07,-4.516245946799898e-05,3.683809767627828e-06,-5.880843564616371e-06,-3.555652356427262e-05,3.7753557359145994e-05,-5.780338805025202e-06,9.812332123427386e-06,-8.25839243949163e-06,4.226399117417904e-06,-0.0001736495489372508,0.00017778597758123446,-0.5752346820618947,4.633522849724391e-05,-0.06920895923021987,-3.27829360249228e-05,-1.1295352747266e-05,0.8000901325000184,-7.422054171410397e-06,-2.5021380711462426e-05,5.492166386525388e-05,-2.122015867964816e-05,1.8235075250179478e-05,3.811151002837453e-05,1.641873840243363e-05,-4.3739157938795176e-05,-7.83367326535507e-05,-0.1554693480771417,4.5874648963453724e-05,-8.541426172153921e-06,1.869183445412162e-05,-5.9196904597239204e-05,-2.850461992307332e-05,2.1669462402472417e-06,1.5797225544955662e-05,-7.47967064709254e-05,-4.6975000557059055e-05,6.780952697060805e-05,-6.780952696622267e-05,3.4431952625341156e-06,-3.443195265887336e-06,5.525941766603478e-05,-0.00013048212024952682,7.522270258605857e-05,5.778431723169053e-06,-2.4411617252362294e-06,-3.337269995615233e-06,2.8235912101076677e-06,-2.8235912103158345e-06,3.215068622955397e-05,-5.49285760067424e-06,1.3808277404527003e-05,-4.8294159118056346e-05,1.9281605611320973e-06,-7.1766559503541605e-06,4.227891560514008e-05,3.192995642270491e-05,3.356397546344647e-05,2.8485944582205824e-05,-0.00012318224359231245
PC66,-4.138417566796555e-05,-1.3719829681702771e-06,5.043777908203157e-06,-1.5811074531243483e-05,3.821814972294717e-06,6.06767978038981e-06,2.004759370618825e-05,-2.0047593704847742e-05,2.503977668639291e-05,1.6737513238423236e-05,4.35701370935205e-05,1.1576061708320649e-05,2.0404163604416056e-05,-0.0002844972349889275,6.11987634331311e-05,1.221370418403732e-05,8.212100433186527e-05,1.0466478733014376e-06,1.0589462836717387e-05,3.1007370730626316e-05,4.654417133684134e-07,-3.2979293535049387e-06,-2.8174883087535556e-05,-3.0992468915688916e-05,5.8410713881942335e-05,-1.3369112877371567e-05,-1.404913208684095e-05,6.623180336409653e-05,-0.00021786562926684634,0.6431042446479085,-0.0004480859148643414,-0.34440917987801706,-0.00022877413469631763,-0.00021519214025953522,0.3145632353758953,-0.0002443986595588171,-0.00022439941697646043,-0.00037941980080212663,-0.0002534511949646989,-0.00030223901729636155,-0.00047872008391248305,-0.0003165626181136083,-0.00024085337054467575,-0.000124598089068363,-0.6073278771833241,-0.00038566456307405003,-0.00029455328249122087,-0.00030916933436939045,-0.00017514188051355115,-0.0002758830729171647,-0.0002585953664398389,-0.00031174865715511563,-0.00011994232730070525,-0.0001913962112417393,1.5146913665164963e-05,-1.5146913667107853e-05,2.0840594554205616e-05,-2.0840594549112468e-05,2.9321264803656988e-05,-4.89005887080729e-05,1.957932390431183e-05,-1.3710763765259482e-05,5.227138155788902e-07,1.3188049952060632e-05,-1.4642268035477968e-05,1.4642268035186534e-05,5.369098101476455e-06,3.796887570669204e-05,-4.378197628168712e-05,-0.00031762338062193973,2.8532682393944686e-05,4.556192695898825e-05,5.080291102105283e-05,-7.077785944720194e-06,1.474426570726231e-05,9.911418921350335e-06,0.00017559196404304256
PC67,-1.4655948225863487e-16,8.251149445497675e-17,-8.872537128451834e-17,1.6560007383076334e-16,-1.862072164728273e-16,1.0086717822152109e-16,-0.08690454741192577,-0.0869045474119261,-0.051917816550514306,-0.05191781655051376,-0.051917816550514126,-0.05191781655051437,-0.0519178165505144,-0.05191781655051397,-0.051917816550514716,-0.05191781655051356,-0.05191781655051425,-0.05191781655051416,-0.05191781655051413,0.01015166292898188,0.010151662928981826,0.010151662928981623,0.01015166292898187,0.03424297266218948,0.03424297266218955,0.03424297266218948,0.03424297266218963,-0.0996132336848439,-0.09961323368484483,-0.09961323368484587,-0.09961323368484445,-0.09961323368484554,-0.09961323368484434,-0.09961323368484484,-0.09961323368484301,-0.09961323368484415,-0.09961323368484389,-0.09961323368484479,-0.09961323368484451,-0.09961323368484479,-0.09961323368484462,-0.09961323368484465,-0.09961323368484422,-0.09961323368484419,-0.09961323368484458,-0.0996132336848444,-0.09961323368484457,-0.09961323368484487,-0.09961323368484411,-0.09961323368484491,-0.09961323368484463,-0.09961323368484415,-0.09961323368484357,-0.0996132336848439,-0.05124667938273687,-0.05124667938273694,0.23220943179255885,0.2322094317925589,0.18665454278799634,0.186654542787997,0.18665454278799687,-0.20412059659752238,-0.20412059659752166,-0.2041205965975213,0.36093416369986275,0.36093416369986364,-0.08478306952142665,-0.08478306952142663,-0.08478306952142656,-0.08478306952142675,-0.08478306952142628,-0.0847830695214263,-0.08478306952142661,-0.08478306952142609,-0.08478306952142642,-0.08478306952142643,-0.08478306952142646
PC68,-0.0,-8.105617297486294e-17,1.3250545746719244e-17,-1.0172859970186748e-16,1.359539626706926e-16,4.561351598305277e-17,-0.03919444569328105,-0.039194445693280976,-0.01644484425346513,-0.016444844253465544,-0.01644484425346604,-0.016444844253465794,-0.016444844253465513,-0.016444844253466515,-0.01644484425346533,-0.0164448442534669,-0.01644484425346613,-0.01644484425346657,-0.016444844253466328,0.007427101363448454,0.007427101363448428,0.0074271013634486065,0.007427101363448485,0.009130439448334188,0.009130439448334082,0.009130439448334013,0.00913043944833404,-0.03674961969445921,-0.03674961969446053,-0.036749619694460715,-0.03674961969446248,-0.03674961969445719,-0.03674961969446119,-0.03674961969446072,-0.0367496196944614,-0.036749619694460826,-0.036749619694460785,-0.03674961969446155,-0.03674961969446097,-0.036749619694461264,-0.03674961969446076,-0.036749619694461,-0.036749619694460896,-0.03674961969446078,-0.036749619694460486,-0.03674961969446095,-0.03674961969446097,-0.036749619694461014,-0.036749619694461354,-0.03674961969446079,-0.03674961969446104,-0.03674961969446085,-0.03674961969446048,-0.03674961969446074,-0.018624275942338522,-0.018624275942338404,0.110189916689638,0.11018991668963914,0.06677606199120549,0.06677606199120582,0.06677606199120442,0.5396721017354736,0.5396721017354716,0.5396721017354711,0.13166267613725977,0.13166267613726015,-0.03040894933691311,-0.030408949336912884,-0.030408949336913113,-0.030408949336913085,-0.03040894933691299,-0.030408949336912967,-0.030408949336913044,-0.030408949336912867,-0.030408949336913068,-0.030408949336913068,-0.030408949336913054
PC69,0.0,-8.829299712080328e-17,4.700474438982296e-17,-1.3444177842239006e-16,-4.5349006170078585e-17,-8.52074145042663e-17,0.05095949249195918,0.05095949249195918,-0.12639085363873911,-0.1263908536387384,-0.12639085363873834,-0.1263908536387392,-0.12639085363873875,-0.12639085363873917,-0.12639085363873873,-0.12639085363873778,-0.1263908536387393,-0.12639085363873953,-0.12639085363873906,0.42218022979910524,0.42218022979910536,0.42218022979910463,0.42218022979910486,-0.01331569007458333,-0.0133156900745834,-0.013315690074583275,-0.013315690074583497,-0.0015961117270096026,-0.001596111727009792,-0.0015961117270097878,-0.0015961117270105254,-0.0015961117270089653,-0.0015961117270100987,-0.0015961117270098957,-0.0015961117270097774,-0.0015961117270097275,-0.001596111727010019,-0.001596111727010084,-0.0015961117270096858,-0.0015961117270098246,-0.0015961117270092613,-0.001596111727010019,-0.0015961117270098246,-0.0015961117270097136,-0.001596111727010381,-0.001596111727010005,-0.0015961117270099079,-0.0015961117270099634,-0.0015961117270096286,-0.0015961117270098055,-0.0015961117270099114,-0.0015961117270098107,-0.0015961117270101577,-0.0015961117270093875,-0.0012418829224577002,-0.0012418829224576447,-0.22544070457069867,-0.22544070457069879,0.02699837722584887,0.026998377225848687,0.02699837722584876,0.005106102415381092,0.005106102415381009,0.005106102415381036,-0.0014392390105398938,-0.001439239010539911,-0.011454768935837495,-0.011454768935837498,-0.011454768935837516,-0.011454768935837564,-0.011454768935837356,-0.011454768935837314,-0.011454768935837412,-0.011454768935837467,-0.011454768935837328,-0.011454768935837495,-0.011454768935837328
PC70,-0.0,-1.0467836142570543e-17,1.9444520271304622e-16,2.4803976621327e-17,1.5302579709902502e-16,9.20254901880915e-17,0.008827032993536262,0.008827032993536479,0.24226683181599606,0.24226683181599634,0.2422668318159948,0.24226683181599573,0.24226683181599576,0.24226683181599595,0.2422668318159964,0.24226683181599698,0.2422668318159964,0.24226683181599645,0.24226683181599576,0.247563034116252,0.24756303411625205,0.2475630341162513,0.24756303411625186,0.09588482313936392,0.0958848231393642,0.09588482313936378,0.09588482313936378,-0.002923901603675382,-0.0029239016036747964,-0.0029239016036783885,-0.0029239016036743427,-0.0029239016036746,-0.0029239016036756117,-0.0029239016036754044,-0.002923901603674448,-0.0029239016036752344,-0.002923901603675144,-0.002923901603674721,-0.002923901603674728,-0.0029239016036747834,-0.0029239016036750045,-0.0029239016036751164,-0.002923901603675165,-0.0029239016036752344,-0.002923901603675484,-0.0029239016036752274,-0.0029239016036748736,-0.0029239016036751164,-0.0029239016036750635,-0.0029239016036750496,-0.002923901603674981,-0.002923901603675144,-0.0029239016036752274,-0.002923901603675585,0.01837427035119265,0.0183742703511927,0.18017289995987223,0.1801728999598725,0.02057187064171624,0.02057187064171631,0.020571870641716353,-0.009733705435034018,-0.009733705435034032,-0.009733705435034004,-0.013069474105858653,-0.013069474105858875,-0.020376643862313366,-0.02037664386231332,-0.02037664386231333,-0.02037664386231347,-0.02037664386231325,-0.0203766438623134,-0.020376643862313255,-0.02037664386231325,-0.020376643862313297,-0.020376643862313443,-0.02037664386231336
PC71,0.0,2.5918806698663182e-17,2.448536944111007e-17,2.01473309103481e-16,-8.892732364633682e-17,9.29216691257828e-18,0.07219833902878398,0.07219833902878353,0.04026795582871706,0.04026795582871743,0.04026795582871705,0.04026795582871738,0.04026795582871716,0.040267955828717124,0.0402679558287173,0.040267955828717644,0.040267955828717374,0.040267955828717394,0.040267955828717186,-0.0015876298803791065,-0.001587629880379051,-0.001587629880378992,-0.0015876298803791785,-0.024317359715169407,-0.024317359715169358,-0.02431735971516928,-0.024317359715169247,0.06890672080079,0.06890672080078886,0.06890672080079203,0.06890672080078883,0.06890672080078962,0.06890672080079029,0.06890672080079072,0.06890672080079072,0.06890672080079015,0.06890672080079038,0.06890672080078991,0.06890672080078965,0.06890672080079066,0.06890672080079077,0.06890672080078995,0.06890672080079006,0.06890672080079008,0.06890672080079151,0.0689067208007895,0.06890672080079008,0.06890672080079002,0.06890672080078984,0.06890672080079017,0.06890672080078976,0.06890672080078943,0.0689067208007902,0.06890672080078966,0.038912215290659136,0.038912215290659205,-0.15980144286411932,-0.15980144286411962,-0.1258728597046979,-0.12587285970469825,-0.12587285970469791,0.004213047170791372,0.004213047170791552,0.00421304717079133,0.5933834536953125,0.5933834536953138,0.05662377003366847,0.05662377003366852,0.056623770033668544,0.056623770033668495,0.056623770033668266,0.05662377003366824,0.05662377003366846,0.05662377003366827,0.05662377003366839,0.05662377003366844,0.05662377003366837
PC72,0.0,1.9504225096664345e-16,2.967763673160216e-17,4.689504025865405e-17,5.02158579379751e-17,-1.2578616168797007e-16,0.3444479365617171,0.3444479365617168,-0.034211681678521594,-0.03421168167852166,-0.03421168167852114,-0.03421168167852101,-0.034211681678521164,-0.03421168167852126,-0.034211681678520636,-0.034211681678521066,-0.034211681678520824,-0.03421168167852091,-0.034211681678520886,-0.05340869281524613,-0.053408692815246114,-0.05340869281524591,-0.05340869281524592,0.42133049481895907,0.4213304948189599,0.4213304948189585,0.4213304948189587,-9.072413476222604e-05,-9.072413476397204e-05,-9.072413476376019e-05,-9.072413476194849e-05,-9.0724134761028e-05,-9.072413476249926e-05,-9.07241347624238e-05,-9.072413476154273e-05,-9.072413476205604e-05,-9.072413476235441e-05,-9.072413476160675e-05,-9.072413476218788e-05,-9.072413476205604e-05,-9.072413476164621e-05,-9.072413476235441e-05,-9.072413476203522e-05,-9.072413476263197e-05,-9.072413476245232e-05,-9.072413476196584e-05,-9.072413476206992e-05,-9.072413476235441e-05,-9.072413476229717e-05,-9.072413476202785e-05,-9.07241347624186e-05,-9.072413476218788e-05,-9.072413476268878e-05,-9.072413476244809e-05,-0.016516171621209386,-0.016516171621209386,-0.06030985142179843,-0.0603098514217984,0.06874398627023343,0.06874398627023351,0.06874398627023329,0.008560207539272557,0.008560207539272502,0.008560207539272405,-0.000518071633086474,-0.0005180716330867863,0.023608527405818383,0.023608527405818428,0.023608527405818366,0.02360852740581847,0.02360852740581856,0.023608527405818258,0.023608527405818425,0.023608527405818328,0.023608527405818605,0.023608527405818425,0.02360852740581848
PC73,-0.0,3.3880069328234183e-16,8.018452079074173e-17,-7.083165479900138e-17,-7.40925980582974e-17,-6.57069539835102e-16,0.5769393824586244,0.5769393824586242,0.010436658447197402,0.01043665844719857,0.010436658447197624,0.010436658447197905,0.010436658447197912,0.0104366584471976,0.010436658447197393,0.010436658447198226,0.010436658447197981,0.010436658447197794,0.010436658447197877,-0.015612047811095986,-0.015612047811096087,-0.015612047811096007,-0.015612047811095852,-0.2169040554785803,-0.2169040554785806,-0.21690405547858005,-0.21690405547858,0.007364932889886303,0.007364932889886103,0.007364932889886245,0.007364932889887262,0.007364932889886528,0.007364932889885941,0.007364932889886936,0.007364932889888048,0.007364932889886478,0.007364932889886475,0.007364932889885934,0.007364932889886655,0.007364932889886856,0.00736493288988614,0.007364932889886655,0.007364932889886669,0.007364932889886211,0.007364932889887422,0.0073649328898864885,0.007364932889886433,0.0073649328898865996,0.007364932889886083,0.007364932889886789,0.007364932889886539,0.00736493288988653,0.00736493288988653,0.007364932889886336,-0.01309372163848374,-0.013093721638483588,0.10011176079601186,0.10011176079601153,0.035111545675030935,0.0351115456750308,0.035111545675030706,0.0007529485523981236,0.0007529485523981583,0.0007529485523980195,-0.010120515592650231,-0.01012051559265048,-0.10364368211229351,-0.10364368211229313,-0.10364368211229327,-0.10364368211229336,-0.10364368211229279,-0.103643682112293,-0.10364368211229338,-0.10364368211229281,-0.10364368211229316,-0.10364368211229319,-0.10364368211229327
PC74,-0.0,-3.788232329272578e-17,-1.1142076003814165e-16,-7.087454758800631e-17,-2.838254509518807e-17,-1.0332434725103119e-16,0.0034092367831973485,0.0034092367831972865,-0.09942226981621732,-0.0994222698162172,-0.09942226981621677,-0.09942226981621728,-0.09942226981621709,-0.09942226981621691,-0.0994222698162174,-0.09942226981621732,-0.09942226981621731,-0.09942226981621693,-0.09942226981621682,0.08037829343036064,0.08037829343036057,0.08037829343036043,0.08037829343036061,0.03336299466494079,0.033362994664941026,0.03336299466494092,0.03336299466494094,0.07382076374102348,0.07382076374102056,0.07382076374101959,0.0738207637410226,0.07382076374102503,0.07382076374102282,0.07382076374102366,0.07382076374102253,0.07382076374102324,0.07382076374102314,0.07382076374102359,0.07382076374102314,0.0738207637410237,0.07382076374102338,0.07382076374102332,0.07382076374102305,0.07382076374102338,0.07382076374102346,0.07382076374102323,0.07382076374102317,0.07382076374102327,0.07382076374102302,0.0738207637410232,0.07382076374102327,0.07382076374102312,0.07382076374102303,0.07382076374102334,-0.00610079451030171,-0.006100794510301696,0.5556681136750221,0.5556681136750229,-0.13346586341122305,-0.13346586341122357,-0.13346586341122307,-0.014300438743739069,-0.014300438743738878,-0.01430043874373892,-0.0006292048570422024,-0.0006292048570422266,0.061901797535148795,0.06190179753514856,0.06190179753514852,0.061901797535148566,0.06190179753514835,0.06190179753514849,0.061901797535148656,0.06190179753514821,0.06190179753514848,0.0619017975351485,0.0619017975351486
PC75,-0.0,2.35707429578598e-16,7.255845578069819e-17,3.182347965750316e-17,-4.541218805297396e-17,-4.069901014838193e-17,0.06888077897778,0.06888077897778,0.014110250381942717,0.014110250381943188,0.014110250381943223,0.014110250381943244,0.014110250381942807,0.014110250381943102,0.014110250381943376,0.01411025038194269,0.014110250381943173,0.014110250381943738,0.014110250381943416,0.007825245889719034,0.007825245889718967,0.007825245889718913,0.007825245889719046,-0.10271883100063789,-0.10271883100063801,-0.10271883100063789,-0.10271883100063778,0.011902133473220708,0.011902133473223829,0.011902133473221471,0.01190213347322255,0.01190213347322079,0.01190213347322224,0.011902133473222425,0.011902133473218451,0.011902133473221867,0.011902133473221721,0.011902133473221761,0.01190213347322179,0.011902133473221815,0.011902133473222646,0.011902133473221867,0.011902133473221685,0.011902133473221194,0.011902133473222014,0.011902133473221665,0.011902133473221693,0.01190213347322179,0.011902133473221346,0.011902133473221464,0.01190213347322151,0.011902133473221728,0.011902133473221253,0.01190213347322127,-0.000539937141220108,-0.0005399371412201214,0.03263034796291988,0.03263034796291983,0.4166137747401957,0.4166137747401972,0.41661377474019595,-0.0010073234147754823,-0.0010073234147755144,-0.001007323414775569,-0.001744360362351604,-0.0017443603623515623,0.1952169119719135,0.19521691197191304,0.1952169119719134,0.19521691197191365,0.19521691197191263,0.19521691197191277,0.19521691197191332,0.19521691197191263,0.19521691197191288,0.19521691197191307,0.19521691197191315
PC76,0.0,7.93507981038181e-17,4.936718029040631e-17,-5.951526570038401e-17,2.4548934897371807e-17,3.2655448778087014e-17,-0.15684804671020974,-0.15684804671020977,-0.012242029070463633,-0.012242029070464337,-0.012242029070463878,-0.012242029070463931,-0.012242029070463529,-0.012242029070463949,-0.012242029070463688,-0.012242029070464813,-0.012242029070463888,-0.012242029070464296,-0.012242029070464074,-0.02639755253783843,-0.026397552537838362,-0.02639755253783843,-0.02639755253783846,0.05029126376166312,0.05029126376166323,0.05029126376166297,0.05029126376166298,0.11710934789409957,0.1171093478940972,0.1171093478941027,0.11710934789409769,0.11710934789410199,0.11710934789409995,0.11710934789409944,0.11710934789410049,0.11710934789409916,0.11710934789409935,0.11710934789409902,0.11710934789409908,0.11710934789409977,0.11710934789409906,0.1171093478940992,0.11710934789409927,0.11710934789409966,0.11710934789409966,0.11710934789409844,0.11710934789409944,0.11710934789409924,0.11710934789409891,0.11710934789409946,0.11710934789409959,0.11710934789409858,0.11710934789409855,0.11710934789409906,0.16921796688281807,0.169217966882818,-0.020337140186709374,-0.0203371401867093,0.2786851294669908,0.27868512946699153,0.278685129466991,0.001829261520082552,0.0018292615200826978,0.0018292615200826614,-0.000914059648662216,-0.0009140596486622299,-0.15806958672513644,-0.1580695867251361,-0.15806958672513644,-0.15806958672513674,-0.15806958672513582,-0.15806958672513582,-0.15806958672513644,-0.15806958672513582,-0.15806958672513602,-0.1580695867251361,-0.15806958672513605
PC77,-0.0,-1.917512854888315e-17,-1.761299382379651e-17,-2.3734382386918184e-17,1.0770413669377956e-17,-3.677765687600364e-17,0.0465089466952462,0.046508946695246176,-0.0118620067044617,-0.011862006704461813,-0.011862006704461992,-0.011862006704462033,-0.011862006704462236,-0.011862006704461902,-0.011862006704462674,-0.01186200670446337,-0.011862006704462087,-0.011862006704461995,-0.011862006704461952,0.0008361993289911201,0.0008361993289911218,0.0008361993289910732,0.0008361993289910715,-0.004615083016678441,-0.0046150830166784024,-0.004615083016678559,-0.004615083016678447,-0.04055191052715393,-0.04055191052715447,-0.040551910527150195,-0.04055191052715304,-0.04055191052715133,-0.040551910527154,-0.04055191052715418,-0.04055191052715456,-0.04055191052715396,-0.04055191052715417,-0.04055191052715386,-0.04055191052715421,-0.04055191052715449,-0.04055191052715429,-0.04055191052715417,-0.04055191052715422,-0.04055191052715387,-0.04055191052715327,-0.04055191052715382,-0.040551910527154005,-0.040551910527154185,-0.04055191052715395,-0.04055191052715408,-0.040551910527154233,-0.04055191052715381,-0.040551910527154233,-0.04055191052715426,0.6826837749659888,0.6826837749659894,0.03477990059300396,0.034779900593004016,-0.04510155004756428,-0.04510155004756446,-0.0451015500475643,-0.0009291854041644024,-0.0009291854041643972,-0.0009291854041643711,-0.0027741798785705443,-0.0027741798785705304,0.028578002713579544,0.028578002713579582,0.028578002713579624,0.028578002713579746,0.028578002713579534,0.02857800271357954,0.028578002713579582,0.02857800271357948,0.028578002713579524,0.028578002713579617,0.028578002713579475
