columna_pca,componente,correlacion_columna_score
edad,PC1,-0.6515649266432706
edad,PC2,-0.018263053393300664
edad,PC3,0.5300175748950137
edad,PC4,-0.15570549081812404
edad,PC5,0.40789142514068805
edad,PC6,0.1314865387333043
edad,PC7,0.1960682858796758
edad,PC8,0.0681535143737936
edad,PC9,-0.09859680578037876
edad,PC10,-0.09010035530281388
edad,PC11,0.06898428526748226
edad,PC12,-0.009240721071306154
edad,PC13,-0.006790570796120369
edad,PC14,0.020303070908268647
edad,PC15,0.006724307079114713
edad,PC16,0.025688240754073655
edad,PC17,0.04084767154090903
edad,PC18,-0.018390436960081503
edad,PC19,-0.05910875088412687
edad,PC20,-0.05588048388429267
edad,PC21,-0.008689216352477777
edad,PC22,0.05777618943111207
edad,PC23,0.0754655462605964
edad,PC24,-0.0039698117804395135
edad,PC25,-0.030548437534479406
edad,PC26,-0.004531286523771144
edad,PC27,-0.019008549366022486
edad,PC28,-0.008751135549465584
edad,PC29,-0.004449589938428326
edad,PC30,0.002991856176657103
edad,PC31,-0.004060745387223023
edad,PC32,0.011136986215036306
edad,PC33,0.00016964736614004714
edad,PC34,-0.002446493363634892
edad,PC35,0.0021965593284745256
edad,PC36,-0.0040529206510351145
edad,PC37,-0.004357609650009892
edad,PC38,-0.003436213936291913
edad,PC39,1.0392056273544928e-05
edad,PC40,-8.27757443788945e-06
edad,PC41,-0.0006341632059664912
edad,PC42,-0.00043589527610071906
edad,PC43,-8.568254315590644e-05
edad,PC44,0.00010693974075892653
edad,PC45,-0.0007418053384895248
edad,PC46,-4.195363355633216e-05
edad,PC47,0.00030494539412206765
edad,PC48,-9.666673097240852e-07
edad,PC49,-0.0002656549058189576
edad,PC50,6.108495489760635e-05
edad,PC51,-1.8397326435736268e-05
edad,PC52,-1.542335578646997e-05
edad,PC53,3.517930038340022e-08
edad,PC54,-2.2203055933727233e-06
edad,PC55,-2.134482340461289e-06
edad,PC56,2.3305037925184922e-07
edad,PC57,-4.228629152063338e-06
edad,PC58,1.793615087071775e-06
edad,PC59,3.4684877621954497e-06
edad,PC60,3.892025648741373e-06
edad,PC61,3.2693736622191386e-07
edad,PC62,-6.009479349721207e-08
edad,PC63,-1.2350469196380624e-07
edad,PC64,-5.947043223909023e-08
edad,PC65,5.784098316100106e-08
edad,PC66,-1.229587386405385e-07
edad,PC67,-1.3454533575794702e-15
edad,PC68,-7.479282984936947e-17
edad,PC69,-1.9654808488318842e-16
edad,PC70,1.4620830855653377e-15
edad,PC71,9.112443964180138e-16
edad,PC72,-5.527605234885397e-16
edad,PC73,-5.824215410266897e-16
edad,PC74,4.69746836900744e-16
edad,PC75,-2.6029028755414607e-15
edad,PC76,-1.9727660160043633e-15
edad,PC77,9.806770804697934e-17
n_trabajos,PC1,0.042793638567263106
n_trabajos,PC2,0.7327730311077573
n_trabajos,PC3,0.3541436056312241
n_trabajos,PC4,-0.14888076113511484
n_trabajos,PC5,-0.3407980905933688
n_trabajos,PC6,0.3311909541425091
n_trabajos,PC7,0.013118944929900515
n_trabajos,PC8,-0.2773470083858805
n_trabajos,PC9,0.013375647748045685
n_trabajos,PC10,0.05920642058072452
n_trabajos,PC11,0.061186636391093986
n_trabajos,PC12,-0.014334773095246738
n_trabajos,PC13,-0.009038576918643938
n_trabajos,PC14,0.024692928874681996
n_trabajos,PC15,0.026019987363106314
n_trabajos,PC16,-0.02901928989305683
n_trabajos,PC17,-0.0012620017982197564
n_trabajos,PC18,0.013611166791286924
n_trabajos,PC19,0.0023168400434847407
n_trabajos,PC20,-0.009203303002257817
n_trabajos,PC21,0.001138405099562867
n_trabajos,PC22,-0.0017059090968396286
n_trabajos,PC23,-6.939807546573952e-05
n_trabajos,PC24,-0.0037510661648689552
n_trabajos,PC25,0.0015025240668597164
n_trabajos,PC26,-4.39524859547645e-07
n_trabajos,PC27,-0.00034895213378106807
n_trabajos,PC28,-0.00021924728268100954
n_trabajos,PC29,-0.0007436532223800737
n_trabajos,PC30,0.02347637185163957
n_trabajos,PC31,-0.0031055045924441764
n_trabajos,PC32,-0.0007994248605189629
n_trabajos,PC33,0.00019564296686888554
n_trabajos,PC34,0.0006479360134221684
n_trabajos,PC35,-0.0003667935822687177
n_trabajos,PC36,-3.585757111655409e-05
n_trabajos,PC37,0.000285032146788222
n_trabajos,PC38,1.1985014956234569e-05
n_trabajos,PC39,-8.223659570712617e-05
n_trabajos,PC40,1.7888374447715834e-05
n_trabajos,PC41,4.192955547569911e-05
n_trabajos,PC42,0.00012246407960694633
n_trabajos,PC43,-0.0006558800750120155
n_trabajos,PC44,-0.00015168775714681713
n_trabajos,PC45,1.964354367701478e-06
n_trabajos,PC46,-2.1306580568033734e-05
n_trabajos,PC47,-8.260998957522495e-08
n_trabajos,PC48,-3.970455871776482e-05
n_trabajos,PC49,-3.5172561737051307e-06
n_trabajos,PC50,4.445526616210327e-06
n_trabajos,PC51,-1.0754381018822773e-07
n_trabajos,PC52,8.648929960089622e-07
n_trabajos,PC53,3.1618513237386236e-06
n_trabajos,PC54,-2.4109950900046007e-06
n_trabajos,PC55,-3.7427513293047476e-08
n_trabajos,PC56,7.698385080430268e-07
n_trabajos,PC57,3.615974373816727e-07
n_trabajos,PC58,-5.492309304082351e-07
n_trabajos,PC59,-1.034459668914325e-06
n_trabajos,PC60,4.249011955128399e-07
n_trabajos,PC61,7.418820171602537e-08
n_trabajos,PC62,2.2801252580496254e-08
n_trabajos,PC63,1.3206428322898808e-08
n_trabajos,PC64,-8.77448826361962e-09
n_trabajos,PC65,-1.042109292049566e-08
n_trabajos,PC66,-4.076371997720676e-09
n_trabajos,PC67,6.2426156493319165e-15
n_trabajos,PC68,2.9138326548415208e-15
n_trabajos,PC69,8.196099036281058e-16
n_trabajos,PC70,1.4909161528761712e-15
n_trabajos,PC71,-3.682641547126908e-15
n_trabajos,PC72,4.4676142467875865e-15
n_trabajos,PC73,1.2247561534797253e-16
n_trabajos,PC74,-4.493874178198967e-15
n_trabajos,PC75,1.1800278551008088e-14
n_trabajos,PC76,7.34747542432276e-15
n_trabajos,PC77,-8.293586827770759e-17
horas_trabajos_total,PC1,0.17340453435963846
horas_trabajos_total,PC2,0.8269763557800278
horas_trabajos_total,PC3,0.12046759362900496
horas_trabajos_total,PC4,0.19557567490989064
horas_trabajos_total,PC5,0.1310092645268538
horas_trabajos_total,PC6,-0.17595587440855423
horas_trabajos_total,PC7,-0.11324463874170725
horas_trabajos_total,PC8,0.392191125106906
horas_trabajos_total,PC9,-0.05584200103640494
horas_trabajos_total,PC10,-0.07055592754229033
horas_trabajos_total,PC11,-0.08609751079731302
horas_trabajos_total,PC12,-0.02120837450926065
horas_trabajos_total,PC13,0.018093255734960578
horas_trabajos_total,PC14,-0.021890193088723642
horas_trabajos_total,PC15,-0.02687565310302767
horas_trabajos_total,PC16,-0.010521924655763503
horas_trabajos_total,PC17,-0.005842305008521927
horas_trabajos_total,PC18,-0.026707284071041146
horas_trabajos_total,PC19,0.0011969037015376375
horas_trabajos_total,PC20,0.0040770701701201145
horas_trabajos_total,PC21,0.0019123013602071737
horas_trabajos_total,PC22,0.005478525984520801
horas_trabajos_total,PC23,0.003871102766263244
horas_trabajos_total,PC24,0.002369551560372981
horas_trabajos_total,PC25,-0.0013854553369072708
horas_trabajos_total,PC26,0.0008095234434353053
horas_trabajos_total,PC27,0.0005221218177460067
horas_trabajos_total,PC28,-0.0007221170882028338
horas_trabajos_total,PC29,0.0002489239355809665
horas_trabajos_total,PC30,0.00959939302433342
horas_trabajos_total,PC31,0.001391504377918154
horas_trabajos_total,PC32,0.00011857455242301692
horas_trabajos_total,PC33,-0.0001539960010620171
horas_trabajos_total,PC34,-0.0007051412392257498
horas_trabajos_total,PC35,-0.00011994697972195262
horas_trabajos_total,PC36,-9.806373175685533e-05
horas_trabajos_total,PC37,-1.2999161347636637e-05
horas_trabajos_total,PC38,-0.0003511534227918557
horas_trabajos_total,PC39,-3.338207551736697e-05
horas_trabajos_total,PC40,-7.510397304732902e-05
horas_trabajos_total,PC41,-5.313304734728117e-05
horas_trabajos_total,PC42,-3.030467966284111e-05
horas_trabajos_total,PC43,-3.121107245268263e-05
horas_trabajos_total,PC44,0.00011150190960625208
horas_trabajos_total,PC45,3.60969292826458e-05
horas_trabajos_total,PC46,6.209010970028301e-06
horas_trabajos_total,PC47,1.4239527420265021e-05
horas_trabajos_total,PC48,-2.2717781377624584e-05
horas_trabajos_total,PC49,-1.5276040750816957e-05
horas_trabajos_total,PC50,-5.6348063932978155e-06
horas_trabajos_total,PC51,-3.622646615123193e-07
horas_trabajos_total,PC52,1.6634061466430724e-06
horas_trabajos_total,PC53,-7.731838267546879e-07
horas_trabajos_total,PC54,1.9349588610340302e-06
horas_trabajos_total,PC55,-4.6690303458469316e-07
horas_trabajos_total,PC56,1.6347997431446362e-07
horas_trabajos_total,PC57,-5.621988759871315e-07
horas_trabajos_total,PC58,5.615110202922897e-07
horas_trabajos_total,PC59,5.6001500108145e-07
horas_trabajos_total,PC60,4.774680905087841e-07
horas_trabajos_total,PC61,-1.1298876415359061e-08
horas_trabajos_total,PC62,1.3091025742708997e-08
horas_trabajos_total,PC63,-3.5952962668576134e-08
horas_trabajos_total,PC64,2.5138100030639007e-08
horas_trabajos_total,PC65,1.4994683695130143e-08
horas_trabajos_total,PC66,1.4985838482861618e-08
horas_trabajos_total,PC67,5.58068002687634e-17
horas_trabajos_total,PC68,1.1941121865200028e-16
horas_trabajos_total,PC69,-4.2708472038898727e-17
horas_trabajos_total,PC70,2.691244777325326e-17
horas_trabajos_total,PC71,-7.152089571160638e-17
horas_trabajos_total,PC72,-3.309753532516158e-17
horas_trabajos_total,PC73,-1.1949287587215108e-16
horas_trabajos_total,PC74,4.265234369457983e-17
horas_trabajos_total,PC75,8.00765131522509e-17
horas_trabajos_total,PC76,1.1146826651924205e-16
horas_trabajos_total,PC77,-7.58789154552013e-18
tot_integ,PC1,0.7693789707936534
tot_integ,PC2,-0.22343459569084884
tot_integ,PC3,0.4144589133288265
tot_integ,PC4,0.14694747846425624
tot_integ,PC5,0.07089287279646565
tot_integ,PC6,0.023735013966627756
tot_integ,PC7,0.012424891014973717
tot_integ,PC8,-0.013645052488009981
tot_integ,PC9,-0.24032998903578537
tot_integ,PC10,-0.11534283083023558
tot_integ,PC11,0.2747342757539061
tot_integ,PC12,0.0042341047725638304
tot_integ,PC13,0.014982104495326486
tot_integ,PC14,0.017509135237881203
tot_integ,PC15,-0.007681860675411174
tot_integ,PC16,0.022763150482654305
tot_integ,PC17,0.03718940687411382
tot_integ,PC18,-0.05578804130988572
tot_integ,PC19,0.04420720560545069
tot_integ,PC20,0.02579073489050863
tot_integ,PC21,-0.017053551222487227
tot_integ,PC22,-0.03261509821215498
tot_integ,PC23,-0.043636726195477614
tot_integ,PC24,0.009133449575396252
tot_integ,PC25,0.022981091037381572
tot_integ,PC26,0.002712406383830791
tot_integ,PC27,0.0021232273213027484
tot_integ,PC28,0.0011975246054327336
tot_integ,PC29,0.008417796923000877
tot_integ,PC30,-0.0004609432062977199
tot_integ,PC31,0.0040031183599226645
tot_integ,PC32,-0.008672080386422585
tot_integ,PC33,-0.0007464873551673309
tot_integ,PC34,0.00017987575927303113
tot_integ,PC35,-0.0002550878578258291
tot_integ,PC36,0.001092089055635816
tot_integ,PC37,0.0010353616455110242
tot_integ,PC38,0.0014659922210767372
tot_integ,PC39,0.0002657713055398373
tot_integ,PC40,-0.00014287090308293156
tot_integ,PC41,0.00030386671480329725
tot_integ,PC42,-6.152620355675584e-05
tot_integ,PC43,-4.821052066254756e-05
tot_integ,PC44,-3.104617830791059e-05
tot_integ,PC45,0.0002002491257209669
tot_integ,PC46,1.3820928319008686e-05
tot_integ,PC47,-4.227316976865901e-05
tot_integ,PC48,5.1634205429293206e-05
tot_integ,PC49,3.41896231524943e-05
tot_integ,PC50,-8.919491892787641e-06
tot_integ,PC51,1.2448719262993693e-05
tot_integ,PC52,-1.0264315858308091e-05
tot_integ,PC53,-4.151128998466923e-06
tot_integ,PC54,6.619855102027522e-06
tot_integ,PC55,-2.3815451628084816e-06
tot_integ,PC56,3.9171166254712267e-07
tot_integ,PC57,-8.151178756675815e-07
tot_integ,PC58,-2.6993562612711536e-07
tot_integ,PC59,-1.889250643671243e-06
tot_integ,PC60,-1.6278292965149576e-06
tot_integ,PC61,-6.749194008204794e-08
tot_integ,PC62,1.0922877383051008e-08
tot_integ,PC63,2.9234251088347333e-09
tot_integ,PC64,-1.7237595242373798e-08
tot_integ,PC65,-8.882986800109934e-08
tot_integ,PC66,-4.697712948555995e-08
tot_integ,PC67,1.2726094784941444e-17
tot_integ,PC68,-5.268651378241224e-18
tot_integ,PC69,2.339064461666732e-17
tot_integ,PC70,-7.454882187871491e-17
tot_integ,PC71,-1.3920403485760203e-17
tot_integ,PC72,1.0354082126911934e-16
tot_integ,PC73,2.8293533480284307e-16
tot_integ,PC74,1.2194325276661265e-17
tot_integ,PC75,7.732960573642521e-17
tot_integ,PC76,1.8997064889932542e-17
tot_integ,PC77,-8.198158016719903e-18
menores,PC1,0.7797178511755393
menores,PC2,-0.1541244688539386
menores,PC3,0.34316643147805803
menores,PC4,-0.16823723319614026
menores,PC5,0.2546996358703214
menores,PC6,0.12293351385137008
menores,PC7,0.02175925374222882
menores,PC8,0.012760349456750619
menores,PC9,0.26534408630583695
menores,PC10,0.0790420178327023
menores,PC11,-0.22868022221284035
menores,PC12,-0.02775779723683054
menores,PC13,-0.025638601779397835
menores,PC14,-0.024158731412951794
menores,PC15,0.014931825654475248
menores,PC16,-0.023404147487810324
menores,PC17,-0.021652217667247866
menores,PC18,0.03527218988565948
menores,PC19,-0.0461619981828348
menores,PC20,-0.032956774184891145
menores,PC21,0.015452031682642309
menores,PC22,0.041446202704380854
menores,PC23,0.04878927559476191
menores,PC24,-0.012239140251310858
menores,PC25,-0.019430479336182964
menores,PC26,-0.0004552213241746068
menores,PC27,-0.00357265544333978
menores,PC28,-0.0019469253483964007
menores,PC29,-0.004173184937707011
menores,PC30,0.0005923641249042894
menores,PC31,-0.0013233260932063483
menores,PC32,0.005142065533065068
menores,PC33,0.0003734496676351488
menores,PC34,-9.095766457903016e-05
menores,PC35,0.000193635378742032
menores,PC36,-0.0023276484934369028
menores,PC37,-0.001169283692255419
menores,PC38,-0.001300435691878611
menores,PC39,-0.0001976713965999052
menores,PC40,0.00010297611792277644
menores,PC41,-0.000284421039618379
menores,PC42,-0.00015943752887591093
menores,PC43,-1.5714330378409166e-05
menores,PC44,5.2766931682420804e-05
menores,PC45,-0.00027657466569310364
menores,PC46,-1.8722234095007852e-05
menores,PC47,0.00010314357558182118
menores,PC48,-2.5806482558232617e-05
menores,PC49,-9.0151288451295e-05
menores,PC50,3.403002035846358e-05
menores,PC51,-7.178607554065808e-06
menores,PC52,-1.0407181309448675e-06
menores,PC53,2.6112717599177005e-06
menores,PC54,-5.274754929437587e-06
menores,PC55,-1.3666312944593479e-06
menores,PC56,8.112599782154626e-07
menores,PC57,-5.868577131592719e-07
menores,PC58,4.046012338210641e-07
menores,PC59,1.3660339801857306e-06
menores,PC60,2.1408789355012928e-06
menores,PC61,1.7354411957647801e-07
menores,PC62,1.419411687899967e-07
menores,PC63,1.931108996844006e-08
menores,PC64,-2.2588557922545133e-08
menores,PC65,7.88629917204806e-08
menores,PC66,1.135519897621983e-08
menores,PC67,-6.093064612387245e-17
menores,PC68,-3.1975604795674777e-17
menores,PC69,1.3885204162878396e-17
menores,PC70,-3.866032218613591e-17
menores,PC71,3.1265424262719133e-17
menores,PC72,-7.221337564963873e-17
menores,PC73,5.303943995273404e-17
menores,PC74,2.807777506719015e-17
menores,PC75,4.858592491741612e-17
menores,PC76,4.7075847125667413e-17
menores,PC77,1.2021514221826914e-17
p65mas,PC1,-0.32772313851557594
p65mas,PC2,-0.22618250898134354
p65mas,PC3,0.5753933024458596
p65mas,PC4,0.6613550607239284
p65mas,PC5,-0.15983146409763044
p65mas,PC6,-0.017342257461876998
p65mas,PC7,-0.043593435013527894
p65mas,PC8,-0.030958138109666935
p65mas,PC9,0.09079405633134661
p65mas,PC10,0.11160054655712393
p65mas,PC11,-0.13866512696812927
p65mas,PC12,-0.021571689289968974
p65mas,PC13,-0.017052465414385095
p65mas,PC14,0.01349958320349873
p65mas,PC15,0.005866808646753783
p65mas,PC16,0.007710255483002463
p65mas,PC17,0.0016245134501656406
p65mas,PC18,0.002042703341106563
p65mas,PC19,0.02412849125007813
p65mas,PC20,0.019379638289106063
p65mas,PC21,-0.018164016848843216
p65mas,PC22,-0.009803821824330447
p65mas,PC23,-0.038299520201584177
p65mas,PC24,0.0049046364683388
p65mas,PC25,0.014190466753244802
p65mas,PC26,0.007757247292449894
p65mas,PC27,-0.004470872885722357
p65mas,PC28,0.003689123898103842
p65mas,PC29,0.00875555635277931
p65mas,PC30,0.00017770712330093566
p65mas,PC31,0.002221486031476937
p65mas,PC32,-0.004877517446739311
p65mas,PC33,0.00016698107952604704
p65mas,PC34,0.0006908700400818483
p65mas,PC35,-7.767782959704881e-05
p65mas,PC36,0.003243439194799086
p65mas,PC37,0.00297108617978991
p65mas,PC38,0.0021620156865784874
p65mas,PC39,-0.00011943383048110699
p65mas,PC40,0.00010152210073207787
p65mas,PC41,0.0003985546123505715
p65mas,PC42,0.00020776050567272096
p65mas,PC43,7.091817261959207e-05
p65mas,PC44,-0.00010100776264410084
p65mas,PC45,0.0002222362351894271
p65mas,PC46,5.99112352547307e-06
p65mas,PC47,-4.14668913212787e-05
p65mas,PC48,-3.1081082422214627e-06
p65mas,PC49,8.097790525876919e-05
p65mas,PC50,-9.671297779119218e-06
p65mas,PC51,8.452568844499623e-06
p65mas,PC52,-1.9510857060241102e-06
p65mas,PC53,1.4414765728466275e-06
p65mas,PC54,4.110053476197704e-06
p65mas,PC55,5.4186912701441e-08
p65mas,PC56,-2.9885297543383254e-07
p65mas,PC57,-6.636897994349907e-07
p65mas,PC58,2.9613322734499885e-07
p65mas,PC59,-1.6909964477199593e-06
p65mas,PC60,-2.678297389644704e-06
p65mas,PC61,4.164785925671749e-08
p65mas,PC62,5.908777594362612e-08
p65mas,PC63,5.980626707380651e-08
p65mas,PC64,2.4741190362633804e-08
p65mas,PC65,1.7348077246349476e-08
p65mas,PC66,1.8028008123279085e-08
p65mas,PC67,1.440037648589068e-17
p65mas,PC68,2.644840724742832e-18
p65mas,PC69,2.5974936240041138e-17
p65mas,PC70,-5.856955601334573e-18
p65mas,PC71,1.4067221575013973e-18
p65mas,PC72,2.6813193174814393e-17
p65mas,PC73,-9.024453249262319e-17
p65mas,PC74,-3.370368995083839e-17
p65mas,PC75,-1.8710705532229066e-17
p65mas,PC76,-1.6577773018066253e-17
p65mas,PC77,-5.882086469395437e-20
sexo_desc__hombre,PC1,0.0076624227552601325
sexo_desc__hombre,PC2,0.30494992011554867
sexo_desc__hombre,PC3,0.10394805442791422
sexo_desc__hombre,PC4,0.08449749788181916
sexo_desc__hombre,PC5,0.32371866917579367
sexo_desc__hombre,PC6,-0.6467078812555048
sexo_desc__hombre,PC7,-0.10895022980808884
sexo_desc__hombre,PC8,-0.38600401187443695
sexo_desc__hombre,PC9,0.18562858469287435
sexo_desc__hombre,PC10,0.11194742637335871
sexo_desc__hombre,PC11,0.26462649743642847
sexo_desc__hombre,PC12,-0.045885825489462795
sexo_desc__hombre,PC13,-0.021337986314274793
sexo_desc__hombre,PC14,-0.008007588633363972
sexo_desc__hombre,PC15,-0.0011560551545756977
sexo_desc__hombre,PC16,-0.007847274235376555
sexo_desc__hombre,PC17,-0.030509933139041295
sexo_desc__hombre,PC18,0.08392212826488461
sexo_desc__hombre,PC19,-0.20701302887740913
sexo_desc__hombre,PC20,-0.17143263179235654
sexo_desc__hombre,PC21,-0.04357196509185853
sexo_desc__hombre,PC22,-0.02267790027250903
sexo_desc__hombre,PC23,-0.0495689255163175
sexo_desc__hombre,PC24,0.004994371563095075
sexo_desc__hombre,PC25,0.01037426682311407
sexo_desc__hombre,PC26,0.00519261219290898
sexo_desc__hombre,PC27,-0.002096329185013313
sexo_desc__hombre,PC28,-0.003994309806242792
sexo_desc__hombre,PC29,0.004980476824683934
sexo_desc__hombre,PC30,-0.001326808721292697
sexo_desc__hombre,PC31,0.00587721175315253
sexo_desc__hombre,PC32,-0.00774444324878505
sexo_desc__hombre,PC33,0.0003692756013691237
sexo_desc__hombre,PC34,0.0026696208044931823
sexo_desc__hombre,PC35,-0.0014520520277046033
sexo_desc__hombre,PC36,0.0015580486877004394
sexo_desc__hombre,PC37,-0.00013235134314885106
sexo_desc__hombre,PC38,0.0013002870331957459
sexo_desc__hombre,PC39,0.0004916292992215339
sexo_desc__hombre,PC40,0.000515470512883873
sexo_desc__hombre,PC41,0.00020338050380901138
sexo_desc__hombre,PC42,0.00026404691055597436
sexo_desc__hombre,PC43,2.3749200848150116e-05
sexo_desc__hombre,PC44,5.6287712143045636e-05
sexo_desc__hombre,PC45,0.00037276188964859496
sexo_desc__hombre,PC46,2.5415901798784346e-05
sexo_desc__hombre,PC47,-2.7435724943161115e-05
sexo_desc__hombre,PC48,6.9983123876151e-05
sexo_desc__hombre,PC49,0.00012243287889851992
sexo_desc__hombre,PC50,-5.615999110239263e-05
sexo_desc__hombre,PC51,3.641812535520967e-06
sexo_desc__hombre,PC52,-2.5359039598871575e-06
sexo_desc__hombre,PC53,-5.897334138990352e-06
sexo_desc__hombre,PC54,5.582866204704067e-06
sexo_desc__hombre,PC55,-1.284466469744869e-06
sexo_desc__hombre,PC56,-3.0925620319304215e-06
sexo_desc__hombre,PC57,-1.2358336335870953e-06
sexo_desc__hombre,PC58,-2.9049968658718676e-06
sexo_desc__hombre,PC59,-7.373680622343105e-07
sexo_desc__hombre,PC60,4.934954578485997e-08
sexo_desc__hombre,PC61,8.847378070551592e-08
sexo_desc__hombre,PC62,-3.5852773514697346e-07
sexo_desc__hombre,PC63,1.4926412730856073e-07
sexo_desc__hombre,PC64,4.401092849674053e-08
sexo_desc__hombre,PC65,5.297217793941303e-09
sexo_desc__hombre,PC66,1.207584245178145e-07
sexo_desc__hombre,PC67,5.999206607216301e-18
sexo_desc__hombre,PC68,7.912637714097541e-18
sexo_desc__hombre,PC69,9.760919304756699e-18
sexo_desc__hombre,PC70,-7.938698389255869e-17
sexo_desc__hombre,PC71,3.0907414097970825e-18
sexo_desc__hombre,PC72,-2.4712519222013405e-17
sexo_desc__hombre,PC73,-8.868551947507629e-17
sexo_desc__hombre,PC74,2.8760226435165136e-17
sexo_desc__hombre,PC75,-1.7455737120979382e-17
sexo_desc__hombre,PC76,5.3603690932922936e-17
sexo_desc__hombre,PC77,-4.65823650801036e-19
sexo_desc__mujer,PC1,-0.0076624227552601325
sexo_desc__mujer,PC2,-0.30494992011554867
sexo_desc__mujer,PC3,-0.10394805442791422
sexo_desc__mujer,PC4,-0.08449749788181916
sexo_desc__mujer,PC5,-0.32371866917579367
sexo_desc__mujer,PC6,0.6467078812555048
sexo_desc__mujer,PC7,0.10895022980808884
sexo_desc__mujer,PC8,0.38600401187443695
sexo_desc__mujer,PC9,-0.18562858469287435
sexo_desc__mujer,PC10,-0.11194742637335871
sexo_desc__mujer,PC11,-0.26462649743642847
sexo_desc__mujer,PC12,0.045885825489462795
sexo_desc__mujer,PC13,0.021337986314274793
sexo_desc__mujer,PC14,0.008007588633363972
sexo_desc__mujer,PC15,0.0011560551545756977
sexo_desc__mujer,PC16,0.007847274235376555
sexo_desc__mujer,PC17,0.030509933139041295
sexo_desc__mujer,PC18,-0.08392212826488461
sexo_desc__mujer,PC19,0.20701302887740913
sexo_desc__mujer,PC20,0.17143263179235654
sexo_desc__mujer,PC21,0.04357196509185853
sexo_desc__mujer,PC22,0.02267790027250903
sexo_desc__mujer,PC23,0.0495689255163175
sexo_desc__mujer,PC24,-0.004994371563095075
sexo_desc__mujer,PC25,-0.01037426682311407
sexo_desc__mujer,PC26,-0.00519261219290898
sexo_desc__mujer,PC27,0.002096329185013313
sexo_desc__mujer,PC28,0.003994309806242792
sexo_desc__mujer,PC29,-0.004980476824683934
sexo_desc__mujer,PC30,0.001326808721292697
sexo_desc__mujer,PC31,-0.00587721175315253
sexo_desc__mujer,PC32,0.00774444324878505
sexo_desc__mujer,PC33,-0.0003692756013691237
sexo_desc__mujer,PC34,-0.0026696208044931823
sexo_desc__mujer,PC35,0.0014520520277046033
sexo_desc__mujer,PC36,-0.0015580486877004394
sexo_desc__mujer,PC37,0.00013235134314885106
sexo_desc__mujer,PC38,-0.0013002870331957459
sexo_desc__mujer,PC39,-0.0004916292992215339
sexo_desc__mujer,PC40,-0.000515470512883873
sexo_desc__mujer,PC41,-0.00020338050380901138
sexo_desc__mujer,PC42,-0.00026404691055597436
sexo_desc__mujer,PC43,-2.3749200848150116e-05
sexo_desc__mujer,PC44,-5.6287712143045636e-05
sexo_desc__mujer,PC45,-0.00037276188964859496
sexo_desc__mujer,PC46,-2.5415901798784346e-05
sexo_desc__mujer,PC47,2.7435724943161115e-05
sexo_desc__mujer,PC48,-6.9983123876151e-05
sexo_desc__mujer,PC49,-0.00012243287889851992
sexo_desc__mujer,PC50,5.615999110239263e-05
sexo_desc__mujer,PC51,-3.641812535520967e-06
sexo_desc__mujer,PC52,2.5359039598871575e-06
sexo_desc__mujer,PC53,5.897334138990352e-06
sexo_desc__mujer,PC54,-5.582866204704067e-06
sexo_desc__mujer,PC55,1.284466469744869e-06
sexo_desc__mujer,PC56,3.0925620319304215e-06
sexo_desc__mujer,PC57,1.2358336335870953e-06
sexo_desc__mujer,PC58,2.9049968658718676e-06
sexo_desc__mujer,PC59,7.373680622343105e-07
sexo_desc__mujer,PC60,-4.934954578485997e-08
sexo_desc__mujer,PC61,-8.847378070551592e-08
sexo_desc__mujer,PC62,3.5852773514697346e-07
sexo_desc__mujer,PC63,-1.4926412730856073e-07
sexo_desc__mujer,PC64,-4.401092849674053e-08
sexo_desc__mujer,PC65,-5.297217793941303e-09
sexo_desc__mujer,PC66,-1.207584245178145e-07
sexo_desc__mujer,PC67,-5.999206607216301e-18
sexo_desc__mujer,PC68,-7.912637714097541e-18
sexo_desc__mujer,PC69,-9.760919304756699e-18
sexo_desc__mujer,PC70,7.938698389255869e-17
sexo_desc__mujer,PC71,-3.0907414097970825e-18
sexo_desc__mujer,PC72,2.4712519222013405e-17
sexo_desc__mujer,PC73,8.868551947507629e-17
sexo_desc__mujer,PC74,-2.8760226435165136e-17
sexo_desc__mujer,PC75,1.7455737120979382e-17
sexo_desc__mujer,PC76,-5.3603690932922936e-17
sexo_desc__mujer,PC77,4.65823650801036e-19
nivelaprob_desc__doctorado,PC1,-0.02682714204028184
nivelaprob_desc__doctorado,PC2,0.013543587563904148
nivelaprob_desc__doctorado,PC3,-0.013826563565476655
nivelaprob_desc__doctorado,PC4,0.01522046886169984
nivelaprob_desc__doctorado,PC5,0.02835477934812388
nivelaprob_desc__doctorado,PC6,0.04413709413104768
nivelaprob_desc__doctorado,PC7,0.004254522353009934
nivelaprob_desc__doctorado,PC8,-0.024474584469348238
nivelaprob_desc__doctorado,PC9,0.007436654436152892
nivelaprob_desc__doctorado,PC10,-0.006971884486511024
nivelaprob_desc__doctorado,PC11,0.0004152444582124903
nivelaprob_desc__doctorado,PC12,0.00014102500269166614
nivelaprob_desc__doctorado,PC13,-0.0017839170972154767
nivelaprob_desc__doctorado,PC14,-0.005496412322190071
nivelaprob_desc__doctorado,PC15,0.0045471078162826715
nivelaprob_desc__doctorado,PC16,0.008719242740711109
nivelaprob_desc__doctorado,PC17,0.01649174782763471
nivelaprob_desc__doctorado,PC18,0.031727066638463954
nivelaprob_desc__doctorado,PC19,-0.005593597332161396
nivelaprob_desc__doctorado,PC20,0.008891208645085245
nivelaprob_desc__doctorado,PC21,0.003515112472066508
nivelaprob_desc__doctorado,PC22,-0.01321410638239692
nivelaprob_desc__doctorado,PC23,0.00633625877128234
nivelaprob_desc__doctorado,PC24,-0.013550975531925906
nivelaprob_desc__doctorado,PC25,-0.005430841272232658
nivelaprob_desc__doctorado,PC26,-0.02740448892776856
nivelaprob_desc__doctorado,PC27,0.06393168041223764
nivelaprob_desc__doctorado,PC28,-0.005498108096830902
nivelaprob_desc__doctorado,PC29,0.04956852354373216
nivelaprob_desc__doctorado,PC30,0.017081555955003713
nivelaprob_desc__doctorado,PC31,0.16424920889654027
nivelaprob_desc__doctorado,PC32,0.05488708146899314
nivelaprob_desc__doctorado,PC33,-0.009422070616023763
nivelaprob_desc__doctorado,PC34,-0.0930570825986711
nivelaprob_desc__doctorado,PC35,0.004569961846105963
nivelaprob_desc__doctorado,PC36,0.001878443768021779
nivelaprob_desc__doctorado,PC37,-0.01035261300700396
nivelaprob_desc__doctorado,PC38,0.026362356607565977
nivelaprob_desc__doctorado,PC39,-0.3292023103011263
nivelaprob_desc__doctorado,PC40,-0.1899675879918949
nivelaprob_desc__doctorado,PC41,-0.0539873511449752
nivelaprob_desc__doctorado,PC42,-0.04698853404986171
nivelaprob_desc__doctorado,PC43,-0.03281217562054679
nivelaprob_desc__doctorado,PC44,0.31271953619272885
nivelaprob_desc__doctorado,PC45,0.07991635014448942
nivelaprob_desc__doctorado,PC46,0.7899199944976508
nivelaprob_desc__doctorado,PC47,0.035358272748333995
nivelaprob_desc__doctorado,PC48,0.25456316232252113
nivelaprob_desc__doctorado,PC49,0.009227205417426521
nivelaprob_desc__doctorado,PC50,0.002260932370274212
nivelaprob_desc__doctorado,PC51,0.0011769151127652433
nivelaprob_desc__doctorado,PC52,-0.0004255329953878876
nivelaprob_desc__doctorado,PC53,-0.029769413014057108
nivelaprob_desc__doctorado,PC54,-0.0032529355665844944
nivelaprob_desc__doctorado,PC55,-2.9859123110940414e-05
nivelaprob_desc__doctorado,PC56,0.014240901459441
nivelaprob_desc__doctorado,PC57,8.77465280114082e-05
nivelaprob_desc__doctorado,PC58,-5.206280567312471e-05
nivelaprob_desc__doctorado,PC59,-7.818503247565771e-05
nivelaprob_desc__doctorado,PC60,-7.048349413340455e-05
nivelaprob_desc__doctorado,PC61,-3.755811793446226e-07
nivelaprob_desc__doctorado,PC62,-7.853115494821571e-07
nivelaprob_desc__doctorado,PC63,2.7951660939942634e-06
nivelaprob_desc__doctorado,PC64,-5.581861070527254e-07
nivelaprob_desc__doctorado,PC65,-2.631642065090591e-06
nivelaprob_desc__doctorado,PC66,1.3653989945735072e-06
nivelaprob_desc__doctorado,PC67,-5.80695511013942e-16
nivelaprob_desc__doctorado,PC68,-2.103093165213333e-16
nivelaprob_desc__doctorado,PC69,-1.3786977248318944e-15
nivelaprob_desc__doctorado,PC70,2.197472170588172e-15
nivelaprob_desc__doctorado,PC71,3.755501318567488e-16
nivelaprob_desc__doctorado,PC72,-7.867572580848314e-16
nivelaprob_desc__doctorado,PC73,2.7568715627258516e-16
nivelaprob_desc__doctorado,PC74,-8.94334846262282e-16
nivelaprob_desc__doctorado,PC75,2.0833464467589783e-16
nivelaprob_desc__doctorado,PC76,-4.07386090618822e-17
nivelaprob_desc__doctorado,PC77,-1.917402400719805e-16
nivelaprob_desc__especialidad,PC1,-0.021666918901820334
nivelaprob_desc__especialidad,PC2,0.012917485022275917
nivelaprob_desc__especialidad,PC3,-0.013741551811058192
nivelaprob_desc__especialidad,PC4,0.012441163426686374
nivelaprob_desc__especialidad,PC5,0.013850118958269719
nivelaprob_desc__especialidad,PC6,0.02886212825675573
nivelaprob_desc__especialidad,PC7,-0.009179486904342426
nivelaprob_desc__especialidad,PC8,-0.013948959424364244
nivelaprob_desc__especialidad,PC9,0.006336449007717892
nivelaprob_desc__especialidad,PC10,-0.0036738523452716954
nivelaprob_desc__especialidad,PC11,-0.00016691361386470663
nivelaprob_desc__especialidad,PC12,-0.008650205674935782
nivelaprob_desc__especialidad,PC13,-0.007175773690873761
nivelaprob_desc__especialidad,PC14,-0.005603165283467423
nivelaprob_desc__especialidad,PC15,0.009314455827485647
nivelaprob_desc__especialidad,PC16,-0.00021531115094952888
nivelaprob_desc__especialidad,PC17,0.004680600704256734
nivelaprob_desc__especialidad,PC18,0.022814887303690374
nivelaprob_desc__especialidad,PC19,-0.0038509653018612092
nivelaprob_desc__especialidad,PC20,0.010690556853408396
nivelaprob_desc__especialidad,PC21,0.008144730149275217
nivelaprob_desc__especialidad,PC22,-0.010205002374555539
nivelaprob_desc__especialidad,PC23,0.005194894370450277
nivelaprob_desc__especialidad,PC24,-0.010197211152260055
nivelaprob_desc__especialidad,PC25,-0.004661428487388954
nivelaprob_desc__especialidad,PC26,-0.021918550864615353
nivelaprob_desc__especialidad,PC27,0.057787584512502294
nivelaprob_desc__especialidad,PC28,0.0021156851155672085
nivelaprob_desc__especialidad,PC29,0.03966965430870885
nivelaprob_desc__especialidad,PC30,0.01328110076163691
nivelaprob_desc__especialidad,PC31,0.14102295732260972
nivelaprob_desc__especialidad,PC32,0.04904314656581864
nivelaprob_desc__especialidad,PC33,-0.009057901630946346
nivelaprob_desc__especialidad,PC34,-0.07455955636706706
nivelaprob_desc__especialidad,PC35,0.0072029730249476695
nivelaprob_desc__especialidad,PC36,-0.00018233934873541324
nivelaprob_desc__especialidad,PC37,-0.00240561303905771
nivelaprob_desc__especialidad,PC38,0.013849064550155443
nivelaprob_desc__especialidad,PC39,-0.25373655716660964
nivelaprob_desc__especialidad,PC40,-0.1430368641755567
nivelaprob_desc__especialidad,PC41,-0.02884915220661869
nivelaprob_desc__especialidad,PC42,-0.0433863152940215
nivelaprob_desc__especialidad,PC43,-0.02981383873621736
nivelaprob_desc__especialidad,PC44,0.20093868564603162
nivelaprob_desc__especialidad,PC45,0.038238823739530574
nivelaprob_desc__especialidad,PC46,-0.5296340293000908
nivelaprob_desc__especialidad,PC47,-0.0015718092255443828
nivelaprob_desc__especialidad,PC48,0.7418523901217052
nivelaprob_desc__especialidad,PC49,0.012797885277790324
nivelaprob_desc__especialidad,PC50,0.0030673654184898134
nivelaprob_desc__especialidad,PC51,0.0013064375544666672
nivelaprob_desc__especialidad,PC52,-0.000436264110438758
nivelaprob_desc__especialidad,PC53,-0.03303759992423666
nivelaprob_desc__especialidad,PC54,-0.0035551329222913712
nivelaprob_desc__especialidad,PC55,-2.1317407321538897e-05
nivelaprob_desc__especialidad,PC56,0.015587646347843051
nivelaprob_desc__especialidad,PC57,0.00010700383740382085
nivelaprob_desc__especialidad,PC58,-5.771514570798305e-05
nivelaprob_desc__especialidad,PC59,-8.453789457898525e-05
nivelaprob_desc__especialidad,PC60,-6.527632357144595e-05
nivelaprob_desc__especialidad,PC61,1.3410765552198113e-06
nivelaprob_desc__especialidad,PC62,-1.3329372346098012e-06
nivelaprob_desc__especialidad,PC63,3.1731115435465825e-06
nivelaprob_desc__especialidad,PC64,-1.2113545348991382e-06
nivelaprob_desc__especialidad,PC65,-2.782783538331923e-06
nivelaprob_desc__especialidad,PC66,9.92230409305177e-07
nivelaprob_desc__especialidad,PC67,-4.687600326287585e-16
nivelaprob_desc__especialidad,PC68,-8.805465367377366e-17
nivelaprob_desc__especialidad,PC69,-1.0448994722742337e-15
nivelaprob_desc__especialidad,PC70,2.3431876761241325e-15
nivelaprob_desc__especialidad,PC71,3.8193952714602434e-16
nivelaprob_desc__especialidad,PC72,-3.81618690670732e-16
nivelaprob_desc__especialidad,PC73,4.478332343745432e-16
nivelaprob_desc__especialidad,PC74,-9.41295154266014e-16
nivelaprob_desc__especialidad,PC75,4.793067137958012e-17
nivelaprob_desc__especialidad,PC76,-1.865489407005567e-16
nivelaprob_desc__especialidad,PC77,-6.225693244643738e-17
nivelaprob_desc__estudios_tecnicos_o_comerciales,PC1,-0.052718253915608235
nivelaprob_desc__estudios_tecnicos_o_comerciales,PC2,-0.007840773210608262
nivelaprob_desc__estudios_tecnicos_o_comerciales,PC3,-0.022993722886038973
nivelaprob_desc__estudios_tecnicos_o_comerciales,PC4,0.021736872676969023
nivelaprob_desc__estudios_tecnicos_o_comerciales,PC5,0.03957272146391606
nivelaprob_desc__estudios_tecnicos_o_comerciales,PC6,0.07808305466991818
nivelaprob_desc__estudios_tecnicos_o_comerciales,PC7,0.008665042516059497
nivelaprob_desc__estudios_tecnicos_o_comerciales,PC8,0.025216011796286453
nivelaprob_desc__estudios_tecnicos_o_comerciales,PC9,-0.033164402293326935
nivelaprob_desc__estudios_tecnicos_o_comerciales,PC10,0.013551461768721828
nivelaprob_desc__estudios_tecnicos_o_comerciales,PC11,0.0046783399048448224
nivelaprob_desc__estudios_tecnicos_o_comerciales,PC12,-0.021913134116630772
nivelaprob_desc__estudios_tecnicos_o_comerciales,PC13,-0.014058712564130988
nivelaprob_desc__estudios_tecnicos_o_comerciales,PC14,0.03733539637281843
nivelaprob_desc__estudios_tecnicos_o_comerciales,PC15,0.012230408642888156
nivelaprob_desc__estudios_tecnicos_o_comerciales,PC16,-0.015429150925415575
nivelaprob_desc__estudios_tecnicos_o_comerciales,PC17,-0.0028104221522469897
nivelaprob_desc__estudios_tecnicos_o_comerciales,PC18,0.008428069565956061
nivelaprob_desc__estudios_tecnicos_o_comerciales,PC19,0.011912961250939408
nivelaprob_desc__estudios_tecnicos_o_comerciales,PC20,-0.0022110973101133876
nivelaprob_desc__estudios_tecnicos_o_comerciales,PC21,0.04023198266165508
nivelaprob_desc__estudios_tecnicos_o_comerciales,PC22,0.08127822873556657
nivelaprob_desc__estudios_tecnicos_o_comerciales,PC23,-0.0313365752782558
nivelaprob_desc__estudios_tecnicos_o_comerciales,PC24,-0.0009104988757513302
nivelaprob_desc__estudios_tecnicos_o_comerciales,PC25,-0.012928075653140097
nivelaprob_desc__estudios_tecnicos_o_comerciales,PC26,0.09562036360029084
nivelaprob_desc__estudios_tecnicos_o_comerciales,PC27,0.11397079238314047
nivelaprob_desc__estudios_tecnicos_o_comerciales,PC28,0.044037758407613384
nivelaprob_desc__estudios_tecnicos_o_comerciales,PC29,-0.09514775758957607
nivelaprob_desc__estudios_tecnicos_o_comerciales,PC30,0.03632565256639287
nivelaprob_desc__estudios_tecnicos_o_comerciales,PC31,0.47346588099711123
nivelaprob_desc__estudios_tecnicos_o_comerciales,PC32,0.07658008973267919
nivelaprob_desc__estudios_tecnicos_o_comerciales,PC33,0.09545516325958428
nivelaprob_desc__estudios_tecnicos_o_comerciales,PC34,0.7484274877269661
nivelaprob_desc__estudios_tecnicos_o_comerciales,PC35,0.2640018882944648
nivelaprob_desc__estudios_tecnicos_o_comerciales,PC36,-0.00169397766971904
nivelaprob_desc__estudios_tecnicos_o_comerciales,PC37,-0.22536003824351858
nivelaprob_desc__estudios_tecnicos_o_comerciales,PC38,0.10589781856109651
nivelaprob_desc__estudios_tecnicos_o_comerciales,PC39,-0.031548777977611464
nivelaprob_desc__estudios_tecnicos_o_comerciales,PC40,-0.0016427796895037295
nivelaprob_desc__estudios_tecnicos_o_comerciales,PC41,0.008774881094881943
nivelaprob_desc__estudios_tecnicos_o_comerciales,PC42,0.012820429084483847
nivelaprob_desc__estudios_tecnicos_o_comerciales,PC43,0.0061732510769467895
nivelaprob_desc__estudios_tecnicos_o_comerciales,PC44,-0.076543491494816
nivelaprob_desc__estudios_tecnicos_o_comerciales,PC45,-0.02097032338677866
nivelaprob_desc__estudios_tecnicos_o_comerciales,PC46,-0.007991960887471084
nivelaprob_desc__estudios_tecnicos_o_comerciales,PC47,-0.0006989002316560309
nivelaprob_desc__estudios_tecnicos_o_comerciales,PC48,-0.035225165216571874
nivelaprob_desc__estudios_tecnicos_o_comerciales,PC49,-0.0006344219300333996
nivelaprob_desc__estudios_tecnicos_o_comerciales,PC50,-0.0002745905963269938
nivelaprob_desc__estudios_tecnicos_o_comerciales,PC51,-0.00010676264725841141
nivelaprob_desc__estudios_tecnicos_o_comerciales,PC52,0.0001256882317876363
nivelaprob_desc__estudios_tecnicos_o_comerciales,PC53,-0.008903790819169175
nivelaprob_desc__estudios_tecnicos_o_comerciales,PC54,-0.0010888846889639018
nivelaprob_desc__estudios_tecnicos_o_comerciales,PC55,2.1630275896561352e-05
nivelaprob_desc__estudios_tecnicos_o_comerciales,PC56,0.004569438608915717
nivelaprob_desc__estudios_tecnicos_o_comerciales,PC57,3.530480996383264e-05
nivelaprob_desc__estudios_tecnicos_o_comerciales,PC58,-3.358865683320788e-05
nivelaprob_desc__estudios_tecnicos_o_comerciales,PC59,-8.0887359533361e-06
nivelaprob_desc__estudios_tecnicos_o_comerciales,PC60,-4.6075269593885675e-06
nivelaprob_desc__estudios_tecnicos_o_comerciales,PC61,-8.285684804645976e-06
nivelaprob_desc__estudios_tecnicos_o_comerciales,PC62,7.418755613973581e-06
nivelaprob_desc__estudios_tecnicos_o_comerciales,PC63,1.0654302877051268e-06
nivelaprob_desc__estudios_tecnicos_o_comerciales,PC64,2.481656694903083e-07
nivelaprob_desc__estudios_tecnicos_o_comerciales,PC65,-5.409414721095255e-07
nivelaprob_desc__estudios_tecnicos_o_comerciales,PC66,8.373313923837138e-07
nivelaprob_desc__estudios_tecnicos_o_comerciales,PC67,3.795443535355784e-16
nivelaprob_desc__estudios_tecnicos_o_comerciales,PC68,1.042324445339406e-16
nivelaprob_desc__estudios_tecnicos_o_comerciales,PC69,9.34179867209134e-16
nivelaprob_desc__estudios_tecnicos_o_comerciales,PC70,-1.5978207967412196e-15
nivelaprob_desc__estudios_tecnicos_o_comerciales,PC71,-2.808530472209138e-16
nivelaprob_desc__estudios_tecnicos_o_comerciales,PC72,4.720521090867256e-16
nivelaprob_desc__estudios_tecnicos_o_comerciales,PC73,-3.0307583577194787e-16
nivelaprob_desc__estudios_tecnicos_o_comerciales,PC74,6.359302216882749e-16
nivelaprob_desc__estudios_tecnicos_o_comerciales,PC75,-2.2938280975399997e-16
nivelaprob_desc__estudios_tecnicos_o_comerciales,PC76,-7.702266498495449e-17
nivelaprob_desc__estudios_tecnicos_o_comerciales,PC77,-8.299636871273561e-18
nivelaprob_desc__licenciatura_o_ingenieria_profesional,PC1,-0.00825742295649577
nivelaprob_desc__licenciatura_o_ingenieria_profesional,PC2,0.011573179633898574
nivelaprob_desc__licenciatura_o_ingenieria_profesional,PC3,-0.26869321428795684
nivelaprob_desc__licenciatura_o_ingenieria_profesional,PC4,0.20766535332789338
nivelaprob_desc__licenciatura_o_ingenieria_profesional,PC5,0.01913775312058448
nivelaprob_desc__licenciatura_o_ingenieria_profesional,PC6,0.2263956469566768
nivelaprob_desc__licenciatura_o_ingenieria_profesional,PC7,-0.18902511388830573
nivelaprob_desc__licenciatura_o_ingenieria_profesional,PC8,-0.15468285686453437
nivelaprob_desc__licenciatura_o_ingenieria_profesional,PC9,0.09360791745122381
nivelaprob_desc__licenciatura_o_ingenieria_profesional,PC10,-0.15276820312980316
nivelaprob_desc__licenciatura_o_ingenieria_profesional,PC11,0.007548028093899258
nivelaprob_desc__licenciatura_o_ingenieria_profesional,PC12,-0.12647691706383954
nivelaprob_desc__licenciatura_o_ingenieria_profesional,PC13,-0.07403426194650964
nivelaprob_desc__licenciatura_o_ingenieria_profesional,PC14,-0.6261219625915868
nivelaprob_desc__licenciatura_o_ingenieria_profesional,PC15,0.09288811162709176
nivelaprob_desc__licenciatura_o_ingenieria_profesional,PC16,0.0671137285197809
nivelaprob_desc__licenciatura_o_ingenieria_profesional,PC17,0.03437703267379133
nivelaprob_desc__licenciatura_o_ingenieria_profesional,PC18,-0.4085132111841194
nivelaprob_desc__licenciatura_o_ingenieria_profesional,PC19,-0.040992019277338594
nivelaprob_desc__licenciatura_o_ingenieria_profesional,PC20,-0.11609271959694376
nivelaprob_desc__licenciatura_o_ingenieria_profesional,PC21,-0.0842904591107284
nivelaprob_desc__licenciatura_o_ingenieria_profesional,PC22,0.11182056916877188
nivelaprob_desc__licenciatura_o_ingenieria_profesional,PC23,-0.015494896275495895
nivelaprob_desc__licenciatura_o_ingenieria_profesional,PC24,0.05867988429296145
nivelaprob_desc__licenciatura_o_ingenieria_profesional,PC25,0.012949961524976948
nivelaprob_desc__licenciatura_o_ingenieria_profesional,PC26,0.18531097220858148
nivelaprob_desc__licenciatura_o_ingenieria_profesional,PC27,-0.1096614103079272
nivelaprob_desc__licenciatura_o_ingenieria_profesional,PC28,-0.19555810436441315
nivelaprob_desc__licenciatura_o_ingenieria_profesional,PC29,-0.013870118659376773
nivelaprob_desc__licenciatura_o_ingenieria_profesional,PC30,-0.009032520030120221
nivelaprob_desc__licenciatura_o_ingenieria_profesional,PC31,-0.09523242684681855
nivelaprob_desc__licenciatura_o_ingenieria_profesional,PC32,-0.020991446166615517
nivelaprob_desc__licenciatura_o_ingenieria_profesional,PC33,0.02003942417425839
nivelaprob_desc__licenciatura_o_ingenieria_profesional,PC34,-0.03788780706396056
nivelaprob_desc__licenciatura_o_ingenieria_profesional,PC35,-0.08351053770149335
nivelaprob_desc__licenciatura_o_ingenieria_profesional,PC36,-0.0012641970628581704
nivelaprob_desc__licenciatura_o_ingenieria_profesional,PC37,-0.049239279549536205
nivelaprob_desc__licenciatura_o_ingenieria_profesional,PC38,0.035481404018650645
nivelaprob_desc__licenciatura_o_ingenieria_profesional,PC39,0.0013117163423604667
nivelaprob_desc__licenciatura_o_ingenieria_profesional,PC40,0.005900762068680666
nivelaprob_desc__licenciatura_o_ingenieria_profesional,PC41,0.004274179136192201
nivelaprob_desc__licenciatura_o_ingenieria_profesional,PC42,0.0048311796534082916
nivelaprob_desc__licenciatura_o_ingenieria_profesional,PC43,0.002546648470866615
nivelaprob_desc__licenciatura_o_ingenieria_profesional,PC44,-0.024293237594451147
nivelaprob_desc__licenciatura_o_ingenieria_profesional,PC45,-0.005442302643965652
nivelaprob_desc__licenciatura_o_ingenieria_profesional,PC46,-0.0017872954822715102
nivelaprob_desc__licenciatura_o_ingenieria_profesional,PC47,-0.0003245308012073665
nivelaprob_desc__licenciatura_o_ingenieria_profesional,PC48,-0.010402056233019513
nivelaprob_desc__licenciatura_o_ingenieria_profesional,PC49,0.0001237507360506476
nivelaprob_desc__licenciatura_o_ingenieria_profesional,PC50,-4.200084777346235e-05
nivelaprob_desc__licenciatura_o_ingenieria_profesional,PC51,-9.60357837802337e-06
nivelaprob_desc__licenciatura_o_ingenieria_profesional,PC52,6.184574424404492e-05
nivelaprob_desc__licenciatura_o_ingenieria_profesional,PC53,-0.00343057291555524
nivelaprob_desc__licenciatura_o_ingenieria_profesional,PC54,-0.0003826384172346165
nivelaprob_desc__licenciatura_o_ingenieria_profesional,PC55,9.298684908038031e-06
nivelaprob_desc__licenciatura_o_ingenieria_profesional,PC56,0.0017757541113688918
nivelaprob_desc__licenciatura_o_ingenieria_profesional,PC57,1.744668296508547e-05
nivelaprob_desc__licenciatura_o_ingenieria_profesional,PC58,-4.347457123366582e-06
nivelaprob_desc__licenciatura_o_ingenieria_profesional,PC59,-9.42156378147573e-06
nivelaprob_desc__licenciatura_o_ingenieria_profesional,PC60,-7.392305809063356e-06
nivelaprob_desc__licenciatura_o_ingenieria_profesional,PC61,3.2973828121687156e-07
nivelaprob_desc__licenciatura_o_ingenieria_profesional,PC62,-4.83589207454421e-07
nivelaprob_desc__licenciatura_o_ingenieria_profesional,PC63,5.844294426183318e-07
nivelaprob_desc__licenciatura_o_ingenieria_profesional,PC64,-2.536059117096612e-07
nivelaprob_desc__licenciatura_o_ingenieria_profesional,PC65,-2.9064994643508534e-07
nivelaprob_desc__licenciatura_o_ingenieria_profesional,PC66,8.630846705362001e-08
nivelaprob_desc__licenciatura_o_ingenieria_profesional,PC67,-5.737715327141064e-17
nivelaprob_desc__licenciatura_o_ingenieria_profesional,PC68,-2.274652866802551e-17
nivelaprob_desc__licenciatura_o_ingenieria_profesional,PC69,-5.887629573019019e-17
nivelaprob_desc__licenciatura_o_ingenieria_profesional,PC70,3.626102294929739e-16
nivelaprob_desc__licenciatura_o_ingenieria_profesional,PC71,5.728981766514406e-17
nivelaprob_desc__licenciatura_o_ingenieria_profesional,PC72,3.404445735700103e-17
nivelaprob_desc__licenciatura_o_ingenieria_profesional,PC73,1.1629734451685353e-17
nivelaprob_desc__licenciatura_o_ingenieria_profesional,PC74,-1.0330919900470658e-16
nivelaprob_desc__licenciatura_o_ingenieria_profesional,PC75,3.2081898427811826e-17
nivelaprob_desc__licenciatura_o_ingenieria_profesional,PC76,-1.6755952885266726e-17
nivelaprob_desc__licenciatura_o_ingenieria_profesional,PC77,-3.3771969358229416e-17
nivelaprob_desc__maestria,PC1,-0.043681486629646785
nivelaprob_desc__maestria,PC2,0.02033158481610048
nivelaprob_desc__maestria,PC3,-0.04885563466616323
nivelaprob_desc__maestria,PC4,0.02872743501488542
nivelaprob_desc__maestria,PC5,0.04485148264226672
nivelaprob_desc__maestria,PC6,0.09460218127271501
nivelaprob_desc__maestria,PC7,-0.006473425020203366
nivelaprob_desc__maestria,PC8,-0.038207513047068195
nivelaprob_desc__maestria,PC9,0.015065066894708223
nivelaprob_desc__maestria,PC10,-0.01898854476210615
nivelaprob_desc__maestria,PC11,-0.012726004734592749
nivelaprob_desc__maestria,PC12,0.0037227778270506663
nivelaprob_desc__maestria,PC13,-0.017891202831967115
nivelaprob_desc__maestria,PC14,-0.015554835793477275
nivelaprob_desc__maestria,PC15,0.016691983925710505
nivelaprob_desc__maestria,PC16,0.009636409738870083
nivelaprob_desc__maestria,PC17,0.012447063400209207
nivelaprob_desc__maestria,PC18,0.06866718480291817
nivelaprob_desc__maestria,PC19,0.000543792965362954
nivelaprob_desc__maestria,PC20,0.02698191286815924
nivelaprob_desc__maestria,PC21,0.018468827476205707
nivelaprob_desc__maestria,PC22,-0.04076617790190655
nivelaprob_desc__maestria,PC23,0.011611166470842892
nivelaprob_desc__maestria,PC24,-0.03037858217705641
nivelaprob_desc__maestria,PC25,-0.011788902599581088
nivelaprob_desc__maestria,PC26,-0.06942824915176322
nivelaprob_desc__maestria,PC27,0.1879776192356703
nivelaprob_desc__maestria,PC28,-0.0033065829920587353
nivelaprob_desc__maestria,PC29,0.17275869038723557
nivelaprob_desc__maestria,PC30,0.05275633870658375
nivelaprob_desc__maestria,PC31,0.614167266990933
nivelaprob_desc__maestria,PC32,0.2078209748728967
nivelaprob_desc__maestria,PC33,-0.043287429997652525
nivelaprob_desc__maestria,PC34,-0.41665723952251343
nivelaprob_desc__maestria,PC35,0.047844811477576465
nivelaprob_desc__maestria,PC36,-0.007987585464071434
nivelaprob_desc__maestria,PC37,0.03395116367634744
nivelaprob_desc__maestria,PC38,-0.11815963656361572
nivelaprob_desc__maestria,PC39,0.47474126510418313
nivelaprob_desc__maestria,PC40,0.2362826356906519
nivelaprob_desc__maestria,PC41,0.022387949338346053
nivelaprob_desc__maestria,PC42,0.011888584109714
nivelaprob_desc__maestria,PC43,0.0066992704600580995
nivelaprob_desc__maestria,PC44,-0.0460558725104245
nivelaprob_desc__maestria,PC45,-0.00791069985930677
nivelaprob_desc__maestria,PC46,0.026022230226981635
nivelaprob_desc__maestria,PC47,0.0014729166887376543
nivelaprob_desc__maestria,PC48,0.02109923419819321
nivelaprob_desc__maestria,PC49,0.0015179158710525737
nivelaprob_desc__maestria,PC50,0.0003728287712102132
nivelaprob_desc__maestria,PC51,0.00012899977105077767
nivelaprob_desc__maestria,PC52,-9.420768103603006e-05
nivelaprob_desc__maestria,PC53,-0.011583621930612792
nivelaprob_desc__maestria,PC54,-0.0013026621685698356
nivelaprob_desc__maestria,PC55,1.489775432008276e-06
nivelaprob_desc__maestria,PC56,0.005900983210211677
nivelaprob_desc__maestria,PC57,4.029097319847305e-05
nivelaprob_desc__maestria,PC58,-2.00416015975553e-05
nivelaprob_desc__maestria,PC59,-2.8851268810307478e-05
nivelaprob_desc__maestria,PC60,-2.4230112820427995e-05
nivelaprob_desc__maestria,PC61,1.036802661712696e-06
nivelaprob_desc__maestria,PC62,-4.498100229549403e-07
nivelaprob_desc__maestria,PC63,1.3843197148253275e-06
nivelaprob_desc__maestria,PC64,-3.645777544042278e-07
nivelaprob_desc__maestria,PC65,-1.0180004310063299e-06
nivelaprob_desc__maestria,PC66,4.83913683114389e-07
nivelaprob_desc__maestria,PC67,-1.530017595357879e-16
nivelaprob_desc__maestria,PC68,-1.5358822884626832e-16
nivelaprob_desc__maestria,PC69,-3.108716938436858e-16
nivelaprob_desc__maestria,PC70,7.750976094562647e-16
nivelaprob_desc__maestria,PC71,1.693063037437319e-16
nivelaprob_desc__maestria,PC72,3.659811702586688e-17
nivelaprob_desc__maestria,PC73,3.2372082252057927e-16
nivelaprob_desc__maestria,PC74,-3.00149437340022e-16
nivelaprob_desc__maestria,PC75,1.692239107634405e-17
nivelaprob_desc__maestria,PC76,-2.870294487407306e-17
nivelaprob_desc__maestria,PC77,-1.1492454042153542e-16
nivelaprob_desc__ninguno,PC1,-0.12311306668322822
nivelaprob_desc__ninguno,PC2,-0.03799061978853544
nivelaprob_desc__ninguno,PC3,0.18584853132663848
nivelaprob_desc__ninguno,PC4,-0.06246734417238163
nivelaprob_desc__ninguno,PC5,-0.016181868207070838
nivelaprob_desc__ninguno,PC6,-0.011929019755544796
nivelaprob_desc__ninguno,PC7,0.02259106366553568
nivelaprob_desc__ninguno,PC8,0.021928529787079057
nivelaprob_desc__ninguno,PC9,0.03608972623743459
nivelaprob_desc__ninguno,PC10,-0.03818370337686804
nivelaprob_desc__ninguno,PC11,-0.00358545310651179
nivelaprob_desc__ninguno,PC12,0.00798170989662542
nivelaprob_desc__ninguno,PC13,-0.05016298619248641
nivelaprob_desc__ninguno,PC14,0.004368761944460176
nivelaprob_desc__ninguno,PC15,-0.01722244454949816
nivelaprob_desc__ninguno,PC16,0.10158185230028366
nivelaprob_desc__ninguno,PC17,0.08633280819058474
nivelaprob_desc__ninguno,PC18,-0.12149797749784634
nivelaprob_desc__ninguno,PC19,-0.07712481275048463
nivelaprob_desc__ninguno,PC20,-0.027668082697293723
nivelaprob_desc__ninguno,PC21,-0.10374722900440324
nivelaprob_desc__ninguno,PC22,0.01770582299129371
nivelaprob_desc__ninguno,PC23,0.05900221275077954
nivelaprob_desc__ninguno,PC24,0.10746759845127599
nivelaprob_desc__ninguno,PC25,-0.19541488425215442
nivelaprob_desc__ninguno,PC26,-0.10505962399814012
nivelaprob_desc__ninguno,PC27,0.6171779473518658
nivelaprob_desc__ninguno,PC28,0.0227962323817762
nivelaprob_desc__ninguno,PC29,-0.30594060821495916
nivelaprob_desc__ninguno,PC30,-0.019681908986619014
nivelaprob_desc__ninguno,PC31,0.030504653483693824
nivelaprob_desc__ninguno,PC32,-0.21961639538005936
nivelaprob_desc__ninguno,PC33,-0.027385776693093715
nivelaprob_desc__ninguno,PC34,0.07234416401062466
nivelaprob_desc__ninguno,PC35,-0.18320656377742517
nivelaprob_desc__ninguno,PC36,0.018358429604208904
nivelaprob_desc__ninguno,PC37,0.45758854977737357
nivelaprob_desc__ninguno,PC38,-0.1772365686619515
nivelaprob_desc__ninguno,PC39,-0.07345016473231261
nivelaprob_desc__ninguno,PC40,-0.058965040053253905
nivelaprob_desc__ninguno,PC41,-0.007320842152074741
nivelaprob_desc__ninguno,PC42,0.0025280874377676364
nivelaprob_desc__ninguno,PC43,0.0038425739695493294
nivelaprob_desc__ninguno,PC44,-0.07861936522838302
nivelaprob_desc__ninguno,PC45,-0.03593290193382873
nivelaprob_desc__ninguno,PC46,-0.009658528271427276
nivelaprob_desc__ninguno,PC47,0.0021087864542999693
nivelaprob_desc__ninguno,PC48,-0.03784101033536178
nivelaprob_desc__ninguno,PC49,-0.004449911741117537
nivelaprob_desc__ninguno,PC50,-8.13273965514997e-05
nivelaprob_desc__ninguno,PC51,-0.000351646183824964
nivelaprob_desc__ninguno,PC52,-3.9127711197601346e-05
nivelaprob_desc__ninguno,PC53,-0.008076122680039289
nivelaprob_desc__ninguno,PC54,-0.0009542984720264011
nivelaprob_desc__ninguno,PC55,-8.470588309911195e-05
nivelaprob_desc__ninguno,PC56,0.004083263422153157
nivelaprob_desc__ninguno,PC57,-0.00019479856558263654
nivelaprob_desc__ninguno,PC58,9.184948724624309e-05
nivelaprob_desc__ninguno,PC59,7.148009216127319e-05
nivelaprob_desc__ninguno,PC60,4.0162638260122644e-05
nivelaprob_desc__ninguno,PC61,4.311590115523295e-06
nivelaprob_desc__ninguno,PC62,-3.7665408593651414e-06
nivelaprob_desc__ninguno,PC63,-4.844289354273824e-06
nivelaprob_desc__ninguno,PC64,7.711405611170588e-07
nivelaprob_desc__ninguno,PC65,4.743237163957977e-06
nivelaprob_desc__ninguno,PC66,-5.014359342435761e-06
nivelaprob_desc__ninguno,PC67,6.171624362403049e-17
nivelaprob_desc__ninguno,PC68,5.2910199660971534e-18
nivelaprob_desc__ninguno,PC69,-4.534684052029579e-16
nivelaprob_desc__ninguno,PC70,1.332958237202379e-16
nivelaprob_desc__ninguno,PC71,-3.776468033455772e-17
nivelaprob_desc__ninguno,PC72,-3.414383439097886e-16
nivelaprob_desc__ninguno,PC73,-2.986560897154745e-16
nivelaprob_desc__ninguno,PC74,-2.219997530650233e-16
nivelaprob_desc__ninguno,PC75,-1.2507935172606513e-16
nivelaprob_desc__ninguno,PC76,2.866985642743636e-16
nivelaprob_desc__ninguno,PC77,4.174804347503255e-17
nivelaprob_desc__normal,PC1,-0.01815081814361773
nivelaprob_desc__normal,PC2,-0.008898763692070837
nivelaprob_desc__normal,PC3,0.002300295742949915
nivelaprob_desc__normal,PC4,0.013233077293168066
nivelaprob_desc__normal,PC5,0.01271980204999044
nivelaprob_desc__normal,PC6,0.03994688129527428
nivelaprob_desc__normal,PC7,0.008690123027652147
nivelaprob_desc__normal,PC8,-0.02232999371783809
nivelaprob_desc__normal,PC9,-0.007957569592779545
nivelaprob_desc__normal,PC10,-0.001494211957180351
nivelaprob_desc__normal,PC11,-0.0031174689893237327
nivelaprob_desc__normal,PC12,0.020035562998368298
nivelaprob_desc__normal,PC13,0.009565086601459927
nivelaprob_desc__normal,PC14,0.01586382596010161
nivelaprob_desc__normal,PC15,0.00839214748460128
nivelaprob_desc__normal,PC16,0.025723898980239274
nivelaprob_desc__normal,PC17,0.010444074938628067
nivelaprob_desc__normal,PC18,0.013870249417964381
nivelaprob_desc__normal,PC19,0.0043429606397132675
nivelaprob_desc__normal,PC20,-0.00968453955946775
nivelaprob_desc__normal,PC21,-0.0021096338411120707
nivelaprob_desc__normal,PC22,0.006132725135747538
nivelaprob_desc__normal,PC23,0.006342135180180393
nivelaprob_desc__normal,PC24,0.0029349229219009254
nivelaprob_desc__normal,PC25,-0.007663111732425508
nivelaprob_desc__normal,PC26,0.04239760452253089
nivelaprob_desc__normal,PC27,0.020837341134924595
nivelaprob_desc__normal,PC28,0.015167543381261061
nivelaprob_desc__normal,PC29,-0.010035335324152817
nivelaprob_desc__normal,PC30,0.005408700075583122
nivelaprob_desc__normal,PC31,0.052591875036756816
nivelaprob_desc__normal,PC32,0.013634598168613898
nivelaprob_desc__normal,PC33,0.01293904781883665
nivelaprob_desc__normal,PC34,0.026207688660611437
nivelaprob_desc__normal,PC35,0.010844539285260083
nivelaprob_desc__normal,PC36,-0.002412795187124454
nivelaprob_desc__normal,PC37,0.053226656983863335
nivelaprob_desc__normal,PC38,-0.05326967611725846
nivelaprob_desc__normal,PC39,0.020931348760473395
nivelaprob_desc__normal,PC40,0.003777886234923056
nivelaprob_desc__normal,PC41,-0.034011013640015145
nivelaprob_desc__normal,PC42,-0.09176168892262726
nivelaprob_desc__normal,PC43,-0.046602203109366504
nivelaprob_desc__normal,PC44,0.8105981297409651
nivelaprob_desc__normal,PC45,0.29221268851602433
nivelaprob_desc__normal,PC46,-0.2308370952922391
nivelaprob_desc__normal,PC47,-0.039329830113924734
nivelaprob_desc__normal,PC48,-0.41505758392586184
nivelaprob_desc__normal,PC49,0.0034266487820580416
nivelaprob_desc__normal,PC50,-0.0014523669222035855
nivelaprob_desc__normal,PC51,0.0003382299521491574
nivelaprob_desc__normal,PC52,0.00041472511336206253
nivelaprob_desc__normal,PC53,-0.028273540767161556
nivelaprob_desc__normal,PC54,-0.0031121662430467524
nivelaprob_desc__normal,PC55,5.481560206991875e-05
nivelaprob_desc__normal,PC56,0.013571498821654903
nivelaprob_desc__normal,PC57,0.00015486844665381518
nivelaprob_desc__normal,PC58,-4.06920776792152e-05
nivelaprob_desc__normal,PC59,-3.7303032905935835e-05
nivelaprob_desc__normal,PC60,-3.552259545329414e-05
nivelaprob_desc__normal,PC61,1.2066731158323437e-06
nivelaprob_desc__normal,PC62,-1.0180354274160974e-06
nivelaprob_desc__normal,PC63,1.7857077760292736e-06
nivelaprob_desc__normal,PC64,1.5170413307792593e-06
nivelaprob_desc__normal,PC65,-1.5218795360617795e-06
nivelaprob_desc__normal,PC66,3.322408580076054e-06
nivelaprob_desc__normal,PC67,-3.342474750116507e-16
nivelaprob_desc__normal,PC68,-1.1496178028484843e-16
nivelaprob_desc__normal,PC69,-1.5082438445578185e-15
nivelaprob_desc__normal,PC70,2.1363583130512483e-15
nivelaprob_desc__normal,PC71,2.4682378195641157e-16
nivelaprob_desc__normal,PC72,-1.28391266293406e-16
nivelaprob_desc__normal,PC73,1.9986813517929465e-16
nivelaprob_desc__normal,PC74,-8.78010900050778e-16
nivelaprob_desc__normal,PC75,9.62239513659324e-17
nivelaprob_desc__normal,PC76,-1.311649910185834e-17
nivelaprob_desc__normal,PC77,4.677151357860495e-17
nivelaprob_desc__preescolar_o_kinder,PC1,0.0035547530314541964
nivelaprob_desc__preescolar_o_kinder,PC2,-0.001941320390342142
nivelaprob_desc__preescolar_o_kinder,PC3,0.006499809061392333
nivelaprob_desc__preescolar_o_kinder,PC4,-0.0035485336602117203
nivelaprob_desc__preescolar_o_kinder,PC5,-0.0074519399636365415
nivelaprob_desc__preescolar_o_kinder,PC6,-0.0040889774152448825
nivelaprob_desc__preescolar_o_kinder,PC7,0.006043761492522157
nivelaprob_desc__preescolar_o_kinder,PC8,-0.0010480873055942449
nivelaprob_desc__preescolar_o_kinder,PC9,-0.0035733492292996448
nivelaprob_desc__preescolar_o_kinder,PC10,-0.00978652962775666
nivelaprob_desc__preescolar_o_kinder,PC11,-0.0008617998893027644
nivelaprob_desc__preescolar_o_kinder,PC12,-0.005019117334888561
nivelaprob_desc__preescolar_o_kinder,PC13,-0.0059451332315304025
nivelaprob_desc__preescolar_o_kinder,PC14,-0.001807552733267771
nivelaprob_desc__preescolar_o_kinder,PC15,-0.0045709381305474054
nivelaprob_desc__preescolar_o_kinder,PC16,0.0066081076980522725
nivelaprob_desc__preescolar_o_kinder,PC17,-0.001125745463632499
nivelaprob_desc__preescolar_o_kinder,PC18,-0.003915666530944888
nivelaprob_desc__preescolar_o_kinder,PC19,-0.0018277320559067476
nivelaprob_desc__preescolar_o_kinder,PC20,-0.002201099265449903
nivelaprob_desc__preescolar_o_kinder,PC21,0.0067295100374461184
nivelaprob_desc__preescolar_o_kinder,PC22,-0.005653861016119413
nivelaprob_desc__preescolar_o_kinder,PC23,0.0020706406244441855
nivelaprob_desc__preescolar_o_kinder,PC24,0.006686759678855944
nivelaprob_desc__preescolar_o_kinder,PC25,-0.008875704469893352
nivelaprob_desc__preescolar_o_kinder,PC26,-0.005259086111201906
nivelaprob_desc__preescolar_o_kinder,PC27,0.008521967144644527
nivelaprob_desc__preescolar_o_kinder,PC28,-0.008755875301429666
nivelaprob_desc__preescolar_o_kinder,PC29,0.0006318207714853109
nivelaprob_desc__preescolar_o_kinder,PC30,-0.0020212214716048846
nivelaprob_desc__preescolar_o_kinder,PC31,0.018167471069352275
nivelaprob_desc__preescolar_o_kinder,PC32,0.0009758547549295145
nivelaprob_desc__preescolar_o_kinder,PC33,-1.6490121870476574e-05
nivelaprob_desc__preescolar_o_kinder,PC34,0.010029377917189792
nivelaprob_desc__preescolar_o_kinder,PC35,-0.003050444994742302
nivelaprob_desc__preescolar_o_kinder,PC36,-0.001264994345035756
nivelaprob_desc__preescolar_o_kinder,PC37,0.0026752728711526164
nivelaprob_desc__preescolar_o_kinder,PC38,-0.00096882819450339
nivelaprob_desc__preescolar_o_kinder,PC39,0.0019954616675309307
nivelaprob_desc__preescolar_o_kinder,PC40,0.015273264320971822
nivelaprob_desc__preescolar_o_kinder,PC41,-0.0024724682208291885
nivelaprob_desc__preescolar_o_kinder,PC42,-0.012132164267425891
nivelaprob_desc__preescolar_o_kinder,PC43,-0.005851050692955855
nivelaprob_desc__preescolar_o_kinder,PC44,0.051097857466268444
nivelaprob_desc__preescolar_o_kinder,PC45,0.014540398969458707
nivelaprob_desc__preescolar_o_kinder,PC46,0.007246992051277309
nivelaprob_desc__preescolar_o_kinder,PC47,-0.0023056754888623253
nivelaprob_desc__preescolar_o_kinder,PC48,0.0387090073605079
nivelaprob_desc__preescolar_o_kinder,PC49,0.0011205636257450432
nivelaprob_desc__preescolar_o_kinder,PC50,-0.00011857988176271616
nivelaprob_desc__preescolar_o_kinder,PC51,-3.3566992395773083e-06
nivelaprob_desc__preescolar_o_kinder,PC52,-0.001699326468426628
nivelaprob_desc__preescolar_o_kinder,PC53,0.8868924871542284
nivelaprob_desc__preescolar_o_kinder,PC54,0.09922476915844544
nivelaprob_desc__preescolar_o_kinder,PC55,0.0004946223833117761
nivelaprob_desc__preescolar_o_kinder,PC56,-0.4443945017957953
nivelaprob_desc__preescolar_o_kinder,PC57,-0.0008688752110936233
nivelaprob_desc__preescolar_o_kinder,PC58,0.0003214355954649645
nivelaprob_desc__preescolar_o_kinder,PC59,0.0004652552084567567
nivelaprob_desc__preescolar_o_kinder,PC60,0.0004036424019183786
nivelaprob_desc__preescolar_o_kinder,PC61,1.1941755221092699e-05
nivelaprob_desc__preescolar_o_kinder,PC62,-5.806620534837147e-06
nivelaprob_desc__preescolar_o_kinder,PC63,-2.9551809753888358e-06
nivelaprob_desc__preescolar_o_kinder,PC64,-1.6489231047659998e-06
nivelaprob_desc__preescolar_o_kinder,PC65,3.4651042575380673e-06
nivelaprob_desc__preescolar_o_kinder,PC66,2.229157958463293e-06
nivelaprob_desc__preescolar_o_kinder,PC67,-1.6292617451338701e-15
nivelaprob_desc__preescolar_o_kinder,PC68,-4.493967020903436e-16
nivelaprob_desc__preescolar_o_kinder,PC69,-4.443844381332379e-15
nivelaprob_desc__preescolar_o_kinder,PC70,8.23975502339037e-15
nivelaprob_desc__preescolar_o_kinder,PC71,1.2916625759592414e-15
nivelaprob_desc__preescolar_o_kinder,PC72,-2.1914142690787117e-15
nivelaprob_desc__preescolar_o_kinder,PC73,-6.119536335798009e-16
nivelaprob_desc__preescolar_o_kinder,PC74,-3.354766141975361e-15
nivelaprob_desc__preescolar_o_kinder,PC75,3.657394319568462e-16
nivelaprob_desc__preescolar_o_kinder,PC76,3.1112983059935686e-16
nivelaprob_desc__preescolar_o_kinder,PC77,-1.1868980815344686e-16
nivelaprob_desc__preparatoria_o_bachillerato,PC1,0.1537841848275245
nivelaprob_desc__preparatoria_o_bachillerato,PC2,0.019212793663217594
nivelaprob_desc__preparatoria_o_bachillerato,PC3,-0.18844929743388916
nivelaprob_desc__preparatoria_o_bachillerato,PC4,0.11553645731342801
nivelaprob_desc__preparatoria_o_bachillerato,PC5,-0.070344566651654
nivelaprob_desc__preparatoria_o_bachillerato,PC6,-0.029985631979318226
nivelaprob_desc__preparatoria_o_bachillerato,PC7,-0.17529978820357553
nivelaprob_desc__preparatoria_o_bachillerato,PC8,-0.029581631215456462
nivelaprob_desc__preparatoria_o_bachillerato,PC9,0.15918065577480658
nivelaprob_desc__preparatoria_o_bachillerato,PC10,-0.2640315503280499
nivelaprob_desc__preparatoria_o_bachillerato,PC11,-0.04029272827813245
nivelaprob_desc__preparatoria_o_bachillerato,PC12,0.0037257086306071692
nivelaprob_desc__preparatoria_o_bachillerato,PC13,-0.011064021740684942
nivelaprob_desc__preparatoria_o_bachillerato,PC14,0.7793847641504804
nivelaprob_desc__preparatoria_o_bachillerato,PC15,0.11913241626379253
nivelaprob_desc__preparatoria_o_bachillerato,PC16,0.08750163322302365
nivelaprob_desc__preparatoria_o_bachillerato,PC17,0.1369337929823589
nivelaprob_desc__preparatoria_o_bachillerato,PC18,-0.043903201670048055
nivelaprob_desc__preparatoria_o_bachillerato,PC19,-0.03857080110124531
nivelaprob_desc__preparatoria_o_bachillerato,PC20,-0.019788738002519908
nivelaprob_desc__preparatoria_o_bachillerato,PC21,-0.006552433361697686
nivelaprob_desc__preparatoria_o_bachillerato,PC22,0.18481535707512686
nivelaprob_desc__preparatoria_o_bachillerato,PC23,-0.04917098769936737
nivelaprob_desc__preparatoria_o_bachillerato,PC24,0.0330556975560241
nivelaprob_desc__preparatoria_o_bachillerato,PC25,-0.0038869305644770426
nivelaprob_desc__preparatoria_o_bachillerato,PC26,-0.25306103199069685
nivelaprob_desc__preparatoria_o_bachillerato,PC27,-0.14497880863554768
nivelaprob_desc__preparatoria_o_bachillerato,PC28,-0.04899714339726827
nivelaprob_desc__preparatoria_o_bachillerato,PC29,0.0029352614743689332
nivelaprob_desc__preparatoria_o_bachillerato,PC30,-0.006824300311977867
nivelaprob_desc__preparatoria_o_bachillerato,PC31,-0.0936036956710217
nivelaprob_desc__preparatoria_o_bachillerato,PC32,-0.01990589207327246
nivelaprob_desc__preparatoria_o_bachillerato,PC33,-0.04334651685618935
nivelaprob_desc__preparatoria_o_bachillerato,PC34,-0.04087725146865728
nivelaprob_desc__preparatoria_o_bachillerato,PC35,-0.009411766049023785
nivelaprob_desc__preparatoria_o_bachillerato,PC36,0.0001455160397308262
nivelaprob_desc__preparatoria_o_bachillerato,PC37,-0.03733964175639839
nivelaprob_desc__preparatoria_o_bachillerato,PC38,0.02648164334380567
nivelaprob_desc__preparatoria_o_bachillerato,PC39,-0.007159028542614808
nivelaprob_desc__preparatoria_o_bachillerato,PC40,0.0002478287815476342
nivelaprob_desc__preparatoria_o_bachillerato,PC41,0.0030545162578199886
nivelaprob_desc__preparatoria_o_bachillerato,PC42,0.004061127657976846
nivelaprob_desc__preparatoria_o_bachillerato,PC43,0.0021223934291809553
nivelaprob_desc__preparatoria_o_bachillerato,PC44,-0.02434345712076434
nivelaprob_desc__preparatoria_o_bachillerato,PC45,-0.006447246136817294
nivelaprob_desc__preparatoria_o_bachillerato,PC46,-0.0026913779000931055
nivelaprob_desc__preparatoria_o_bachillerato,PC47,-0.00023981315888234507
nivelaprob_desc__preparatoria_o_bachillerato,PC48,-0.011843611980215028
nivelaprob_desc__preparatoria_o_bachillerato,PC49,-0.0001542662636614228
nivelaprob_desc__preparatoria_o_bachillerato,PC50,-0.00013421263049547417
nivelaprob_desc__preparatoria_o_bachillerato,PC51,-6.326427246097239e-06
nivelaprob_desc__preparatoria_o_bachillerato,PC52,4.9992320201592114e-05
nivelaprob_desc__preparatoria_o_bachillerato,PC53,-0.0032379817840489373
nivelaprob_desc__preparatoria_o_bachillerato,PC54,-0.0003536906971465959
nivelaprob_desc__preparatoria_o_bachillerato,PC55,2.8830513282765653e-08
nivelaprob_desc__preparatoria_o_bachillerato,PC56,0.0016792045735189627
nivelaprob_desc__preparatoria_o_bachillerato,PC57,1.5591557282759392e-05
nivelaprob_desc__preparatoria_o_bachillerato,PC58,-3.6574015006723255e-06
nivelaprob_desc__preparatoria_o_bachillerato,PC59,-6.784490706801386e-06
nivelaprob_desc__preparatoria_o_bachillerato,PC60,-6.317918541590729e-06
nivelaprob_desc__preparatoria_o_bachillerato,PC61,9.858341150795615e-07
nivelaprob_desc__preparatoria_o_bachillerato,PC62,1.256043378892179e-07
nivelaprob_desc__preparatoria_o_bachillerato,PC63,1.8706629016903269e-07
nivelaprob_desc__preparatoria_o_bachillerato,PC64,1.1894950468068611e-07
nivelaprob_desc__preparatoria_o_bachillerato,PC65,-6.294984689405377e-08
nivelaprob_desc__preparatoria_o_bachillerato,PC66,5.82508369393514e-07
nivelaprob_desc__preparatoria_o_bachillerato,PC67,-4.1483270237434456e-17
nivelaprob_desc__preparatoria_o_bachillerato,PC68,1.858948091620886e-17
nivelaprob_desc__preparatoria_o_bachillerato,PC69,1.2394368527105566e-16
nivelaprob_desc__preparatoria_o_bachillerato,PC70,-9.477627382048045e-17
nivelaprob_desc__preparatoria_o_bachillerato,PC71,3.206607988096422e-17
nivelaprob_desc__preparatoria_o_bachillerato,PC72,-5.619869984166757e-17
nivelaprob_desc__preparatoria_o_bachillerato,PC73,5.103515756898046e-17
nivelaprob_desc__preparatoria_o_bachillerato,PC74,-3.655962567081778e-17
nivelaprob_desc__preparatoria_o_bachillerato,PC75,2.326947707761395e-17
nivelaprob_desc__preparatoria_o_bachillerato,PC76,-3.568140536799778e-17
nivelaprob_desc__preparatoria_o_bachillerato,PC77,-9.452571088957624e-18
nivelaprob_desc__primaria,PC1,-0.20241692161503758
nivelaprob_desc__primaria,PC2,-0.039944758003812926
nivelaprob_desc__primaria,PC3,0.3771630573204751
nivelaprob_desc__primaria,PC4,-0.1863844437302322
nivelaprob_desc__primaria,PC5,-0.00780127524129012
nivelaprob_desc__primaria,PC6,-0.14777702713344665
nivelaprob_desc__primaria,PC7,0.13275807214985277
nivelaprob_desc__primaria,PC8,0.009149639019202249
nivelaprob_desc__primaria,PC9,0.12857949602363553
nivelaprob_desc__primaria,PC10,-0.3918571906107779
nivelaprob_desc__primaria,PC11,0.04605936628226372
nivelaprob_desc__primaria,PC12,0.18414440244116512
nivelaprob_desc__primaria,PC13,0.13584372315658774
nivelaprob_desc__primaria,PC14,-0.1844801408570504
nivelaprob_desc__primaria,PC15,-0.156592976139999
nivelaprob_desc__primaria,PC16,-0.23915501796113678
nivelaprob_desc__primaria,PC17,-0.18134653224169223
nivelaprob_desc__primaria,PC18,0.33945517619509136
nivelaprob_desc__primaria,PC19,0.10138183489505238
nivelaprob_desc__primaria,PC20,0.08366828669510785
nivelaprob_desc__primaria,PC21,0.2913804977061863
nivelaprob_desc__primaria,PC22,0.05128949778895599
nivelaprob_desc__primaria,PC23,-0.1944848034053274
nivelaprob_desc__primaria,PC24,-0.05569515735455368
nivelaprob_desc__primaria,PC25,0.10296426498935915
nivelaprob_desc__primaria,PC26,0.1585321148315108
nivelaprob_desc__primaria,PC27,0.004799586163447826
nivelaprob_desc__primaria,PC28,0.18959919133467995
nivelaprob_desc__primaria,PC29,0.09420906360712855
nivelaprob_desc__primaria,PC30,-0.003920884454689701
nivelaprob_desc__primaria,PC31,-0.142765943654299
nivelaprob_desc__primaria,PC32,0.03869387780433428
nivelaprob_desc__primaria,PC33,0.0030062524429703
nivelaprob_desc__primaria,PC34,-0.04518997067606451
nivelaprob_desc__primaria,PC35,0.02604263031340109
nivelaprob_desc__primaria,PC36,-0.0008676223593447482
nivelaprob_desc__primaria,PC37,-0.008431186139044528
nivelaprob_desc__primaria,PC38,-0.0038467762988389598
nivelaprob_desc__primaria,PC39,-0.014479457523772388
nivelaprob_desc__primaria,PC40,-0.008595468692969914
nivelaprob_desc__primaria,PC41,-0.0005215942535277156
nivelaprob_desc__primaria,PC42,0.0024131682406044225
nivelaprob_desc__primaria,PC43,0.0019074628397101198
nivelaprob_desc__primaria,PC44,-0.027496666670295936
nivelaprob_desc__primaria,PC45,-0.010244534993525324
nivelaprob_desc__primaria,PC46,-0.003286229565614389
nivelaprob_desc__primaria,PC47,0.00041166625474749386
nivelaprob_desc__primaria,PC48,-0.013722502367598333
nivelaprob_desc__primaria,PC49,-0.0011635360188170462
nivelaprob_desc__primaria,PC50,-7.884096878249204e-05
nivelaprob_desc__primaria,PC51,-0.0001420583334937328
nivelaprob_desc__primaria,PC52,-3.158746113461009e-05
nivelaprob_desc__primaria,PC53,-0.0033777289696145453
nivelaprob_desc__primaria,PC54,-0.00035600211884282746
nivelaprob_desc__primaria,PC55,-3.3447823567256494e-06
nivelaprob_desc__primaria,PC56,0.001730444272112767
nivelaprob_desc__primaria,PC57,-1.0474255267003948e-06
nivelaprob_desc__primaria,PC58,-8.121852557956937e-07
nivelaprob_desc__primaria,PC59,9.61753491211011e-06
nivelaprob_desc__primaria,PC60,8.776796640850841e-06
nivelaprob_desc__primaria,PC61,-8.53911449659675e-07
nivelaprob_desc__primaria,PC62,4.504488726615869e-07
nivelaprob_desc__primaria,PC63,-2.102099048813061e-07
nivelaprob_desc__primaria,PC64,9.349826183178763e-09
nivelaprob_desc__primaria,PC65,-5.6971218796472116e-09
nivelaprob_desc__primaria,PC66,7.78907684561005e-09
nivelaprob_desc__primaria,PC67,3.4452855315622145e-16
nivelaprob_desc__primaria,PC68,9.331455923970126e-17
nivelaprob_desc__primaria,PC69,8.340218261065431e-16
nivelaprob_desc__primaria,PC70,-1.5914379794515114e-15
nivelaprob_desc__primaria,PC71,-2.5949128145463024e-16
nivelaprob_desc__primaria,PC72,4.1259150266525743e-16
nivelaprob_desc__primaria,PC73,-3.1578052210331964e-17
nivelaprob_desc__primaria,PC74,7.59067358711998e-16
nivelaprob_desc__primaria,PC75,-6.411143534002182e-18
nivelaprob_desc__primaria,PC76,-9.550185583427437e-17
nivelaprob_desc__primaria,PC77,9.445705797832824e-17
nivelaprob_desc__secundaria,PC1,0.1258792576860154
nivelaprob_desc__secundaria,PC2,0.016384804791774815
nivelaprob_desc__secundaria,PC3,0.032781653071912366
nivelaprob_desc__secundaria,PC4,-0.1209285388161474
nivelaprob_desc__secundaria,PC5,0.028720221239769462
nivelaprob_desc__secundaria,PC6,-0.1018078487512591
nivelaprob_desc__secundaria,PC7,0.19919991931064499
nivelaprob_desc__secundaria,PC8,0.15495833229234682
nivelaprob_desc__secundaria,PC9,-0.34644659968759295
nivelaprob_desc__secundaria,PC10,0.7337374719000358
nivelaprob_desc__secundaria,PC11,-0.006285922653979085
nivelaprob_desc__secundaria,PC12,-0.05182013048144432
nivelaprob_desc__secundaria,PC13,-0.015741262207669894
nivelaprob_desc__secundaria,PC14,-0.01774574289591988
nivelaprob_desc__secundaria,PC15,-0.05813160077207669
nivelaprob_desc__secundaria,PC16,0.03097131152651612
nivelaprob_desc__secundaria,PC17,-0.0350402430423212
nivelaprob_desc__secundaria,PC18,0.1151991964683057
nivelaprob_desc__secundaria,PC19,0.007429224654695572
nivelaprob_desc__secundaria,PC20,0.04882029753200551
nivelaprob_desc__secundaria,PC21,-0.15669338195273078
nivelaprob_desc__secundaria,PC22,-0.3322734023104159
nivelaprob_desc__secundaria,PC23,0.21190077763320347
nivelaprob_desc__secundaria,PC24,-0.061647701250850756
nivelaprob_desc__secundaria,PC25,-0.015595396187550728
nivelaprob_desc__secundaria,PC26,-0.041908018175879407
nivelaprob_desc__secundaria,PC27,-0.11014787094752411
nivelaprob_desc__secundaria,PC28,0.026306110794588333
nivelaprob_desc__secundaria,PC29,0.015695574438330282
nivelaprob_desc__secundaria,PC30,-0.006001068449692836
nivelaprob_desc__secundaria,PC31,-0.08818945072811289
nivelaprob_desc__secundaria,PC32,-0.012707523474462624
nivelaprob_desc__secundaria,PC33,0.009868896012020796
nivelaprob_desc__secundaria,PC34,-0.03988355324929658
nivelaprob_desc__secundaria,PC35,0.02131502278403689
nivelaprob_desc__secundaria,PC36,-0.0021512806051327154
nivelaprob_desc__secundaria,PC37,-0.022294595129395668
nivelaprob_desc__secundaria,PC38,0.011839463098595612
nivelaprob_desc__secundaria,PC39,-0.009804478309398724
nivelaprob_desc__secundaria,PC40,-0.0029889505967009454
nivelaprob_desc__secundaria,PC41,0.0012849144849402872
nivelaprob_desc__secundaria,PC42,0.0032085692570110666
nivelaprob_desc__secundaria,PC43,0.0017958013963390316
nivelaprob_desc__secundaria,PC44,-0.023169811195835454
nivelaprob_desc__secundaria,PC45,-0.007109363422284817
nivelaprob_desc__secundaria,PC46,-0.0026798193394473066
nivelaprob_desc__secundaria,PC47,-5.322980766211121e-05
nivelaprob_desc__secundaria,PC48,-0.011373524888767078
nivelaprob_desc__secundaria,PC49,-0.0004638689685861978
nivelaprob_desc__secundaria,PC50,-0.0001785383884483367
nivelaprob_desc__secundaria,PC51,-5.521909704751248e-05
nivelaprob_desc__secundaria,PC52,3.5017558966737676e-05
nivelaprob_desc__secundaria,PC53,-0.0029562939762081777
nivelaprob_desc__secundaria,PC54,-0.00033766693988241704
nivelaprob_desc__secundaria,PC55,2.07214790979003e-08
nivelaprob_desc__secundaria,PC56,0.001527872666400276
nivelaprob_desc__secundaria,PC57,1.0480795208874555e-05
nivelaprob_desc__secundaria,PC58,-3.2093456787936214e-06
nivelaprob_desc__secundaria,PC59,-3.2009588877215797e-06
nivelaprob_desc__secundaria,PC60,3.3922692790536373e-06
nivelaprob_desc__secundaria,PC61,-1.8882232091402557e-07
nivelaprob_desc__secundaria,PC62,-5.152778965069961e-07
nivelaprob_desc__secundaria,PC63,-2.401980155937532e-07
nivelaprob_desc__secundaria,PC64,-8.801292717574779e-08
nivelaprob_desc__secundaria,PC65,-2.935555414808694e-07
nivelaprob_desc__secundaria,PC66,6.882042974850476e-08
nivelaprob_desc__secundaria,PC67,-1.0515984081692319e-16
nivelaprob_desc__secundaria,PC68,-1.1821358129469616e-17
nivelaprob_desc__secundaria,PC69,-2.395136783946022e-16
nivelaprob_desc__secundaria,PC70,3.745042168475483e-16
nivelaprob_desc__secundaria,PC71,4.904519744721019e-17
nivelaprob_desc__secundaria,PC72,-1.546339916487293e-16
nivelaprob_desc__secundaria,PC73,8.277814921121174e-18
nivelaprob_desc__secundaria,PC74,-1.5656862242421058e-16
nivelaprob_desc__secundaria,PC75,1.4497659189285565e-17
nivelaprob_desc__secundaria,PC76,8.065275827549125e-17
nivelaprob_desc__secundaria,PC77,-8.604260657547396e-18
region_banxico__centro,PC1,0.018469461224419243
region_banxico__centro,PC2,-0.01630982040295707
region_banxico__centro,PC3,0.034901657931887084
region_banxico__centro,PC4,0.024777750933923058
region_banxico__centro,PC5,-0.06469699587463151
region_banxico__centro,PC6,-0.09100474455505002
region_banxico__centro,PC7,0.07646282474337285
region_banxico__centro,PC8,0.13922473196738014
region_banxico__centro,PC9,-0.10037034004599488
region_banxico__centro,PC10,-0.03942490823285108
region_banxico__centro,PC11,0.03523783386998815
region_banxico__centro,PC12,0.16514240079903644
region_banxico__centro,PC13,-0.36631605929803623
region_banxico__centro,PC14,-0.07181060890537948
region_banxico__centro,PC15,0.8368776837376578
region_banxico__centro,PC16,-0.14754418885028886
region_banxico__centro,PC17,-0.07150698787795612
region_banxico__centro,PC18,0.09211937706976983
region_banxico__centro,PC19,-0.13527812843009707
region_banxico__centro,PC20,0.12907371517918093
region_banxico__centro,PC21,0.0498298946154524
region_banxico__centro,PC22,-0.04325930097846952
region_banxico__centro,PC23,-0.0361048882721487
region_banxico__centro,PC24,-0.01812909849739853
region_banxico__centro,PC25,-0.060429162860551
region_banxico__centro,PC26,-0.0005509774903332197
region_banxico__centro,PC27,0.0022350342199222595
region_banxico__centro,PC28,0.0007046987556249813
region_banxico__centro,PC29,0.0007164164424062768
region_banxico__centro,PC30,0.0009115584833122273
region_banxico__centro,PC31,-0.005099992295499476
region_banxico__centro,PC32,-0.0017544665855833237
region_banxico__centro,PC33,0.0007719186765650654
region_banxico__centro,PC34,0.0019434998621090933
region_banxico__centro,PC35,-0.0018597828801112364
region_banxico__centro,PC36,-0.0001330658550752833
region_banxico__centro,PC37,0.0010773882348075103
region_banxico__centro,PC38,3.305836038037528e-05
region_banxico__centro,PC39,-0.00021066158537227757
region_banxico__centro,PC40,0.00023169715977829774
region_banxico__centro,PC41,0.00020818601052729642
region_banxico__centro,PC42,0.0001003066981191432
region_banxico__centro,PC43,8.335849401099759e-05
region_banxico__centro,PC44,5.728840947157954e-05
region_banxico__centro,PC45,-3.931227094335804e-05
region_banxico__centro,PC46,2.8909268235042638e-05
region_banxico__centro,PC47,9.145287036316745e-05
region_banxico__centro,PC48,-8.434582487769746e-05
region_banxico__centro,PC49,1.6843650114186515e-05
region_banxico__centro,PC50,3.0256524764538382e-05
region_banxico__centro,PC51,1.4465010529413463e-05
region_banxico__centro,PC52,7.353341002039701e-06
region_banxico__centro,PC53,-2.885678578117883e-06
region_banxico__centro,PC54,-6.481925834955279e-07
region_banxico__centro,PC55,-3.616652544527403e-07
region_banxico__centro,PC56,-5.106116600699345e-06
region_banxico__centro,PC57,-2.4161567520243497e-06
region_banxico__centro,PC58,4.131999051310224e-06
region_banxico__centro,PC59,1.715071662265082e-06
region_banxico__centro,PC60,3.62713075510407e-08
region_banxico__centro,PC61,-4.736646725261053e-07
region_banxico__centro,PC62,5.309026613276099e-07
region_banxico__centro,PC63,-1.5671261492586203e-07
region_banxico__centro,PC64,-4.7862932011170056e-08
region_banxico__centro,PC65,2.5259785144579882e-08
region_banxico__centro,PC66,2.1258281376801055e-07
region_banxico__centro,PC67,1.2562685320921831e-17
region_banxico__centro,PC68,1.8331594528197647e-17
region_banxico__centro,PC69,5.8112295050563265e-16
region_banxico__centro,PC70,3.6082474733252246e-16
region_banxico__centro,PC71,3.4271924142684607e-18
region_banxico__centro,PC72,-9.400272998838039e-18
region_banxico__centro,PC73,1.1736972377342482e-17
region_banxico__centro,PC74,1.1781876006904437e-16
region_banxico__centro,PC75,6.433122850425444e-17
region_banxico__centro,PC76,-3.266279183737908e-17
region_banxico__centro,PC77,1.5542979387775934e-17
region_banxico__centro_norte,PC1,0.004142694367895422
region_banxico__centro_norte,PC2,-0.012192019178757126
region_banxico__centro_norte,PC3,-0.05752876039502678
region_banxico__centro_norte,PC4,0.0298530281048312
region_banxico__centro_norte,PC5,0.04528500229284183
region_banxico__centro_norte,PC6,0.03875338327414534
region_banxico__centro_norte,PC7,0.05157384184000703
region_banxico__centro_norte,PC8,-0.06849026163259886
region_banxico__centro_norte,PC9,0.03594770306699054
region_banxico__centro_norte,PC10,0.015619720191197528
region_banxico__centro_norte,PC11,-0.04263082687111828
region_banxico__centro_norte,PC12,-0.4145206094475451
region_banxico__centro_norte,PC13,0.8818928189518682
region_banxico__centro_norte,PC14,-0.020988182592734897
region_banxico__centro_norte,PC15,0.043967499231618974
region_banxico__centro_norte,PC16,0.034803423075486825
region_banxico__centro_norte,PC17,0.14183162321501366
region_banxico__centro_norte,PC18,0.03259544470482889
region_banxico__centro_norte,PC19,-0.018421995974712415
region_banxico__centro_norte,PC20,0.026960710260763042
region_banxico__centro_norte,PC21,-0.0013238456591441298
region_banxico__centro_norte,PC22,-0.018624707988736094
region_banxico__centro_norte,PC23,-0.023220478688617815
region_banxico__centro_norte,PC24,0.04092991044612812
region_banxico__centro_norte,PC25,-0.05812277927295216
region_banxico__centro_norte,PC26,0.005911018146599534
region_banxico__centro_norte,PC27,0.0006088383309840173
region_banxico__centro_norte,PC28,-0.0017992993595671667
region_banxico__centro_norte,PC29,-0.0012484305299847514
region_banxico__centro_norte,PC30,0.000892942683814372
region_banxico__centro_norte,PC31,0.00024133438446116378
region_banxico__centro_norte,PC32,0.0004908944553391405
region_banxico__centro_norte,PC33,-0.00028611625628472895
region_banxico__centro_norte,PC34,-0.0003380021566787495
region_banxico__centro_norte,PC35,0.0011379860654710352
region_banxico__centro_norte,PC36,0.000501843968537427
region_banxico__centro_norte,PC37,0.00017761839444916126
region_banxico__centro_norte,PC38,3.689298229155123e-05
region_banxico__centro_norte,PC39,2.489023520080521e-05
region_banxico__centro_norte,PC40,0.00010820467894830278
region_banxico__centro_norte,PC41,-5.621227704168253e-05
region_banxico__centro_norte,PC42,2.6424259960894977e-05
region_banxico__centro_norte,PC43,6.025357531944286e-05
region_banxico__centro_norte,PC44,-0.00015119995371125092
region_banxico__centro_norte,PC45,1.913548107923833e-05
region_banxico__centro_norte,PC46,-2.741957571856612e-05
region_banxico__centro_norte,PC47,-0.00010278106547718355
region_banxico__centro_norte,PC48,1.5966132327971252e-06
region_banxico__centro_norte,PC49,1.1899190488516297e-05
region_banxico__centro_norte,PC50,-2.33917853801499e-05
region_banxico__centro_norte,PC51,-9.245357694355926e-06
region_banxico__centro_norte,PC52,5.45529254731305e-06
region_banxico__centro_norte,PC53,4.430951284524886e-06
region_banxico__centro_norte,PC54,2.7978552389346504e-06
region_banxico__centro_norte,PC55,8.953923783726722e-08
region_banxico__centro_norte,PC56,8.591052471820921e-07
region_banxico__centro_norte,PC57,2.086366664456222e-07
region_banxico__centro_norte,PC58,-2.4054551453886864e-06
region_banxico__centro_norte,PC59,-2.2123539818951234e-07
region_banxico__centro_norte,PC60,7.028203276165865e-07
region_banxico__centro_norte,PC61,-7.200232966749861e-08
region_banxico__centro_norte,PC62,-7.27097416993847e-08
region_banxico__centro_norte,PC63,1.4761866881767397e-07
region_banxico__centro_norte,PC64,-8.442924529777198e-10
region_banxico__centro_norte,PC65,-3.832694733418322e-08
region_banxico__centro_norte,PC66,3.032917989827838e-09
region_banxico__centro_norte,PC67,-4.960137598588201e-17
region_banxico__centro_norte,PC68,-6.007837234270936e-17
region_banxico__centro_norte,PC69,-1.2069695934102016e-15
region_banxico__centro_norte,PC70,-5.995587071878158e-16
region_banxico__centro_norte,PC71,2.8904714199923243e-18
region_banxico__centro_norte,PC72,3.601614238970343e-16
region_banxico__centro_norte,PC73,-2.985301222196989e-17
region_banxico__centro_norte,PC74,-1.8792429009467763e-16
region_banxico__centro_norte,PC75,-6.275423671276759e-18
region_banxico__centro_norte,PC76,1.3627004891397325e-16
region_banxico__centro_norte,PC77,-8.191725532168991e-18
region_banxico__norte,PC1,-0.012071953009405617
region_banxico__norte,PC2,-0.00319793957760282
region_banxico__norte,PC3,-0.13552624458200374
region_banxico__norte,PC4,0.09875155140723794
region_banxico__norte,PC5,0.18337094562657213
region_banxico__norte,PC6,0.07022053138002698
region_banxico__norte,PC7,-0.004736249583891734
region_banxico__norte,PC8,-0.07572165825198432
region_banxico__norte,PC9,-0.029196657480811048
region_banxico__norte,PC10,0.11200196788663372
region_banxico__norte,PC11,-0.0270254890528212
region_banxico__norte,PC12,0.1753190633435603
region_banxico__norte,PC13,-0.30895272123364087
region_banxico__norte,PC14,0.13120341102368288
region_banxico__norte,PC15,-0.4865453124296659
region_banxico__norte,PC16,-0.5720799674312248
region_banxico__norte,PC17,0.12889187246214176
region_banxico__norte,PC18,-0.17171909491807655
region_banxico__norte,PC19,0.2315537292820441
region_banxico__norte,PC20,-0.29803698109078786
region_banxico__norte,PC21,0.01556525073241215
region_banxico__norte,PC22,-0.029257273646113902
region_banxico__norte,PC23,-0.01152942366631511
region_banxico__norte,PC24,0.1019164930656143
region_banxico__norte,PC25,-0.07482502977874553
region_banxico__norte,PC26,0.003124224348599244
region_banxico__norte,PC27,-0.006973661047289792
region_banxico__norte,PC28,-0.0011449305916155135
region_banxico__norte,PC29,-0.0018237196815133493
region_banxico__norte,PC30,0.003707917577151105
region_banxico__norte,PC31,0.0037888008116721494
region_banxico__norte,PC32,0.0008985094822991519
region_banxico__norte,PC33,-0.0020324167516119814
region_banxico__norte,PC34,-0.004508558161811171
region_banxico__norte,PC35,-0.00026656306304941144
region_banxico__norte,PC36,0.0011902901791825075
region_banxico__norte,PC37,-0.0012948250845603692
region_banxico__norte,PC38,0.0004852106804451249
region_banxico__norte,PC39,0.00040091438923976666
region_banxico__norte,PC40,-0.00013089552503884607
region_banxico__norte,PC41,-7.789387619364331e-05
region_banxico__norte,PC42,-0.00020167970901206392
region_banxico__norte,PC43,0.000104879689136451
region_banxico__norte,PC44,0.00024653373727613197
region_banxico__norte,PC45,6.122787507152964e-05
region_banxico__norte,PC46,4.214272613468549e-05
region_banxico__norte,PC47,-1.8259201317441707e-07
region_banxico__norte,PC48,0.00010525106372970946
region_banxico__norte,PC49,-2.8386027244763048e-06
region_banxico__norte,PC50,-3.2643124246528053e-06
region_banxico__norte,PC51,2.1767187590424044e-06
region_banxico__norte,PC52,-2.2601823637279404e-05
region_banxico__norte,PC53,-3.422500605031596e-06
region_banxico__norte,PC54,-3.479195499673822e-06
region_banxico__norte,PC55,-3.224349847853006e-06
region_banxico__norte,PC56,1.2132645880651146e-06
region_banxico__norte,PC57,-4.907899092757226e-07
region_banxico__norte,PC58,-7.365517479902396e-08
region_banxico__norte,PC59,-2.090033824095463e-06
region_banxico__norte,PC60,7.97073015879469e-07
region_banxico__norte,PC61,4.466424028290746e-07
region_banxico__norte,PC62,-4.3635396288344254e-07
region_banxico__norte,PC63,2.602297318111682e-08
region_banxico__norte,PC64,5.809057545500491e-08
region_banxico__norte,PC65,-2.5203159651256455e-07
region_banxico__norte,PC66,-2.337264155215588e-08
region_banxico__norte,PC67,1.5173086301308497e-17
region_banxico__norte,PC68,2.6385653017186373e-17
region_banxico__norte,PC69,4.206230635584487e-16
region_banxico__norte,PC70,1.993688454834447e-16
region_banxico__norte,PC71,-3.166494421329937e-17
region_banxico__norte,PC72,-2.811096758530136e-16
region_banxico__norte,PC73,2.994310543064211e-17
region_banxico__norte,PC74,5.334364524846221e-17
region_banxico__norte,PC75,-2.5402081250292114e-17
region_banxico__norte,PC76,-1.276764115196712e-16
region_banxico__norte,PC77,-3.5994777412704883e-17
region_banxico__sur,PC1,-0.011534944917846743
region_banxico__sur,PC2,0.033343906581689495
region_banxico__sur,PC3,0.16214299618943592
region_banxico__sur,PC4,-0.15695583379848554
region_banxico__sur,PC5,-0.16587418536493573
region_banxico__sur,PC6,-0.01830971598767417
region_banxico__sur,PC7,-0.13049894244230276
region_banxico__sur,PC8,0.006297419317411828
region_banxico__sur,PC9,0.09392810454660774
region_banxico__sur,PC10,-0.08830474211111736
region_banxico__sur,PC11,0.036993820926782446
region_banxico__sur,PC12,0.10488639462786159
region_banxico__sur,PC13,-0.2717420357135985
region_banxico__sur,PC14,-0.03417116216543664
region_banxico__sur,PC15,-0.42670539530135737
region_banxico__sur,PC16,0.6872844250444465
region_banxico__sur,PC17,-0.2093940704868962
region_banxico__sur,PC18,0.041074534499417746
region_banxico__sur,PC19,-0.0717341519651608
region_banxico__sur,PC20,0.13539405908580804
region_banxico__sur,PC21,-0.06568698219580789
region_banxico__sur,PC22,0.09430536224174846
region_banxico__sur,PC23,0.07416448275161008
region_banxico__sur,PC24,-0.12779154283673014
region_banxico__sur,PC25,0.20066340418840495
region_banxico__sur,PC26,-0.008990547905927827
region_banxico__sur,PC27,0.004004214887787041
region_banxico__sur,PC28,0.00237525241240661
region_banxico__sur,PC29,0.0024428539823171725
region_banxico__sur,PC30,-0.005625781575589285
region_banxico__sur,PC31,0.0012216458090256815
region_banxico__sur,PC32,0.000381518195125379
region_banxico__sur,PC33,0.0015468591557644415
region_banxico__sur,PC34,0.0028693780937714495
region_banxico__sur,PC35,0.0009521245841560052
region_banxico__sur,PC36,-0.001599795882175763
region_banxico__sur,PC37,-1.2081560362046405e-05
region_banxico__sur,PC38,-0.0005599465554786815
region_banxico__sur,PC39,-0.00021038435540449217
region_banxico__sur,PC40,-0.0002264756266547924
region_banxico__sur,PC41,-7.623518852610302e-05
region_banxico__sur,PC42,6.930562636170262e-05
region_banxico__sur,PC43,-0.00025678192788123596
region_banxico__sur,PC44,-0.00014141873199496806
region_banxico__sur,PC45,-4.1434198614669555e-05
region_banxico__sur,PC46,-4.223819893069299e-05
region_banxico__sur,PC47,1.7444674722238815e-05
region_banxico__sur,PC48,-1.9813007552207542e-05
region_banxico__sur,PC49,-2.7536172646635397e-05
region_banxico__sur,PC50,-2.573480571503047e-06
region_banxico__sur,PC51,-7.079740645104121e-06
region_banxico__sur,PC52,9.074414842150045e-06
region_banxico__sur,PC53,1.587604025896467e-06
region_banxico__sur,PC54,1.1071505768329667e-06
region_banxico__sur,PC55,3.503566596823058e-06
region_banxico__sur,PC56,3.133116759150205e-06
region_banxico__sur,PC57,2.7636677810008867e-06
region_banxico__sur,PC58,-1.5827310126061314e-06
region_banxico__sur,PC59,5.581817034437767e-07
region_banxico__sur,PC60,-1.6002092261998008e-06
region_banxico__sur,PC61,1.2139959324013566e-07
region_banxico__sur,PC62,-3.339779261436466e-08
region_banxico__sur,PC63,-2.4595884258383076e-08
region_banxico__sur,PC64,-7.701433461970101e-09
region_banxico__sur,PC65,2.6781398504162083e-07
region_banxico__sur,PC66,-1.9983347745137382e-07
region_banxico__sur,PC67,2.4766550971873583e-17
region_banxico__sur,PC68,1.6029231245943327e-17
region_banxico__sur,PC69,2.917032012818138e-16
region_banxico__sur,PC70,7.756495410506674e-17
region_banxico__sur,PC71,2.384472111230824e-17
region_banxico__sur,PC72,-1.0520076308891154e-16
region_banxico__sur,PC73,-1.2123599180400249e-17
region_banxico__sur,PC74,2.2060032053256118e-17
region_banxico__sur,PC75,-3.752284534742883e-17
region_banxico__sur,PC76,1.3643125830997107e-17
region_banxico__sur,PC77,2.3881461247192196e-17
tam_loc_desc__localidades_con_100_000_y_mas_habitantes,PC1,-0.046238976500908996
tam_loc_desc__localidades_con_100_000_y_mas_habitantes,PC2,0.017384184690300467
tam_loc_desc__localidades_con_100_000_y_mas_habitantes,PC3,-0.30494268718424694
tam_loc_desc__localidades_con_100_000_y_mas_habitantes,PC4,0.2791492590461961
tam_loc_desc__localidades_con_100_000_y_mas_habitantes,PC5,0.26305147862852374
tam_loc_desc__localidades_con_100_000_y_mas_habitantes,PC6,0.316969405092477
tam_loc_desc__localidades_con_100_000_y_mas_habitantes,PC7,-0.08355226811333603
tam_loc_desc__localidades_con_100_000_y_mas_habitantes,PC8,-0.027373853409906824
tam_loc_desc__localidades_con_100_000_y_mas_habitantes,PC9,0.015746428993994983
tam_loc_desc__localidades_con_100_000_y_mas_habitantes,PC10,-0.047843760048693104
tam_loc_desc__localidades_con_100_000_y_mas_habitantes,PC11,0.14151541269575346
tam_loc_desc__localidades_con_100_000_y_mas_habitantes,PC12,-0.5355686631612299
tam_loc_desc__localidades_con_100_000_y_mas_habitantes,PC13,-0.25521244850734665
tam_loc_desc__localidades_con_100_000_y_mas_habitantes,PC14,0.013065067759783618
tam_loc_desc__localidades_con_100_000_y_mas_habitantes,PC15,-0.18604506500354756
tam_loc_desc__localidades_con_100_000_y_mas_habitantes,PC16,-0.2264730548449143
tam_loc_desc__localidades_con_100_000_y_mas_habitantes,PC17,0.04101769839997249
tam_loc_desc__localidades_con_100_000_y_mas_habitantes,PC18,0.10999111229027886
tam_loc_desc__localidades_con_100_000_y_mas_habitantes,PC19,-0.2280539693819244
tam_loc_desc__localidades_con_100_000_y_mas_habitantes,PC20,0.34606209234271657
tam_loc_desc__localidades_con_100_000_y_mas_habitantes,PC21,0.030062399637361178
tam_loc_desc__localidades_con_100_000_y_mas_habitantes,PC22,0.008985503933847765
tam_loc_desc__localidades_con_100_000_y_mas_habitantes,PC23,-0.0002632838265298539
tam_loc_desc__localidades_con_100_000_y_mas_habitantes,PC24,-0.041904652950164295
tam_loc_desc__localidades_con_100_000_y_mas_habitantes,PC25,-0.0075693403344060635
tam_loc_desc__localidades_con_100_000_y_mas_habitantes,PC26,-0.004594684498386775
tam_loc_desc__localidades_con_100_000_y_mas_habitantes,PC27,0.0064087017114172334
tam_loc_desc__localidades_con_100_000_y_mas_habitantes,PC28,-0.0011609034961472652
tam_loc_desc__localidades_con_100_000_y_mas_habitantes,PC29,-0.00879676506731898
tam_loc_desc__localidades_con_100_000_y_mas_habitantes,PC30,0.0014723962041142116
tam_loc_desc__localidades_con_100_000_y_mas_habitantes,PC31,-0.0075572469143164725
tam_loc_desc__localidades_con_100_000_y_mas_habitantes,PC32,-0.007566818382124289
tam_loc_desc__localidades_con_100_000_y_mas_habitantes,PC33,-0.0010363130767117223
tam_loc_desc__localidades_con_100_000_y_mas_habitantes,PC34,0.0010099312194668324
tam_loc_desc__localidades_con_100_000_y_mas_habitantes,PC35,-0.005649474640061215
tam_loc_desc__localidades_con_100_000_y_mas_habitantes,PC36,0.002315339529326582
tam_loc_desc__localidades_con_100_000_y_mas_habitantes,PC37,-0.00039125293379014143
tam_loc_desc__localidades_con_100_000_y_mas_habitantes,PC38,0.0010926862576782043
tam_loc_desc__localidades_con_100_000_y_mas_habitantes,PC39,0.0009409074361299859
tam_loc_desc__localidades_con_100_000_y_mas_habitantes,PC40,-1.7717994298790343e-05
tam_loc_desc__localidades_con_100_000_y_mas_habitantes,PC41,-0.00010259011634409331
tam_loc_desc__localidades_con_100_000_y_mas_habitantes,PC42,-4.13184189165594e-05
tam_loc_desc__localidades_con_100_000_y_mas_habitantes,PC43,0.00017061493242126404
tam_loc_desc__localidades_con_100_000_y_mas_habitantes,PC44,0.00021429156270241724
tam_loc_desc__localidades_con_100_000_y_mas_habitantes,PC45,0.00017675538141139786
tam_loc_desc__localidades_con_100_000_y_mas_habitantes,PC46,-2.057151459565722e-05
tam_loc_desc__localidades_con_100_000_y_mas_habitantes,PC47,-2.9832619161964248e-05
tam_loc_desc__localidades_con_100_000_y_mas_habitantes,PC48,-0.00010912187958846622
tam_loc_desc__localidades_con_100_000_y_mas_habitantes,PC49,1.7196725530408555e-05
tam_loc_desc__localidades_con_100_000_y_mas_habitantes,PC50,-5.2003130393466136e-05
tam_loc_desc__localidades_con_100_000_y_mas_habitantes,PC51,8.354740933092095e-06
tam_loc_desc__localidades_con_100_000_y_mas_habitantes,PC52,-9.127044752641269e-06
tam_loc_desc__localidades_con_100_000_y_mas_habitantes,PC53,3.0554702526265785e-06
tam_loc_desc__localidades_con_100_000_y_mas_habitantes,PC54,-7.392009071444357e-06
tam_loc_desc__localidades_con_100_000_y_mas_habitantes,PC55,-2.078699913594975e-06
tam_loc_desc__localidades_con_100_000_y_mas_habitantes,PC56,1.2912162318545744e-06
tam_loc_desc__localidades_con_100_000_y_mas_habitantes,PC57,1.8222101792033682e-06
tam_loc_desc__localidades_con_100_000_y_mas_habitantes,PC58,-1.0389299181619284e-06
tam_loc_desc__localidades_con_100_000_y_mas_habitantes,PC59,8.346272131325553e-07
tam_loc_desc__localidades_con_100_000_y_mas_habitantes,PC60,9.887823644418865e-08
tam_loc_desc__localidades_con_100_000_y_mas_habitantes,PC61,-3.120831172558037e-07
tam_loc_desc__localidades_con_100_000_y_mas_habitantes,PC62,1.7183745055201264e-07
tam_loc_desc__localidades_con_100_000_y_mas_habitantes,PC63,6.188519265342042e-08
tam_loc_desc__localidades_con_100_000_y_mas_habitantes,PC64,5.96808601033531e-08
tam_loc_desc__localidades_con_100_000_y_mas_habitantes,PC65,-3.528331537224616e-08
tam_loc_desc__localidades_con_100_000_y_mas_habitantes,PC66,-1.8914855033753729e-07
tam_loc_desc__localidades_con_100_000_y_mas_habitantes,PC67,-7.839810619023049e-18
tam_loc_desc__localidades_con_100_000_y_mas_habitantes,PC68,-2.3286201728178122e-17
tam_loc_desc__localidades_con_100_000_y_mas_habitantes,PC69,8.029541402642998e-17
tam_loc_desc__localidades_con_100_000_y_mas_habitantes,PC70,2.6663048646654924e-16
tam_loc_desc__localidades_con_100_000_y_mas_habitantes,PC71,2.947760903442815e-17
tam_loc_desc__localidades_con_100_000_y_mas_habitantes,PC72,3.658683463115136e-16
tam_loc_desc__localidades_con_100_000_y_mas_habitantes,PC73,-1.827186812500088e-16
tam_loc_desc__localidades_con_100_000_y_mas_habitantes,PC74,1.8920254546825826e-17
tam_loc_desc__localidades_con_100_000_y_mas_habitantes,PC75,-8.327385358659411e-17
tam_loc_desc__localidades_con_100_000_y_mas_habitantes,PC76,1.161415276827931e-16
tam_loc_desc__localidades_con_100_000_y_mas_habitantes,PC77,5.267359400572642e-17
tam_loc_desc__localidades_con_15_000_a_99_999_habitantes,PC1,0.006039636260122395
tam_loc_desc__localidades_con_15_000_a_99_999_habitantes,PC2,0.00437606544851158
tam_loc_desc__localidades_con_15_000_a_99_999_habitantes,PC3,-0.02983937206101028
tam_loc_desc__localidades_con_15_000_a_99_999_habitantes,PC4,0.014795068445512224
tam_loc_desc__localidades_con_15_000_a_99_999_habitantes,PC5,0.005804318271135663
tam_loc_desc__localidades_con_15_000_a_99_999_habitantes,PC6,0.009957351931930147
tam_loc_desc__localidades_con_15_000_a_99_999_habitantes,PC7,0.010951359576732404
tam_loc_desc__localidades_con_15_000_a_99_999_habitantes,PC8,0.04130760093232161
tam_loc_desc__localidades_con_15_000_a_99_999_habitantes,PC9,-0.008949811668929487
tam_loc_desc__localidades_con_15_000_a_99_999_habitantes,PC10,-0.02660192422495563
tam_loc_desc__localidades_con_15_000_a_99_999_habitantes,PC11,-0.014044536443778113
tam_loc_desc__localidades_con_15_000_a_99_999_habitantes,PC12,-0.02154966585928547
tam_loc_desc__localidades_con_15_000_a_99_999_habitantes,PC13,0.04401303351057747
tam_loc_desc__localidades_con_15_000_a_99_999_habitantes,PC14,0.005088798885153587
tam_loc_desc__localidades_con_15_000_a_99_999_habitantes,PC15,0.1510742715041182
tam_loc_desc__localidades_con_15_000_a_99_999_habitantes,PC16,0.23367832558443355
tam_loc_desc__localidades_con_15_000_a_99_999_habitantes,PC17,-0.12034950800352942
tam_loc_desc__localidades_con_15_000_a_99_999_habitantes,PC18,-0.015185350618138336
tam_loc_desc__localidades_con_15_000_a_99_999_habitantes,PC19,0.3732229974193893
tam_loc_desc__localidades_con_15_000_a_99_999_habitantes,PC20,-0.4645004074247545
tam_loc_desc__localidades_con_15_000_a_99_999_habitantes,PC21,-0.03702443835007653
tam_loc_desc__localidades_con_15_000_a_99_999_habitantes,PC22,-0.027588260665604273
tam_loc_desc__localidades_con_15_000_a_99_999_habitantes,PC23,-0.20275568487031795
tam_loc_desc__localidades_con_15_000_a_99_999_habitantes,PC24,-0.6431965219788098
tam_loc_desc__localidades_con_15_000_a_99_999_habitantes,PC25,-0.29815708221867615
tam_loc_desc__localidades_con_15_000_a_99_999_habitantes,PC26,-0.015327144819372475
tam_loc_desc__localidades_con_15_000_a_99_999_habitantes,PC27,0.009053906652928411
tam_loc_desc__localidades_con_15_000_a_99_999_habitantes,PC28,0.0023519713592366496
tam_loc_desc__localidades_con_15_000_a_99_999_habitantes,PC29,-0.0055473124468467475
tam_loc_desc__localidades_con_15_000_a_99_999_habitantes,PC30,0.0029943588736344056
tam_loc_desc__localidades_con_15_000_a_99_999_habitantes,PC31,-0.0053374222690998
tam_loc_desc__localidades_con_15_000_a_99_999_habitantes,PC32,-0.005225558927236606
tam_loc_desc__localidades_con_15_000_a_99_999_habitantes,PC33,0.0006776665040769631
tam_loc_desc__localidades_con_15_000_a_99_999_habitantes,PC34,-0.0005862754693297928
tam_loc_desc__localidades_con_15_000_a_99_999_habitantes,PC35,-0.0011316308129418165
tam_loc_desc__localidades_con_15_000_a_99_999_habitantes,PC36,0.0015372191814609017
tam_loc_desc__localidades_con_15_000_a_99_999_habitantes,PC37,0.00037925934193787267
tam_loc_desc__localidades_con_15_000_a_99_999_habitantes,PC38,0.00026822440658673743
tam_loc_desc__localidades_con_15_000_a_99_999_habitantes,PC39,-9.625345606962739e-05
tam_loc_desc__localidades_con_15_000_a_99_999_habitantes,PC40,-6.737012018219341e-05
tam_loc_desc__localidades_con_15_000_a_99_999_habitantes,PC41,0.0002356528592954338
tam_loc_desc__localidades_con_15_000_a_99_999_habitantes,PC42,-4.711437261251819e-05
tam_loc_desc__localidades_con_15_000_a_99_999_habitantes,PC43,3.449304284751951e-06
tam_loc_desc__localidades_con_15_000_a_99_999_habitantes,PC44,-0.00018458948506060207
tam_loc_desc__localidades_con_15_000_a_99_999_habitantes,PC45,3.0048467631913696e-05
tam_loc_desc__localidades_con_15_000_a_99_999_habitantes,PC46,-1.8343481647296337e-05
tam_loc_desc__localidades_con_15_000_a_99_999_habitantes,PC47,-3.1155681553696376e-05
tam_loc_desc__localidades_con_15_000_a_99_999_habitantes,PC48,1.1491912588252134e-05
tam_loc_desc__localidades_con_15_000_a_99_999_habitantes,PC49,7.5319685725956285e-06
tam_loc_desc__localidades_con_15_000_a_99_999_habitantes,PC50,-6.115080061715667e-06
tam_loc_desc__localidades_con_15_000_a_99_999_habitantes,PC51,8.414395612879929e-07
tam_loc_desc__localidades_con_15_000_a_99_999_habitantes,PC52,-1.908829179809998e-05
tam_loc_desc__localidades_con_15_000_a_99_999_habitantes,PC53,7.211879779508273e-06
tam_loc_desc__localidades_con_15_000_a_99_999_habitantes,PC54,1.2966306592682856e-05
tam_loc_desc__localidades_con_15_000_a_99_999_habitantes,PC55,-1.762737287921454e-06
tam_loc_desc__localidades_con_15_000_a_99_999_habitantes,PC56,2.6163214660703313e-06
tam_loc_desc__localidades_con_15_000_a_99_999_habitantes,PC57,-5.324576078390525e-07
tam_loc_desc__localidades_con_15_000_a_99_999_habitantes,PC58,-2.5915635084446377e-06
tam_loc_desc__localidades_con_15_000_a_99_999_habitantes,PC59,-4.618178442405756e-06
tam_loc_desc__localidades_con_15_000_a_99_999_habitantes,PC60,4.625543371423555e-06
tam_loc_desc__localidades_con_15_000_a_99_999_habitantes,PC61,2.967424296020867e-07
tam_loc_desc__localidades_con_15_000_a_99_999_habitantes,PC62,-2.0106349991496958e-08
tam_loc_desc__localidades_con_15_000_a_99_999_habitantes,PC63,-5.51629846456773e-07
tam_loc_desc__localidades_con_15_000_a_99_999_habitantes,PC64,-1.0307926340370899e-07
tam_loc_desc__localidades_con_15_000_a_99_999_habitantes,PC65,9.035293177058981e-08
tam_loc_desc__localidades_con_15_000_a_99_999_habitantes,PC66,5.377659184484208e-07
tam_loc_desc__localidades_con_15_000_a_99_999_habitantes,PC67,-8.365129686763078e-17
tam_loc_desc__localidades_con_15_000_a_99_999_habitantes,PC68,3.8627691248007363e-17
tam_loc_desc__localidades_con_15_000_a_99_999_habitantes,PC69,-2.3060987461914054e-17
tam_loc_desc__localidades_con_15_000_a_99_999_habitantes,PC70,-5.376282140126277e-16
tam_loc_desc__localidades_con_15_000_a_99_999_habitantes,PC71,8.355840946703487e-17
tam_loc_desc__localidades_con_15_000_a_99_999_habitantes,PC72,-1.2729528462245667e-15
tam_loc_desc__localidades_con_15_000_a_99_999_habitantes,PC73,7.252112563088626e-16
tam_loc_desc__localidades_con_15_000_a_99_999_habitantes,PC74,-1.0915483457873974e-16
tam_loc_desc__localidades_con_15_000_a_99_999_habitantes,PC75,3.114744261283541e-16
tam_loc_desc__localidades_con_15_000_a_99_999_habitantes,PC76,-2.6580616030658155e-16
tam_loc_desc__localidades_con_15_000_a_99_999_habitantes,PC77,7.600944100952239e-17
tam_loc_desc__localidades_con_2_500_a_14_999_habitantes,PC1,0.02227758200103541
tam_loc_desc__localidades_con_2_500_a_14_999_habitantes,PC2,-0.0022072033731771177
tam_loc_desc__localidades_con_2_500_a_14_999_habitantes,PC3,0.051413971018016084
tam_loc_desc__localidades_con_2_500_a_14_999_habitantes,PC4,-0.029941883754022493
tam_loc_desc__localidades_con_2_500_a_14_999_habitantes,PC5,-0.052008075775482034
tam_loc_desc__localidades_con_2_500_a_14_999_habitantes,PC6,-0.03686066061126854
tam_loc_desc__localidades_con_2_500_a_14_999_habitantes,PC7,0.008123951839839098
tam_loc_desc__localidades_con_2_500_a_14_999_habitantes,PC8,0.049997690460502245
tam_loc_desc__localidades_con_2_500_a_14_999_habitantes,PC9,-0.008823577860557971
tam_loc_desc__localidades_con_2_500_a_14_999_habitantes,PC10,-0.0332279894579563
tam_loc_desc__localidades_con_2_500_a_14_999_habitantes,PC11,0.005054543219151518
tam_loc_desc__localidades_con_2_500_a_14_999_habitantes,PC12,-0.0955916101502277
tam_loc_desc__localidades_con_2_500_a_14_999_habitantes,PC13,-0.035398222078820624
tam_loc_desc__localidades_con_2_500_a_14_999_habitantes,PC14,0.001676536084398338
tam_loc_desc__localidades_con_2_500_a_14_999_habitantes,PC15,0.20368923008811074
tam_loc_desc__localidades_con_2_500_a_14_999_habitantes,PC16,0.29233365428365315
tam_loc_desc__localidades_con_2_500_a_14_999_habitantes,PC17,-0.19804170313065822
tam_loc_desc__localidades_con_2_500_a_14_999_habitantes,PC18,0.20808213557187027
tam_loc_desc__localidades_con_2_500_a_14_999_habitantes,PC19,0.31663576473075583
tam_loc_desc__localidades_con_2_500_a_14_999_habitantes,PC20,-0.34034504470462706
tam_loc_desc__localidades_con_2_500_a_14_999_habitantes,PC21,0.1366186812536995
tam_loc_desc__localidades_con_2_500_a_14_999_habitantes,PC22,-0.055108075252190934
tam_loc_desc__localidades_con_2_500_a_14_999_habitantes,PC23,0.18743006806169923
tam_loc_desc__localidades_con_2_500_a_14_999_habitantes,PC24,0.678902658727093
tam_loc_desc__localidades_con_2_500_a_14_999_habitantes,PC25,0.18519329282178354
tam_loc_desc__localidades_con_2_500_a_14_999_habitantes,PC26,0.006615772755662032
tam_loc_desc__localidades_con_2_500_a_14_999_habitantes,PC27,-0.0012977629973746564
tam_loc_desc__localidades_con_2_500_a_14_999_habitantes,PC28,0.001530252026062357
tam_loc_desc__localidades_con_2_500_a_14_999_habitantes,PC29,0.006618896947050065
tam_loc_desc__localidades_con_2_500_a_14_999_habitantes,PC30,-0.0005447097537567496
tam_loc_desc__localidades_con_2_500_a_14_999_habitantes,PC31,0.0039301473023610235
tam_loc_desc__localidades_con_2_500_a_14_999_habitantes,PC32,0.0035956579182378203
tam_loc_desc__localidades_con_2_500_a_14_999_habitantes,PC33,-0.0015932857627536283
tam_loc_desc__localidades_con_2_500_a_14_999_habitantes,PC34,-0.0010539814451566913
tam_loc_desc__localidades_con_2_500_a_14_999_habitantes,PC35,0.0018455176536269645
tam_loc_desc__localidades_con_2_500_a_14_999_habitantes,PC36,-0.0019248579101353261
tam_loc_desc__localidades_con_2_500_a_14_999_habitantes,PC37,0.00030801164462591874
tam_loc_desc__localidades_con_2_500_a_14_999_habitantes,PC38,-1.83020848093225e-05
tam_loc_desc__localidades_con_2_500_a_14_999_habitantes,PC39,-0.0006002953965038289
tam_loc_desc__localidades_con_2_500_a_14_999_habitantes,PC40,0.00020283140047752223
tam_loc_desc__localidades_con_2_500_a_14_999_habitantes,PC41,5.2766225947374156e-05
tam_loc_desc__localidades_con_2_500_a_14_999_habitantes,PC42,1.962410920329821e-05
tam_loc_desc__localidades_con_2_500_a_14_999_habitantes,PC43,3.300884716913497e-05
tam_loc_desc__localidades_con_2_500_a_14_999_habitantes,PC44,-0.00018778388017672088
tam_loc_desc__localidades_con_2_500_a_14_999_habitantes,PC45,-0.00013912600057678867
tam_loc_desc__localidades_con_2_500_a_14_999_habitantes,PC46,8.151212195707671e-05
tam_loc_desc__localidades_con_2_500_a_14_999_habitantes,PC47,8.931404817033414e-05
tam_loc_desc__localidades_con_2_500_a_14_999_habitantes,PC48,9.465535121925607e-05
tam_loc_desc__localidades_con_2_500_a_14_999_habitantes,PC49,-3.783349259141444e-05
tam_loc_desc__localidades_con_2_500_a_14_999_habitantes,PC50,2.5047736805583128e-05
tam_loc_desc__localidades_con_2_500_a_14_999_habitantes,PC51,-7.5946739039933115e-06
tam_loc_desc__localidades_con_2_500_a_14_999_habitantes,PC52,2.81123207195603e-05
tam_loc_desc__localidades_con_2_500_a_14_999_habitantes,PC53,-1.6141435073072374e-05
tam_loc_desc__localidades_con_2_500_a_14_999_habitantes,PC54,1.0292135369394864e-06
tam_loc_desc__localidades_con_2_500_a_14_999_habitantes,PC55,4.893917589894085e-06
tam_loc_desc__localidades_con_2_500_a_14_999_habitantes,PC56,1.0687019457836986e-06
tam_loc_desc__localidades_con_2_500_a_14_999_habitantes,PC57,-2.4202609163864974e-06
tam_loc_desc__localidades_con_2_500_a_14_999_habitantes,PC58,3.442783151681222e-06
tam_loc_desc__localidades_con_2_500_a_14_999_habitantes,PC59,2.896904849383551e-07
tam_loc_desc__localidades_con_2_500_a_14_999_habitantes,PC60,-6.983787344387226e-06
tam_loc_desc__localidades_con_2_500_a_14_999_habitantes,PC61,5.001969814920366e-07
tam_loc_desc__localidades_con_2_500_a_14_999_habitantes,PC62,-1.3614857751190133e-07
tam_loc_desc__localidades_con_2_500_a_14_999_habitantes,PC63,2.5693145568844286e-07
tam_loc_desc__localidades_con_2_500_a_14_999_habitantes,PC64,1.5231422559833838e-08
tam_loc_desc__localidades_con_2_500_a_14_999_habitantes,PC65,-7.492019638514659e-08
tam_loc_desc__localidades_con_2_500_a_14_999_habitantes,PC66,-1.2126535180880608e-07
tam_loc_desc__localidades_con_2_500_a_14_999_habitantes,PC67,5.963910974889576e-17
tam_loc_desc__localidades_con_2_500_a_14_999_habitantes,PC68,-2.5431617639633104e-17
tam_loc_desc__localidades_con_2_500_a_14_999_habitantes,PC69,-1.179939150341749e-16
tam_loc_desc__localidades_con_2_500_a_14_999_habitantes,PC70,1.3251777145845106e-16
tam_loc_desc__localidades_con_2_500_a_14_999_habitantes,PC71,-7.983219238777896e-17
tam_loc_desc__localidades_con_2_500_a_14_999_habitantes,PC72,4.972121490819211e-16
tam_loc_desc__localidades_con_2_500_a_14_999_habitantes,PC73,-3.0328251904280304e-16
tam_loc_desc__localidades_con_2_500_a_14_999_habitantes,PC74,3.4672009320659224e-17
tam_loc_desc__localidades_con_2_500_a_14_999_habitantes,PC75,-1.0678506642841919e-16
tam_loc_desc__localidades_con_2_500_a_14_999_habitantes,PC76,2.766643833002941e-17
tam_loc_desc__localidades_con_2_500_a_14_999_habitantes,PC77,-1.4556897359074794e-16
tam_loc_desc__localidades_con_menos_de_2_500_habitantes,PC1,0.027418055568525595
tam_loc_desc__localidades_con_menos_de_2_500_habitantes,PC2,-0.01891865963645117
tam_loc_desc__localidades_con_menos_de_2_500_habitantes,PC3,0.2919613781678581
tam_loc_desc__localidades_con_menos_de_2_500_habitantes,PC4,-0.2705078395408935
tam_loc_desc__localidades_con_menos_de_2_500_habitantes,PC5,-0.2333700751108994
tam_loc_desc__localidades_con_menos_de_2_500_habitantes,PC6,-0.3006549752593975
tam_loc_desc__localidades_con_menos_de_2_500_habitantes,PC7,0.0712736699202364
tam_loc_desc__localidades_con_menos_de_2_500_habitantes,PC8,-0.03386179095078133
tam_loc_desc__localidades_con_menos_de_2_500_habitantes,PC9,-0.003901232429417022
tam_loc_desc__localidades_con_menos_de_2_500_habitantes,PC10,0.08838980366791975
tam_loc_desc__localidades_con_menos_de_2_500_habitantes,PC11,-0.13646237459319108
tam_loc_desc__localidades_con_menos_de_2_500_habitantes,PC12,0.6180493834980538
tam_loc_desc__localidades_con_menos_de_2_500_habitantes,PC13,0.2514311566419552
tam_loc_desc__localidades_con_menos_de_2_500_habitantes,PC14,-0.01767736462527181
tam_loc_desc__localidades_con_menos_de_2_500_habitantes,PC15,-0.05147511289462561
tam_loc_desc__localidades_con_menos_de_2_500_habitantes,PC16,-0.12591576998942758
tam_loc_desc__localidades_con_menos_de_2_500_habitantes,PC17,0.17309827412476742
tam_loc_desc__localidades_con_menos_de_2_500_habitantes,PC18,-0.24144584531347665
tam_loc_desc__localidades_con_menos_de_2_500_habitantes,PC19,-0.23386733827433864
tam_loc_desc__localidades_con_menos_de_2_500_habitantes,PC20,0.19205701590418434
tam_loc_desc__localidades_con_menos_de_2_500_habitantes,PC21,-0.09805690220102475
tam_loc_desc__localidades_con_menos_de_2_500_habitantes,PC22,0.046674493083977045
tam_loc_desc__localidades_con_menos_de_2_500_habitantes,PC23,0.008612754405216581
tam_loc_desc__localidades_con_menos_de_2_500_habitantes,PC24,0.011556417480653086
tam_loc_desc__localidades_con_menos_de_2_500_habitantes,PC25,0.0811200061400258
tam_loc_desc__localidades_con_menos_de_2_500_habitantes,PC26,0.010368688806611088
tam_loc_desc__localidades_con_menos_de_2_500_habitantes,PC27,-0.011610160829775739
tam_loc_desc__localidades_con_menos_de_2_500_habitantes,PC28,-0.0014368427340046132
tam_loc_desc__localidades_con_menos_de_2_500_habitantes,PC29,0.008071231537041148
tam_loc_desc__localidades_con_menos_de_2_500_habitantes,PC30,-0.003110358345720957
tam_loc_desc__localidades_con_menos_de_2_500_habitantes,PC31,0.008504397459762341
tam_loc_desc__localidades_con_menos_de_2_500_habitantes,PC32,0.00866588650227592
tam_loc_desc__localidades_con_menos_de_2_500_habitantes,PC33,0.0016695932620874605
tam_loc_desc__localidades_con_menos_de_2_500_habitantes,PC34,8.842616812988605e-05
tam_loc_desc__localidades_con_menos_de_2_500_habitantes,PC35,0.005190452553097873
tam_loc_desc__localidades_con_menos_de_2_500_habitantes,PC36,-0.0020521080172330006
tam_loc_desc__localidades_con_menos_de_2_500_habitantes,PC37,-6.782547029926441e-05
tam_loc_desc__localidades_con_menos_de_2_500_habitantes,PC38,-0.0012661204100872345
tam_loc_desc__localidades_con_menos_de_2_500_habitantes,PC39,-0.00047618520447891585
tam_loc_desc__localidades_con_menos_de_2_500_habitantes,PC40,-7.456371218093205e-05
tam_loc_desc__localidades_con_menos_de_2_500_habitantes,PC41,-8.9689462126956e-05
tam_loc_desc__localidades_con_menos_de_2_500_habitantes,PC42,5.972116289104947e-05
tam_loc_desc__localidades_con_menos_de_2_500_habitantes,PC43,-0.00019634300153077895
tam_loc_desc__localidades_con_menos_de_2_500_habitantes,PC44,3.4638342843468685e-05
tam_loc_desc__localidades_con_menos_de_2_500_habitantes,PC45,-0.00010371537924626927
tam_loc_desc__localidades_con_menos_de_2_500_habitantes,PC46,-2.2252986163218773e-05
tam_loc_desc__localidades_con_menos_de_2_500_habitantes,PC47,-9.66922304744219e-06
tam_loc_desc__localidades_con_menos_de_2_500_habitantes,PC48,3.80546334687488e-05
tam_loc_desc__localidades_con_menos_de_2_500_habitantes,PC49,3.2869161001607937e-06
tam_loc_desc__localidades_con_menos_de_2_500_habitantes,PC50,3.945115340837725e-05
tam_loc_desc__localidades_con_menos_de_2_500_habitantes,PC51,-3.8265246093257514e-06
tam_loc_desc__localidades_con_menos_de_2_500_habitantes,PC52,2.8835748773590776e-06
tam_loc_desc__localidades_con_menos_de_2_500_habitantes,PC53,3.0435160420935176e-06
tam_loc_desc__localidades_con_menos_de_2_500_habitantes,PC54,-1.907783757920701e-06
tam_loc_desc__localidades_con_menos_de_2_500_habitantes,PC55,-4.590507969110606e-08
tam_loc_desc__localidades_con_menos_de_2_500_habitantes,PC56,-3.7682763156956285e-06
tam_loc_desc__localidades_con_menos_de_2_500_habitantes,PC57,1.6021125567175483e-07
tam_loc_desc__localidades_con_menos_de_2_500_habitantes,PC58,4.4320326149440167e-07
tam_loc_desc__localidades_con_menos_de_2_500_habitantes,PC59,2.0446616718427326e-06
tam_loc_desc__localidades_con_menos_de_2_500_habitantes,PC60,1.5435277311887385e-06
tam_loc_desc__localidades_con_menos_de_2_500_habitantes,PC61,-2.2257619459694081e-07
tam_loc_desc__localidades_con_menos_de_2_500_habitantes,PC62,-6.73249955596746e-08
tam_loc_desc__localidades_con_menos_de_2_500_habitantes,PC63,1.3174099970346357e-07
tam_loc_desc__localidades_con_menos_de_2_500_habitantes,PC64,-1.6083431579329754e-09
tam_loc_desc__localidades_con_menos_de_2_500_habitantes,PC65,2.5960906912295386e-08
tam_loc_desc__localidades_con_menos_de_2_500_habitantes,PC66,-8.628386653582542e-08
tam_loc_desc__localidades_con_menos_de_2_500_habitantes,PC67,2.295727983049009e-17
tam_loc_desc__localidades_con_menos_de_2_500_habitantes,PC68,1.1496698369942994e-17
tam_loc_desc__localidades_con_menos_de_2_500_habitantes,PC69,1.476359171591766e-17
tam_loc_desc__localidades_con_menos_de_2_500_habitantes,PC70,-1.5065843885861893e-17
tam_loc_desc__localidades_con_menos_de_2_500_habitantes,PC71,-3.491467747516501e-17
tam_loc_desc__localidades_con_menos_de_2_500_habitantes,PC72,1.3869387993255972e-16
tam_loc_desc__localidades_con_menos_de_2_500_habitantes,PC73,-9.379181594371524e-17
tam_loc_desc__localidades_con_menos_de_2_500_habitantes,PC74,2.909704486868614e-17
tam_loc_desc__localidades_con_menos_de_2_500_habitantes,PC75,-5.79069453862126e-17
tam_loc_desc__localidades_con_menos_de_2_500_habitantes,PC76,4.278752843340216e-17
tam_loc_desc__localidades_con_menos_de_2_500_habitantes,PC77,-2.074574718103741e-18
parentesco_desc__abuelo_a,PC1,-0.007663555765741877
parentesco_desc__abuelo_a,PC2,-0.01035072419076919
parentesco_desc__abuelo_a,PC3,0.021931625775081596
parentesco_desc__abuelo_a,PC4,0.004000114626307778
parentesco_desc__abuelo_a,PC5,0.009268804740911624
parentesco_desc__abuelo_a,PC6,0.00012357648743727297
parentesco_desc__abuelo_a,PC7,0.00019268465043415604
parentesco_desc__abuelo_a,PC8,0.009084524537049965
parentesco_desc__abuelo_a,PC9,-0.009743702224452502
parentesco_desc__abuelo_a,PC10,-0.002209176616316745
parentesco_desc__abuelo_a,PC11,0.003982365643761212
parentesco_desc__abuelo_a,PC12,-0.0010593289241676205
parentesco_desc__abuelo_a,PC13,-0.007000636725975395
parentesco_desc__abuelo_a,PC14,0.0018239470434717126
parentesco_desc__abuelo_a,PC15,0.004415048788908341
parentesco_desc__abuelo_a,PC16,0.0026430980676432187
parentesco_desc__abuelo_a,PC17,0.006647872341949025
parentesco_desc__abuelo_a,PC18,-0.002352217711443096
parentesco_desc__abuelo_a,PC19,-0.008532504381247228
parentesco_desc__abuelo_a,PC20,-0.006344882155518551
parentesco_desc__abuelo_a,PC21,-0.00041138289024518813
parentesco_desc__abuelo_a,PC22,0.00983918930918335
parentesco_desc__abuelo_a,PC23,0.0013480921133908834
parentesco_desc__abuelo_a,PC24,0.007799184612262851
parentesco_desc__abuelo_a,PC25,-0.014129342640265653
parentesco_desc__abuelo_a,PC26,0.004984455532472611
parentesco_desc__abuelo_a,PC27,0.005982881374297076
parentesco_desc__abuelo_a,PC28,-0.002232557393336405
parentesco_desc__abuelo_a,PC29,-0.004917073888766848
parentesco_desc__abuelo_a,PC30,0.0035753352992664708
parentesco_desc__abuelo_a,PC31,-0.0018164815701133053
parentesco_desc__abuelo_a,PC32,0.023045977522994726
parentesco_desc__abuelo_a,PC33,0.003994279832370335
parentesco_desc__abuelo_a,PC34,0.005939115578970934
parentesco_desc__abuelo_a,PC35,-0.0012739135066979072
parentesco_desc__abuelo_a,PC36,-0.01846884658795118
parentesco_desc__abuelo_a,PC37,0.03807694059594453
parentesco_desc__abuelo_a,PC38,-0.034887762718891525
parentesco_desc__abuelo_a,PC39,-0.018530247247912027
parentesco_desc__abuelo_a,PC40,0.006869229587751058
parentesco_desc__abuelo_a,PC41,0.008324428055880047
parentesco_desc__abuelo_a,PC42,0.004049174226641426
parentesco_desc__abuelo_a,PC43,-0.00030970416837905755
parentesco_desc__abuelo_a,PC44,-0.006318091491014506
parentesco_desc__abuelo_a,PC45,-0.004929515332173979
parentesco_desc__abuelo_a,PC46,-0.0013926673536171494
parentesco_desc__abuelo_a,PC47,0.01658649166131324
parentesco_desc__abuelo_a,PC48,-0.004215822176790816
parentesco_desc__abuelo_a,PC49,0.015578058221658619
parentesco_desc__abuelo_a,PC50,0.019586905087280986
parentesco_desc__abuelo_a,PC51,0.0615661337312339
parentesco_desc__abuelo_a,PC52,-0.002012135199810699
parentesco_desc__abuelo_a,PC53,-0.005447748400152685
parentesco_desc__abuelo_a,PC54,0.04064530549006645
parentesco_desc__abuelo_a,PC55,0.15384280160734062
parentesco_desc__abuelo_a,PC56,-0.003529017571291054
parentesco_desc__abuelo_a,PC57,0.8264441262499661
parentesco_desc__abuelo_a,PC58,-0.5023683113249796
parentesco_desc__abuelo_a,PC59,-0.15030734031140297
parentesco_desc__abuelo_a,PC60,-0.06376292565705748
parentesco_desc__abuelo_a,PC61,-0.03946953466439739
parentesco_desc__abuelo_a,PC62,6.0002227696113645e-05
parentesco_desc__abuelo_a,PC63,-0.023139122425324163
parentesco_desc__abuelo_a,PC64,1.2388938252546087e-05
parentesco_desc__abuelo_a,PC65,-4.639832033363469e-05
parentesco_desc__abuelo_a,PC66,1.7693996245832247e-05
parentesco_desc__abuelo_a,PC67,-1.6452957473043525e-15
parentesco_desc__abuelo_a,PC68,-5.18165556063464e-16
parentesco_desc__abuelo_a,PC69,-3.307086246315144e-16
parentesco_desc__abuelo_a,PC70,5.016352021714801e-16
parentesco_desc__abuelo_a,PC71,1.1508094640792652e-15
parentesco_desc__abuelo_a,PC72,8.689555719013125e-16
parentesco_desc__abuelo_a,PC73,-5.631535219595959e-16
parentesco_desc__abuelo_a,PC74,1.2504354097651688e-15
parentesco_desc__abuelo_a,PC75,-1.0974711474261794e-17
parentesco_desc__abuelo_a,PC76,2.44061568392138e-15
parentesco_desc__abuelo_a,PC77,-3.961897826637715e-16
parentesco_desc__ahijado_a,PC1,0.0013171055436122499
parentesco_desc__ahijado_a,PC2,0.0021086577086868847
parentesco_desc__ahijado_a,PC3,-0.005582578166013477
parentesco_desc__ahijado_a,PC4,0.0027906203006802526
parentesco_desc__ahijado_a,PC5,-0.00021509954930780094
parentesco_desc__ahijado_a,PC6,-0.002720875862498527
parentesco_desc__ahijado_a,PC7,-0.0032249342296401763
parentesco_desc__ahijado_a,PC8,-0.004844477131125813
parentesco_desc__ahijado_a,PC9,-0.0026391504960693725
parentesco_desc__ahijado_a,PC10,-0.0010953776658987383
parentesco_desc__ahijado_a,PC11,0.0012195379085304305
parentesco_desc__ahijado_a,PC12,0.001017505645571751
parentesco_desc__ahijado_a,PC13,-5.773534084983312e-05
parentesco_desc__ahijado_a,PC14,-0.00503636022634531
parentesco_desc__ahijado_a,PC15,-0.0051806086501483065
parentesco_desc__ahijado_a,PC16,0.002689620805570486
parentesco_desc__ahijado_a,PC17,-0.0024676307749561936
parentesco_desc__ahijado_a,PC18,-0.0022707429486895007
parentesco_desc__ahijado_a,PC19,-0.0032845163748021398
parentesco_desc__ahijado_a,PC20,0.0030381998130427548
parentesco_desc__ahijado_a,PC21,-0.0015767795114482628
parentesco_desc__ahijado_a,PC22,-0.006897134606791802
parentesco_desc__ahijado_a,PC23,-0.006297089025738165
parentesco_desc__ahijado_a,PC24,0.005002092294105428
parentesco_desc__ahijado_a,PC25,-0.007907083748018458
parentesco_desc__ahijado_a,PC26,-0.0009965532538361807
parentesco_desc__ahijado_a,PC27,0.00032204493184466367
parentesco_desc__ahijado_a,PC28,-0.0053876000121146775
parentesco_desc__ahijado_a,PC29,0.002274398055462679
parentesco_desc__ahijado_a,PC30,-0.001440948685818678
parentesco_desc__ahijado_a,PC31,-0.0044936680095301945
parentesco_desc__ahijado_a,PC32,0.006801691353221515
parentesco_desc__ahijado_a,PC33,0.006613576487419338
parentesco_desc__ahijado_a,PC34,0.0006804109883987889
parentesco_desc__ahijado_a,PC35,0.008082747878136367
parentesco_desc__ahijado_a,PC36,-0.006842877318260959
parentesco_desc__ahijado_a,PC37,0.0036113972756494977
parentesco_desc__ahijado_a,PC38,-0.004427867535842891
parentesco_desc__ahijado_a,PC39,-0.004967828188011123
parentesco_desc__ahijado_a,PC40,0.006597273892548857
parentesco_desc__ahijado_a,PC41,0.00589928563746699
parentesco_desc__ahijado_a,PC42,0.004434125225799405
parentesco_desc__ahijado_a,PC43,0.00047509227493623967
parentesco_desc__ahijado_a,PC44,-0.0009276168987475158
parentesco_desc__ahijado_a,PC45,0.003724312540011553
parentesco_desc__ahijado_a,PC46,-3.208274935647458e-05
parentesco_desc__ahijado_a,PC47,0.005178779888200864
parentesco_desc__ahijado_a,PC48,-0.00015450367313481474
parentesco_desc__ahijado_a,PC49,0.010446543382371278
parentesco_desc__ahijado_a,PC50,0.006959641137134696
parentesco_desc__ahijado_a,PC51,0.02368653535457838
parentesco_desc__ahijado_a,PC52,0.0002508352797405621
parentesco_desc__ahijado_a,PC53,-0.0019180379367021666
parentesco_desc__ahijado_a,PC54,0.013423291888237624
parentesco_desc__ahijado_a,PC55,0.029240015139476192
parentesco_desc__ahijado_a,PC56,-0.0002606931573745209
parentesco_desc__ahijado_a,PC57,0.03773510146295652
parentesco_desc__ahijado_a,PC58,0.013631536930143536
parentesco_desc__ahijado_a,PC59,0.031857208991668794
parentesco_desc__ahijado_a,PC60,0.021655424974704473
parentesco_desc__ahijado_a,PC61,0.6987344503641492
parentesco_desc__ahijado_a,PC62,0.7074479946011571
parentesco_desc__ahijado_a,PC63,-0.07492588252785329
parentesco_desc__ahijado_a,PC64,-1.5907861357384096e-05
parentesco_desc__ahijado_a,PC65,0.0001026144180435898
parentesco_desc__ahijado_a,PC66,-0.00012572752153669833
parentesco_desc__ahijado_a,PC67,-3.588900937707281e-15
parentesco_desc__ahijado_a,PC68,-8.749444850035015e-16
parentesco_desc__ahijado_a,PC69,-5.892350697557967e-16
parentesco_desc__ahijado_a,PC70,-7.157298844044798e-18
parentesco_desc__ahijado_a,PC71,2.418924192574347e-15
parentesco_desc__ahijado_a,PC72,-1.4250854614222185e-15
parentesco_desc__ahijado_a,PC73,-2.0253558598574838e-15
parentesco_desc__ahijado_a,PC74,2.375249442883937e-15
parentesco_desc__ahijado_a,PC75,5.821331572558213e-16
parentesco_desc__ahijado_a,PC76,5.3876211541212724e-15
parentesco_desc__ahijado_a,PC77,-9.98679780915556e-16
parentesco_desc__bisabuelo_a,PC1,-0.004682121265235468
parentesco_desc__bisabuelo_a,PC2,-0.0008990309238205522
parentesco_desc__bisabuelo_a,PC3,0.003998392675647642
parentesco_desc__bisabuelo_a,PC4,0.0025092876110043814
parentesco_desc__bisabuelo_a,PC5,0.0030989318368290454
parentesco_desc__bisabuelo_a,PC6,0.0031814814566075568
parentesco_desc__bisabuelo_a,PC7,0.00514066365727746
parentesco_desc__bisabuelo_a,PC8,0.0008618911816939027
parentesco_desc__bisabuelo_a,PC9,-0.004285730942044062
parentesco_desc__bisabuelo_a,PC10,-0.0038936527582580584
parentesco_desc__bisabuelo_a,PC11,-0.0005239544837114724
parentesco_desc__bisabuelo_a,PC12,-0.0026370997900651604
parentesco_desc__bisabuelo_a,PC13,-0.0027235494737323776
parentesco_desc__bisabuelo_a,PC14,0.0021437726391488623
parentesco_desc__bisabuelo_a,PC15,-0.0028804432043869543
parentesco_desc__bisabuelo_a,PC16,0.004132613939795567
parentesco_desc__bisabuelo_a,PC17,-0.0031144252280377463
parentesco_desc__bisabuelo_a,PC18,-0.0037053198219971725
parentesco_desc__bisabuelo_a,PC19,-0.0022177670811021877
parentesco_desc__bisabuelo_a,PC20,0.002593910491572539
parentesco_desc__bisabuelo_a,PC21,-0.0011248311062823644
parentesco_desc__bisabuelo_a,PC22,0.00425062705138009
parentesco_desc__bisabuelo_a,PC23,0.005808909755147128
parentesco_desc__bisabuelo_a,PC24,-0.0013271955435027695
parentesco_desc__bisabuelo_a,PC25,-0.0005830522077750496
parentesco_desc__bisabuelo_a,PC26,-0.0034929183470584152
parentesco_desc__bisabuelo_a,PC27,0.006018075973340834
parentesco_desc__bisabuelo_a,PC28,-0.0035560323154211213
parentesco_desc__bisabuelo_a,PC29,-0.0009761933073632652
parentesco_desc__bisabuelo_a,PC30,-9.306169264341217e-05
parentesco_desc__bisabuelo_a,PC31,-0.001005180565710017
parentesco_desc__bisabuelo_a,PC32,0.00588745679600076
parentesco_desc__bisabuelo_a,PC33,0.014447957761617638
parentesco_desc__bisabuelo_a,PC34,0.0032512542759210758
parentesco_desc__bisabuelo_a,PC35,-0.0016585624032552221
parentesco_desc__bisabuelo_a,PC36,-0.005245241832687637
parentesco_desc__bisabuelo_a,PC37,0.017495856259931827
parentesco_desc__bisabuelo_a,PC38,-0.015047121582487904
parentesco_desc__bisabuelo_a,PC39,-0.006067427118239556
parentesco_desc__bisabuelo_a,PC40,0.00020425780228211664
parentesco_desc__bisabuelo_a,PC41,0.00110862538908648
parentesco_desc__bisabuelo_a,PC42,0.00029825055605861166
parentesco_desc__bisabuelo_a,PC43,0.00016719960020763927
parentesco_desc__bisabuelo_a,PC44,-0.0025711435730670995
parentesco_desc__bisabuelo_a,PC45,-0.003178985115104611
parentesco_desc__bisabuelo_a,PC46,-0.0006578821984365576
parentesco_desc__bisabuelo_a,PC47,0.0046090344873684855
parentesco_desc__bisabuelo_a,PC48,-0.001805583559074801
parentesco_desc__bisabuelo_a,PC49,0.0028386959864410183
parentesco_desc__bisabuelo_a,PC50,0.004793449073811313
parentesco_desc__bisabuelo_a,PC51,0.012642651643986464
parentesco_desc__bisabuelo_a,PC52,-0.00044788154871959474
parentesco_desc__bisabuelo_a,PC53,-0.0010130585622397292
parentesco_desc__bisabuelo_a,PC54,0.007127534007113792
parentesco_desc__bisabuelo_a,PC55,0.014820782234470973
parentesco_desc__bisabuelo_a,PC56,-0.0002512221847600203
parentesco_desc__bisabuelo_a,PC57,0.017347516345217362
parentesco_desc__bisabuelo_a,PC58,0.007206299471571795
parentesco_desc__bisabuelo_a,PC59,0.015438366313018693
parentesco_desc__bisabuelo_a,PC60,0.010115495013654014
parentesco_desc__bisabuelo_a,PC61,0.049563129208340766
parentesco_desc__bisabuelo_a,PC62,-0.0002480653847577104
parentesco_desc__bisabuelo_a,PC63,0.49382822626475065
parentesco_desc__bisabuelo_a,PC64,-0.086071655536679
parentesco_desc__bisabuelo_a,PC65,-0.5750594370647018
parentesco_desc__bisabuelo_a,PC66,0.6428058188258946
parentesco_desc__bisabuelo_a,PC67,-5.600608411935241e-15
parentesco_desc__bisabuelo_a,PC68,-2.097358502914913e-15
parentesco_desc__bisabuelo_a,PC69,5.925491739837473e-15
parentesco_desc__bisabuelo_a,PC70,4.964602423822198e-17
parentesco_desc__bisabuelo_a,PC71,3.713052383151418e-15
parentesco_desc__bisabuelo_a,PC72,8.9179793965836e-16
parentesco_desc__bisabuelo_a,PC73,-3.4311619287677077e-15
parentesco_desc__bisabuelo_a,PC74,7.117179182217367e-15
parentesco_desc__bisabuelo_a,PC75,5.00614976216025e-16
parentesco_desc__bisabuelo_a,PC76,9.199203467775588e-15
parentesco_desc__bisabuelo_a,PC77,-1.7987662251605972e-15
parentesco_desc__bisnieto_a,PC1,0.0012171168476940047
parentesco_desc__bisnieto_a,PC2,-0.008823518274483688
parentesco_desc__bisnieto_a,PC3,0.006451100504238786
parentesco_desc__bisnieto_a,PC4,0.019484231456262095
parentesco_desc__bisnieto_a,PC5,-0.016773025351612906
parentesco_desc__bisnieto_a,PC6,-9.741276157667673e-05
parentesco_desc__bisnieto_a,PC7,-0.0005692089064481072
parentesco_desc__bisnieto_a,PC8,0.0011697273799140392
parentesco_desc__bisnieto_a,PC9,0.007277564546781506
parentesco_desc__bisnieto_a,PC10,0.0003133953809730944
parentesco_desc__bisnieto_a,PC11,0.004149819613104684
parentesco_desc__bisnieto_a,PC12,-0.004576101053114866
parentesco_desc__bisnieto_a,PC13,-0.0026866680700740626
parentesco_desc__bisnieto_a,PC14,0.007079031074373548
parentesco_desc__bisnieto_a,PC15,9.752929836832109e-05
parentesco_desc__bisnieto_a,PC16,0.005807697195364445
parentesco_desc__bisnieto_a,PC17,-0.00340684372868586
parentesco_desc__bisnieto_a,PC18,-0.005357337474922265
parentesco_desc__bisnieto_a,PC19,0.008109460959300764
parentesco_desc__bisnieto_a,PC20,0.0018143695106559584
parentesco_desc__bisnieto_a,PC21,-0.0007526701394857856
parentesco_desc__bisnieto_a,PC22,-0.01218321619273367
parentesco_desc__bisnieto_a,PC23,-0.016142434362387336
parentesco_desc__bisnieto_a,PC24,0.010914633149729683
parentesco_desc__bisnieto_a,PC25,0.013745506470767636
parentesco_desc__bisnieto_a,PC26,-0.008254887817271801
parentesco_desc__bisnieto_a,PC27,0.010603488185874196
parentesco_desc__bisnieto_a,PC28,-0.005452352791965415
parentesco_desc__bisnieto_a,PC29,-0.0070465392509493985
parentesco_desc__bisnieto_a,PC30,-0.00548922507617913
parentesco_desc__bisnieto_a,PC31,-0.001473680835013057
parentesco_desc__bisnieto_a,PC32,-0.005761108399637253
parentesco_desc__bisnieto_a,PC33,-0.002695745922262796
parentesco_desc__bisnieto_a,PC34,-0.0009416979769280588
parentesco_desc__bisnieto_a,PC35,-0.005145982762071528
parentesco_desc__bisnieto_a,PC36,-0.004385279879205308
parentesco_desc__bisnieto_a,PC37,-0.0022639466442519345
parentesco_desc__bisnieto_a,PC38,0.017437713621701805
parentesco_desc__bisnieto_a,PC39,-0.004116806003162974
parentesco_desc__bisnieto_a,PC40,0.018723692062902576
parentesco_desc__bisnieto_a,PC41,0.01808435207525999
parentesco_desc__bisnieto_a,PC42,0.012131455508682847
parentesco_desc__bisnieto_a,PC43,0.0025431724122690074
parentesco_desc__bisnieto_a,PC44,0.0003227710556008933
parentesco_desc__bisnieto_a,PC45,0.015357608755504586
parentesco_desc__bisnieto_a,PC46,0.0013322368664140257
parentesco_desc__bisnieto_a,PC47,0.006942064232921617
parentesco_desc__bisnieto_a,PC48,0.002967440246832654
parentesco_desc__bisnieto_a,PC49,0.024339995266988285
parentesco_desc__bisnieto_a,PC50,0.012525033170320924
parentesco_desc__bisnieto_a,PC51,0.04777580495419386
parentesco_desc__bisnieto_a,PC52,0.0009365286023329912
parentesco_desc__bisnieto_a,PC53,-0.003970482634765824
parentesco_desc__bisnieto_a,PC54,0.02811082188559126
parentesco_desc__bisnieto_a,PC55,0.07600828498201843
parentesco_desc__bisnieto_a,PC56,0.0013061220375672885
parentesco_desc__bisnieto_a,PC57,0.13172171025033058
parentesco_desc__bisnieto_a,PC58,0.05486314932158675
parentesco_desc__bisnieto_a,PC59,0.26766068292790796
parentesco_desc__bisnieto_a,PC60,0.943563756218785
parentesco_desc__bisnieto_a,PC61,-0.059217431393547404
parentesco_desc__bisnieto_a,PC62,-0.000136788506674081
parentesco_desc__bisnieto_a,PC63,-0.03059133896564316
parentesco_desc__bisnieto_a,PC64,3.220817915918088e-06
parentesco_desc__bisnieto_a,PC65,1.5440916589653255e-05
parentesco_desc__bisnieto_a,PC66,-0.0001492979386993608
parentesco_desc__bisnieto_a,PC67,-2.2130303442684644e-15
parentesco_desc__bisnieto_a,PC68,-7.649573865332422e-16
parentesco_desc__bisnieto_a,PC69,5.257097654680833e-16
parentesco_desc__bisnieto_a,PC70,2.0684304005914671e-16
parentesco_desc__bisnieto_a,PC71,1.572798261204471e-15
parentesco_desc__bisnieto_a,PC72,-1.4683146334769706e-15
parentesco_desc__bisnieto_a,PC73,2.5463806584332153e-16
parentesco_desc__bisnieto_a,PC74,1.4645480117134614e-15
parentesco_desc__bisnieto_a,PC75,6.800365476847977e-16
parentesco_desc__bisnieto_a,PC76,2.571406127829333e-15
parentesco_desc__bisnieto_a,PC77,-5.899946892940074e-16
parentesco_desc__compadre_comadre,PC1,0.0011373007406958434
parentesco_desc__compadre_comadre,PC2,-6.57811185331871e-05
parentesco_desc__compadre_comadre,PC3,-0.0005281980482951394
parentesco_desc__compadre_comadre,PC4,0.00040627541116500243
parentesco_desc__compadre_comadre,PC5,0.0018504346838750356
parentesco_desc__compadre_comadre,PC6,0.0040088326363184185
parentesco_desc__compadre_comadre,PC7,0.003045638041502645
parentesco_desc__compadre_comadre,PC8,0.004870322675398727
parentesco_desc__compadre_comadre,PC9,-0.0026203681557295474
parentesco_desc__compadre_comadre,PC10,0.0033563702595532712
parentesco_desc__compadre_comadre,PC11,0.0024069455013150482
parentesco_desc__compadre_comadre,PC12,0.0034974851320183436
parentesco_desc__compadre_comadre,PC13,-0.0007623070265868363
parentesco_desc__compadre_comadre,PC14,-0.0004089659328567344
parentesco_desc__compadre_comadre,PC15,0.004783345406638396
parentesco_desc__compadre_comadre,PC16,0.002427467926447982
parentesco_desc__compadre_comadre,PC17,-1.7515302980073356e-06
parentesco_desc__compadre_comadre,PC18,0.0023003084450790292
parentesco_desc__compadre_comadre,PC19,0.0014643385016750116
parentesco_desc__compadre_comadre,PC20,-0.0032788154033766333
parentesco_desc__compadre_comadre,PC21,0.0005371130899730573
parentesco_desc__compadre_comadre,PC22,-0.00033072478511144283
parentesco_desc__compadre_comadre,PC23,-0.0013103040609850633
parentesco_desc__compadre_comadre,PC24,-0.005607077493096441
parentesco_desc__compadre_comadre,PC25,-0.0028001492562208983
parentesco_desc__compadre_comadre,PC26,-0.0002180543430248338
parentesco_desc__compadre_comadre,PC27,-0.0003604305476804592
parentesco_desc__compadre_comadre,PC28,0.0002797814277043603
parentesco_desc__compadre_comadre,PC29,-0.00282696008762566
parentesco_desc__compadre_comadre,PC30,-0.00015555036520331872
parentesco_desc__compadre_comadre,PC31,-0.0024105634430465514
parentesco_desc__compadre_comadre,PC32,0.004115270509051556
parentesco_desc__compadre_comadre,PC33,0.0006491632099245953
parentesco_desc__compadre_comadre,PC34,-0.0008993882581675108
parentesco_desc__compadre_comadre,PC35,0.0012138651738706325
parentesco_desc__compadre_comadre,PC36,-0.00483162275479453
parentesco_desc__compadre_comadre,PC37,0.0007839416470287677
parentesco_desc__compadre_comadre,PC38,-0.0027575816762818684
parentesco_desc__compadre_comadre,PC39,-0.0033757645431652644
parentesco_desc__compadre_comadre,PC40,0.003981649938468906
parentesco_desc__compadre_comadre,PC41,0.003450416009823772
parentesco_desc__compadre_comadre,PC42,0.0021120495237799027
parentesco_desc__compadre_comadre,PC43,0.0003402103955058071
parentesco_desc__compadre_comadre,PC44,-0.0007352870855183117
parentesco_desc__compadre_comadre,PC45,0.0011901293738200607
parentesco_desc__compadre_comadre,PC46,-0.00015449130298155923
parentesco_desc__compadre_comadre,PC47,0.0036183833824826378
parentesco_desc__compadre_comadre,PC48,-0.00023648528641845906
parentesco_desc__compadre_comadre,PC49,0.005283844263422407
parentesco_desc__compadre_comadre,PC50,0.004429794380018539
parentesco_desc__compadre_comadre,PC51,0.013132237868106177
parentesco_desc__compadre_comadre,PC52,-2.4464059992734045e-05
parentesco_desc__compadre_comadre,PC53,-0.0007539753586795465
parentesco_desc__compadre_comadre,PC54,0.007385705844394355
parentesco_desc__compadre_comadre,PC55,0.015211554007617433
parentesco_desc__compadre_comadre,PC56,-5.6467870378021256e-05
parentesco_desc__compadre_comadre,PC57,0.018614004811840563
parentesco_desc__compadre_comadre,PC58,0.006729458287936079
parentesco_desc__compadre_comadre,PC59,0.014481226251923437
parentesco_desc__compadre_comadre,PC60,0.00968297015858868
parentesco_desc__compadre_comadre,PC61,0.049568340073689404
parentesco_desc__compadre_comadre,PC62,0.00011073599001428377
parentesco_desc__compadre_comadre,PC63,0.49766105110170306
parentesco_desc__compadre_comadre,PC64,0.7906177840173424
parentesco_desc__compadre_comadre,PC65,-0.06918787475071092
parentesco_desc__compadre_comadre,PC66,-0.3442493603876793
parentesco_desc__compadre_comadre,PC67,-6.8570364341100566e-15
parentesco_desc__compadre_comadre,PC68,-2.6257308473736198e-15
parentesco_desc__compadre_comadre,PC69,-3.2084429048280375e-17
parentesco_desc__compadre_comadre,PC70,-2.035108828437665e-15
parentesco_desc__compadre_comadre,PC71,4.7679011763668986e-15
parentesco_desc__compadre_comadre,PC72,-4.370551353988272e-15
parentesco_desc__compadre_comadre,PC73,1.924150877230109e-15
parentesco_desc__compadre_comadre,PC74,4.6535250652151806e-15
parentesco_desc__compadre_comadre,PC75,2.346989144530266e-15
parentesco_desc__compadre_comadre,PC76,7.62616437758175e-15
parentesco_desc__compadre_comadre,PC77,-1.9939357398409887e-15
parentesco_desc__concubino_a,PC1,-0.0006750515437732347
parentesco_desc__concubino_a,PC2,-0.0031895206461862273
parentesco_desc__concubino_a,PC3,-0.005638018271770155
parentesco_desc__concubino_a,PC4,-0.005674002100807214
parentesco_desc__concubino_a,PC5,-0.004514308731024035
parentesco_desc__concubino_a,PC6,0.008743095182558102
parentesco_desc__concubino_a,PC7,0.0017891796650745676
parentesco_desc__concubino_a,PC8,5.614105896164533e-05
parentesco_desc__concubino_a,PC9,-0.0005091213255250537
parentesco_desc__concubino_a,PC10,0.005171616771844825
parentesco_desc__concubino_a,PC11,-0.0041526503712446955
parentesco_desc__concubino_a,PC12,-0.005966347708528051
parentesco_desc__concubino_a,PC13,-0.0018043172710350578
parentesco_desc__concubino_a,PC14,-0.0032596171307243717
parentesco_desc__concubino_a,PC15,-0.004389184906548161
parentesco_desc__concubino_a,PC16,-0.006772027039203005
parentesco_desc__concubino_a,PC17,-0.0033302749144109257
parentesco_desc__concubino_a,PC18,0.0002974650414465942
parentesco_desc__concubino_a,PC19,-0.004596674219875019
parentesco_desc__concubino_a,PC20,0.000956265885911671
parentesco_desc__concubino_a,PC21,-0.00011163999752482069
parentesco_desc__concubino_a,PC22,-0.0017580520635885333
parentesco_desc__concubino_a,PC23,0.0069068129710742245
parentesco_desc__concubino_a,PC24,-0.0011612442776539837
parentesco_desc__concubino_a,PC25,0.0026799413478953414
parentesco_desc__concubino_a,PC26,-0.0024818334579459022
parentesco_desc__concubino_a,PC27,0.004499710243684852
parentesco_desc__concubino_a,PC28,-0.005850559597405968
parentesco_desc__concubino_a,PC29,-0.017715563023055738
parentesco_desc__concubino_a,PC30,0.002225417152241645
parentesco_desc__concubino_a,PC31,-0.0032698062853526748
parentesco_desc__concubino_a,PC32,0.03189970034800883
parentesco_desc__concubino_a,PC33,0.0038335255830071195
parentesco_desc__concubino_a,PC34,0.00267748608898692
parentesco_desc__concubino_a,PC35,0.00905328692611482
parentesco_desc__concubino_a,PC36,-0.028911229787452485
parentesco_desc__concubino_a,PC37,0.00548205627051707
parentesco_desc__concubino_a,PC38,-0.013986097980520092
parentesco_desc__concubino_a,PC39,-0.02154129156134241
parentesco_desc__concubino_a,PC40,0.025945471205445454
parentesco_desc__concubino_a,PC41,0.022586365780417453
parentesco_desc__concubino_a,PC42,0.01624268984115431
parentesco_desc__concubino_a,PC43,0.0016963501913102987
parentesco_desc__concubino_a,PC44,-0.0053097015852100506
parentesco_desc__concubino_a,PC45,0.010656975876669972
parentesco_desc__concubino_a,PC46,-0.0014350497028365536
parentesco_desc__concubino_a,PC47,0.022569454064601386
parentesco_desc__concubino_a,PC48,-0.004121823730994945
parentesco_desc__concubino_a,PC49,0.043962587832093905
parentesco_desc__concubino_a,PC50,0.037142539572970666
parentesco_desc__concubino_a,PC51,0.2204300140880017
parentesco_desc__concubino_a,PC52,0.002015558394943446
parentesco_desc__concubino_a,PC53,-0.10703403085525393
parentesco_desc__concubino_a,PC54,0.9548583411118945
parentesco_desc__concubino_a,PC55,-0.11122903857521393
parentesco_desc__concubino_a,PC56,-2.92454890496902e-05
parentesco_desc__concubino_a,PC57,-0.06924072600912
parentesco_desc__concubino_a,PC58,-0.01996163385592338
parentesco_desc__concubino_a,PC59,-0.03005379368856208
parentesco_desc__concubino_a,PC60,-0.016430937812748642
parentesco_desc__concubino_a,PC61,-0.019731823862355714
parentesco_desc__concubino_a,PC62,-1.0543808489527605e-05
parentesco_desc__concubino_a,PC63,-0.013152604804200847
parentesco_desc__concubino_a,PC64,6.78760552235788e-06
parentesco_desc__concubino_a,PC65,-5.248753039209957e-06
parentesco_desc__concubino_a,PC66,-3.6622329476258684e-05
parentesco_desc__concubino_a,PC67,-9.256429731396379e-16
parentesco_desc__concubino_a,PC68,-3.2304683884013443e-16
parentesco_desc__concubino_a,PC69,2.0600638858414296e-16
parentesco_desc__concubino_a,PC70,-4.899811030203802e-16
parentesco_desc__concubino_a,PC71,6.320918574533312e-16
parentesco_desc__concubino_a,PC72,-3.434434514437416e-16
parentesco_desc__concubino_a,PC73,1.1405221339475648e-16
parentesco_desc__concubino_a,PC74,7.069700468523761e-16
parentesco_desc__concubino_a,PC75,1.64606810753389e-16
parentesco_desc__concubino_a,PC76,1.1664497792927149e-15
parentesco_desc__concubino_a,PC77,-4.537306025117271e-16
parentesco_desc__concuno_a,PC1,0.014506555633956874
parentesco_desc__concuno_a,PC2,-0.002350106338686021
parentesco_desc__concuno_a,PC3,0.004389227359730501
parentesco_desc__concuno_a,PC4,0.003898758908576576
parentesco_desc__concuno_a,PC5,0.007847683367239084
parentesco_desc__concuno_a,PC6,0.0011920762459585869
parentesco_desc__concuno_a,PC7,0.00506406727839324
parentesco_desc__concuno_a,PC8,-0.00011405928266741613
parentesco_desc__concuno_a,PC9,-0.005870607915247531
parentesco_desc__concuno_a,PC10,7.53785878528171e-05
parentesco_desc__concuno_a,PC11,0.0014197237025643664
parentesco_desc__concuno_a,PC12,-0.003061377962721186
parentesco_desc__concuno_a,PC13,-0.0017707160120030917
parentesco_desc__concuno_a,PC14,0.0034326584475990883
parentesco_desc__concuno_a,PC15,-0.0044320590049311895
parentesco_desc__concuno_a,PC16,-0.004044550884613064
parentesco_desc__concuno_a,PC17,0.0011883903790445914
parentesco_desc__concuno_a,PC18,0.0008633698545834814
parentesco_desc__concuno_a,PC19,-0.003956944124808975
parentesco_desc__concuno_a,PC20,-0.00028449936105600943
parentesco_desc__concuno_a,PC21,-0.002301672291164364
parentesco_desc__concuno_a,PC22,0.0008831911854179399
parentesco_desc__concuno_a,PC23,-0.0047725902890816485
parentesco_desc__concuno_a,PC24,-0.0005189765128208831
parentesco_desc__concuno_a,PC25,-0.0028668486581002505
parentesco_desc__concuno_a,PC26,-0.0034770218821901545
parentesco_desc__concuno_a,PC27,9.463567463212214e-05
parentesco_desc__concuno_a,PC28,-0.0004671818128149446
parentesco_desc__concuno_a,PC29,-0.006191397360335017
parentesco_desc__concuno_a,PC30,0.002715247423808841
parentesco_desc__concuno_a,PC31,-0.006716885845325894
parentesco_desc__concuno_a,PC32,0.018273252554136067
parentesco_desc__concuno_a,PC33,0.003516254163999628
parentesco_desc__concuno_a,PC34,-0.0003849866693243964
parentesco_desc__concuno_a,PC35,0.005656291926540592
parentesco_desc__concuno_a,PC36,-0.020152567835046566
parentesco_desc__concuno_a,PC37,0.00891564789011965
parentesco_desc__concuno_a,PC38,-0.011774773203080914
parentesco_desc__concuno_a,PC39,-0.014503120855838481
parentesco_desc__concuno_a,PC40,0.01726857030864542
parentesco_desc__concuno_a,PC41,0.01566474837262557
parentesco_desc__concuno_a,PC42,0.009623662532017968
parentesco_desc__concuno_a,PC43,0.0008765028700996047
parentesco_desc__concuno_a,PC44,-0.002769308279620694
parentesco_desc__concuno_a,PC45,0.007265027842938745
parentesco_desc__concuno_a,PC46,-0.0004975293122702878
parentesco_desc__concuno_a,PC47,0.015397970661652289
parentesco_desc__concuno_a,PC48,-0.0011327722555231903
parentesco_desc__concuno_a,PC49,0.02716659992560829
parentesco_desc__concuno_a,PC50,0.022501296624131906
parentesco_desc__concuno_a,PC51,0.08627001890890666
parentesco_desc__concuno_a,PC52,-0.0006709955746063348
parentesco_desc__concuno_a,PC53,-0.007599995316196105
parentesco_desc__concuno_a,PC54,0.06277816789818119
parentesco_desc__concuno_a,PC55,0.9573582351166438
parentesco_desc__concuno_a,PC56,0.0007339946210582473
parentesco_desc__concuno_a,PC57,-0.24191050998466046
parentesco_desc__concuno_a,PC58,-0.05521554783068029
parentesco_desc__concuno_a,PC59,-0.06429878654719474
parentesco_desc__concuno_a,PC60,-0.03260791047787345
parentesco_desc__concuno_a,PC61,-0.030176508760611315
parentesco_desc__concuno_a,PC62,-8.631586566295124e-06
parentesco_desc__concuno_a,PC63,-0.01890795821849831
parentesco_desc__concuno_a,PC64,9.592065530396321e-06
parentesco_desc__concuno_a,PC65,-2.5251601776220604e-06
parentesco_desc__concuno_a,PC66,-4.8100134370407206e-05
parentesco_desc__concuno_a,PC67,-1.5819423169250362e-15
parentesco_desc__concuno_a,PC68,-5.2005540833587e-16
parentesco_desc__concuno_a,PC69,4.4256238261407876e-16
parentesco_desc__concuno_a,PC70,-1.2777174086937332e-16
parentesco_desc__concuno_a,PC71,1.1512811700413371e-15
parentesco_desc__concuno_a,PC72,-1.109828828283922e-16
parentesco_desc__concuno_a,PC73,2.852845311820832e-16
parentesco_desc__concuno_a,PC74,1.10492168425776e-15
parentesco_desc__concuno_a,PC75,2.612968827581438e-16
parentesco_desc__concuno_a,PC76,1.8701478641027605e-15
parentesco_desc__concuno_a,PC77,-2.468076073617696e-16
parentesco_desc__consuegro_a,PC1,-5.0271706025101176e-05
parentesco_desc__consuegro_a,PC2,-0.009098772159902627
parentesco_desc__consuegro_a,PC3,-0.002372911630168224
parentesco_desc__consuegro_a,PC4,-0.0003708718013289036
parentesco_desc__consuegro_a,PC5,0.003709365416444732
parentesco_desc__consuegro_a,PC6,-0.0003629883079512442
parentesco_desc__consuegro_a,PC7,-0.0014795789713148227
parentesco_desc__consuegro_a,PC8,0.0008333024979816336
parentesco_desc__consuegro_a,PC9,-0.007315455686148598
parentesco_desc__consuegro_a,PC10,-0.0007401769194691691
parentesco_desc__consuegro_a,PC11,0.0047703746354966605
parentesco_desc__consuegro_a,PC12,0.0005968186358116712
parentesco_desc__consuegro_a,PC13,-0.0020344223054981226
parentesco_desc__consuegro_a,PC14,0.0013860234212334144
parentesco_desc__consuegro_a,PC15,-0.005210319018256666
parentesco_desc__consuegro_a,PC16,-0.0005403344036030188
parentesco_desc__consuegro_a,PC17,-0.0019690136674190644
parentesco_desc__consuegro_a,PC18,-0.0027371067331301065
parentesco_desc__consuegro_a,PC19,0.0029580286262015777
parentesco_desc__consuegro_a,PC20,0.004950084971056258
parentesco_desc__consuegro_a,PC21,-0.0001429158056681557
parentesco_desc__consuegro_a,PC22,-0.006943233114314401
parentesco_desc__consuegro_a,PC23,-0.0011186004470244313
parentesco_desc__consuegro_a,PC24,0.004234387016602625
parentesco_desc__consuegro_a,PC25,-0.01013671389106349
parentesco_desc__consuegro_a,PC26,-0.002914292071701426
parentesco_desc__consuegro_a,PC27,-0.0004480981216543022
parentesco_desc__consuegro_a,PC28,-0.0027765258531102176
parentesco_desc__consuegro_a,PC29,0.004853281058064386
parentesco_desc__consuegro_a,PC30,0.01128573442109956
parentesco_desc__consuegro_a,PC31,-0.004282717210172897
parentesco_desc__consuegro_a,PC32,0.005488544251193322
parentesco_desc__consuegro_a,PC33,0.01528009826522597
parentesco_desc__consuegro_a,PC34,0.0002517639643097879
parentesco_desc__consuegro_a,PC35,0.0025203906629536568
parentesco_desc__consuegro_a,PC36,-0.004520014055870973
parentesco_desc__consuegro_a,PC37,0.002047980326334777
parentesco_desc__consuegro_a,PC38,-0.004414607954229367
parentesco_desc__consuegro_a,PC39,-0.002789209684559636
parentesco_desc__consuegro_a,PC40,0.0033886476919182287
parentesco_desc__consuegro_a,PC41,0.0030472566954214066
parentesco_desc__consuegro_a,PC42,0.0017107757050229301
parentesco_desc__consuegro_a,PC43,-0.001533907896314045
parentesco_desc__consuegro_a,PC44,-0.0004938124228030125
parentesco_desc__consuegro_a,PC45,0.0008862148085343596
parentesco_desc__consuegro_a,PC46,-1.7959378452984105e-05
parentesco_desc__consuegro_a,PC47,0.0032855512896225255
parentesco_desc__consuegro_a,PC48,-4.381851700587734e-05
parentesco_desc__consuegro_a,PC49,0.0049396928669318335
parentesco_desc__consuegro_a,PC50,0.004193698449139132
parentesco_desc__consuegro_a,PC51,0.013197725215774732
parentesco_desc__consuegro_a,PC52,-0.0001640664180122508
parentesco_desc__consuegro_a,PC53,-0.001092609563493884
parentesco_desc__consuegro_a,PC54,0.0072865472734828145
parentesco_desc__consuegro_a,PC55,0.014989010087793844
parentesco_desc__consuegro_a,PC56,-0.0001168779101901421
parentesco_desc__consuegro_a,PC57,0.018350611844143043
parentesco_desc__consuegro_a,PC58,0.006801042496768034
parentesco_desc__consuegro_a,PC59,0.014669226159873167
parentesco_desc__consuegro_a,PC60,0.00972107369929863
parentesco_desc__consuegro_a,PC61,0.04915903248447999
parentesco_desc__consuegro_a,PC62,-0.0003820114166809166
parentesco_desc__consuegro_a,PC63,0.49482744266835305
parentesco_desc__consuegro_a,PC64,-0.10932743316400394
parentesco_desc__consuegro_a,PC65,0.7998463853870706
parentesco_desc__consuegro_a,PC66,0.31441726558503763
parentesco_desc__consuegro_a,PC67,-6.1797443789845574e-15
parentesco_desc__consuegro_a,PC68,-2.1409597734071577e-15
parentesco_desc__consuegro_a,PC69,-7.510736570248165e-16
parentesco_desc__consuegro_a,PC70,7.125477576098814e-16
parentesco_desc__consuegro_a,PC71,4.573886423319918e-15
parentesco_desc__consuegro_a,PC72,1.1271798422171621e-15
parentesco_desc__consuegro_a,PC73,-2.6890096499404354e-15
parentesco_desc__consuegro_a,PC74,5.318741779529043e-15
parentesco_desc__consuegro_a,PC75,5.350342203251044e-16
parentesco_desc__consuegro_a,PC76,9.518228040849776e-15
parentesco_desc__consuegro_a,PC77,-1.5610297832295296e-15
parentesco_desc__cunado_a,PC1,0.0440507037430718
parentesco_desc__cunado_a,PC2,-0.012212487659776231
parentesco_desc__cunado_a,PC3,0.008353390663974124
parentesco_desc__cunado_a,PC4,0.01980383701306854
parentesco_desc__cunado_a,PC5,0.00995710916524487
parentesco_desc__cunado_a,PC6,0.0006558560195044108
parentesco_desc__cunado_a,PC7,0.0030165322223525072
parentesco_desc__cunado_a,PC8,-0.0015656808945428416
parentesco_desc__cunado_a,PC9,-0.028428546235012626
parentesco_desc__cunado_a,PC10,-0.011362863953308456
parentesco_desc__cunado_a,PC11,0.010450974384398978
parentesco_desc__cunado_a,PC12,-0.0148548672404935
parentesco_desc__cunado_a,PC13,-0.006992489976604228
parentesco_desc__cunado_a,PC14,0.007199905259409258
parentesco_desc__cunado_a,PC15,-0.016635463617206477
parentesco_desc__cunado_a,PC16,-0.004032014867337291
parentesco_desc__cunado_a,PC17,0.0059960763690352905
parentesco_desc__cunado_a,PC18,0.0054182894288447
parentesco_desc__cunado_a,PC19,0.0004675226660797065
parentesco_desc__cunado_a,PC20,-0.0031810053887829206
parentesco_desc__cunado_a,PC21,-0.0018895860399313002
parentesco_desc__cunado_a,PC22,-0.011481144260986073
parentesco_desc__cunado_a,PC23,-0.028597764460514603
parentesco_desc__cunado_a,PC24,-0.000609569706886416
parentesco_desc__cunado_a,PC25,0.00971637239633143
parentesco_desc__cunado_a,PC26,0.0034395492797280347
parentesco_desc__cunado_a,PC27,0.006407596868462087
parentesco_desc__cunado_a,PC28,-0.0013514812381348797
parentesco_desc__cunado_a,PC29,-0.044155106891127144
parentesco_desc__cunado_a,PC30,0.005493341146867046
parentesco_desc__cunado_a,PC31,-0.026704584772864606
parentesco_desc__cunado_a,PC32,0.08981670426232964
parentesco_desc__cunado_a,PC33,0.00560978268942858
parentesco_desc__cunado_a,PC34,-0.0033728818942036776
parentesco_desc__cunado_a,PC35,0.02513449369113982
parentesco_desc__cunado_a,PC36,-0.10991611571598867
parentesco_desc__cunado_a,PC37,0.03844149537011751
parentesco_desc__cunado_a,PC38,-0.05139477216719347
parentesco_desc__cunado_a,PC39,-0.12692507807720366
parentesco_desc__cunado_a,PC40,0.16394485528039676
parentesco_desc__cunado_a,PC41,0.2908467392484827
parentesco_desc__cunado_a,PC42,0.792285699215675
parentesco_desc__cunado_a,PC43,0.08945354812058987
parentesco_desc__cunado_a,PC44,0.22553213893169638
parentesco_desc__cunado_a,PC45,-0.34075702838950633
parentesco_desc__cunado_a,PC46,0.007420360410694278
parentesco_desc__cunado_a,PC47,-0.15647382283815905
parentesco_desc__cunado_a,PC48,0.011242966372069996
parentesco_desc__cunado_a,PC49,-0.0850259697582004
parentesco_desc__cunado_a,PC50,-0.04333687918742899
parentesco_desc__cunado_a,PC51,-0.04501168160884775
parentesco_desc__cunado_a,PC52,5.6486158592542196e-05
parentesco_desc__cunado_a,PC53,0.0018830755813039409
parentesco_desc__cunado_a,PC54,-0.015560317473833529
parentesco_desc__cunado_a,PC55,-0.015703569862264927
parentesco_desc__cunado_a,PC56,-2.3605839151286297e-06
parentesco_desc__cunado_a,PC57,-0.013131057931821812
parentesco_desc__cunado_a,PC58,-0.004054710510760913
parentesco_desc__cunado_a,PC59,-0.006717218499709571
parentesco_desc__cunado_a,PC60,-0.0038079964370089114
parentesco_desc__cunado_a,PC61,-0.0054551292140156546
parentesco_desc__cunado_a,PC62,-3.2272501201771645e-06
parentesco_desc__cunado_a,PC63,-0.0038343088932815514
parentesco_desc__cunado_a,PC64,1.8676571328603098e-06
parentesco_desc__cunado_a,PC65,-3.560285339783953e-07
parentesco_desc__cunado_a,PC66,-1.1721690685595143e-05
parentesco_desc__cunado_a,PC67,-1.770127083846849e-16
parentesco_desc__cunado_a,PC68,-6.731648816490331e-17
parentesco_desc__cunado_a,PC69,2.2150902214781515e-16
parentesco_desc__cunado_a,PC70,-1.4245388488840164e-16
parentesco_desc__cunado_a,PC71,1.425591800485508e-16
parentesco_desc__cunado_a,PC72,-3.9888608125726113e-17
parentesco_desc__cunado_a,PC73,1.0558515824811411e-16
parentesco_desc__cunado_a,PC74,2.0185898641195001e-16
parentesco_desc__cunado_a,PC75,2.60574539235041e-17
parentesco_desc__cunado_a,PC76,2.870548198712877e-16
parentesco_desc__cunado_a,PC77,-7.605135733709661e-17
parentesco_desc__esposo_a_companero_a_conyuge_pareja_marido_mujer_senor_a_consorte,PC1,-0.027378168506352354
parentesco_desc__esposo_a_companero_a_conyuge_pareja_marido_mujer_senor_a_consorte,PC2,-0.17189042327904008
parentesco_desc__esposo_a_companero_a_conyuge_pareja_marido_mujer_senor_a_consorte,PC3,-0.012471677825012698
parentesco_desc__esposo_a_companero_a_conyuge_pareja_marido_mujer_senor_a_consorte,PC4,-0.2003108435122552
parentesco_desc__esposo_a_companero_a_conyuge_pareja_marido_mujer_senor_a_consorte,PC5,-0.09047077323203187
parentesco_desc__esposo_a_companero_a_conyuge_pareja_marido_mujer_senor_a_consorte,PC6,0.34570489193036513
parentesco_desc__esposo_a_companero_a_conyuge_pareja_marido_mujer_senor_a_consorte,PC7,0.002385464927908712
parentesco_desc__esposo_a_companero_a_conyuge_pareja_marido_mujer_senor_a_consorte,PC8,0.10920859578212969
parentesco_desc__esposo_a_companero_a_conyuge_pareja_marido_mujer_senor_a_consorte,PC9,-0.41488687555487513
parentesco_desc__esposo_a_companero_a_conyuge_pareja_marido_mujer_senor_a_consorte,PC10,-0.16075510900227002
parentesco_desc__esposo_a_companero_a_conyuge_pareja_marido_mujer_senor_a_consorte,PC11,-0.4013471476541765
parentesco_desc__esposo_a_companero_a_conyuge_pareja_marido_mujer_senor_a_consorte,PC12,-0.023296832816847232
parentesco_desc__esposo_a_companero_a_conyuge_pareja_marido_mujer_senor_a_consorte,PC13,0.009357625897856766
parentesco_desc__esposo_a_companero_a_conyuge_pareja_marido_mujer_senor_a_consorte,PC14,0.045387913131795035
parentesco_desc__esposo_a_companero_a_conyuge_pareja_marido_mujer_senor_a_consorte,PC15,-0.0842237181173465
parentesco_desc__esposo_a_companero_a_conyuge_pareja_marido_mujer_senor_a_consorte,PC16,-0.020864724844051625
parentesco_desc__esposo_a_companero_a_conyuge_pareja_marido_mujer_senor_a_consorte,PC17,-0.13677588568983018
parentesco_desc__esposo_a_companero_a_conyuge_pareja_marido_mujer_senor_a_consorte,PC18,0.12129158940012062
parentesco_desc__esposo_a_companero_a_conyuge_pareja_marido_mujer_senor_a_consorte,PC19,-0.38903169150468436
parentesco_desc__esposo_a_companero_a_conyuge_pareja_marido_mujer_senor_a_consorte,PC20,-0.27969431260339184
parentesco_desc__esposo_a_companero_a_conyuge_pareja_marido_mujer_senor_a_consorte,PC21,-0.102921142503282
parentesco_desc__esposo_a_companero_a_conyuge_pareja_marido_mujer_senor_a_consorte,PC22,-0.12328391838961142
parentesco_desc__esposo_a_companero_a_conyuge_pareja_marido_mujer_senor_a_consorte,PC23,-0.2509853763246468
parentesco_desc__esposo_a_companero_a_conyuge_pareja_marido_mujer_senor_a_consorte,PC24,0.04477051516221174
parentesco_desc__esposo_a_companero_a_conyuge_pareja_marido_mujer_senor_a_consorte,PC25,0.08126164088459117
parentesco_desc__esposo_a_companero_a_conyuge_pareja_marido_mujer_senor_a_consorte,PC26,0.01326672184277145
parentesco_desc__esposo_a_companero_a_conyuge_pareja_marido_mujer_senor_a_consorte,PC27,0.00041910371975637054
parentesco_desc__esposo_a_companero_a_conyuge_pareja_marido_mujer_senor_a_consorte,PC28,-0.001797128796021774
parentesco_desc__esposo_a_companero_a_conyuge_pareja_marido_mujer_senor_a_consorte,PC29,0.11548754635774443
parentesco_desc__esposo_a_companero_a_conyuge_pareja_marido_mujer_senor_a_consorte,PC30,-0.006628912222357365
parentesco_desc__esposo_a_companero_a_conyuge_pareja_marido_mujer_senor_a_consorte,PC31,0.044716004774856724
parentesco_desc__esposo_a_companero_a_conyuge_pareja_marido_mujer_senor_a_consorte,PC32,-0.1816219054424187
parentesco_desc__esposo_a_companero_a_conyuge_pareja_marido_mujer_senor_a_consorte,PC33,-0.015090823236645835
parentesco_desc__esposo_a_companero_a_conyuge_pareja_marido_mujer_senor_a_consorte,PC34,0.009759755880636316
parentesco_desc__esposo_a_companero_a_conyuge_pareja_marido_mujer_senor_a_consorte,PC35,-0.034733756303824206
parentesco_desc__esposo_a_companero_a_conyuge_pareja_marido_mujer_senor_a_consorte,PC36,0.0866354233295198
parentesco_desc__esposo_a_companero_a_conyuge_pareja_marido_mujer_senor_a_consorte,PC37,-0.009253057755920788
parentesco_desc__esposo_a_companero_a_conyuge_pareja_marido_mujer_senor_a_consorte,PC38,0.027393353032448376
parentesco_desc__esposo_a_companero_a_conyuge_pareja_marido_mujer_senor_a_consorte,PC39,0.022567145909341002
parentesco_desc__esposo_a_companero_a_conyuge_pareja_marido_mujer_senor_a_consorte,PC40,-0.02699586542117209
parentesco_desc__esposo_a_companero_a_conyuge_pareja_marido_mujer_senor_a_consorte,PC41,-0.014692229838793508
parentesco_desc__esposo_a_companero_a_conyuge_pareja_marido_mujer_senor_a_consorte,PC42,-0.007515338176257497
parentesco_desc__esposo_a_companero_a_conyuge_pareja_marido_mujer_senor_a_consorte,PC43,-0.001137683934677958
parentesco_desc__esposo_a_companero_a_conyuge_pareja_marido_mujer_senor_a_consorte,PC44,0.000963473295668472
parentesco_desc__esposo_a_companero_a_conyuge_pareja_marido_mujer_senor_a_consorte,PC45,-0.004247744083583124
parentesco_desc__esposo_a_companero_a_conyuge_pareja_marido_mujer_senor_a_consorte,PC46,0.00012760437647478726
parentesco_desc__esposo_a_companero_a_conyuge_pareja_marido_mujer_senor_a_consorte,PC47,-0.0076095470845036085
parentesco_desc__esposo_a_companero_a_conyuge_pareja_marido_mujer_senor_a_consorte,PC48,0.00034580857247526627
parentesco_desc__esposo_a_companero_a_conyuge_pareja_marido_mujer_senor_a_consorte,PC49,-0.00735411619516588
parentesco_desc__esposo_a_companero_a_conyuge_pareja_marido_mujer_senor_a_consorte,PC50,-0.004725445918187841
parentesco_desc__esposo_a_companero_a_conyuge_pareja_marido_mujer_senor_a_consorte,PC51,-0.005986471231364606
parentesco_desc__esposo_a_companero_a_conyuge_pareja_marido_mujer_senor_a_consorte,PC52,-8.884148950922426e-06
parentesco_desc__esposo_a_companero_a_conyuge_pareja_marido_mujer_senor_a_consorte,PC53,0.00023578533997744699
parentesco_desc__esposo_a_companero_a_conyuge_pareja_marido_mujer_senor_a_consorte,PC54,-0.0021757907119877864
parentesco_desc__esposo_a_companero_a_conyuge_pareja_marido_mujer_senor_a_consorte,PC55,-0.0023358044671851837
parentesco_desc__esposo_a_companero_a_conyuge_pareja_marido_mujer_senor_a_consorte,PC56,-4.42956436800505e-06
parentesco_desc__esposo_a_companero_a_conyuge_pareja_marido_mujer_senor_a_consorte,PC57,-0.0019745613982229907
parentesco_desc__esposo_a_companero_a_conyuge_pareja_marido_mujer_senor_a_consorte,PC58,-0.0006173021105511085
parentesco_desc__esposo_a_companero_a_conyuge_pareja_marido_mujer_senor_a_consorte,PC59,-0.001029536582873763
parentesco_desc__esposo_a_companero_a_conyuge_pareja_marido_mujer_senor_a_consorte,PC60,-0.0005876056531556437
parentesco_desc__esposo_a_companero_a_conyuge_pareja_marido_mujer_senor_a_consorte,PC61,-0.0008434043303928565
parentesco_desc__esposo_a_companero_a_conyuge_pareja_marido_mujer_senor_a_consorte,PC62,-5.99330842228319e-07
parentesco_desc__esposo_a_companero_a_conyuge_pareja_marido_mujer_senor_a_consorte,PC63,-0.0005952314239795981
parentesco_desc__esposo_a_companero_a_conyuge_pareja_marido_mujer_senor_a_consorte,PC64,3.5822015046643394e-07
parentesco_desc__esposo_a_companero_a_conyuge_pareja_marido_mujer_senor_a_consorte,PC65,-1.8690135982719884e-07
parentesco_desc__esposo_a_companero_a_conyuge_pareja_marido_mujer_senor_a_consorte,PC66,-1.6759214737321873e-06
parentesco_desc__esposo_a_companero_a_conyuge_pareja_marido_mujer_senor_a_consorte,PC67,-2.0508273698974738e-17
parentesco_desc__esposo_a_companero_a_conyuge_pareja_marido_mujer_senor_a_consorte,PC68,-1.4291528955403152e-17
parentesco_desc__esposo_a_companero_a_conyuge_pareja_marido_mujer_senor_a_consorte,PC69,1.973699589551837e-17
parentesco_desc__esposo_a_companero_a_conyuge_pareja_marido_mujer_senor_a_consorte,PC70,1.873915954037839e-18
parentesco_desc__esposo_a_companero_a_conyuge_pareja_marido_mujer_senor_a_consorte,PC71,5.3505962029926747e-17
parentesco_desc__esposo_a_companero_a_conyuge_pareja_marido_mujer_senor_a_consorte,PC72,-2.50088263124069e-17
parentesco_desc__esposo_a_companero_a_conyuge_pareja_marido_mujer_senor_a_consorte,PC73,-7.905070859921548e-17
parentesco_desc__esposo_a_companero_a_conyuge_pareja_marido_mujer_senor_a_consorte,PC74,1.5370665616738375e-17
parentesco_desc__esposo_a_companero_a_conyuge_pareja_marido_mujer_senor_a_consorte,PC75,-1.2534559246813257e-17
parentesco_desc__esposo_a_companero_a_conyuge_pareja_marido_mujer_senor_a_consorte,PC76,7.604928185558747e-17
parentesco_desc__esposo_a_companero_a_conyuge_pareja_marido_mujer_senor_a_consorte,PC77,-1.8504495222165063e-17
parentesco_desc__familiar_otro_parentesco,PC1,0.01097609976291536
parentesco_desc__familiar_otro_parentesco,PC2,0.0012481461061238674
parentesco_desc__familiar_otro_parentesco,PC3,0.0050169110252876485
parentesco_desc__familiar_otro_parentesco,PC4,0.007512026567929756
parentesco_desc__familiar_otro_parentesco,PC5,-0.0016070861321200195
parentesco_desc__familiar_otro_parentesco,PC6,0.007739952218599661
parentesco_desc__familiar_otro_parentesco,PC7,0.0005922103251643821
parentesco_desc__familiar_otro_parentesco,PC8,-0.0013445249525219402
parentesco_desc__familiar_otro_parentesco,PC9,0.0022708251090108496
parentesco_desc__familiar_otro_parentesco,PC10,0.003973391724107605
parentesco_desc__familiar_otro_parentesco,PC11,0.006822765213258209
parentesco_desc__familiar_otro_parentesco,PC12,0.0007272368922278465
parentesco_desc__familiar_otro_parentesco,PC13,0.0031150047423978253
parentesco_desc__familiar_otro_parentesco,PC14,0.004344425331860865
parentesco_desc__familiar_otro_parentesco,PC15,-0.004094303459615005
parentesco_desc__familiar_otro_parentesco,PC16,-0.0030125849600868364
parentesco_desc__familiar_otro_parentesco,PC17,1.4045532746352196e-05
parentesco_desc__familiar_otro_parentesco,PC18,0.0014494251423356724
parentesco_desc__familiar_otro_parentesco,PC19,0.00368051423814844
parentesco_desc__familiar_otro_parentesco,PC20,-0.006410619063198902
parentesco_desc__familiar_otro_parentesco,PC21,-0.008505706461556132
parentesco_desc__familiar_otro_parentesco,PC22,-0.012207549084925315
parentesco_desc__familiar_otro_parentesco,PC23,-0.005233203595465352
parentesco_desc__familiar_otro_parentesco,PC24,-0.00544578232998774
parentesco_desc__familiar_otro_parentesco,PC25,0.00023292400043896564
parentesco_desc__familiar_otro_parentesco,PC26,-0.0020828938310284034
parentesco_desc__familiar_otro_parentesco,PC27,0.003941588638859314
parentesco_desc__familiar_otro_parentesco,PC28,-0.0021003365620582233
parentesco_desc__familiar_otro_parentesco,PC29,-0.006269606284547915
parentesco_desc__familiar_otro_parentesco,PC30,0.0030336373890367694
parentesco_desc__familiar_otro_parentesco,PC31,-0.004967504891981917
parentesco_desc__familiar_otro_parentesco,PC32,0.005313531881961843
parentesco_desc__familiar_otro_parentesco,PC33,-0.0014234872767244057
parentesco_desc__familiar_otro_parentesco,PC34,-0.00012134631552505448
parentesco_desc__familiar_otro_parentesco,PC35,-0.0017174836909719428
parentesco_desc__familiar_otro_parentesco,PC36,-0.011097345958762536
parentesco_desc__familiar_otro_parentesco,PC37,-0.002287519018465178
parentesco_desc__familiar_otro_parentesco,PC38,0.004959397118098016
parentesco_desc__familiar_otro_parentesco,PC39,-0.006961211069356047
parentesco_desc__familiar_otro_parentesco,PC40,0.016454491294140835
parentesco_desc__familiar_otro_parentesco,PC41,0.014529523144538627
parentesco_desc__familiar_otro_parentesco,PC42,0.009614206898708967
parentesco_desc__familiar_otro_parentesco,PC43,0.00029232910726056856
parentesco_desc__familiar_otro_parentesco,PC44,-0.0010149303622092193
parentesco_desc__familiar_otro_parentesco,PC45,0.010408569477926805
parentesco_desc__familiar_otro_parentesco,PC46,0.00037152519027427425
parentesco_desc__familiar_otro_parentesco,PC47,0.00910887561640264
parentesco_desc__familiar_otro_parentesco,PC48,0.0012836916462604785
parentesco_desc__familiar_otro_parentesco,PC49,0.021606959754705723
parentesco_desc__familiar_otro_parentesco,PC50,0.013955905814201303
parentesco_desc__familiar_otro_parentesco,PC51,0.05001889547836662
parentesco_desc__familiar_otro_parentesco,PC52,0.0003252482442700406
parentesco_desc__familiar_otro_parentesco,PC53,-0.0035661028457268313
parentesco_desc__familiar_otro_parentesco,PC54,0.030227327208393044
parentesco_desc__familiar_otro_parentesco,PC55,0.08618799020150487
parentesco_desc__familiar_otro_parentesco,PC56,0.0007613332853719753
parentesco_desc__familiar_otro_parentesco,PC57,0.16444301178577014
parentesco_desc__familiar_otro_parentesco,PC58,0.07546179807677914
parentesco_desc__familiar_otro_parentesco,PC59,0.925219439100338
parentesco_desc__familiar_otro_parentesco,PC60,-0.30700003424917083
parentesco_desc__familiar_otro_parentesco,PC61,-0.05313597871603839
parentesco_desc__familiar_otro_parentesco,PC62,-6.462038958863747e-05
parentesco_desc__familiar_otro_parentesco,PC63,-0.028547837467954123
parentesco_desc__familiar_otro_parentesco,PC64,2.701188279870111e-05
parentesco_desc__familiar_otro_parentesco,PC65,1.7363154406505583e-05
parentesco_desc__familiar_otro_parentesco,PC66,-0.00011993216799049764
parentesco_desc__familiar_otro_parentesco,PC67,-2.1932818092575467e-15
parentesco_desc__familiar_otro_parentesco,PC68,-7.447839133474829e-16
parentesco_desc__familiar_otro_parentesco,PC69,4.351070192373572e-17
parentesco_desc__familiar_otro_parentesco,PC70,-8.500558218542908e-18
parentesco_desc__familiar_otro_parentesco,PC71,1.6055236790236468e-15
parentesco_desc__familiar_otro_parentesco,PC72,3.5120894555895803e-16
parentesco_desc__familiar_otro_parentesco,PC73,3.373297429090726e-16
parentesco_desc__familiar_otro_parentesco,PC74,1.5636824743304543e-15
parentesco_desc__familiar_otro_parentesco,PC75,3.455116809500528e-16
parentesco_desc__familiar_otro_parentesco,PC76,2.578248190553454e-15
parentesco_desc__familiar_otro_parentesco,PC77,-4.273835655725095e-16
parentesco_desc__hermano_a,PC1,0.0018269914938263021
parentesco_desc__hermano_a,PC2,-0.01149700714996473
parentesco_desc__hermano_a,PC3,-0.014074801568625242
parentesco_desc__hermano_a,PC4,0.04135269550511503
parentesco_desc__hermano_a,PC5,-0.007954090437048542
parentesco_desc__hermano_a,PC6,0.017842659612376473
parentesco_desc__hermano_a,PC7,0.02601722830283994
parentesco_desc__hermano_a,PC8,0.03772152937515666
parentesco_desc__hermano_a,PC9,0.007324209092213348
parentesco_desc__hermano_a,PC10,-0.016945561200144645
parentesco_desc__hermano_a,PC11,0.037252366681359624
parentesco_desc__hermano_a,PC12,-0.011730689144351323
parentesco_desc__hermano_a,PC13,-0.0056907794980996075
parentesco_desc__hermano_a,PC14,0.010129430388489891
parentesco_desc__hermano_a,PC15,-0.011735953502422515
parentesco_desc__hermano_a,PC16,-0.0015381761683114115
parentesco_desc__hermano_a,PC17,-0.004068296792710639
parentesco_desc__hermano_a,PC18,0.006528884992649126
parentesco_desc__hermano_a,PC19,-0.044471676108396856
parentesco_desc__hermano_a,PC20,-0.03527947135680701
parentesco_desc__hermano_a,PC21,-0.017699577097800404
parentesco_desc__hermano_a,PC22,-0.029794664082312235
parentesco_desc__hermano_a,PC23,-0.052952330106097206
parentesco_desc__hermano_a,PC24,0.0028322402860378776
parentesco_desc__hermano_a,PC25,0.013139124164077252
parentesco_desc__hermano_a,PC26,0.0030488454709929483
parentesco_desc__hermano_a,PC27,-0.0032067161822066574
parentesco_desc__hermano_a,PC28,0.0034206697145685214
parentesco_desc__hermano_a,PC29,-0.12673195634809384
parentesco_desc__hermano_a,PC30,0.02062672113900335
parentesco_desc__hermano_a,PC31,-0.06011961006382261
parentesco_desc__hermano_a,PC32,0.2809023676538104
parentesco_desc__hermano_a,PC33,0.04637157417466825
parentesco_desc__hermano_a,PC34,-0.011345507295732561
parentesco_desc__hermano_a,PC35,0.1101284177307879
parentesco_desc__hermano_a,PC36,-0.5716555748184745
parentesco_desc__hermano_a,PC37,0.36569326384645096
parentesco_desc__hermano_a,PC38,0.5707699029159747
parentesco_desc__hermano_a,PC39,0.18548688607051925
parentesco_desc__hermano_a,PC40,-0.1981197710622043
parentesco_desc__hermano_a,PC41,-0.08543736436888193
parentesco_desc__hermano_a,PC42,-0.04093647013647487
parentesco_desc__hermano_a,PC43,-0.004956526574578909
parentesco_desc__hermano_a,PC44,0.0066688391083734744
parentesco_desc__hermano_a,PC45,-0.024344079227572004
parentesco_desc__hermano_a,PC46,0.0015440466547226965
parentesco_desc__hermano_a,PC47,-0.03149656657555319
parentesco_desc__hermano_a,PC48,0.0028630280922116213
parentesco_desc__hermano_a,PC49,-0.029687679196869203
parentesco_desc__hermano_a,PC50,-0.016935819524714693
parentesco_desc__hermano_a,PC51,-0.02126080260817872
parentesco_desc__hermano_a,PC52,-3.977718348813331e-05
parentesco_desc__hermano_a,PC53,0.0009343482840054703
parentesco_desc__hermano_a,PC54,-0.007685299714120993
parentesco_desc__hermano_a,PC55,-0.0080661560875221
parentesco_desc__hermano_a,PC56,1.535734411667964e-05
parentesco_desc__hermano_a,PC57,-0.006796774826203301
parentesco_desc__hermano_a,PC58,-0.0021053220018657846
parentesco_desc__hermano_a,PC59,-0.0035104041778923553
parentesco_desc__hermano_a,PC60,-0.0019917055306613706
parentesco_desc__hermano_a,PC61,-0.002883070839780561
parentesco_desc__hermano_a,PC62,-5.393930307452759e-07
parentesco_desc__hermano_a,PC63,-0.002032451671469654
parentesco_desc__hermano_a,PC64,1.0221435009846127e-06
parentesco_desc__hermano_a,PC65,-5.406657988318175e-07
parentesco_desc__hermano_a,PC66,-6.456622054958373e-06
parentesco_desc__hermano_a,PC67,-7.523247641714017e-17
parentesco_desc__hermano_a,PC68,-6.331268058539694e-17
parentesco_desc__hermano_a,PC69,2.689326653779342e-16
parentesco_desc__hermano_a,PC70,1.1720888903057572e-17
parentesco_desc__hermano_a,PC71,4.214960968021286e-17
parentesco_desc__hermano_a,PC72,-2.0127266913130093e-17
parentesco_desc__hermano_a,PC73,-2.151880999965892e-16
parentesco_desc__hermano_a,PC74,2.4539273693887267e-16
parentesco_desc__hermano_a,PC75,-2.0953801222692067e-17
parentesco_desc__hermano_a,PC76,1.9772623435092936e-16
parentesco_desc__hermano_a,PC77,7.249786038688804e-17
parentesco_desc__hijastro_a_entenado_a,PC1,0.03488507291485921
parentesco_desc__hijastro_a_entenado_a,PC2,-0.011381344167587501
parentesco_desc__hijastro_a_entenado_a,PC3,-0.024473245487566964
parentesco_desc__hijastro_a_entenado_a,PC4,0.012053484598591565
parentesco_desc__hijastro_a_entenado_a,PC5,-0.0225746872028708
parentesco_desc__hijastro_a_entenado_a,PC6,-0.02700450601930424
parentesco_desc__hijastro_a_entenado_a,PC7,-0.010579875635551055
parentesco_desc__hijastro_a_entenado_a,PC8,-0.018702027446174708
parentesco_desc__hijastro_a_entenado_a,PC9,-0.017880354019284856
parentesco_desc__hijastro_a_entenado_a,PC10,-0.0022199382695685835
parentesco_desc__hijastro_a_entenado_a,PC11,-0.014203399472954853
parentesco_desc__hijastro_a_entenado_a,PC12,-0.010430357546968985
parentesco_desc__hijastro_a_entenado_a,PC13,0.006428763838631112
parentesco_desc__hijastro_a_entenado_a,PC14,0.006464071450135311
parentesco_desc__hijastro_a_entenado_a,PC15,-0.010998207716424284
parentesco_desc__hijastro_a_entenado_a,PC16,-0.008552688255995497
parentesco_desc__hijastro_a_entenado_a,PC17,-0.0018196680106590494
parentesco_desc__hijastro_a_entenado_a,PC18,0.004636927816370088
parentesco_desc__hijastro_a_entenado_a,PC19,0.013319432416233972
parentesco_desc__hijastro_a_entenado_a,PC20,0.012018724139416785
parentesco_desc__hijastro_a_entenado_a,PC21,-0.009458633945944954
parentesco_desc__hijastro_a_entenado_a,PC22,-0.02851652915212619
parentesco_desc__hijastro_a_entenado_a,PC23,-0.03285758662348636
parentesco_desc__hijastro_a_entenado_a,PC24,-0.0025188206043566816
parentesco_desc__hijastro_a_entenado_a,PC25,0.020393583664086324
parentesco_desc__hijastro_a_entenado_a,PC26,-0.011027573533083014
parentesco_desc__hijastro_a_entenado_a,PC27,0.014245632186481332
parentesco_desc__hijastro_a_entenado_a,PC28,-0.01124484463479078
parentesco_desc__hijastro_a_entenado_a,PC29,-0.04341268236809485
parentesco_desc__hijastro_a_entenado_a,PC30,0.004152387628850921
parentesco_desc__hijastro_a_entenado_a,PC31,-0.014921684539982853
parentesco_desc__hijastro_a_entenado_a,PC32,0.05876353646127606
parentesco_desc__hijastro_a_entenado_a,PC33,0.0005073191720419046
parentesco_desc__hijastro_a_entenado_a,PC34,0.0028586986281273928
parentesco_desc__hijastro_a_entenado_a,PC35,-0.0018295648662458308
parentesco_desc__hijastro_a_entenado_a,PC36,-0.07492944727642385
parentesco_desc__hijastro_a_entenado_a,PC37,0.017754510236047773
parentesco_desc__hijastro_a_entenado_a,PC38,-0.0013741753222919042
parentesco_desc__hijastro_a_entenado_a,PC39,-0.07160532052082144
parentesco_desc__hijastro_a_entenado_a,PC40,0.11341188256086472
parentesco_desc__hijastro_a_entenado_a,PC41,0.13908407500154768
parentesco_desc__hijastro_a_entenado_a,PC42,0.12690791685337038
parentesco_desc__hijastro_a_entenado_a,PC43,0.013756469773358327
parentesco_desc__hijastro_a_entenado_a,PC44,-0.016667519984541967
parentesco_desc__hijastro_a_entenado_a,PC45,0.19621215088090035
parentesco_desc__hijastro_a_entenado_a,PC46,-0.033694663361878006
parentesco_desc__hijastro_a_entenado_a,PC47,0.9201063686503896
parentesco_desc__hijastro_a_entenado_a,PC48,-0.010511947943307157
parentesco_desc__hijastro_a_entenado_a,PC49,-0.1759870767522861
parentesco_desc__hijastro_a_entenado_a,PC50,-0.06707575895009332
parentesco_desc__hijastro_a_entenado_a,PC51,-0.06014211121307896
parentesco_desc__hijastro_a_entenado_a,PC52,-0.0005059359810191724
parentesco_desc__hijastro_a_entenado_a,PC53,0.0024820519039099077
parentesco_desc__hijastro_a_entenado_a,PC54,-0.019877490687606948
parentesco_desc__hijastro_a_entenado_a,PC55,-0.01969906180072341
parentesco_desc__hijastro_a_entenado_a,PC56,-7.522236588406237e-05
parentesco_desc__hijastro_a_entenado_a,PC57,-0.01641468344451719
parentesco_desc__hijastro_a_entenado_a,PC58,-0.004952595406040789
parentesco_desc__hijastro_a_entenado_a,PC59,-0.008193135885646595
parentesco_desc__hijastro_a_entenado_a,PC60,-0.004598791514161058
parentesco_desc__hijastro_a_entenado_a,PC61,-0.006659246241381203
parentesco_desc__hijastro_a_entenado_a,PC62,-5.151958769897709e-06
parentesco_desc__hijastro_a_entenado_a,PC63,-0.004675669027177908
parentesco_desc__hijastro_a_entenado_a,PC64,7.658342387549225e-07
parentesco_desc__hijastro_a_entenado_a,PC65,1.0645461304070141e-06
parentesco_desc__hijastro_a_entenado_a,PC66,-1.7641609533353796e-05
parentesco_desc__hijastro_a_entenado_a,PC67,8.619905116374147e-16
parentesco_desc__hijastro_a_entenado_a,PC68,2.772876567597847e-16
parentesco_desc__hijastro_a_entenado_a,PC69,3.8077231969851146e-16
parentesco_desc__hijastro_a_entenado_a,PC70,2.5454575683900467e-17
parentesco_desc__hijastro_a_entenado_a,PC71,-5.988467804273385e-16
parentesco_desc__hijastro_a_entenado_a,PC72,7.801702357022256e-17
parentesco_desc__hijastro_a_entenado_a,PC73,-1.075350206332226e-16
parentesco_desc__hijastro_a_entenado_a,PC74,-4.738896474052709e-16
parentesco_desc__hijastro_a_entenado_a,PC75,-1.044919675733844e-16
parentesco_desc__hijastro_a_entenado_a,PC76,-9.85475155880134e-16
parentesco_desc__hijastro_a_entenado_a,PC77,1.7235056006901826e-16
parentesco_desc__hijo_a_adoptivo_a,PC1,0.005643272276767034
parentesco_desc__hijo_a_adoptivo_a,PC2,-0.0006684473704752511
parentesco_desc__hijo_a_adoptivo_a,PC3,-0.00028497385985991845
parentesco_desc__hijo_a_adoptivo_a,PC4,0.0038573181705633865
parentesco_desc__hijo_a_adoptivo_a,PC5,0.0011829129114745538
parentesco_desc__hijo_a_adoptivo_a,PC6,0.0014535155530535702
parentesco_desc__hijo_a_adoptivo_a,PC7,0.00026577544078779255
parentesco_desc__hijo_a_adoptivo_a,PC8,-0.00036379646907663474
parentesco_desc__hijo_a_adoptivo_a,PC9,-0.004670393745246067
parentesco_desc__hijo_a_adoptivo_a,PC10,0.0014847935120904712
parentesco_desc__hijo_a_adoptivo_a,PC11,-0.002217460906228413
parentesco_desc__hijo_a_adoptivo_a,PC12,0.0008526754273201233
parentesco_desc__hijo_a_adoptivo_a,PC13,0.00041241862154771586
parentesco_desc__hijo_a_adoptivo_a,PC14,-0.0011074564491994796
parentesco_desc__hijo_a_adoptivo_a,PC15,0.003443311093711803
parentesco_desc__hijo_a_adoptivo_a,PC16,-0.001333977710201247
parentesco_desc__hijo_a_adoptivo_a,PC17,-0.00168488921461767
parentesco_desc__hijo_a_adoptivo_a,PC18,0.0024095396676937046
parentesco_desc__hijo_a_adoptivo_a,PC19,0.00016296288706149265
parentesco_desc__hijo_a_adoptivo_a,PC20,0.0069554963605974575
parentesco_desc__hijo_a_adoptivo_a,PC21,0.003679724643508062
parentesco_desc__hijo_a_adoptivo_a,PC22,0.00039063370722849087
parentesco_desc__hijo_a_adoptivo_a,PC23,-0.0051447927823898496
parentesco_desc__hijo_a_adoptivo_a,PC24,-0.0004749959305068859
parentesco_desc__hijo_a_adoptivo_a,PC25,0.001565533103790896
parentesco_desc__hijo_a_adoptivo_a,PC26,0.0017256795493886933
parentesco_desc__hijo_a_adoptivo_a,PC27,0.00933701431742849
parentesco_desc__hijo_a_adoptivo_a,PC28,0.004625365586267768
parentesco_desc__hijo_a_adoptivo_a,PC29,-0.004414825647845386
parentesco_desc__hijo_a_adoptivo_a,PC30,-0.0005960010469598642
parentesco_desc__hijo_a_adoptivo_a,PC31,-0.00047711636436564733
parentesco_desc__hijo_a_adoptivo_a,PC32,0.006385823480879615
parentesco_desc__hijo_a_adoptivo_a,PC33,0.0015701017801608276
parentesco_desc__hijo_a_adoptivo_a,PC34,0.006416176206012968
parentesco_desc__hijo_a_adoptivo_a,PC35,0.004610715800498298
parentesco_desc__hijo_a_adoptivo_a,PC36,-0.007049944046285289
parentesco_desc__hijo_a_adoptivo_a,PC37,-0.004694061559450981
parentesco_desc__hijo_a_adoptivo_a,PC38,0.002445963794789438
parentesco_desc__hijo_a_adoptivo_a,PC39,-0.004613963800739524
parentesco_desc__hijo_a_adoptivo_a,PC40,0.008205920531511049
parentesco_desc__hijo_a_adoptivo_a,PC41,0.007145433058229781
parentesco_desc__hijo_a_adoptivo_a,PC42,0.00460645409664624
parentesco_desc__hijo_a_adoptivo_a,PC43,0.0008666696050471513
parentesco_desc__hijo_a_adoptivo_a,PC44,-0.00130517977884001
parentesco_desc__hijo_a_adoptivo_a,PC45,0.0045263963562906925
parentesco_desc__hijo_a_adoptivo_a,PC46,4.875779453816796e-05
parentesco_desc__hijo_a_adoptivo_a,PC47,0.004797108219558239
parentesco_desc__hijo_a_adoptivo_a,PC48,-0.0002099126004292715
parentesco_desc__hijo_a_adoptivo_a,PC49,0.010778869226249486
parentesco_desc__hijo_a_adoptivo_a,PC50,0.00756474661466265
parentesco_desc__hijo_a_adoptivo_a,PC51,0.023989910878335265
parentesco_desc__hijo_a_adoptivo_a,PC52,7.70115772789785e-05
parentesco_desc__hijo_a_adoptivo_a,PC53,-0.0015929655466975932
parentesco_desc__hijo_a_adoptivo_a,PC54,0.013380907936168885
parentesco_desc__hijo_a_adoptivo_a,PC55,0.029331531314156355
parentesco_desc__hijo_a_adoptivo_a,PC56,0.00013242529019506902
parentesco_desc__hijo_a_adoptivo_a,PC57,0.038140367344472535
parentesco_desc__hijo_a_adoptivo_a,PC58,0.013476222292330971
parentesco_desc__hijo_a_adoptivo_a,PC59,0.031447098012848444
parentesco_desc__hijo_a_adoptivo_a,PC60,0.021230672145142685
parentesco_desc__hijo_a_adoptivo_a,PC61,0.6997837221701578
parentesco_desc__hijo_a_adoptivo_a,PC62,-0.7064544153215325
parentesco_desc__hijo_a_adoptivo_a,PC63,-0.075103404738299
parentesco_desc__hijo_a_adoptivo_a,PC64,5.430186773404684e-05
parentesco_desc__hijo_a_adoptivo_a,PC65,2.1997181530330992e-05
parentesco_desc__hijo_a_adoptivo_a,PC66,-0.0002762633549045653
parentesco_desc__hijo_a_adoptivo_a,PC67,-4.180021730774813e-15
parentesco_desc__hijo_a_adoptivo_a,PC68,-1.800081547331674e-15
parentesco_desc__hijo_a_adoptivo_a,PC69,3.465694821030568e-16
parentesco_desc__hijo_a_adoptivo_a,PC70,-2.1071753504092569e-16
parentesco_desc__hijo_a_adoptivo_a,PC71,2.9059998552083097e-15
parentesco_desc__hijo_a_adoptivo_a,PC72,-2.515356306950673e-16
parentesco_desc__hijo_a_adoptivo_a,PC73,1.1934177223361106e-15
parentesco_desc__hijo_a_adoptivo_a,PC74,2.8279985675784728e-15
parentesco_desc__hijo_a_adoptivo_a,PC75,9.0600574726488e-16
parentesco_desc__hijo_a_adoptivo_a,PC76,4.399187850612775e-15
parentesco_desc__hijo_a_adoptivo_a,PC77,-8.554836640537596e-16
parentesco_desc__hijo_a_hijo_a_consanguineo_hijo_a_reconocido,PC1,0.25349116791166587
parentesco_desc__hijo_a_hijo_a_consanguineo_hijo_a_reconocido,PC2,-0.1033250076294214
parentesco_desc__hijo_a_hijo_a_consanguineo_hijo_a_reconocido,PC3,-0.16738907844631723
parentesco_desc__hijo_a_hijo_a_consanguineo_hijo_a_reconocido,PC4,0.42915071191687865
parentesco_desc__hijo_a_hijo_a_consanguineo_hijo_a_reconocido,PC5,-0.4342328309203283
parentesco_desc__hijo_a_hijo_a_consanguineo_hijo_a_reconocido,PC6,-0.11844320067828365
parentesco_desc__hijo_a_hijo_a_consanguineo_hijo_a_reconocido,PC7,-0.09824219341868207
parentesco_desc__hijo_a_hijo_a_consanguineo_hijo_a_reconocido,PC8,-0.011594436134546044
parentesco_desc__hijo_a_hijo_a_consanguineo_hijo_a_reconocido,PC9,-0.027261709844063675
parentesco_desc__hijo_a_hijo_a_consanguineo_hijo_a_reconocido,PC10,-0.004816195061178866
parentesco_desc__hijo_a_hijo_a_consanguineo_hijo_a_reconocido,PC11,0.24294868512054915
parentesco_desc__hijo_a_hijo_a_consanguineo_hijo_a_reconocido,PC12,0.061594310867211684
parentesco_desc__hijo_a_hijo_a_consanguineo_hijo_a_reconocido,PC13,0.07004883098172089
parentesco_desc__hijo_a_hijo_a_consanguineo_hijo_a_reconocido,PC14,-0.05889235479314383
parentesco_desc__hijo_a_hijo_a_consanguineo_hijo_a_reconocido,PC15,-0.005710803482371692
parentesco_desc__hijo_a_hijo_a_consanguineo_hijo_a_reconocido,PC16,-0.060591299090117984
parentesco_desc__hijo_a_hijo_a_consanguineo_hijo_a_reconocido,PC17,-0.04076383415673683
parentesco_desc__hijo_a_hijo_a_consanguineo_hijo_a_reconocido,PC18,0.010249747254402003
parentesco_desc__hijo_a_hijo_a_consanguineo_hijo_a_reconocido,PC19,-0.05565165516006706
parentesco_desc__hijo_a_hijo_a_consanguineo_hijo_a_reconocido,PC20,-0.05613917116168864
parentesco_desc__hijo_a_hijo_a_consanguineo_hijo_a_reconocido,PC21,0.13382264149240997
parentesco_desc__hijo_a_hijo_a_consanguineo_hijo_a_reconocido,PC22,0.2966030428222375
parentesco_desc__hijo_a_hijo_a_consanguineo_hijo_a_reconocido,PC23,0.4810901374128076
parentesco_desc__hijo_a_hijo_a_consanguineo_hijo_a_reconocido,PC24,-0.0675911870683746
parentesco_desc__hijo_a_hijo_a_consanguineo_hijo_a_reconocido,PC25,-0.21087991429860364
parentesco_desc__hijo_a_hijo_a_consanguineo_hijo_a_reconocido,PC26,0.04129656022784933
parentesco_desc__hijo_a_hijo_a_consanguineo_hijo_a_reconocido,PC27,-0.038936108768899365
parentesco_desc__hijo_a_hijo_a_consanguineo_hijo_a_reconocido,PC28,0.08427852418430229
parentesco_desc__hijo_a_hijo_a_consanguineo_hijo_a_reconocido,PC29,0.09471056765251358
parentesco_desc__hijo_a_hijo_a_consanguineo_hijo_a_reconocido,PC30,-0.003425139757607702
parentesco_desc__hijo_a_hijo_a_consanguineo_hijo_a_reconocido,PC31,0.019338441682593802
parentesco_desc__hijo_a_hijo_a_consanguineo_hijo_a_reconocido,PC32,-0.07325890485227943
parentesco_desc__hijo_a_hijo_a_consanguineo_hijo_a_reconocido,PC33,-0.005173750081140527
parentesco_desc__hijo_a_hijo_a_consanguineo_hijo_a_reconocido,PC34,-0.0004190243871764782
parentesco_desc__hijo_a_hijo_a_consanguineo_hijo_a_reconocido,PC35,0.010387683142070284
parentesco_desc__hijo_a_hijo_a_consanguineo_hijo_a_reconocido,PC36,0.058272798264236106
parentesco_desc__hijo_a_hijo_a_consanguineo_hijo_a_reconocido,PC37,-0.003123547148996368
parentesco_desc__hijo_a_hijo_a_consanguineo_hijo_a_reconocido,PC38,-0.00679620618238715
parentesco_desc__hijo_a_hijo_a_consanguineo_hijo_a_reconocido,PC39,0.015153720852533664
parentesco_desc__hijo_a_hijo_a_consanguineo_hijo_a_reconocido,PC40,-0.03052991608284309
parentesco_desc__hijo_a_hijo_a_consanguineo_hijo_a_reconocido,PC41,-0.01811432683728747
parentesco_desc__hijo_a_hijo_a_consanguineo_hijo_a_reconocido,PC42,-0.0094538811884246
parentesco_desc__hijo_a_hijo_a_consanguineo_hijo_a_reconocido,PC43,-0.0020827749233289805
parentesco_desc__hijo_a_hijo_a_consanguineo_hijo_a_reconocido,PC44,0.00026429182376408943
parentesco_desc__hijo_a_hijo_a_consanguineo_hijo_a_reconocido,PC45,-0.00844340750093226
parentesco_desc__hijo_a_hijo_a_consanguineo_hijo_a_reconocido,PC46,-0.00030251404997427806
parentesco_desc__hijo_a_hijo_a_consanguineo_hijo_a_reconocido,PC47,-0.005966444289854883
parentesco_desc__hijo_a_hijo_a_consanguineo_hijo_a_reconocido,PC48,-0.0007734032703751871
parentesco_desc__hijo_a_hijo_a_consanguineo_hijo_a_reconocido,PC49,-0.008215180989568176
parentesco_desc__hijo_a_hijo_a_consanguineo_hijo_a_reconocido,PC50,-0.004137260784788178
parentesco_desc__hijo_a_hijo_a_consanguineo_hijo_a_reconocido,PC51,-0.005686504597319949
parentesco_desc__hijo_a_hijo_a_consanguineo_hijo_a_reconocido,PC52,-5.5322077411536474e-05
parentesco_desc__hijo_a_hijo_a_consanguineo_hijo_a_reconocido,PC53,0.00024726968112639475
parentesco_desc__hijo_a_hijo_a_consanguineo_hijo_a_reconocido,PC54,-0.002051166102767855
parentesco_desc__hijo_a_hijo_a_consanguineo_hijo_a_reconocido,PC55,-0.00218131518608783
parentesco_desc__hijo_a_hijo_a_consanguineo_hijo_a_reconocido,PC56,-9.601509310815614e-06
parentesco_desc__hijo_a_hijo_a_consanguineo_hijo_a_reconocido,PC57,-0.0018568018516625718
parentesco_desc__hijo_a_hijo_a_consanguineo_hijo_a_reconocido,PC58,-0.0005631607404474855
parentesco_desc__hijo_a_hijo_a_consanguineo_hijo_a_reconocido,PC59,-0.0009372386073744645
parentesco_desc__hijo_a_hijo_a_consanguineo_hijo_a_reconocido,PC60,-0.0005256046111750869
parentesco_desc__hijo_a_hijo_a_consanguineo_hijo_a_reconocido,PC61,-0.0007851615572664049
parentesco_desc__hijo_a_hijo_a_consanguineo_hijo_a_reconocido,PC62,-6.692508099530172e-07
parentesco_desc__hijo_a_hijo_a_consanguineo_hijo_a_reconocido,PC63,-0.000555150077567492
parentesco_desc__hijo_a_hijo_a_consanguineo_hijo_a_reconocido,PC64,2.5218707588826584e-07
parentesco_desc__hijo_a_hijo_a_consanguineo_hijo_a_reconocido,PC65,1.1421004009998962e-07
parentesco_desc__hijo_a_hijo_a_consanguineo_hijo_a_reconocido,PC66,-2.2016834654506347e-06
parentesco_desc__hijo_a_hijo_a_consanguineo_hijo_a_reconocido,PC67,5.54852581547751e-16
parentesco_desc__hijo_a_hijo_a_consanguineo_hijo_a_reconocido,PC68,2.112084885679832e-16
parentesco_desc__hijo_a_hijo_a_consanguineo_hijo_a_reconocido,PC69,-6.624972011590142e-17
parentesco_desc__hijo_a_hijo_a_consanguineo_hijo_a_reconocido,PC70,3.804575571504094e-17
parentesco_desc__hijo_a_hijo_a_consanguineo_hijo_a_reconocido,PC71,-3.936353762710883e-16
parentesco_desc__hijo_a_hijo_a_consanguineo_hijo_a_reconocido,PC72,-1.77654847742983e-17
parentesco_desc__hijo_a_hijo_a_consanguineo_hijo_a_reconocido,PC73,-1.6671204166845568e-16
parentesco_desc__hijo_a_hijo_a_consanguineo_hijo_a_reconocido,PC74,-4.03842358230774e-16
parentesco_desc__hijo_a_hijo_a_consanguineo_hijo_a_reconocido,PC75,-1.2681343086672545e-16
parentesco_desc__hijo_a_hijo_a_consanguineo_hijo_a_reconocido,PC76,-6.298633480181987e-16
parentesco_desc__hijo_a_hijo_a_consanguineo_hijo_a_reconocido,PC77,1.6174693255343547e-16
parentesco_desc__jefe_a,PC1,-0.27466547683650283
parentesco_desc__jefe_a,PC2,0.26723602142793873
parentesco_desc__jefe_a,PC3,0.12630165392780587
parentesco_desc__jefe_a,PC4,-0.32471833749022044
parentesco_desc__jefe_a,PC5,0.48932441995947895
parentesco_desc__jefe_a,PC6,-0.16499485434810668
parentesco_desc__jefe_a,PC7,0.07865034976679658
parentesco_desc__jefe_a,PC8,-0.09233690874323132
parentesco_desc__jefe_a,PC9,0.3441560192491825
parentesco_desc__jefe_a,PC10,0.13388307432077762
parentesco_desc__jefe_a,PC11,0.07823996722457768
parentesco_desc__jefe_a,PC12,-0.024096328330801692
parentesco_desc__jefe_a,PC13,-0.05981119907865353
parentesco_desc__jefe_a,PC14,0.000463985679555574
parentesco_desc__jefe_a,PC15,0.08663225558033752
parentesco_desc__jefe_a,PC16,0.06755601874296896
parentesco_desc__jefe_a,PC17,0.15228172362825984
parentesco_desc__jefe_a,PC18,-0.11928629097383547
parentesco_desc__jefe_a,PC19,0.36881889454865163
parentesco_desc__jefe_a,PC20,0.27909627270255777
parentesco_desc__jefe_a,PC21,0.005466481256906187
parentesco_desc__jefe_a,PC22,-0.055976484977002305
parentesco_desc__jefe_a,PC23,-0.07071575992224458
parentesco_desc__jefe_a,PC24,0.007625192327714603
parentesco_desc__jefe_a,PC25,0.04983555898554866
parentesco_desc__jefe_a,PC26,-0.0061336703618151125
parentesco_desc__jefe_a,PC27,0.0028039261670953623
parentesco_desc__jefe_a,PC28,0.00399519968456381
parentesco_desc__jefe_a,PC29,0.07687660413070242
parentesco_desc__jefe_a,PC30,-0.007236842171169088
parentesco_desc__jefe_a,PC31,0.030819960554423563
parentesco_desc__jefe_a,PC32,-0.12711009403699738
parentesco_desc__jefe_a,PC33,-0.011070309066385555
parentesco_desc__jefe_a,PC34,0.007134110977869238
parentesco_desc__jefe_a,PC35,-0.023112282262839755
parentesco_desc__jefe_a,PC36,0.06460852539501964
parentesco_desc__jefe_a,PC37,-0.006503472639985242
parentesco_desc__jefe_a,PC38,0.0223565044135828
parentesco_desc__jefe_a,PC39,0.01747500065072801
parentesco_desc__jefe_a,PC40,-0.02133302274762685
parentesco_desc__jefe_a,PC41,-0.011333010495414672
parentesco_desc__jefe_a,PC42,-0.006134585673484722
parentesco_desc__jefe_a,PC43,-0.0006149150987133828
parentesco_desc__jefe_a,PC44,0.0007844519063535737
parentesco_desc__jefe_a,PC45,-0.0033400964680131754
parentesco_desc__jefe_a,PC46,6.953138215487855e-05
parentesco_desc__jefe_a,PC47,-0.006176519558170424
parentesco_desc__jefe_a,PC48,0.00016359501376589532
parentesco_desc__jefe_a,PC49,-0.0058312589052088165
parentesco_desc__jefe_a,PC50,-0.003700880802356798
parentesco_desc__jefe_a,PC51,-0.004745568135347918
parentesco_desc__jefe_a,PC52,-1.7077886870601475e-06
parentesco_desc__jefe_a,PC53,0.00020247065749384854
parentesco_desc__jefe_a,PC54,-0.00173576563786526
parentesco_desc__jefe_a,PC55,-0.0018569702245784872
parentesco_desc__jefe_a,PC56,7.784729998228372e-07
parentesco_desc__jefe_a,PC57,-0.0015678761489152698
parentesco_desc__jefe_a,PC58,-0.0004888148554665597
parentesco_desc__jefe_a,PC59,-0.0008208804068171263
parentesco_desc__jefe_a,PC60,-0.0004701436855068197
parentesco_desc__jefe_a,PC61,-0.0006716907134054441
parentesco_desc__jefe_a,PC62,-4.3694272500143476e-08
parentesco_desc__jefe_a,PC63,-0.0004740281080564697
parentesco_desc__jefe_a,PC64,2.6256390409786446e-07
parentesco_desc__jefe_a,PC65,-2.6014228062967006e-07
parentesco_desc__jefe_a,PC66,-1.432267063624736e-06
parentesco_desc__jefe_a,PC67,-3.2744190005888946e-17
parentesco_desc__jefe_a,PC68,-4.654744613982935e-18
parentesco_desc__jefe_a,PC69,-2.6092941445313856e-18
parentesco_desc__jefe_a,PC70,1.942963436624315e-17
parentesco_desc__jefe_a,PC71,2.0029211654403155e-18
parentesco_desc__jefe_a,PC72,2.877390149693706e-17
parentesco_desc__jefe_a,PC73,8.609136168259779e-17
parentesco_desc__jefe_a,PC74,1.9857393675673835e-17
parentesco_desc__jefe_a,PC75,1.859677942957638e-17
parentesco_desc__jefe_a,PC76,-6.332920824319805e-17
parentesco_desc__jefe_a,PC77,-2.670204824961823e-17
parentesco_desc__madre_padre,PC1,-0.017148734286658925
parentesco_desc__madre_padre,PC2,-0.03040801670185346
parentesco_desc__madre_padre,PC3,0.05255453927973104
parentesco_desc__madre_padre,PC4,-0.008816757477854249
parentesco_desc__madre_padre,PC5,0.02806163360273301
parentesco_desc__madre_padre,PC6,0.034032215345798936
parentesco_desc__madre_padre,PC7,0.03348353661852057
parentesco_desc__madre_padre,PC8,0.026235822856524395
parentesco_desc__madre_padre,PC9,-0.022234157806407286
parentesco_desc__madre_padre,PC10,-0.024617879363955736
parentesco_desc__madre_padre,PC11,0.014590269149607172
parentesco_desc__madre_padre,PC12,-0.010737788349001798
parentesco_desc__madre_padre,PC13,-0.01633204392308124
parentesco_desc__madre_padre,PC14,0.005147480568994258
parentesco_desc__madre_padre,PC15,-0.006741385881025363
parentesco_desc__madre_padre,PC16,0.0009464936126764077
parentesco_desc__madre_padre,PC17,0.006159402528056459
parentesco_desc__madre_padre,PC18,-0.003626878488756913
parentesco_desc__madre_padre,PC19,-0.027777638549083435
parentesco_desc__madre_padre,PC20,-0.019577611964241712
parentesco_desc__madre_padre,PC21,0.005881074758095779
parentesco_desc__madre_padre,PC22,0.03336435598567663
parentesco_desc__madre_padre,PC23,0.022863160570990713
parentesco_desc__madre_padre,PC24,0.0038508302879132214
parentesco_desc__madre_padre,PC25,-0.02910648482112866
parentesco_desc__madre_padre,PC26,0.016043603016402116
parentesco_desc__madre_padre,PC27,-0.004424126989689645
parentesco_desc__madre_padre,PC28,0.023504524768103278
parentesco_desc__madre_padre,PC29,-0.036399765917117535
parentesco_desc__madre_padre,PC30,0.004935770965778083
parentesco_desc__madre_padre,PC31,-0.03385370786067804
parentesco_desc__madre_padre,PC32,0.1409205034096157
parentesco_desc__madre_padre,PC33,0.017774066476762662
parentesco_desc__madre_padre,PC34,-0.003528548482678233
parentesco_desc__madre_padre,PC35,0.05677432533788068
parentesco_desc__madre_padre,PC36,-0.12275267647374974
parentesco_desc__madre_padre,PC37,0.06918154908063359
parentesco_desc__madre_padre,PC38,-0.14381467780876211
parentesco_desc__madre_padre,PC39,-0.14180351029410213
parentesco_desc__madre_padre,PC40,0.10578793361177749
parentesco_desc__madre_padre,PC41,0.15119904406596132
parentesco_desc__madre_padre,PC42,0.18573710518737463
parentesco_desc__madre_padre,PC43,0.07943426443992795
parentesco_desc__madre_padre,PC44,-0.2663820750201288
parentesco_desc__madre_padre,PC45,0.8094085596803001
parentesco_desc__madre_padre,PC46,0.02129621784016386
parentesco_desc__madre_padre,PC47,-0.29100176108225656
parentesco_desc__madre_padre,PC48,0.036867707745247676
parentesco_desc__madre_padre,PC49,-0.07771100150746232
parentesco_desc__madre_padre,PC50,-0.05170395619740681
parentesco_desc__madre_padre,PC51,-0.047419862953501764
parentesco_desc__madre_padre,PC52,0.0006882339061128016
parentesco_desc__madre_padre,PC53,0.0019910663646949944
parentesco_desc__madre_padre,PC54,-0.016532457055693856
parentesco_desc__madre_padre,PC55,-0.016631014073509868
parentesco_desc__madre_padre,PC56,0.00011008191868439344
parentesco_desc__madre_padre,PC57,-0.013693356724430224
parentesco_desc__madre_padre,PC58,-0.004420919033939351
parentesco_desc__madre_padre,PC59,-0.007294312467503188
parentesco_desc__madre_padre,PC60,-0.004177712987450103
parentesco_desc__madre_padre,PC61,-0.005779260940917743
parentesco_desc__madre_padre,PC62,1.570816423291835e-07
parentesco_desc__madre_padre,PC63,-0.004047742678458075
parentesco_desc__madre_padre,PC64,2.8348786768405945e-06
parentesco_desc__madre_padre,PC65,-3.972359052444156e-06
parentesco_desc__madre_padre,PC66,-6.317207986788658e-06
parentesco_desc__madre_padre,PC67,-2.9309191472863816e-16
parentesco_desc__madre_padre,PC68,-1.0705350704915344e-16
parentesco_desc__madre_padre,PC69,-1.9470700713691344e-17
parentesco_desc__madre_padre,PC70,-2.6378139245674357e-16
parentesco_desc__madre_padre,PC71,2.365734268490768e-16
parentesco_desc__madre_padre,PC72,-1.2876862814093373e-16
parentesco_desc__madre_padre,PC73,-4.4542059459568765e-17
parentesco_desc__madre_padre,PC74,2.172130125178353e-16
parentesco_desc__madre_padre,PC75,9.407655748730252e-17
parentesco_desc__madre_padre,PC76,4.678209688983835e-16
parentesco_desc__madre_padre,PC77,-3.447504709041422e-17
parentesco_desc__medio_a_hermano_a,PC1,0.0003669191881347769
parentesco_desc__medio_a_hermano_a,PC2,0.0030521324860463645
parentesco_desc__medio_a_hermano_a,PC3,-0.0036032734885518497
parentesco_desc__medio_a_hermano_a,PC4,0.0005812432301004395
parentesco_desc__medio_a_hermano_a,PC5,-0.003548196639623142
parentesco_desc__medio_a_hermano_a,PC6,-0.005915557661948806
parentesco_desc__medio_a_hermano_a,PC7,-0.0012378259620437649
parentesco_desc__medio_a_hermano_a,PC8,0.00168774464514016
parentesco_desc__medio_a_hermano_a,PC9,0.0010208939586844607
parentesco_desc__medio_a_hermano_a,PC10,-0.002792710944084123
parentesco_desc__medio_a_hermano_a,PC11,-0.0036367466388258773
parentesco_desc__medio_a_hermano_a,PC12,-0.0025210054135899806
parentesco_desc__medio_a_hermano_a,PC13,-0.0030339803739685626
parentesco_desc__medio_a_hermano_a,PC14,0.0005084149308870818
parentesco_desc__medio_a_hermano_a,PC15,0.005018086902822991
parentesco_desc__medio_a_hermano_a,PC16,0.00023198091564429504
parentesco_desc__medio_a_hermano_a,PC17,-0.000861985327533857
parentesco_desc__medio_a_hermano_a,PC18,-0.0012059125774463786
parentesco_desc__medio_a_hermano_a,PC19,0.0007421608397496713
parentesco_desc__medio_a_hermano_a,PC20,-0.004330559734327025
parentesco_desc__medio_a_hermano_a,PC21,-0.0007726741617539894
parentesco_desc__medio_a_hermano_a,PC22,-0.0011518889873922118
parentesco_desc__medio_a_hermano_a,PC23,-0.0052421337599066475
parentesco_desc__medio_a_hermano_a,PC24,-0.0045897207052871015
parentesco_desc__medio_a_hermano_a,PC25,-0.0018965903310824326
parentesco_desc__medio_a_hermano_a,PC26,-0.008338105014718846
parentesco_desc__medio_a_hermano_a,PC27,-0.0020299374336265664
parentesco_desc__medio_a_hermano_a,PC28,0.006122739110003533
parentesco_desc__medio_a_hermano_a,PC29,-0.0026408317673775428
parentesco_desc__medio_a_hermano_a,PC30,0.0006434786952331525
parentesco_desc__medio_a_hermano_a,PC31,-0.0002953558634857363
parentesco_desc__medio_a_hermano_a,PC32,0.0038595326509889795
parentesco_desc__medio_a_hermano_a,PC33,-0.0020068638151033475
parentesco_desc__medio_a_hermano_a,PC34,-0.00040777280294570893
parentesco_desc__medio_a_hermano_a,PC35,0.004251141784679935
parentesco_desc__medio_a_hermano_a,PC36,-0.0033146428544314206
parentesco_desc__medio_a_hermano_a,PC37,0.0020181841410882276
parentesco_desc__medio_a_hermano_a,PC38,-0.0018433242865420751
parentesco_desc__medio_a_hermano_a,PC39,-0.004249416382334199
parentesco_desc__medio_a_hermano_a,PC40,0.003219046294462397
parentesco_desc__medio_a_hermano_a,PC41,0.003548502282411121
parentesco_desc__medio_a_hermano_a,PC42,0.002771461155590799
parentesco_desc__medio_a_hermano_a,PC43,0.0004746740116028871
parentesco_desc__medio_a_hermano_a,PC44,-0.0005551961494550871
parentesco_desc__medio_a_hermano_a,PC45,0.002291460745150078
parentesco_desc__medio_a_hermano_a,PC46,-0.00037051009356720905
parentesco_desc__medio_a_hermano_a,PC47,0.0027706759843313432
parentesco_desc__medio_a_hermano_a,PC48,-0.0012165143585275951
parentesco_desc__medio_a_hermano_a,PC49,0.006111528779401812
parentesco_desc__medio_a_hermano_a,PC50,0.004046557069383335
parentesco_desc__medio_a_hermano_a,PC51,0.013324018640529706
parentesco_desc__medio_a_hermano_a,PC52,0.00018365302341564053
parentesco_desc__medio_a_hermano_a,PC53,-0.0008944564312185737
parentesco_desc__medio_a_hermano_a,PC54,0.007434384672871885
parentesco_desc__medio_a_hermano_a,PC55,0.015328251937736972
parentesco_desc__medio_a_hermano_a,PC56,-0.0001242119299496288
parentesco_desc__medio_a_hermano_a,PC57,0.01886707205941328
parentesco_desc__medio_a_hermano_a,PC58,0.006624824820307807
parentesco_desc__medio_a_hermano_a,PC59,0.014463767553570232
parentesco_desc__medio_a_hermano_a,PC60,0.009378285350056628
parentesco_desc__medio_a_hermano_a,PC61,0.049528474975189495
parentesco_desc__medio_a_hermano_a,PC62,2.905173498009836e-06
parentesco_desc__medio_a_hermano_a,PC63,0.49785272379545736
parentesco_desc__medio_a_hermano_a,PC64,-0.596119057742318
parentesco_desc__medio_a_hermano_a,PC65,-0.15542198440746627
parentesco_desc__medio_a_hermano_a,PC66,-0.607046053011757
parentesco_desc__medio_a_hermano_a,PC67,-6.912723180138646e-15
parentesco_desc__medio_a_hermano_a,PC68,-2.661872803955101e-15
parentesco_desc__medio_a_hermano_a,PC69,-2.5413373543095936e-16
parentesco_desc__medio_a_hermano_a,PC70,1.7589979100031716e-16
parentesco_desc__medio_a_hermano_a,PC71,4.755184165885099e-15
parentesco_desc__medio_a_hermano_a,PC72,-5.715373150688382e-16
parentesco_desc__medio_a_hermano_a,PC73,1.121821845976643e-15
parentesco_desc__medio_a_hermano_a,PC74,4.729020579934098e-15
parentesco_desc__medio_a_hermano_a,PC75,1.5866735311108776e-15
parentesco_desc__medio_a_hermano_a,PC76,8.193558971454758e-15
parentesco_desc__medio_a_hermano_a,PC77,-1.4145837547029232e-15
parentesco_desc__nieto_a,PC1,0.05291393239168444
parentesco_desc__nieto_a,PC2,-0.0576618772246815
parentesco_desc__nieto_a,PC3,0.02780669193457935
parentesco_desc__nieto_a,PC4,0.20570289777855
parentesco_desc__nieto_a,PC5,-0.13054976086695105
parentesco_desc__nieto_a,PC6,-0.04307338356540863
parentesco_desc__nieto_a,PC7,-0.028958020478615773
parentesco_desc__nieto_a,PC8,-0.005584241631183845
parentesco_desc__nieto_a,PC9,0.06794043058358512
parentesco_desc__nieto_a,PC10,0.03682475507375979
parentesco_desc__nieto_a,PC11,-0.0015943880972532235
parentesco_desc__nieto_a,PC12,-0.01448088332990215
parentesco_desc__nieto_a,PC13,-0.00451130011871561
parentesco_desc__nieto_a,PC14,0.020741690958618633
parentesco_desc__nieto_a,PC15,-0.000713004701958611
parentesco_desc__nieto_a,PC16,-0.009627983951176497
parentesco_desc__nieto_a,PC17,-0.001325785706252488
parentesco_desc__nieto_a,PC18,0.01785283517209792
parentesco_desc__nieto_a,PC19,0.038593476163829764
parentesco_desc__nieto_a,PC20,0.02419476586850689
parentesco_desc__nieto_a,PC21,-0.049296557403974706
parentesco_desc__nieto_a,PC22,-0.1616679031368149
parentesco_desc__nieto_a,PC23,-0.21768321991650588
parentesco_desc__nieto_a,PC24,0.019743899752306993
parentesco_desc__nieto_a,PC25,0.1101640934460948
parentesco_desc__nieto_a,PC26,-0.0759247882248027
parentesco_desc__nieto_a,PC27,0.05723188448838876
parentesco_desc__nieto_a,PC28,-0.10950532103742767
parentesco_desc__nieto_a,PC29,-0.16855975771919346
parentesco_desc__nieto_a,PC30,0.005199631318536405
parentesco_desc__nieto_a,PC31,-0.028039720161065287
parentesco_desc__nieto_a,PC32,0.0041104260897146154
parentesco_desc__nieto_a,PC33,-0.023012863902958113
parentesco_desc__nieto_a,PC34,0.01624203030867365
parentesco_desc__nieto_a,PC35,-0.1110603783703785
parentesco_desc__nieto_a,PC36,-0.5339924747787893
parentesco_desc__nieto_a,PC37,-0.3849123395249911
parentesco_desc__nieto_a,PC38,-0.50801263642856
parentesco_desc__nieto_a,PC39,0.08286366950409965
parentesco_desc__nieto_a,PC40,-0.22747111972833414
parentesco_desc__nieto_a,PC41,-0.10966483835075737
parentesco_desc__nieto_a,PC42,-0.052776889596307316
parentesco_desc__nieto_a,PC43,-0.010158404046037161
parentesco_desc__nieto_a,PC44,-7.982061724044229e-05
parentesco_desc__nieto_a,PC45,-0.050559333874503856
parentesco_desc__nieto_a,PC46,-0.0022275193006338627
parentesco_desc__nieto_a,PC47,-0.021625527759385588
parentesco_desc__nieto_a,PC48,-0.0052134795977456716
parentesco_desc__nieto_a,PC49,-0.035051284829780184
parentesco_desc__nieto_a,PC50,-0.014793210363479295
parentesco_desc__nieto_a,PC51,-0.020586944579946337
parentesco_desc__nieto_a,PC52,-0.00027676527364492724
parentesco_desc__nieto_a,PC53,0.0009456764646700847
parentesco_desc__nieto_a,PC54,-0.0072827671235055486
parentesco_desc__nieto_a,PC55,-0.007621389276148567
parentesco_desc__nieto_a,PC56,-6.509534490935238e-05
parentesco_desc__nieto_a,PC57,-0.006492561798425003
parentesco_desc__nieto_a,PC58,-0.0019290144081948273
parentesco_desc__nieto_a,PC59,-0.003183781662848118
parentesco_desc__nieto_a,PC60,-0.001752776489504271
parentesco_desc__nieto_a,PC61,-0.0027107548505461887
parentesco_desc__nieto_a,PC62,-4.05141948593836e-06
parentesco_desc__nieto_a,PC63,-0.0019162385600244684
parentesco_desc__nieto_a,PC64,5.070893317434575e-07
parentesco_desc__nieto_a,PC65,1.0996066465656082e-06
parentesco_desc__nieto_a,PC66,-9.24283262950971e-06
parentesco_desc__nieto_a,PC67,3.9171537776158103e-16
parentesco_desc__nieto_a,PC68,1.0288756105234314e-16
parentesco_desc__nieto_a,PC69,-3.785397048045595e-18
parentesco_desc__nieto_a,PC70,5.366518712054583e-17
parentesco_desc__nieto_a,PC71,-2.5118865631338053e-16
parentesco_desc__nieto_a,PC72,7.716001303700498e-17
parentesco_desc__nieto_a,PC73,2.3045486189509395e-16
parentesco_desc__nieto_a,PC74,-2.1237746848015432e-16
parentesco_desc__nieto_a,PC75,-4.708398570423824e-17
parentesco_desc__nieto_a,PC76,-4.62407656330777e-16
parentesco_desc__nieto_a,PC77,1.7095838755492744e-16
parentesco_desc__no_tiene_parentesco,PC1,0.00793289935518769
parentesco_desc__no_tiene_parentesco,PC2,0.003194994859782284
parentesco_desc__no_tiene_parentesco,PC3,-0.03317090194788895
parentesco_desc__no_tiene_parentesco,PC4,0.03750016753808171
parentesco_desc__no_tiene_parentesco,PC5,-0.015193404203483455
parentesco_desc__no_tiene_parentesco,PC6,-0.00017463102812538127
parentesco_desc__no_tiene_parentesco,PC7,-0.004143968868532096
parentesco_desc__no_tiene_parentesco,PC8,-0.0022991789574656096
parentesco_desc__no_tiene_parentesco,PC9,0.01160645755503472
parentesco_desc__no_tiene_parentesco,PC10,-0.012451559200297065
parentesco_desc__no_tiene_parentesco,PC11,0.0019351976539308587
parentesco_desc__no_tiene_parentesco,PC12,-0.01274354975086785
parentesco_desc__no_tiene_parentesco,PC13,-0.0054590688145340575
parentesco_desc__no_tiene_parentesco,PC14,-0.009741576927788343
parentesco_desc__no_tiene_parentesco,PC15,-0.013720200723582458
parentesco_desc__no_tiene_parentesco,PC16,-0.001534947053509333
parentesco_desc__no_tiene_parentesco,PC17,-0.0009718604036006781
parentesco_desc__no_tiene_parentesco,PC18,0.0009207360006935514
parentesco_desc__no_tiene_parentesco,PC19,-0.022001574643383214
parentesco_desc__no_tiene_parentesco,PC20,-0.0071195328642072175
parentesco_desc__no_tiene_parentesco,PC21,-0.009982918283745144
parentesco_desc__no_tiene_parentesco,PC22,-0.03865392361439638
parentesco_desc__no_tiene_parentesco,PC23,-0.03629842773627808
parentesco_desc__no_tiene_parentesco,PC24,0.002822275411936082
parentesco_desc__no_tiene_parentesco,PC25,0.01773757395878494
parentesco_desc__no_tiene_parentesco,PC26,-0.00456663330355958
parentesco_desc__no_tiene_parentesco,PC27,0.013393417725286396
parentesco_desc__no_tiene_parentesco,PC28,-0.00960953407315345
parentesco_desc__no_tiene_parentesco,PC29,-0.05897186063129141
parentesco_desc__no_tiene_parentesco,PC30,0.003184589494128622
parentesco_desc__no_tiene_parentesco,PC31,-0.020699068168659476
parentesco_desc__no_tiene_parentesco,PC32,0.09145825570719632
parentesco_desc__no_tiene_parentesco,PC33,-0.0011899148635400986
parentesco_desc__no_tiene_parentesco,PC34,-0.014931761719986232
parentesco_desc__no_tiene_parentesco,PC35,0.03553035866175116
parentesco_desc__no_tiene_parentesco,PC36,-0.11351074047053057
parentesco_desc__no_tiene_parentesco,PC37,0.02368032216719304
parentesco_desc__no_tiene_parentesco,PC38,-0.02932826973581014
parentesco_desc__no_tiene_parentesco,PC39,-0.16743235530106243
parentesco_desc__no_tiene_parentesco,PC40,0.23601841526712852
parentesco_desc__no_tiene_parentesco,PC41,0.7598505220168631
parentesco_desc__no_tiene_parentesco,PC42,-0.5005001103761807
parentesco_desc__no_tiene_parentesco,PC43,-0.07825434491000653
parentesco_desc__no_tiene_parentesco,PC44,0.030939156165828784
parentesco_desc__no_tiene_parentesco,PC45,-0.16330722422314545
parentesco_desc__no_tiene_parentesco,PC46,0.012072446622900768
parentesco_desc__no_tiene_parentesco,PC47,-0.098703505769882
parentesco_desc__no_tiene_parentesco,PC48,0.00211817116360846
parentesco_desc__no_tiene_parentesco,PC49,-0.07402942158557066
parentesco_desc__no_tiene_parentesco,PC50,-0.03558333112146384
parentesco_desc__no_tiene_parentesco,PC51,-0.04012412409912461
parentesco_desc__no_tiene_parentesco,PC52,-0.00031596637775461154
parentesco_desc__no_tiene_parentesco,PC53,0.0012346330165560239
parentesco_desc__no_tiene_parentesco,PC54,-0.014051831246015861
parentesco_desc__no_tiene_parentesco,PC55,-0.014337414893451021
parentesco_desc__no_tiene_parentesco,PC56,0.0002363937108169092
parentesco_desc__no_tiene_parentesco,PC57,-0.012020172486535276
parentesco_desc__no_tiene_parentesco,PC58,-0.0036619493525934543
parentesco_desc__no_tiene_parentesco,PC59,-0.006091822846433297
parentesco_desc__no_tiene_parentesco,PC60,-0.003434080796874516
parentesco_desc__no_tiene_parentesco,PC61,-0.004985014156846711
parentesco_desc__no_tiene_parentesco,PC62,-5.124696045270955e-07
parentesco_desc__no_tiene_parentesco,PC63,-0.003509255878122903
parentesco_desc__no_tiene_parentesco,PC64,1.080242350081972e-06
parentesco_desc__no_tiene_parentesco,PC65,-3.749550820965503e-07
parentesco_desc__no_tiene_parentesco,PC66,-1.2928361010614498e-05
parentesco_desc__no_tiene_parentesco,PC67,5.2573624109613945e-17
parentesco_desc__no_tiene_parentesco,PC68,8.572584388301622e-17
parentesco_desc__no_tiene_parentesco,PC69,4.6947175387611047e-17
parentesco_desc__no_tiene_parentesco,PC70,3.5064496465042645e-17
parentesco_desc__no_tiene_parentesco,PC71,-3.0923775693444164e-17
parentesco_desc__no_tiene_parentesco,PC72,-1.3616594510833051e-16
parentesco_desc__no_tiene_parentesco,PC73,-5.057474299133247e-17
parentesco_desc__no_tiene_parentesco,PC74,1.908063182683796e-17
parentesco_desc__no_tiene_parentesco,PC75,-9.711331846360334e-18
parentesco_desc__no_tiene_parentesco,PC76,8.599042706176979e-17
parentesco_desc__no_tiene_parentesco,PC77,-3.893308665269372e-17
parentesco_desc__nuera_yerno,PC1,0.15795814962405305
parentesco_desc__nuera_yerno,PC2,-0.04356720245543362
parentesco_desc__nuera_yerno,PC3,0.06934183926766548
parentesco_desc__nuera_yerno,PC4,0.11316840954426832
parentesco_desc__nuera_yerno,PC5,-0.0229985681607887
parentesco_desc__nuera_yerno,PC6,-0.014312258716169845
parentesco_desc__nuera_yerno,PC7,-0.0012697657144224146
parentesco_desc__nuera_yerno,PC8,0.01351797445453717
parentesco_desc__nuera_yerno,PC9,-0.001581922108019548
parentesco_desc__nuera_yerno,PC10,0.005685997729999988
parentesco_desc__nuera_yerno,PC11,0.05664244190199675
parentesco_desc__nuera_yerno,PC12,0.020385793154824937
parentesco_desc__nuera_yerno,PC13,0.00038396980253159105
parentesco_desc__nuera_yerno,PC14,0.01283828296070154
parentesco_desc__nuera_yerno,PC15,-0.005573560264550067
parentesco_desc__nuera_yerno,PC16,0.016476885410227862
parentesco_desc__nuera_yerno,PC17,-0.024958043838392785
parentesco_desc__nuera_yerno,PC18,0.02132691108601035
parentesco_desc__nuera_yerno,PC19,-0.014749475028654825
parentesco_desc__nuera_yerno,PC20,-0.009541810226520845
parentesco_desc__nuera_yerno,PC21,-0.05060703221456526
parentesco_desc__nuera_yerno,PC22,-0.11871479386911389
parentesco_desc__nuera_yerno,PC23,-0.1548901279531397
parentesco_desc__nuera_yerno,PC24,0.022924447362905474
parentesco_desc__nuera_yerno,PC25,0.08666551993951452
parentesco_desc__nuera_yerno,PC26,-0.06522774707214092
parentesco_desc__nuera_yerno,PC27,0.03219018384415518
parentesco_desc__nuera_yerno,PC28,-0.1411240629128423
parentesco_desc__nuera_yerno,PC29,-0.4336763052726677
parentesco_desc__nuera_yerno,PC30,0.013115707135815028
parentesco_desc__nuera_yerno,PC31,-0.13609984580645418
parentesco_desc__nuera_yerno,PC32,0.6004645548868931
parentesco_desc__nuera_yerno,PC33,0.0554694641801427
parentesco_desc__nuera_yerno,PC34,-0.037183231538116576
parentesco_desc__nuera_yerno,PC35,0.07046610134541847
parentesco_desc__nuera_yerno,PC36,0.5252213580729983
parentesco_desc__nuera_yerno,PC37,-0.015538129639400442
parentesco_desc__nuera_yerno,PC38,-0.03275226606622517
parentesco_desc__nuera_yerno,PC39,0.059252181024026435
parentesco_desc__nuera_yerno,PC40,-0.10807910741579996
parentesco_desc__nuera_yerno,PC41,-0.058183512265486695
parentesco_desc__nuera_yerno,PC42,-0.0280201219843033
parentesco_desc__nuera_yerno,PC43,-0.004517388111010541
parentesco_desc__nuera_yerno,PC44,0.0011520048304292096
parentesco_desc__nuera_yerno,PC45,-0.024490466512474017
parentesco_desc__nuera_yerno,PC46,-0.0006443979213377216
parentesco_desc__nuera_yerno,PC47,-0.01794402259013844
parentesco_desc__nuera_yerno,PC48,-0.0016316010899071452
parentesco_desc__nuera_yerno,PC49,-0.022581944361484533
parentesco_desc__nuera_yerno,PC50,-0.011498217654992359
parentesco_desc__nuera_yerno,PC51,-0.015344325017324018
parentesco_desc__nuera_yerno,PC52,-7.993285799800712e-05
parentesco_desc__nuera_yerno,PC53,0.0006565243149342215
parentesco_desc__nuera_yerno,PC54,-0.005508619966851433
parentesco_desc__nuera_yerno,PC55,-0.005786065565216754
parentesco_desc__nuera_yerno,PC56,-7.363775734731553e-05
parentesco_desc__nuera_yerno,PC57,-0.004923124942274361
parentesco_desc__nuera_yerno,PC58,-0.0014950459164768057
parentesco_desc__nuera_yerno,PC59,-0.00248404596594893
parentesco_desc__nuera_yerno,PC60,-0.0013977024258009882
parentesco_desc__nuera_yerno,PC61,-0.002079825127941285
parentesco_desc__nuera_yerno,PC62,-2.293548930868175e-06
parentesco_desc__nuera_yerno,PC63,-0.0014692176994859213
parentesco_desc__nuera_yerno,PC64,8.89716338033073e-07
parentesco_desc__nuera_yerno,PC65,3.439933029311525e-07
parentesco_desc__nuera_yerno,PC66,-5.6888597061179155e-06
parentesco_desc__nuera_yerno,PC67,2.5665106956811926e-16
parentesco_desc__nuera_yerno,PC68,1.061820098244749e-16
parentesco_desc__nuera_yerno,PC69,-2.844319603534346e-16
parentesco_desc__nuera_yerno,PC70,-1.397284623368003e-17
parentesco_desc__nuera_yerno,PC71,-2.3594772109027907e-16
parentesco_desc__nuera_yerno,PC72,2.1681219684332647e-17
parentesco_desc__nuera_yerno,PC73,2.755433803961083e-16
parentesco_desc__nuera_yerno,PC74,-3.8508349988564007e-16
parentesco_desc__nuera_yerno,PC75,1.1397517562488064e-18
parentesco_desc__nuera_yerno,PC76,-5.344956767395331e-16
parentesco_desc__nuera_yerno,PC77,4.500563478525436e-17
parentesco_desc__padrastro_madrastra,PC1,0.002377998361361079
parentesco_desc__padrastro_madrastra,PC2,0.0009108727390349649
parentesco_desc__padrastro_madrastra,PC3,0.005323164921923239
parentesco_desc__padrastro_madrastra,PC4,0.0025272616753154514
parentesco_desc__padrastro_madrastra,PC5,0.006258130792839113
parentesco_desc__padrastro_madrastra,PC6,-0.0019739074322621328
parentesco_desc__padrastro_madrastra,PC7,0.0049537188609694305
parentesco_desc__padrastro_madrastra,PC8,-0.002754551499228325
parentesco_desc__padrastro_madrastra,PC9,-0.0009859492197383838
parentesco_desc__padrastro_madrastra,PC10,-0.003488994205892199
parentesco_desc__padrastro_madrastra,PC11,0.006176579748086604
parentesco_desc__padrastro_madrastra,PC12,-0.004119538758852552
parentesco_desc__padrastro_madrastra,PC13,0.006122008030694216
parentesco_desc__padrastro_madrastra,PC14,0.003306079019742168
parentesco_desc__padrastro_madrastra,PC15,-0.006200795029481746
parentesco_desc__padrastro_madrastra,PC16,-0.00510977409250178
parentesco_desc__padrastro_madrastra,PC17,-0.00619317648534542
parentesco_desc__padrastro_madrastra,PC18,0.003223677859990043
parentesco_desc__padrastro_madrastra,PC19,-0.00757776120332729
parentesco_desc__padrastro_madrastra,PC20,-0.005997067349729526
parentesco_desc__padrastro_madrastra,PC21,-0.002717476708628506
parentesco_desc__padrastro_madrastra,PC22,0.001686616308376396
parentesco_desc__padrastro_madrastra,PC23,-0.0025509651958014836
parentesco_desc__padrastro_madrastra,PC24,-0.0033899329745839535
parentesco_desc__padrastro_madrastra,PC25,0.0008548153439948427
parentesco_desc__padrastro_madrastra,PC26,0.0022711299091683736
parentesco_desc__padrastro_madrastra,PC27,0.003089308134242581
parentesco_desc__padrastro_madrastra,PC28,-0.0011770313783723587
parentesco_desc__padrastro_madrastra,PC29,-0.005213758219763971
parentesco_desc__padrastro_madrastra,PC30,-0.00019458610520576745
parentesco_desc__padrastro_madrastra,PC31,-0.0033949923583289307
parentesco_desc__padrastro_madrastra,PC32,0.01597621496730908
parentesco_desc__padrastro_madrastra,PC33,0.00812149749290783
parentesco_desc__padrastro_madrastra,PC34,0.0031499695028259682
parentesco_desc__padrastro_madrastra,PC35,0.008376768245085042
parentesco_desc__padrastro_madrastra,PC36,-0.01625453731686573
parentesco_desc__padrastro_madrastra,PC37,0.008059763749627824
parentesco_desc__padrastro_madrastra,PC38,-0.01252020211867566
parentesco_desc__padrastro_madrastra,PC39,-0.012294166420082304
parentesco_desc__padrastro_madrastra,PC40,0.013346068874858322
parentesco_desc__padrastro_madrastra,PC41,0.01162776326403081
parentesco_desc__padrastro_madrastra,PC42,0.0075235714242367965
parentesco_desc__padrastro_madrastra,PC43,0.001224178103191592
parentesco_desc__padrastro_madrastra,PC44,-0.0028559573206062014
parentesco_desc__padrastro_madrastra,PC45,0.004309155035485505
parentesco_desc__padrastro_madrastra,PC46,-0.00048667567192692344
parentesco_desc__padrastro_madrastra,PC47,0.012741792883940423
parentesco_desc__padrastro_madrastra,PC48,-0.0012440719222823935
parentesco_desc__padrastro_madrastra,PC49,0.020219463922507702
parentesco_desc__padrastro_madrastra,PC50,0.017082004559941875
parentesco_desc__padrastro_madrastra,PC51,0.059006349584709315
parentesco_desc__padrastro_madrastra,PC52,-0.0006272184428369809
parentesco_desc__padrastro_madrastra,PC53,-0.004637757758572268
parentesco_desc__padrastro_madrastra,PC54,0.0378774459399939
parentesco_desc__padrastro_madrastra,PC55,0.13235772141175067
parentesco_desc__padrastro_madrastra,PC56,-0.0009232835093316551
parentesco_desc__padrastro_madrastra,PC57,0.4418262301328618
parentesco_desc__padrastro_madrastra,PC58,0.8563162423365311
parentesco_desc__padrastro_madrastra,PC59,-0.19541191091890872
parentesco_desc__padrastro_madrastra,PC60,-0.07552128227304751
parentesco_desc__padrastro_madrastra,PC61,-0.04185618908341013
parentesco_desc__padrastro_madrastra,PC62,8.768555560112178e-06
parentesco_desc__padrastro_madrastra,PC63,-0.024253891859350122
parentesco_desc__padrastro_madrastra,PC64,1.0937359095917681e-05
parentesco_desc__padrastro_madrastra,PC65,-1.6414135726242232e-05
parentesco_desc__padrastro_madrastra,PC66,-4.85556510600526e-05
parentesco_desc__padrastro_madrastra,PC67,-1.7962646090995694e-15
parentesco_desc__padrastro_madrastra,PC68,-7.84347628755466e-16
parentesco_desc__padrastro_madrastra,PC69,1.333503165838732e-16
parentesco_desc__padrastro_madrastra,PC70,-2.466207352917626e-16
parentesco_desc__padrastro_madrastra,PC71,1.2448778009530708e-15
parentesco_desc__padrastro_madrastra,PC72,1.682574406083603e-16
parentesco_desc__padrastro_madrastra,PC73,1.2716567133082313e-16
parentesco_desc__padrastro_madrastra,PC74,1.4932390457433394e-15
parentesco_desc__padrastro_madrastra,PC75,3.8751817146912995e-16
parentesco_desc__padrastro_madrastra,PC76,2.36405998481079e-15
parentesco_desc__padrastro_madrastra,PC77,-5.0942982850015425e-16
parentesco_desc__pareja_del_mismo_sexo,PC1,-0.0035162623271015126
parentesco_desc__pareja_del_mismo_sexo,PC2,0.0062364995457799745
parentesco_desc__pareja_del_mismo_sexo,PC3,-0.0234618344450913
parentesco_desc__pareja_del_mismo_sexo,PC4,0.004346836417065345
parentesco_desc__pareja_del_mismo_sexo,PC5,-0.0043587072406220135
parentesco_desc__pareja_del_mismo_sexo,PC6,0.009215975828836195
parentesco_desc__pareja_del_mismo_sexo,PC7,-0.004331378147790614
parentesco_desc__pareja_del_mismo_sexo,PC8,0.00583496483712814
parentesco_desc__pareja_del_mismo_sexo,PC9,0.008817233704048346
parentesco_desc__pareja_del_mismo_sexo,PC10,-0.0038838516669407646
parentesco_desc__pareja_del_mismo_sexo,PC11,-0.003002820186328197
parentesco_desc__pareja_del_mismo_sexo,PC12,0.0008102785714869364
parentesco_desc__pareja_del_mismo_sexo,PC13,0.005892856263434031
parentesco_desc__pareja_del_mismo_sexo,PC14,-0.0024956424113802165
parentesco_desc__pareja_del_mismo_sexo,PC15,0.000779404278310284
parentesco_desc__pareja_del_mismo_sexo,PC16,0.00980203659711817
parentesco_desc__pareja_del_mismo_sexo,PC17,-0.0009290280714940061
parentesco_desc__pareja_del_mismo_sexo,PC18,0.002330758097566272
parentesco_desc__pareja_del_mismo_sexo,PC19,-0.007168327548018081
parentesco_desc__pareja_del_mismo_sexo,PC20,-0.005374976336071909
parentesco_desc__pareja_del_mismo_sexo,PC21,-0.0029583245541168536
parentesco_desc__pareja_del_mismo_sexo,PC22,-0.009754337610257712
parentesco_desc__pareja_del_mismo_sexo,PC23,-0.0010720909226522941
parentesco_desc__pareja_del_mismo_sexo,PC24,0.00406081868486227
parentesco_desc__pareja_del_mismo_sexo,PC25,0.006045223739497882
parentesco_desc__pareja_del_mismo_sexo,PC26,0.002979696982589416
parentesco_desc__pareja_del_mismo_sexo,PC27,0.002738171447521727
parentesco_desc__pareja_del_mismo_sexo,PC28,-0.0029154524521693794
parentesco_desc__pareja_del_mismo_sexo,PC29,-0.01393826875359496
parentesco_desc__pareja_del_mismo_sexo,PC30,0.002805465159880054
parentesco_desc__pareja_del_mismo_sexo,PC31,-0.004793479636529616
parentesco_desc__pareja_del_mismo_sexo,PC32,0.03650134601729048
parentesco_desc__pareja_del_mismo_sexo,PC33,0.004692100011704238
parentesco_desc__pareja_del_mismo_sexo,PC34,-0.007828370759089416
parentesco_desc__pareja_del_mismo_sexo,PC35,0.011309992015383971
parentesco_desc__pareja_del_mismo_sexo,PC36,-0.031258242031516996
parentesco_desc__pareja_del_mismo_sexo,PC37,0.005520357936283264
parentesco_desc__pareja_del_mismo_sexo,PC38,-0.013877321550956147
parentesco_desc__pareja_del_mismo_sexo,PC39,-0.03128042361900153
parentesco_desc__pareja_del_mismo_sexo,PC40,0.027808496426221796
parentesco_desc__pareja_del_mismo_sexo,PC41,0.027348149774339064
parentesco_desc__pareja_del_mismo_sexo,PC42,0.022040960000934025
parentesco_desc__pareja_del_mismo_sexo,PC43,0.003002620627507806
parentesco_desc__pareja_del_mismo_sexo,PC44,-0.010033002376141237
parentesco_desc__pareja_del_mismo_sexo,PC45,0.01426980917121491
parentesco_desc__pareja_del_mismo_sexo,PC46,-0.004373660996190544
parentesco_desc__pareja_del_mismo_sexo,PC47,0.027302761335445767
parentesco_desc__pareja_del_mismo_sexo,PC48,-0.010721642499798009
parentesco_desc__pareja_del_mismo_sexo,PC49,0.05852582676837166
parentesco_desc__pareja_del_mismo_sexo,PC50,0.0481884647377479
parentesco_desc__pareja_del_mismo_sexo,PC51,0.6691865806381364
parentesco_desc__pareja_del_mismo_sexo,PC52,-0.7052900372379198
parentesco_desc__pareja_del_mismo_sexo,PC53,0.019275606868592678
parentesco_desc__pareja_del_mismo_sexo,PC54,-0.176096247406908
parentesco_desc__pareja_del_mismo_sexo,PC55,-0.0724217311057467
parentesco_desc__pareja_del_mismo_sexo,PC56,0.00036935802514913985
parentesco_desc__pareja_del_mismo_sexo,PC57,-0.05105387325882199
parentesco_desc__pareja_del_mismo_sexo,PC58,-0.015006212289402732
parentesco_desc__pareja_del_mismo_sexo,PC59,-0.023442418966037538
parentesco_desc__pareja_del_mismo_sexo,PC60,-0.012949795890613968
parentesco_desc__pareja_del_mismo_sexo,PC61,-0.016521948610736765
parentesco_desc__pareja_del_mismo_sexo,PC62,5.735982820598153e-06
parentesco_desc__pareja_del_mismo_sexo,PC63,-0.011194844533689675
parentesco_desc__pareja_del_mismo_sexo,PC64,5.170206983216779e-06
parentesco_desc__pareja_del_mismo_sexo,PC65,-3.915117397273537e-06
parentesco_desc__pareja_del_mismo_sexo,PC66,-3.7886574505271694e-05
parentesco_desc__pareja_del_mismo_sexo,PC67,-6.777558036510805e-16
parentesco_desc__pareja_del_mismo_sexo,PC68,-2.860359093662092e-16
parentesco_desc__pareja_del_mismo_sexo,PC69,-1.6030752383488919e-16
parentesco_desc__pareja_del_mismo_sexo,PC70,-8.931801258824827e-17
parentesco_desc__pareja_del_mismo_sexo,PC71,4.52022797471662e-16
parentesco_desc__pareja_del_mismo_sexo,PC72,-3.4847718188082926e-17
parentesco_desc__pareja_del_mismo_sexo,PC73,2.805416441594038e-16
parentesco_desc__pareja_del_mismo_sexo,PC74,4.47541869255952e-16
parentesco_desc__pareja_del_mismo_sexo,PC75,1.9688425289739302e-16
parentesco_desc__pareja_del_mismo_sexo,PC76,6.912578855448449e-16
parentesco_desc__pareja_del_mismo_sexo,PC77,-2.032699484234975e-16
parentesco_desc__primo_a_noicpircsed_4202_y,PC1,0.009080055349704907
parentesco_desc__primo_a_noicpircsed_4202_y,PC2,0.0010706755648733051
parentesco_desc__primo_a_noicpircsed_4202_y,PC3,-0.013605346337739709
parentesco_desc__primo_a_noicpircsed_4202_y,PC4,0.01888321093747582
parentesco_desc__primo_a_noicpircsed_4202_y,PC5,-0.0004395603632762188
parentesco_desc__primo_a_noicpircsed_4202_y,PC6,-0.0008270835229644181
parentesco_desc__primo_a_noicpircsed_4202_y,PC7,-0.0008432385133492013
parentesco_desc__primo_a_noicpircsed_4202_y,PC8,0.0056370913209452455
parentesco_desc__primo_a_noicpircsed_4202_y,PC9,-0.0015367712163823484
parentesco_desc__primo_a_noicpircsed_4202_y,PC10,-0.005496718199104778
parentesco_desc__primo_a_noicpircsed_4202_y,PC11,0.012150719640788014
parentesco_desc__primo_a_noicpircsed_4202_y,PC12,-0.013402964980058222
parentesco_desc__primo_a_noicpircsed_4202_y,PC13,-0.0021214068997047583
parentesco_desc__primo_a_noicpircsed_4202_y,PC14,0.005606828942326027
parentesco_desc__primo_a_noicpircsed_4202_y,PC15,-0.013879888069045434
parentesco_desc__primo_a_noicpircsed_4202_y,PC16,4.8262779148900834e-05
parentesco_desc__primo_a_noicpircsed_4202_y,PC17,-0.0019506634080061036
parentesco_desc__primo_a_noicpircsed_4202_y,PC18,0.00629013020448432
parentesco_desc__primo_a_noicpircsed_4202_y,PC19,-0.00963434837779313
parentesco_desc__primo_a_noicpircsed_4202_y,PC20,-0.0024227194434613894
parentesco_desc__primo_a_noicpircsed_4202_y,PC21,-0.007034032872389365
parentesco_desc__primo_a_noicpircsed_4202_y,PC22,-0.023135627207036796
parentesco_desc__primo_a_noicpircsed_4202_y,PC23,-0.018576335027758444
parentesco_desc__primo_a_noicpircsed_4202_y,PC24,0.001238565466128084
parentesco_desc__primo_a_noicpircsed_4202_y,PC25,0.002044019483858915
parentesco_desc__primo_a_noicpircsed_4202_y,PC26,-0.00578313686106199
parentesco_desc__primo_a_noicpircsed_4202_y,PC27,0.005162092180914522
parentesco_desc__primo_a_noicpircsed_4202_y,PC28,-0.0032745706236874486
parentesco_desc__primo_a_noicpircsed_4202_y,PC29,-0.019691775295575212
parentesco_desc__primo_a_noicpircsed_4202_y,PC30,0.0027757493964790324
parentesco_desc__primo_a_noicpircsed_4202_y,PC31,-0.014807045494512273
parentesco_desc__primo_a_noicpircsed_4202_y,PC32,0.039773395028583285
parentesco_desc__primo_a_noicpircsed_4202_y,PC33,0.005340008906107583
parentesco_desc__primo_a_noicpircsed_4202_y,PC34,-0.0064432432374943345
parentesco_desc__primo_a_noicpircsed_4202_y,PC35,0.026355972914630387
parentesco_desc__primo_a_noicpircsed_4202_y,PC36,-0.0472368981337845
parentesco_desc__primo_a_noicpircsed_4202_y,PC37,0.018363578023973197
parentesco_desc__primo_a_noicpircsed_4202_y,PC38,-0.020151319722251277
parentesco_desc__primo_a_noicpircsed_4202_y,PC39,-0.04735062472436534
parentesco_desc__primo_a_noicpircsed_4202_y,PC40,0.051804331463524256
parentesco_desc__primo_a_noicpircsed_4202_y,PC41,0.05448991813601935
parentesco_desc__primo_a_noicpircsed_4202_y,PC42,0.04175846341044594
parentesco_desc__primo_a_noicpircsed_4202_y,PC43,0.005919295416641396
parentesco_desc__primo_a_noicpircsed_4202_y,PC44,-0.01339186081206745
parentesco_desc__primo_a_noicpircsed_4202_y,PC45,0.03579802583643167
parentesco_desc__primo_a_noicpircsed_4202_y,PC46,-0.004870996410584508
parentesco_desc__primo_a_noicpircsed_4202_y,PC47,0.06304069259971105
parentesco_desc__primo_a_noicpircsed_4202_y,PC48,-0.013670421843884497
parentesco_desc__primo_a_noicpircsed_4202_y,PC49,0.25953567629075397
parentesco_desc__primo_a_noicpircsed_4202_y,PC50,0.9430376146542545
parentesco_desc__primo_a_noicpircsed_4202_y,PC51,-0.12739338221859262
parentesco_desc__primo_a_noicpircsed_4202_y,PC52,-0.0005229549727256614
parentesco_desc__primo_a_noicpircsed_4202_y,PC53,0.004330334750425638
parentesco_desc__primo_a_noicpircsed_4202_y,PC54,-0.03635768687065963
parentesco_desc__primo_a_noicpircsed_4202_y,PC55,-0.03194513772660231
parentesco_desc__primo_a_noicpircsed_4202_y,PC56,0.000100797357373714
parentesco_desc__primo_a_noicpircsed_4202_y,PC57,-0.025681730280132514
parentesco_desc__primo_a_noicpircsed_4202_y,PC58,-0.007781167154774652
parentesco_desc__primo_a_noicpircsed_4202_y,PC59,-0.012724650353709722
parentesco_desc__primo_a_noicpircsed_4202_y,PC60,-0.007144988645277708
parentesco_desc__primo_a_noicpircsed_4202_y,PC61,-0.009954846783867386
parentesco_desc__primo_a_noicpircsed_4202_y,PC62,4.002062350598753e-06
parentesco_desc__primo_a_noicpircsed_4202_y,PC63,-0.006922196324672605
parentesco_desc__primo_a_noicpircsed_4202_y,PC64,1.9772253381453006e-06
parentesco_desc__primo_a_noicpircsed_4202_y,PC65,1.8655469687300136e-07
parentesco_desc__primo_a_noicpircsed_4202_y,PC66,-2.2259199454845958e-05
parentesco_desc__primo_a_noicpircsed_4202_y,PC67,-7.20105611931255e-17
parentesco_desc__primo_a_noicpircsed_4202_y,PC68,-1.4145473938519906e-17
parentesco_desc__primo_a_noicpircsed_4202_y,PC69,4.357305704928874e-17
parentesco_desc__primo_a_noicpircsed_4202_y,PC70,7.800099372069047e-18
parentesco_desc__primo_a_noicpircsed_4202_y,PC71,7.597782315214522e-17
parentesco_desc__primo_a_noicpircsed_4202_y,PC72,1.7683417882115945e-17
parentesco_desc__primo_a_noicpircsed_4202_y,PC73,9.186636763623793e-17
parentesco_desc__primo_a_noicpircsed_4202_y,PC74,2.0318186926570568e-16
parentesco_desc__primo_a_noicpircsed_4202_y,PC75,6.710654501432002e-17
parentesco_desc__primo_a_noicpircsed_4202_y,PC76,6.161543724111269e-17
parentesco_desc__primo_a_noicpircsed_4202_y,PC77,-5.0507369378182887e-17
parentesco_desc__sobrino_a,PC1,0.039195515246943806
parentesco_desc__sobrino_a,PC2,-0.018695992867749856
parentesco_desc__sobrino_a,PC3,-0.012327797290720352
parentesco_desc__sobrino_a,PC4,0.06295225528960874
parentesco_desc__sobrino_a,PC5,-0.042040709155832474
parentesco_desc__sobrino_a,PC6,-0.009127238905826876
parentesco_desc__sobrino_a,PC7,-0.0041900466133060425
parentesco_desc__sobrino_a,PC8,0.007598809878589026
parentesco_desc__sobrino_a,PC9,0.002486926681080695
parentesco_desc__sobrino_a,PC10,0.0013410103096982387
parentesco_desc__sobrino_a,PC11,0.023131170389560612
parentesco_desc__sobrino_a,PC12,-0.012235677195546406
parentesco_desc__sobrino_a,PC13,-0.010015528556874884
parentesco_desc__sobrino_a,PC14,0.0015740050160295426
parentesco_desc__sobrino_a,PC15,-0.012320128212654954
parentesco_desc__sobrino_a,PC16,-0.0029172496422822966
parentesco_desc__sobrino_a,PC17,-0.0023200461754245764
parentesco_desc__sobrino_a,PC18,0.000488664288154785
parentesco_desc__sobrino_a,PC19,0.008029093043560375
parentesco_desc__sobrino_a,PC20,0.007447647031805122
parentesco_desc__sobrino_a,PC21,-0.01776545292688499
parentesco_desc__sobrino_a,PC22,-0.051422207851866505
parentesco_desc__sobrino_a,PC23,-0.0923682211630662
parentesco_desc__sobrino_a,PC24,0.005453932077376264
parentesco_desc__sobrino_a,PC25,0.037581688001887104
parentesco_desc__sobrino_a,PC26,-0.017547383274679383
parentesco_desc__sobrino_a,PC27,0.010532939986707245
parentesco_desc__sobrino_a,PC28,-0.02479481722407163
parentesco_desc__sobrino_a,PC29,-0.06521610899255419
parentesco_desc__sobrino_a,PC30,0.007818827870647794
parentesco_desc__sobrino_a,PC31,-0.013542771928589667
parentesco_desc__sobrino_a,PC32,0.07532276348865136
parentesco_desc__sobrino_a,PC33,-0.0010337277879335469
parentesco_desc__sobrino_a,PC34,-0.0031222817793422138
parentesco_desc__sobrino_a,PC35,0.0028172165036176996
parentesco_desc__sobrino_a,PC36,-0.1342207978310548
parentesco_desc__sobrino_a,PC37,0.04697337207758132
parentesco_desc__sobrino_a,PC38,0.01949926374217479
parentesco_desc__sobrino_a,PC39,-0.3521408482543868
parentesco_desc__sobrino_a,PC40,0.7370360728100741
parentesco_desc__sobrino_a,PC41,-0.492234491070868
parentesco_desc__sobrino_a,PC42,-0.1360439298541805
parentesco_desc__sobrino_a,PC43,-0.025033344470514095
parentesco_desc__sobrino_a,PC44,0.005170204432500859
parentesco_desc__sobrino_a,PC45,-0.09392651482107428
parentesco_desc__sobrino_a,PC46,0.0007259942919332123
parentesco_desc__sobrino_a,PC47,-0.055657445651199663
parentesco_desc__sobrino_a,PC48,-0.00014977091035183945
parentesco_desc__sobrino_a,PC49,-0.05778570354868611
parentesco_desc__sobrino_a,PC50,-0.02712031921203905
parentesco_desc__sobrino_a,PC51,-0.03317119365131945
parentesco_desc__sobrino_a,PC52,-0.0002397152730200233
parentesco_desc__sobrino_a,PC53,0.0006752161174884007
parentesco_desc__sobrino_a,PC54,-0.011741487941394102
parentesco_desc__sobrino_a,PC55,-0.012008302157290797
parentesco_desc__sobrino_a,PC56,6.244648795748015e-05
parentesco_desc__sobrino_a,PC57,-0.010129384646083905
parentesco_desc__sobrino_a,PC58,-0.0030760549816819137
parentesco_desc__sobrino_a,PC59,-0.00509176777881432
parentesco_desc__sobrino_a,PC60,-0.002849008499748481
parentesco_desc__sobrino_a,PC61,-0.00422299788365609
parentesco_desc__sobrino_a,PC62,-2.7700876086615513e-06
parentesco_desc__sobrino_a,PC63,-0.00297660562672812
parentesco_desc__sobrino_a,PC64,1.0090383269270118e-06
parentesco_desc__sobrino_a,PC65,5.884006115592701e-07
parentesco_desc__sobrino_a,PC66,-1.1609877550935778e-05
parentesco_desc__sobrino_a,PC67,-3.3290685487481595e-16
parentesco_desc__sobrino_a,PC68,-9.876222382974891e-17
parentesco_desc__sobrino_a,PC69,-2.2652253483629174e-17
parentesco_desc__sobrino_a,PC70,-1.346032913629025e-16
parentesco_desc__sobrino_a,PC71,2.063490623210189e-16
parentesco_desc__sobrino_a,PC72,2.595912665120764e-16
parentesco_desc__sobrino_a,PC73,1.7385999259813655e-16
parentesco_desc__sobrino_a,PC74,-4.782394105947154e-18
parentesco_desc__sobrino_a,PC75,4.781659388823525e-17
parentesco_desc__sobrino_a,PC76,3.001161965722144e-16
parentesco_desc__sobrino_a,PC77,-1.259472635381483e-16
parentesco_desc__suegro_a,PC1,-0.00116369600286785
parentesco_desc__suegro_a,PC2,-0.021401128146601982
parentesco_desc__suegro_a,PC3,0.040551776253716566
parentesco_desc__suegro_a,PC4,-0.0037997119991337617
parentesco_desc__suegro_a,PC5,0.025238427231396486
parentesco_desc__suegro_a,PC6,0.017146924328974654
parentesco_desc__suegro_a,PC7,0.028251040650004028
parentesco_desc__suegro_a,PC8,0.009789470476547118
parentesco_desc__suegro_a,PC9,-0.027536261671826556
parentesco_desc__suegro_a,PC10,-0.02558214794720271
parentesco_desc__suegro_a,PC11,0.0008774380897652347
parentesco_desc__suegro_a,PC12,-0.010705408074818087
parentesco_desc__suegro_a,PC13,-0.008077331299709193
parentesco_desc__suegro_a,PC14,0.006316212453704693
parentesco_desc__suegro_a,PC15,-0.003854664874451419
parentesco_desc__suegro_a,PC16,0.0024677055239131166
parentesco_desc__suegro_a,PC17,0.004038784063859358
parentesco_desc__suegro_a,PC18,-0.004022545436163977
parentesco_desc__suegro_a,PC19,-0.007967687778157944
parentesco_desc__suegro_a,PC20,-0.010003521993476787
parentesco_desc__suegro_a,PC21,0.0031727638887224735
parentesco_desc__suegro_a,PC22,0.025759736034935473
parentesco_desc__suegro_a,PC23,0.020849617284045347
parentesco_desc__suegro_a,PC24,-0.0011725316775267202
parentesco_desc__suegro_a,PC25,-0.0124996560865563
parentesco_desc__suegro_a,PC26,0.02203146987399904
parentesco_desc__suegro_a,PC27,-0.0018673493664552931
parentesco_desc__suegro_a,PC28,0.01663749334480659
parentesco_desc__suegro_a,PC29,-0.02560751451953964
parentesco_desc__suegro_a,PC30,0.015266396954322676
parentesco_desc__suegro_a,PC31,-0.02431280437594128
parentesco_desc__suegro_a,PC32,0.08743351674702714
parentesco_desc__suegro_a,PC33,0.006358745804663294
parentesco_desc__suegro_a,PC34,-0.002682018296205793
parentesco_desc__suegro_a,PC35,0.03211275951295416
parentesco_desc__suegro_a,PC36,-0.07430906668972462
parentesco_desc__suegro_a,PC37,0.03537919039452321
parentesco_desc__suegro_a,PC38,-0.07605794978169407
parentesco_desc__suegro_a,PC39,-0.062105442846360284
parentesco_desc__suegro_a,PC40,0.050182800479516586
parentesco_desc__suegro_a,PC41,0.047355840509622826
parentesco_desc__suegro_a,PC42,0.030055854102197348
parentesco_desc__suegro_a,PC43,0.00531210587063047
parentesco_desc__suegro_a,PC44,-0.019849070762320706
parentesco_desc__suegro_a,PC45,0.00014662305197109214
parentesco_desc__suegro_a,PC46,-0.007296143188871242
parentesco_desc__suegro_a,PC47,0.11107619782902428
parentesco_desc__suegro_a,PC48,-0.021916685764808614
parentesco_desc__suegro_a,PC49,0.9198376280176945
parentesco_desc__suegro_a,PC50,-0.29861503318100746
parentesco_desc__suegro_a,PC51,-0.09435132127410699
parentesco_desc__suegro_a,PC52,0.001529511328106831
parentesco_desc__suegro_a,PC53,0.0034964794301886267
parentesco_desc__suegro_a,PC54,-0.02938808710980933
parentesco_desc__suegro_a,PC55,-0.027086647735176515
parentesco_desc__suegro_a,PC56,0.00011949123211764685
parentesco_desc__suegro_a,PC57,-0.021800466389113444
parentesco_desc__suegro_a,PC58,-0.006980864109315414
parentesco_desc__suegro_a,PC59,-0.011407752366604405
parentesco_desc__suegro_a,PC60,-0.0065155588249308834
parentesco_desc__suegro_a,PC61,-0.008815781777159049
parentesco_desc__suegro_a,PC62,-4.7272401283987e-06
parentesco_desc__suegro_a,PC63,-0.006130980389111726
parentesco_desc__suegro_a,PC64,4.455880151877805e-06
parentesco_desc__suegro_a,PC65,-5.722404089760477e-06
parentesco_desc__suegro_a,PC66,-9.174856281969149e-06
parentesco_desc__suegro_a,PC67,-4.745754560769759e-16
parentesco_desc__suegro_a,PC68,-1.6915015011041018e-16
parentesco_desc__suegro_a,PC69,-2.7247803068027356e-16
parentesco_desc__suegro_a,PC70,3.8200990529167973e-16
parentesco_desc__suegro_a,PC71,3.691550296692067e-16
parentesco_desc__suegro_a,PC72,9.957684205129524e-17
parentesco_desc__suegro_a,PC73,-1.255416248167836e-16
parentesco_desc__suegro_a,PC74,2.7771149097701647e-16
parentesco_desc__suegro_a,PC75,2.6095893168471362e-17
parentesco_desc__suegro_a,PC76,6.802538906713913e-16
parentesco_desc__suegro_a,PC77,-1.5512525527839676e-16
parentesco_desc__tio_a,PC1,-0.002867606167980782
parentesco_desc__tio_a,PC2,-0.006699518387443748
parentesco_desc__tio_a,PC3,0.014812485667442091
parentesco_desc__tio_a,PC4,0.009714244249931489
parentesco_desc__tio_a,PC5,0.008807697888355996
parentesco_desc__tio_a,PC6,0.00425703936474459
parentesco_desc__tio_a,PC7,0.016479317836876235
parentesco_desc__tio_a,PC8,0.0020928349144535303
parentesco_desc__tio_a,PC9,-0.007230104019887005
parentesco_desc__tio_a,PC10,-0.008875801410373326
parentesco_desc__tio_a,PC11,0.008899105826674997
parentesco_desc__tio_a,PC12,-0.005490792354707812
parentesco_desc__tio_a,PC13,-0.0011087432079367918
parentesco_desc__tio_a,PC14,-0.00032899727926476825
parentesco_desc__tio_a,PC15,-0.012624993591214176
parentesco_desc__tio_a,PC16,-0.002005991796779152
parentesco_desc__tio_a,PC17,0.0027778691325088317
parentesco_desc__tio_a,PC18,8.563903064241471e-05
parentesco_desc__tio_a,PC19,-0.007810928403833696
parentesco_desc__tio_a,PC20,-0.009981532599911417
parentesco_desc__tio_a,PC21,0.003200867044800762
parentesco_desc__tio_a,PC22,0.0041658347709162945
parentesco_desc__tio_a,PC23,-0.008165458732369716
parentesco_desc__tio_a,PC24,-0.0030597997356743437
parentesco_desc__tio_a,PC25,-0.003838969902694999
parentesco_desc__tio_a,PC26,0.012823100152399815
parentesco_desc__tio_a,PC27,-0.00014628605335559203
parentesco_desc__tio_a,PC28,0.01576411175393848
parentesco_desc__tio_a,PC29,-0.009328401831139197
parentesco_desc__tio_a,PC30,-2.9516984957152253e-05
parentesco_desc__tio_a,PC31,-0.010664449741162643
parentesco_desc__tio_a,PC32,0.040222998123660744
parentesco_desc__tio_a,PC33,0.005066290304972439
parentesco_desc__tio_a,PC34,-0.004914303503810989
parentesco_desc__tio_a,PC35,0.014346412590713857
parentesco_desc__tio_a,PC36,-0.03331554513347545
parentesco_desc__tio_a,PC37,0.012710114199273715
parentesco_desc__tio_a,PC38,-0.027088441042621886
parentesco_desc__tio_a,PC39,-0.025706076251472202
parentesco_desc__tio_a,PC40,0.027418139158202216
parentesco_desc__tio_a,PC41,0.02416379027779235
parentesco_desc__tio_a,PC42,0.015608412671243457
parentesco_desc__tio_a,PC43,0.0025456258477641208
parentesco_desc__tio_a,PC44,-0.006649164565085847
parentesco_desc__tio_a,PC45,0.0068574822502232855
parentesco_desc__tio_a,PC46,-0.00164637337838844
parentesco_desc__tio_a,PC47,0.031436021395800345
parentesco_desc__tio_a,PC48,-0.00399071159550873
parentesco_desc__tio_a,PC49,0.05073742500017261
parentesco_desc__tio_a,PC50,0.051294981346481104
parentesco_desc__tio_a,PC51,0.6662454056371627
parentesco_desc__tio_a,PC52,0.707592565565972
parentesco_desc__tio_a,PC53,0.021437325137061338
parentesco_desc__tio_a,PC54,-0.1773915730359982
parentesco_desc__tio_a,PC55,-0.07165775733777062
parentesco_desc__tio_a,PC56,0.00034620167859904607
parentesco_desc__tio_a,PC57,-0.05030699683019314
parentesco_desc__tio_a,PC58,-0.015184018258713343
parentesco_desc__tio_a,PC59,-0.02368776488410487
parentesco_desc__tio_a,PC60,-0.013169492661982458
parentesco_desc__tio_a,PC61,-0.01653724525483685
parentesco_desc__tio_a,PC62,-4.266482230719435e-06
parentesco_desc__tio_a,PC63,-0.011186794778470269
parentesco_desc__tio_a,PC64,7.061833881207562e-06
parentesco_desc__tio_a,PC65,-6.452029264767906e-06
parentesco_desc__tio_a,PC66,-2.628413095705236e-05
parentesco_desc__tio_a,PC67,-8.593900908492687e-16
parentesco_desc__tio_a,PC68,-3.903504499691587e-16
parentesco_desc__tio_a,PC69,-5.432677217263765e-16
parentesco_desc__tio_a,PC70,-2.1497686201910592e-16
parentesco_desc__tio_a,PC71,6.656609553434371e-16
parentesco_desc__tio_a,PC72,2.5217769657476517e-16
parentesco_desc__tio_a,PC73,1.0308079466842254e-16
parentesco_desc__tio_a,PC74,4.674202483977037e-16
parentesco_desc__tio_a,PC75,1.2415660963694306e-16
parentesco_desc__tio_a,PC76,1.1489005694393393e-15
parentesco_desc__tio_a,PC77,-2.161216215628057e-16
hablaind_desc__no,PC1,-0.015620118502672066
hablaind_desc__no,PC2,-0.011773191306762482
hablaind_desc__no,PC3,-0.22256172012000514
hablaind_desc__no,PC4,0.17830808205112791
hablaind_desc__no,PC5,0.11614057418087032
hablaind_desc__no,PC6,0.0786952308277042
hablaind_desc__no,PC7,0.05795872487956132
hablaind_desc__no,PC8,0.01019989241441563
hablaind_desc__no,PC9,-0.04927102685699876
hablaind_desc__no,PC10,0.053414833037753524
hablaind_desc__no,PC11,0.007374514320940465
hablaind_desc__no,PC12,-0.1719797870073892
hablaind_desc__no,PC13,0.09079680026676185
hablaind_desc__no,PC14,0.059025461518213425
hablaind_desc__no,PC15,0.22925261652676723
hablaind_desc__no,PC16,-0.29657281970733473
hablaind_desc__no,PC17,0.043371722190454
hablaind_desc__no,PC18,-0.06052373151648938
hablaind_desc__no,PC19,0.08472116601464379
hablaind_desc__no,PC20,-0.20953490958238874
hablaind_desc__no,PC21,-0.06540563075357295
hablaind_desc__no,PC22,0.12121333761815123
hablaind_desc__no,PC23,0.21775326199023562
hablaind_desc__no,PC24,-0.28940667102470724
hablaind_desc__no,PC25,0.6979334794955427
hablaind_desc__no,PC26,-0.027019093717306604
hablaind_desc__no,PC27,0.11098427876760494
hablaind_desc__no,PC28,0.02264993561197769
hablaind_desc__no,PC29,-0.014135108061472921
hablaind_desc__no,PC30,0.0026190744948685614
hablaind_desc__no,PC31,-0.0040562158531093915
hablaind_desc__no,PC32,-0.015346730203737356
hablaind_desc__no,PC33,-0.002370919114302469
hablaind_desc__no,PC34,0.0007997273456307061
hablaind_desc__no,PC35,-0.006306540523547598
hablaind_desc__no,PC36,0.00205691039725181
hablaind_desc__no,PC37,0.00627433024406148
hablaind_desc__no,PC38,0.0013103661011736793
hablaind_desc__no,PC39,-0.00034753322924342635
hablaind_desc__no,PC40,0.0001622646775536897
hablaind_desc__no,PC41,0.0003161205954864774
hablaind_desc__no,PC42,0.0001347465915791045
hablaind_desc__no,PC43,0.0004965649739679527
hablaind_desc__no,PC44,-0.0001611874842510283
hablaind_desc__no,PC45,0.0004768736721428756
hablaind_desc__no,PC46,-1.7771448950799564e-05
hablaind_desc__no,PC47,-0.00028551258972459503
hablaind_desc__no,PC48,-0.0001022799273357425
hablaind_desc__no,PC49,0.00010249095278325299
hablaind_desc__no,PC50,4.251117974574607e-05
hablaind_desc__no,PC51,8.79338622774374e-06
hablaind_desc__no,PC52,1.3315329736411837e-05
hablaind_desc__no,PC53,4.007182180107723e-05
hablaind_desc__no,PC54,-7.660303346984787e-06
hablaind_desc__no,PC55,5.7854675300069165e-06
hablaind_desc__no,PC56,5.288281489785903e-06
hablaind_desc__no,PC57,6.7131054206702605e-06
hablaind_desc__no,PC58,-7.082415659334435e-06
hablaind_desc__no,PC59,-3.448133420857763e-06
hablaind_desc__no,PC60,-3.238553111207426e-06
hablaind_desc__no,PC61,1.9333288863957598e-06
hablaind_desc__no,PC62,2.0461270387117624e-06
hablaind_desc__no,PC63,3.450717056994827e-07
hablaind_desc__no,PC64,-5.911675980839935e-08
hablaind_desc__no,PC65,7.540077936557728e-07
hablaind_desc__no,PC66,1.683991990109791e-07
hablaind_desc__no,PC67,2.651258011132572e-17
hablaind_desc__no,PC68,3.352517915103454e-17
hablaind_desc__no,PC69,1.420867637879441e-16
hablaind_desc__no,PC70,2.1225515285929013e-16
hablaind_desc__no,PC71,-8.004292825437924e-18
hablaind_desc__no,PC72,8.166424268750978e-17
hablaind_desc__no,PC73,4.6633738642245086e-17
hablaind_desc__no,PC74,2.082639618902154e-17
hablaind_desc__no,PC75,-2.0540814277157176e-18
hablaind_desc__no,PC76,-8.320641350433062e-17
hablaind_desc__no,PC77,-6.990857571316853e-16
hablaind_desc__si,PC1,0.015620118502672066
hablaind_desc__si,PC2,0.011773191306762482
hablaind_desc__si,PC3,0.22256172012000514
hablaind_desc__si,PC4,-0.17830808205112791
hablaind_desc__si,PC5,-0.11614057418087032
hablaind_desc__si,PC6,-0.0786952308277042
hablaind_desc__si,PC7,-0.05795872487956132
hablaind_desc__si,PC8,-0.01019989241441563
hablaind_desc__si,PC9,0.04927102685699876
hablaind_desc__si,PC10,-0.053414833037753524
hablaind_desc__si,PC11,-0.007374514320940465
hablaind_desc__si,PC12,0.1719797870073892
hablaind_desc__si,PC13,-0.09079680026676185
hablaind_desc__si,PC14,-0.059025461518213425
hablaind_desc__si,PC15,-0.22925261652676723
hablaind_desc__si,PC16,0.29657281970733473
hablaind_desc__si,PC17,-0.043371722190454
hablaind_desc__si,PC18,0.06052373151648938
hablaind_desc__si,PC19,-0.08472116601464379
hablaind_desc__si,PC20,0.20953490958238874
hablaind_desc__si,PC21,0.06540563075357295
hablaind_desc__si,PC22,-0.12121333761815123
hablaind_desc__si,PC23,-0.21775326199023562
hablaind_desc__si,PC24,0.28940667102470724
hablaind_desc__si,PC25,-0.6979334794955427
hablaind_desc__si,PC26,0.027019093717306604
hablaind_desc__si,PC27,-0.11098427876760494
hablaind_desc__si,PC28,-0.02264993561197769
hablaind_desc__si,PC29,0.014135108061472921
hablaind_desc__si,PC30,-0.0026190744948685614
hablaind_desc__si,PC31,0.0040562158531093915
hablaind_desc__si,PC32,0.015346730203737356
hablaind_desc__si,PC33,0.002370919114302469
hablaind_desc__si,PC34,-0.0007997273456307061
hablaind_desc__si,PC35,0.006306540523547598
hablaind_desc__si,PC36,-0.00205691039725181
hablaind_desc__si,PC37,-0.00627433024406148
hablaind_desc__si,PC38,-0.0013103661011736793
hablaind_desc__si,PC39,0.00034753322924342635
hablaind_desc__si,PC40,-0.0001622646775536897
hablaind_desc__si,PC41,-0.0003161205954864774
hablaind_desc__si,PC42,-0.0001347465915791045
hablaind_desc__si,PC43,-0.0004965649739679527
hablaind_desc__si,PC44,0.0001611874842510283
hablaind_desc__si,PC45,-0.0004768736721428756
hablaind_desc__si,PC46,1.7771448950799564e-05
hablaind_desc__si,PC47,0.00028551258972459503
hablaind_desc__si,PC48,0.0001022799273357425
hablaind_desc__si,PC49,-0.00010249095278325299
hablaind_desc__si,PC50,-4.251117974574607e-05
hablaind_desc__si,PC51,-8.79338622774374e-06
hablaind_desc__si,PC52,-1.3315329736411837e-05
hablaind_desc__si,PC53,-4.007182180107723e-05
hablaind_desc__si,PC54,7.660303346984787e-06
hablaind_desc__si,PC55,-5.7854675300069165e-06
hablaind_desc__si,PC56,-5.288281489785903e-06
hablaind_desc__si,PC57,-6.7131054206702605e-06
hablaind_desc__si,PC58,7.082415659334435e-06
hablaind_desc__si,PC59,3.448133420857763e-06
hablaind_desc__si,PC60,3.238553111207426e-06
hablaind_desc__si,PC61,-1.9333288863957598e-06
hablaind_desc__si,PC62,-2.0461270387117624e-06
hablaind_desc__si,PC63,-3.450717056994827e-07
hablaind_desc__si,PC64,5.911675980839935e-08
hablaind_desc__si,PC65,-7.540077936557728e-07
hablaind_desc__si,PC66,-1.683991990109791e-07
hablaind_desc__si,PC67,-2.651258011132572e-17
hablaind_desc__si,PC68,-3.352517915103454e-17
hablaind_desc__si,PC69,-1.420867637879441e-16
hablaind_desc__si,PC70,-2.1225515285929013e-16
hablaind_desc__si,PC71,8.004292825437924e-18
hablaind_desc__si,PC72,-8.166424268750978e-17
hablaind_desc__si,PC73,-4.6633738642245086e-17
hablaind_desc__si,PC74,-2.082639618902154e-17
hablaind_desc__si,PC75,2.0540814277157176e-18
hablaind_desc__si,PC76,8.320641350433062e-17
hablaind_desc__si,PC77,6.990857571316853e-16
segsoc_desc__no,PC1,0.007415530525653688
segsoc_desc__no,PC2,-0.18403890895849567
segsoc_desc__no,PC3,0.3137762248777943
segsoc_desc__no,PC4,-0.375592904635473
segsoc_desc__no,PC5,-0.5549351749721749
segsoc_desc__no,PC6,-0.34064876202752176
segsoc_desc__no,PC7,0.05744449917486367
segsoc_desc__no,PC8,0.18271236745963845
segsoc_desc__no,PC9,0.04362896121586565
segsoc_desc__no,PC10,-0.11204334588923581
segsoc_desc__no,PC11,-0.026894756647349125
segsoc_desc__no,PC12,-0.235459519945422
segsoc_desc__no,PC13,-0.1551730041322957
segsoc_desc__no,PC14,-0.10299555251765087
segsoc_desc__no,PC15,-0.028522352746821147
segsoc_desc__no,PC16,0.0010892754927817674
segsoc_desc__no,PC17,0.37728332017510813
segsoc_desc__no,PC18,0.10161820122352944
segsoc_desc__no,PC19,0.006015786041882513
segsoc_desc__no,PC20,-0.07277817855504881
segsoc_desc__no,PC21,-0.03380363480648671
segsoc_desc__no,PC22,0.0076075382668687
segsoc_desc__no,PC23,0.0027524936942240385
segsoc_desc__no,PC24,-0.012391021277648044
segsoc_desc__no,PC25,0.008926159270558216
segsoc_desc__no,PC26,-0.0014703261466358082
segsoc_desc__no,PC27,-0.015150098766820002
segsoc_desc__no,PC28,-0.0065350773977256174
segsoc_desc__no,PC29,0.002014327381922112
segsoc_desc__no,PC30,0.0012843257669236411
segsoc_desc__no,PC31,0.003492711143862552
segsoc_desc__no,PC32,0.0018775339881194548
segsoc_desc__no,PC33,0.0007806348098940551
segsoc_desc__no,PC34,0.0006720465576919881
segsoc_desc__no,PC35,0.0015807274559135724
segsoc_desc__no,PC36,0.0011946770322280474
segsoc_desc__no,PC37,-0.0016563699445986972
segsoc_desc__no,PC38,0.0007554543729852173
segsoc_desc__no,PC39,0.0004893257865732331
segsoc_desc__no,PC40,0.00015402582613758685
segsoc_desc__no,PC41,1.1171818330393176e-05
segsoc_desc__no,PC42,-5.405043847636495e-06
segsoc_desc__no,PC43,-0.00026084570976759
segsoc_desc__no,PC44,0.0001939837168589353
segsoc_desc__no,PC45,5.483746088673267e-05
segsoc_desc__no,PC46,4.88085570308591e-06
segsoc_desc__no,PC47,-3.3473851697235925e-06
segsoc_desc__no,PC48,3.4017654969750104e-05
segsoc_desc__no,PC49,-1.313303372337532e-06
segsoc_desc__no,PC50,7.4926914880520975e-06
segsoc_desc__no,PC51,3.970014203891841e-06
segsoc_desc__no,PC52,-4.973564115753435e-06
segsoc_desc__no,PC53,-5.8935292375033684e-06
segsoc_desc__no,PC54,4.3438600231267884e-07
segsoc_desc__no,PC55,9.35352328591461e-07
segsoc_desc__no,PC56,2.1365029777068777e-06
segsoc_desc__no,PC57,1.0735048683888812e-08
segsoc_desc__no,PC58,1.899088083871113e-06
segsoc_desc__no,PC59,5.401344758111718e-07
segsoc_desc__no,PC60,1.093548809494402e-07
segsoc_desc__no,PC61,4.57506455672745e-07
segsoc_desc__no,PC62,-4.320054562291386e-08
segsoc_desc__no,PC63,6.121895854237764e-08
segsoc_desc__no,PC64,4.772329809161754e-08
segsoc_desc__no,PC65,2.078904062518462e-08
segsoc_desc__no,PC66,1.258095624447867e-07
segsoc_desc__no,PC67,-2.2778548369455637e-16
segsoc_desc__no,PC68,-1.2253572259034456e-16
segsoc_desc__no,PC69,1.1501654620281465e-16
segsoc_desc__no,PC70,-2.4524061314311915e-16
segsoc_desc__no,PC71,1.4716757486583488e-16
segsoc_desc__no,PC72,7.256311783128397e-17
segsoc_desc__no,PC73,4.462273218608439e-17
segsoc_desc__no,PC74,-6.113058654541931e-16
segsoc_desc__no,PC75,-1.6620523016988152e-17
segsoc_desc__no,PC76,8.961693595599724e-20
segsoc_desc__no,PC77,-1.3064105774840159e-17
segsoc_desc__si,PC1,-0.007415530525653724
segsoc_desc__si,PC2,0.18403890895849656
segsoc_desc__si,PC3,-0.3137762248777958
segsoc_desc__si,PC4,0.3755929046354746
segsoc_desc__si,PC5,0.5549351749721774
segsoc_desc__si,PC6,0.3406487620275234
segsoc_desc__si,PC7,-0.05744449917486394
segsoc_desc__si,PC8,-0.1827123674596393
segsoc_desc__si,PC9,-0.04362896121586587
segsoc_desc__si,PC10,0.11204334588923633
segsoc_desc__si,PC11,0.026894756647349242
segsoc_desc__si,PC12,0.23545951994542316
segsoc_desc__si,PC13,0.15517300413229648
segsoc_desc__si,PC14,0.10299555251765137
segsoc_desc__si,PC15,0.02852235274682131
segsoc_desc__si,PC16,-0.0010892754927817778
segsoc_desc__si,PC17,-0.3772833201751099
segsoc_desc__si,PC18,-0.10161820122352994
segsoc_desc__si,PC19,-0.006015786041882543
segsoc_desc__si,PC20,0.07277817855504916
segsoc_desc__si,PC21,0.03380363480648687
segsoc_desc__si,PC22,-0.007607538266868733
segsoc_desc__si,PC23,-0.002752493694224054
segsoc_desc__si,PC24,0.0123910212776481
segsoc_desc__si,PC25,-0.008926159270558252
segsoc_desc__si,PC26,0.001470326146635813
segsoc_desc__si,PC27,0.015150098766820079
segsoc_desc__si,PC28,0.006535077397725649
segsoc_desc__si,PC29,-0.0020143273819221213
segsoc_desc__si,PC30,-0.001284325766923645
segsoc_desc__si,PC31,-0.003492711143862567
segsoc_desc__si,PC32,-0.0018775339881194652
segsoc_desc__si,PC33,-0.0007806348098940595
segsoc_desc__si,PC34,-0.0006720465576919917
segsoc_desc__si,PC35,-0.0015807274559135785
segsoc_desc__si,PC36,-0.0011946770322280552
segsoc_desc__si,PC37,0.0016563699445987052
segsoc_desc__si,PC38,-0.0007554543729852238
segsoc_desc__si,PC39,-0.0004893257865732366
segsoc_desc__si,PC40,-0.0001540258261375889
segsoc_desc__si,PC41,-1.117181833039304e-05
segsoc_desc__si,PC42,5.405043847637182e-06
segsoc_desc__si,PC43,0.00026084570976758856
segsoc_desc__si,PC44,-0.00019398371685893837
segsoc_desc__si,PC45,-5.4837460886734244e-05
segsoc_desc__si,PC46,-4.880855703087599e-06
segsoc_desc__si,PC47,3.347385169722349e-06
segsoc_desc__si,PC48,-3.401765496974828e-05
segsoc_desc__si,PC49,1.313303372336669e-06
segsoc_desc__si,PC50,-7.492691488049579e-06
segsoc_desc__si,PC51,-3.970014203893129e-06
segsoc_desc__si,PC52,4.973564115752235e-06
segsoc_desc__si,PC53,5.893529237505517e-06
segsoc_desc__si,PC54,-4.343860023119075e-07
segsoc_desc__si,PC55,-9.35352328591979e-07
segsoc_desc__si,PC56,-2.1365029777074304e-06
segsoc_desc__si,PC57,-1.0735048683401445e-08
segsoc_desc__si,PC58,-1.899088083871428e-06
segsoc_desc__si,PC59,-5.401344758107044e-07
segsoc_desc__si,PC60,-1.0935488094907148e-07
segsoc_desc__si,PC61,-4.5750645567244043e-07
segsoc_desc__si,PC62,4.320054562201332e-08
segsoc_desc__si,PC63,-6.121895854282057e-08
segsoc_desc__si,PC64,-4.7723298091942586e-08
segsoc_desc__si,PC65,-2.078904062496332e-08
segsoc_desc__si,PC66,-1.2580956244506244e-07
segsoc_desc__si,PC67,2.2530715237508094e-16
segsoc_desc__si,PC68,1.2299819742125717e-16
segsoc_desc__si,PC69,-1.1523784148455105e-16
segsoc_desc__si,PC70,2.4546833311930766e-16
segsoc_desc__si,PC71,-1.4744506628634249e-16
segsoc_desc__si,PC72,-7.30185259847213e-17
segsoc_desc__si,PC73,-4.345468646497692e-17
segsoc_desc__si,PC74,6.115830970177416e-16
segsoc_desc__si,PC75,1.7122613703565505e-17
segsoc_desc__si,PC76,9.409778275379755e-20
segsoc_desc__si,PC77,1.2432935427227871e-17
subor_principal_desc__no,PC1,-0.2533596756732165
subor_principal_desc__no,PC2,-0.09456073132357391
subor_principal_desc__no,PC3,0.4259918825361905
subor_principal_desc__no,PC4,-0.4057131569889082
subor_principal_desc__no,PC5,-0.09999012022891088
subor_principal_desc__no,PC6,0.07820068339681571
subor_principal_desc__no,PC7,-0.6429024975970039
subor_principal_desc__no,PC8,0.13556032811193464
subor_principal_desc__no,PC9,-0.0051647541110578
subor_principal_desc__no,PC10,0.10924492325812632
subor_principal_desc__no,PC11,0.1080055905705386
subor_principal_desc__no,PC12,-0.07475427789599004
subor_principal_desc__no,PC13,0.043548807995798265
subor_principal_desc__no,PC14,0.037682126857441364
subor_principal_desc__no,PC15,0.03349756946335989
subor_principal_desc__no,PC16,-0.10373595757311012
subor_principal_desc__no,PC17,-0.11349438831434958
subor_principal_desc__no,PC18,-0.05488605184384794
subor_principal_desc__no,PC19,0.01204724066835025
subor_principal_desc__no,PC20,-0.001581756495814763
subor_principal_desc__no,PC21,0.008094033871579276
subor_principal_desc__no,PC22,-0.004126680087453146
subor_principal_desc__no,PC23,-0.0007834541653378207
subor_principal_desc__no,PC24,-0.004812747185738916
subor_principal_desc__no,PC25,-2.4592976438791113e-06
subor_principal_desc__no,PC26,0.0021006415204090708
subor_principal_desc__no,PC27,0.0021876177178733014
subor_principal_desc__no,PC28,0.00653601787950914
subor_principal_desc__no,PC29,-0.001687303693139451
subor_principal_desc__no,PC30,-0.2650877678828845
subor_principal_desc__no,PC31,0.01720599920001264
subor_principal_desc__no,PC32,0.015035395706621161
subor_principal_desc__no,PC33,-0.0011145506416095658
subor_principal_desc__no,PC34,-0.002603929292745831
subor_principal_desc__no,PC35,0.002981150681476029
subor_principal_desc__no,PC36,-0.003197226613685812
subor_principal_desc__no,PC37,-0.0011030018457703617
subor_principal_desc__no,PC38,0.0005248877833862437
subor_principal_desc__no,PC39,0.0005594870386743937
subor_principal_desc__no,PC40,0.0004449258768841467
subor_principal_desc__no,PC41,0.00010354571751865095
subor_principal_desc__no,PC42,0.005795137384803824
subor_principal_desc__no,PC43,-0.038760547296053924
subor_principal_desc__no,PC44,-0.0020079998768171266
subor_principal_desc__no,PC45,0.0013709180018485413
subor_principal_desc__no,PC46,4.5902797586313294e-05
subor_principal_desc__no,PC47,-0.00035116827966676485
subor_principal_desc__no,PC48,-0.0003077569144165944
subor_principal_desc__no,PC49,0.00016646590707524274
subor_principal_desc__no,PC50,-5.1500553908049546e-05
subor_principal_desc__no,PC51,-7.434078305800237e-06
subor_principal_desc__no,PC52,1.5872398675608143e-06
subor_principal_desc__no,PC53,-1.1956878032730053e-05
subor_principal_desc__no,PC54,-8.163522895166148e-06
subor_principal_desc__no,PC55,1.9421157438244375e-06
subor_principal_desc__no,PC56,-1.7381714452436368e-06
subor_principal_desc__no,PC57,-5.89500795485305e-07
subor_principal_desc__no,PC58,-1.627831297672234e-06
subor_principal_desc__no,PC59,-6.957248134645193e-07
subor_principal_desc__no,PC60,-3.1020313034449484e-06
subor_principal_desc__no,PC61,-2.9411735721882216e-07
subor_principal_desc__no,PC62,-1.0458627592150145e-07
subor_principal_desc__no,PC63,3.818511144810055e-07
subor_principal_desc__no,PC64,-7.170434454273587e-08
subor_principal_desc__no,PC65,3.9551590475673955e-07
subor_principal_desc__no,PC66,2.098317002213774e-07
subor_principal_desc__no,PC67,-6.970026137197141e-17
subor_principal_desc__no,PC68,-7.109279209113057e-18
subor_principal_desc__no,PC69,-1.3952669441488377e-16
subor_principal_desc__no,PC70,-3.4766500043403165e-18
subor_principal_desc__no,PC71,4.754199374577355e-17
subor_principal_desc__no,PC72,-1.0060168383650967e-16
subor_principal_desc__no,PC73,1.5630158019885525e-16
subor_principal_desc__no,PC74,6.506569850294319e-17
subor_principal_desc__no,PC75,-2.600171383018768e-16
subor_principal_desc__no,PC76,-2.2013856628088827e-16
subor_principal_desc__no,PC77,1.607574039525138e-17
subor_principal_desc__no_aplica_sin_trabajo_principal_reportado,PC1,-0.07067614679221561
subor_principal_desc__no_aplica_sin_trabajo_principal_reportado,PC2,-0.5868911582634269
subor_principal_desc__no_aplica_sin_trabajo_principal_reportado,PC3,-0.15676513844965254
subor_principal_desc__no_aplica_sin_trabajo_principal_reportado,PC4,-0.04447596944027942
subor_principal_desc__no_aplica_sin_trabajo_principal_reportado,PC5,0.11296075089048487
subor_principal_desc__no_aplica_sin_trabajo_principal_reportado,PC6,-0.1621466097450915
subor_principal_desc__no_aplica_sin_trabajo_principal_reportado,PC7,-0.11165864322047783
subor_principal_desc__no_aplica_sin_trabajo_principal_reportado,PC8,0.08673465506370266
subor_principal_desc__no_aplica_sin_trabajo_principal_reportado,PC9,0.013529325185018488
subor_principal_desc__no_aplica_sin_trabajo_principal_reportado,PC10,0.01954440107886935
subor_principal_desc__no_aplica_sin_trabajo_principal_reportado,PC11,0.012413529330294243
subor_principal_desc__no_aplica_sin_trabajo_principal_reportado,PC12,0.02328784972336681
subor_principal_desc__no_aplica_sin_trabajo_principal_reportado,PC13,0.016651057622111123
subor_principal_desc__no_aplica_sin_trabajo_principal_reportado,PC14,-0.0028328396897583283
subor_principal_desc__no_aplica_sin_trabajo_principal_reportado,PC15,-0.012250566807766778
subor_principal_desc__no_aplica_sin_trabajo_principal_reportado,PC16,0.019286741693910436
subor_principal_desc__no_aplica_sin_trabajo_principal_reportado,PC17,-0.033758601829570876
subor_principal_desc__no_aplica_sin_trabajo_principal_reportado,PC18,-0.011274400391657073
subor_principal_desc__no_aplica_sin_trabajo_principal_reportado,PC19,0.0007391075236080389
subor_principal_desc__no_aplica_sin_trabajo_principal_reportado,PC20,0.02334176685110384
subor_principal_desc__no_aplica_sin_trabajo_principal_reportado,PC21,-0.003932195106858789
subor_principal_desc__no_aplica_sin_trabajo_principal_reportado,PC22,0.0028526758276745117
subor_principal_desc__no_aplica_sin_trabajo_principal_reportado,PC23,-0.0035378447071132304
subor_principal_desc__no_aplica_sin_trabajo_principal_reportado,PC24,0.007809564441699315
subor_principal_desc__no_aplica_sin_trabajo_principal_reportado,PC25,0.00421546730332145
subor_principal_desc__no_aplica_sin_trabajo_principal_reportado,PC26,-0.0004210404641891533
subor_principal_desc__no_aplica_sin_trabajo_principal_reportado,PC27,0.0010740414880371079
subor_principal_desc__no_aplica_sin_trabajo_principal_reportado,PC28,-0.01547068302744926
subor_principal_desc__no_aplica_sin_trabajo_principal_reportado,PC29,0.0005956069135316555
subor_principal_desc__no_aplica_sin_trabajo_principal_reportado,PC30,0.7384872089927929
subor_principal_desc__no_aplica_sin_trabajo_principal_reportado,PC31,-0.04217821942579747
subor_principal_desc__no_aplica_sin_trabajo_principal_reportado,PC32,-0.035825979850872824
subor_principal_desc__no_aplica_sin_trabajo_principal_reportado,PC33,0.0038439781992289277
subor_principal_desc__no_aplica_sin_trabajo_principal_reportado,PC34,0.0015880972789921433
subor_principal_desc__no_aplica_sin_trabajo_principal_reportado,PC35,-0.009232192239556245
subor_principal_desc__no_aplica_sin_trabajo_principal_reportado,PC36,0.006831850041160304
subor_principal_desc__no_aplica_sin_trabajo_principal_reportado,PC37,0.0035073757982587795
subor_principal_desc__no_aplica_sin_trabajo_principal_reportado,PC38,-9.843241493322722e-05
subor_principal_desc__no_aplica_sin_trabajo_principal_reportado,PC39,0.0006700336485176592
subor_principal_desc__no_aplica_sin_trabajo_principal_reportado,PC40,-0.0005743398006850066
subor_principal_desc__no_aplica_sin_trabajo_principal_reportado,PC41,0.0006641091828041096
subor_principal_desc__no_aplica_sin_trabajo_principal_reportado,PC42,0.016101452530536194
subor_principal_desc__no_aplica_sin_trabajo_principal_reportado,PC43,-0.10871756274499328
subor_principal_desc__no_aplica_sin_trabajo_principal_reportado,PC44,-0.006822748731003141
subor_principal_desc__no_aplica_sin_trabajo_principal_reportado,PC45,0.0037084774557315375
subor_principal_desc__no_aplica_sin_trabajo_principal_reportado,PC46,-0.0003637211064742737
subor_principal_desc__no_aplica_sin_trabajo_principal_reportado,PC47,-0.001324459704201623
subor_principal_desc__no_aplica_sin_trabajo_principal_reportado,PC48,-0.0012421689860393585
subor_principal_desc__no_aplica_sin_trabajo_principal_reportado,PC49,-0.0003133792699043422
subor_principal_desc__no_aplica_sin_trabajo_principal_reportado,PC50,-9.131266566469335e-06
subor_principal_desc__no_aplica_sin_trabajo_principal_reportado,PC51,5.134346385506247e-06
subor_principal_desc__no_aplica_sin_trabajo_principal_reportado,PC52,3.221712314214468e-05
subor_principal_desc__no_aplica_sin_trabajo_principal_reportado,PC53,3.519371815415964e-05
subor_principal_desc__no_aplica_sin_trabajo_principal_reportado,PC54,-9.356866458234908e-06
subor_principal_desc__no_aplica_sin_trabajo_principal_reportado,PC55,-1.0980852551921543e-05
subor_principal_desc__no_aplica_sin_trabajo_principal_reportado,PC56,1.130306627347521e-05
subor_principal_desc__no_aplica_sin_trabajo_principal_reportado,PC57,-5.672226339393926e-06
subor_principal_desc__no_aplica_sin_trabajo_principal_reportado,PC58,7.610385065658075e-06
subor_principal_desc__no_aplica_sin_trabajo_principal_reportado,PC59,-3.981602514932928e-06
subor_principal_desc__no_aplica_sin_trabajo_principal_reportado,PC60,1.1417681097724907e-05
subor_principal_desc__no_aplica_sin_trabajo_principal_reportado,PC61,7.133242603601476e-07
subor_principal_desc__no_aplica_sin_trabajo_principal_reportado,PC62,-6.473841177761062e-09
subor_principal_desc__no_aplica_sin_trabajo_principal_reportado,PC63,-1.4303901709064934e-06
subor_principal_desc__no_aplica_sin_trabajo_principal_reportado,PC64,3.56580686528537e-07
subor_principal_desc__no_aplica_sin_trabajo_principal_reportado,PC65,-2.0561305771780086e-06
subor_principal_desc__no_aplica_sin_trabajo_principal_reportado,PC66,-7.704501166424333e-07
subor_principal_desc__no_aplica_sin_trabajo_principal_reportado,PC67,-1.954325742328356e-16
subor_principal_desc__no_aplica_sin_trabajo_principal_reportado,PC68,-7.032539998443879e-17
subor_principal_desc__no_aplica_sin_trabajo_principal_reportado,PC69,3.4568432829015825e-17
subor_principal_desc__no_aplica_sin_trabajo_principal_reportado,PC70,-8.736208143588674e-17
subor_principal_desc__no_aplica_sin_trabajo_principal_reportado,PC71,1.1659196098624394e-16
subor_principal_desc__no_aplica_sin_trabajo_principal_reportado,PC72,5.375816164150443e-17
subor_principal_desc__no_aplica_sin_trabajo_principal_reportado,PC73,1.2773893423078708e-16
subor_principal_desc__no_aplica_sin_trabajo_principal_reportado,PC74,2.4042684865794015e-16
subor_principal_desc__no_aplica_sin_trabajo_principal_reportado,PC75,-4.0940831953328946e-16
subor_principal_desc__no_aplica_sin_trabajo_principal_reportado,PC76,-3.2108520728922133e-16
subor_principal_desc__no_aplica_sin_trabajo_principal_reportado,PC77,-2.28283048851073e-17
subor_principal_desc__si,PC1,0.2707703903642737
subor_principal_desc__si,PC2,0.3425477284541595
subor_principal_desc__si,PC3,-0.33652835814556836
subor_principal_desc__si,PC4,0.403995080914942
subor_principal_desc__si,PC5,0.04617665997310236
subor_principal_desc__si,PC6,-0.0043175964788324936
subor_principal_desc__si,PC7,0.6579222253621491
subor_principal_desc__si,PC8,-0.16595212488455388
subor_principal_desc__si,PC9,-0.0009299617141456031
subor_principal_desc__si,PC10,-0.11204308863114532
subor_principal_desc__si,PC11,-0.1077953052395076
subor_principal_desc__si,PC12,0.060873840163261916
subor_principal_desc__si,PC13,-0.04848144855032573
subor_principal_desc__si,PC14,-0.034522340021934605
subor_principal_desc__si,PC15,-0.02649564856190428
subor_principal_desc__si,PC16,0.09008780599109624
subor_principal_desc__si,PC17,0.1221978383366282
subor_principal_desc__si,PC18,0.056918769941112064
subor_principal_desc__si,PC19,-0.011745666908813995
subor_principal_desc__si,PC20,-0.008556109516005743
subor_principal_desc__si,PC21,-0.005983347747694812
subor_principal_desc__si,PC22,0.002685267806771867
subor_principal_desc__si,PC23,0.0022673629740497608
subor_principal_desc__si,PC24,0.0012004231724576167
subor_principal_desc__si,PC25,-0.0018138401626134825
subor_principal_desc__si,PC26,-0.0018111334837852694
subor_principal_desc__si,PC27,-0.0025377678337754105
subor_principal_desc__si,PC28,0.0004656754549315085
subor_principal_desc__si,PC29,0.0013438585390914105
subor_principal_desc__si,PC30,-0.06672138557304065
subor_principal_desc__si,PC31,0.0018513757695962061
subor_principal_desc__si,PC32,0.001173499619259528
subor_principal_desc__si,PC33,-0.0005989315672227128
subor_principal_desc__si,PC34,0.0017857102199934445
subor_principal_desc__si,PC35,0.0011498293203987275
subor_principal_desc__si,PC36,8.927892224130507e-05
subor_principal_desc__si,PC37,-0.0004648657497375748
subor_principal_desc__si,PC38,-0.00045546641924558483
subor_principal_desc__si,PC39,-0.000819367482487039
subor_principal_desc__si,PC40,-0.000174581938895168
subor_principal_desc__si,PC41,-0.0003843385700478032
subor_principal_desc__si,PC42,-0.012433969519592702
subor_principal_desc__si,PC43,0.08360513144029573
subor_principal_desc__si,PC44,0.004844141033022195
subor_principal_desc__si,PC45,-0.0028981078090397224
subor_principal_desc__si,PC46,0.0001131635343835868
subor_principal_desc__si,PC47,0.0009037197498715237
subor_principal_desc__si,PC48,0.0008270887757413194
subor_principal_desc__si,PC49,-2.2883881538687304e-05
subor_principal_desc__si,PC50,5.278416750967698e-05
subor_principal_desc__si,PC51,4.839427163322418e-06
subor_principal_desc__si,PC52,-1.5385832881578487e-05
subor_principal_desc__si,PC53,-3.821181561585837e-06
subor_principal_desc__si,PC54,1.177465980318246e-05
subor_principal_desc__si,PC55,2.8887755579840993e-06
subor_principal_desc__si,PC56,-3.221045030926961e-06
subor_principal_desc__si,PC57,3.0029586965082053e-06
subor_principal_desc__si,PC58,-1.7347684639023984e-06
subor_principal_desc__si,PC59,2.3753351957094424e-06
subor_principal_desc__si,PC60,-1.9767559307856424e-06
subor_principal_desc__si,PC61,-2.834470391871505e-08
subor_principal_desc__si,PC62,1.0199293613923574e-07
subor_principal_desc__si,PC63,2.540635754595952e-07
subor_principal_desc__si,PC64,-8.561350976662041e-08
subor_principal_desc__si,PC65,5.106932097792321e-07
subor_principal_desc__si,PC66,1.329044716103352e-07
subor_principal_desc__si,PC67,1.485119321876243e-16
subor_principal_desc__si,PC68,3.5407101736953714e-17
subor_principal_desc__si,PC69,1.1720008419769412e-16
subor_principal_desc__si,PC70,3.467655133848683e-17
subor_principal_desc__si,PC71,-9.538181783229846e-17
subor_principal_desc__si,PC72,7.361770980483468e-17
subor_principal_desc__si,PC73,-2.0308502947119303e-16
subor_principal_desc__si,PC74,-1.6574315002564114e-16
subor_principal_desc__si,PC75,4.226872954343883e-16
subor_principal_desc__si,PC76,3.475837099673581e-16
subor_principal_desc__si,PC77,-5.1170984344293426e-18
contrato_principal_desc__no,PC1,0.14544977708820037
contrato_principal_desc__no,PC2,0.08870472596800026
contrato_principal_desc__no,PC3,0.04774604452873095
contrato_principal_desc__no,PC4,-0.033450226315453094
contrato_principal_desc__no,PC5,-0.2978229532098415
contrato_principal_desc__no,PC6,-0.35184241105646713
contrato_principal_desc__no,PC7,0.7143966121880198
contrato_principal_desc__no,PC8,-0.026447580524564994
contrato_principal_desc__no,PC9,0.036102200980563895
contrato_principal_desc__no,PC10,-0.09225605763879399
contrato_principal_desc__no,PC11,-0.07816839353649685
contrato_principal_desc__no,PC12,-0.25336101026097496
contrato_principal_desc__no,PC13,-0.042561043773902046
contrato_principal_desc__no,PC14,0.09959815367546487
contrato_principal_desc__no,PC15,-0.03190637953633798
contrato_principal_desc__no,PC16,-0.05845293125501091
contrato_principal_desc__no,PC17,-0.2946134789972288
contrato_principal_desc__no,PC18,-0.23562411774041978
contrato_principal_desc__no,PC19,-0.008270926321352562
contrato_principal_desc__no,PC20,0.0338703198545772
contrato_principal_desc__no,PC21,-0.007868328989742759
contrato_principal_desc__no,PC22,0.01804828273466976
contrato_principal_desc__no,PC23,-0.0117859173530322
contrato_principal_desc__no,PC24,0.013894885225700846
contrato_principal_desc__no,PC25,-0.011935819648700783
contrato_principal_desc__no,PC26,0.008431678559778801
contrato_principal_desc__no,PC27,-0.005742318976737901
contrato_principal_desc__no,PC28,-0.002791656907506029
contrato_principal_desc__no,PC29,0.000533384055731554
contrato_principal_desc__no,PC30,-0.04190955926543722
contrato_principal_desc__no,PC31,0.010758995554430599
contrato_principal_desc__no,PC32,0.002957937014520274
contrato_principal_desc__no,PC33,-0.0001773295780554367
contrato_principal_desc__no,PC34,-0.0036641029969800266
contrato_principal_desc__no,PC35,0.0007171546537774066
contrato_principal_desc__no,PC36,0.00036196291200415824
contrato_principal_desc__no,PC37,-0.0007819130983179377
contrato_principal_desc__no,PC38,0.0002573205093687173
contrato_principal_desc__no,PC39,0.0007573746914166274
contrato_principal_desc__no,PC40,6.0947843091876326e-05
contrato_principal_desc__no,PC41,8.699048349031269e-05
contrato_principal_desc__no,PC42,0.005340790533449446
contrato_principal_desc__no,PC43,-0.03613316673520004
contrato_principal_desc__no,PC44,-0.001769033950534664
contrato_principal_desc__no,PC45,0.0012569170950066419
contrato_principal_desc__no,PC46,2.0550667633622616e-05
contrato_principal_desc__no,PC47,-0.00039328387279683163
contrato_principal_desc__no,PC48,-0.00022944355745647076
contrato_principal_desc__no,PC49,-1.107264361098134e-05
contrato_principal_desc__no,PC50,-1.3021011403425736e-05
contrato_principal_desc__no,PC51,-4.228998034116942e-06
contrato_principal_desc__no,PC52,-9.624588242590605e-06
contrato_principal_desc__no,PC53,-1.7284805096129235e-05
contrato_principal_desc__no,PC54,-7.090338468848293e-06
contrato_principal_desc__no,PC55,-1.6925671903636953e-06
contrato_principal_desc__no,PC56,1.1069725000988948e-06
contrato_principal_desc__no,PC57,8.288358148295269e-08
contrato_principal_desc__no,PC58,-2.0215870424797235e-06
contrato_principal_desc__no,PC59,-3.627519600056322e-07
contrato_principal_desc__no,PC60,-1.6850538509882603e-06
contrato_principal_desc__no,PC61,-2.6648669728786575e-08
contrato_principal_desc__no,PC62,-1.4876619745448082e-07
contrato_principal_desc__no,PC63,-6.83372276429834e-08
contrato_principal_desc__no,PC64,1.1502627894916192e-07
contrato_principal_desc__no,PC65,3.552128601286428e-08
contrato_principal_desc__no,PC66,-8.426963121584486e-08
contrato_principal_desc__no,PC67,9.829698308531841e-16
contrato_principal_desc__no,PC68,-2.369092923001132e-15
contrato_principal_desc__no,PC69,6.001875112933978e-17
contrato_principal_desc__no,PC70,5.144851639595849e-17
contrato_principal_desc__no,PC71,-7.077228025180572e-17
contrato_principal_desc__no,PC72,-5.276060019887125e-17
contrato_principal_desc__no,PC73,-8.057246551546787e-17
contrato_principal_desc__no,PC74,1.1254836333561457e-16
contrato_principal_desc__no,PC75,9.988111403093682e-17
contrato_principal_desc__no,PC76,5.798445028931473e-17
contrato_principal_desc__no,PC77,-3.611205633111719e-17
contrato_principal_desc__no_aplica_sin_contrato_principal_documentado,PC1,-0.2659129621777216
contrato_principal_desc__no_aplica_sin_contrato_principal_documentado,PC2,-0.3399239478300118
contrato_principal_desc__no_aplica_sin_contrato_principal_documentado,PC3,0.3396203935163644
contrato_principal_desc__no_aplica_sin_contrato_principal_documentado,PC4,-0.40493775010777244
contrato_principal_desc__no_aplica_sin_contrato_principal_documentado,PC5,-0.05642452969882323
contrato_principal_desc__no_aplica_sin_contrato_principal_documentado,PC6,0.0062025800980710245
contrato_principal_desc__no_aplica_sin_contrato_principal_documentado,PC7,-0.659162610401131
contrato_principal_desc__no_aplica_sin_contrato_principal_documentado,PC8,0.1595826897542045
contrato_principal_desc__no_aplica_sin_contrato_principal_documentado,PC9,-0.0001638728863630625
contrato_principal_desc__no_aplica_sin_contrato_principal_documentado,PC10,0.11096018348966401
contrato_principal_desc__no_aplica_sin_contrato_principal_documentado,PC11,0.10951974118503344
contrato_principal_desc__no_aplica_sin_contrato_principal_documentado,PC12,-0.05506673825884174
contrato_principal_desc__no_aplica_sin_contrato_principal_documentado,PC13,0.04892851302432258
contrato_principal_desc__no_aplica_sin_contrato_principal_documentado,PC14,0.032817032571881954
contrato_principal_desc__no_aplica_sin_contrato_principal_documentado,PC15,0.02448202450089252
contrato_principal_desc__no_aplica_sin_contrato_principal_documentado,PC16,-0.08632108326361974
contrato_principal_desc__no_aplica_sin_contrato_principal_documentado,PC17,-0.11849771445545018
contrato_principal_desc__no_aplica_sin_contrato_principal_documentado,PC18,-0.0527861597842876
contrato_principal_desc__no_aplica_sin_contrato_principal_documentado,PC19,0.010027394642081858
contrato_principal_desc__no_aplica_sin_contrato_principal_documentado,PC20,0.00850525593546872
contrato_principal_desc__no_aplica_sin_contrato_principal_documentado,PC21,0.0063432802543832946
contrato_principal_desc__no_aplica_sin_contrato_principal_documentado,PC22,-0.0031636436687758848
contrato_principal_desc__no_aplica_sin_contrato_principal_documentado,PC23,9.148086064156952e-05
contrato_principal_desc__no_aplica_sin_contrato_principal_documentado,PC24,-0.0013729102112394695
contrato_principal_desc__no_aplica_sin_contrato_principal_documentado,PC25,-2.255884663276059e-05
contrato_principal_desc__no_aplica_sin_contrato_principal_documentado,PC26,0.0004963797213725091
contrato_principal_desc__no_aplica_sin_contrato_principal_documentado,PC27,0.0025846663628451313
contrato_principal_desc__no_aplica_sin_contrato_principal_documentado,PC28,-0.0009969748501774023
contrato_principal_desc__no_aplica_sin_contrato_principal_documentado,PC29,-0.0011432744949410381
contrato_principal_desc__no_aplica_sin_contrato_principal_documentado,PC30,0.09301045808832129
contrato_principal_desc__no_aplica_sin_contrato_principal_documentado,PC31,-0.003980108418768048
contrato_principal_desc__no_aplica_sin_contrato_principal_documentado,PC32,-0.002863964738012995
contrato_principal_desc__no_aplica_sin_contrato_principal_documentado,PC33,0.00039691274646917957
contrato_principal_desc__no_aplica_sin_contrato_principal_documentado,PC34,-0.0004652308294326384
contrato_principal_desc__no_aplica_sin_contrato_principal_documentado,PC35,-0.0012734929626597483
contrato_principal_desc__no_aplica_sin_contrato_principal_documentado,PC36,0.00019055132618000161
contrato_principal_desc__no_aplica_sin_contrato_principal_documentado,PC37,0.0004458690001752178
contrato_principal_desc__no_aplica_sin_contrato_principal_documentado,PC38,-0.000588373331849702
contrato_principal_desc__no_aplica_sin_contrato_principal_documentado,PC39,-0.0007094122306092383
contrato_principal_desc__no_aplica_sin_contrato_principal_documentado,PC40,-3.251526350455058e-05
contrato_principal_desc__no_aplica_sin_contrato_principal_documentado,PC41,-0.00012478553742486007
contrato_principal_desc__no_aplica_sin_contrato_principal_documentado,PC42,-0.011990538895389634
contrato_principal_desc__no_aplica_sin_contrato_principal_documentado,PC43,0.08039673716426321
contrato_principal_desc__no_aplica_sin_contrato_principal_documentado,PC44,0.004939165596202963
contrato_principal_desc__no_aplica_sin_contrato_principal_documentado,PC45,-0.0026305717901518528
contrato_principal_desc__no_aplica_sin_contrato_principal_documentado,PC46,0.0002261567486787261
contrato_principal_desc__no_aplica_sin_contrato_principal_documentado,PC47,0.0007942460112016023
contrato_principal_desc__no_aplica_sin_contrato_principal_documentado,PC48,0.000793141840191677
contrato_principal_desc__no_aplica_sin_contrato_principal_documentado,PC49,-1.8520160807426357e-05
contrato_principal_desc__no_aplica_sin_contrato_principal_documentado,PC50,5.7324588176998624e-05
contrato_principal_desc__no_aplica_sin_contrato_principal_documentado,PC51,2.0410701620759717e-05
contrato_principal_desc__no_aplica_sin_contrato_principal_documentado,PC52,4.267210567605046e-08
contrato_principal_desc__no_aplica_sin_contrato_principal_documentado,PC53,9.248507900295738e-06
contrato_principal_desc__no_aplica_sin_contrato_principal_documentado,PC54,3.591621224921758e-06
contrato_principal_desc__no_aplica_sin_contrato_principal_documentado,PC55,2.7878552648437346e-06
contrato_principal_desc__no_aplica_sin_contrato_principal_documentado,PC56,-1.569602399329471e-06
contrato_principal_desc__no_aplica_sin_contrato_principal_documentado,PC57,1.9273120920073688e-07
contrato_principal_desc__no_aplica_sin_contrato_principal_documentado,PC58,1.7773389471635467e-07
contrato_principal_desc__no_aplica_sin_contrato_principal_documentado,PC59,1.5829030074013809e-06
contrato_principal_desc__no_aplica_sin_contrato_principal_documentado,PC60,-3.043811750828083e-07
contrato_principal_desc__no_aplica_sin_contrato_principal_documentado,PC61,2.043015788158156e-07
contrato_principal_desc__no_aplica_sin_contrato_principal_documentado,PC62,1.2272520118456302e-07
contrato_principal_desc__no_aplica_sin_contrato_principal_documentado,PC63,-2.8560077432429358e-09
contrato_principal_desc__no_aplica_sin_contrato_principal_documentado,PC64,2.5518956690381368e-08
contrato_principal_desc__no_aplica_sin_contrato_principal_documentado,PC65,-1.6503435764185256e-08
contrato_principal_desc__no_aplica_sin_contrato_principal_documentado,PC66,3.533235160761013e-09
contrato_principal_desc__no_aplica_sin_contrato_principal_documentado,PC67,-4.496287742861797e-16
contrato_principal_desc__no_aplica_sin_contrato_principal_documentado,PC68,1.0786925704433068e-15
contrato_principal_desc__no_aplica_sin_contrato_principal_documentado,PC69,-5.4766388929830116e-17
contrato_principal_desc__no_aplica_sin_contrato_principal_documentado,PC70,-3.4739095839535913e-17
contrato_principal_desc__no_aplica_sin_contrato_principal_documentado,PC71,3.5117459508199564e-17
contrato_principal_desc__no_aplica_sin_contrato_principal_documentado,PC72,-2.9937806327913986e-17
contrato_principal_desc__no_aplica_sin_contrato_principal_documentado,PC73,3.019422441497555e-16
contrato_principal_desc__no_aplica_sin_contrato_principal_documentado,PC74,5.3233910361464556e-17
contrato_principal_desc__no_aplica_sin_contrato_principal_documentado,PC75,-1.7835792747900023e-16
contrato_principal_desc__no_aplica_sin_contrato_principal_documentado,PC76,-2.2120521548329706e-16
contrato_principal_desc__no_aplica_sin_contrato_principal_documentado,PC77,1.9827034259294006e-17
contrato_principal_desc__si,PC1,0.09667965976924504
contrato_principal_desc__si,PC2,0.22115748549626638
contrato_principal_desc__si,PC3,-0.35781040355154403
contrato_principal_desc__si,PC4,0.40306514653867265
contrato_principal_desc__si,PC5,0.35035496789974596
contrato_principal_desc__si,PC6,0.3474181460546653
contrato_principal_desc__si,PC7,-0.11543267389835117
contrato_principal_desc__si,PC8,-0.11907551051398194
contrato_principal_desc__si,PC9,-0.036079439959270786
contrato_principal_desc__si,PC10,-0.008668904559445047
contrato_principal_desc__si,PC11,-0.021491661924162485
contrato_principal_desc__si,PC12,0.30449794372927375
contrato_principal_desc__si,PC13,-0.0019357801157538822
contrato_principal_desc__si,PC14,-0.12989275860087113
contrato_principal_desc__si,PC15,0.009679066413465292
contrato_principal_desc__si,PC16,0.137424416680286
contrato_principal_desc__si,PC17,0.4037747427642007
contrato_principal_desc__si,PC18,0.28461778821087524
contrato_principal_desc__si,PC19,-0.0008498247675581527
contrato_principal_desc__si,PC20,-0.04175012554894734
contrato_principal_desc__si,PC21,0.002107843680159916
contrato_principal_desc__si,PC22,-0.015224897151547803
contrato_principal_desc__si,PC23,0.011743828124357718
contrato_principal_desc__si,PC24,-0.012690923224292713
contrato_principal_desc__si,PC25,0.011998315702492952
contrato_principal_desc__si,PC26,-0.008914222048275498
contrato_principal_desc__si,PC27,0.0034040271190719012
contrato_principal_desc__si,PC28,0.003711178839210401
contrato_principal_desc__si,PC29,0.0005079577424257126
contrato_principal_desc__si,PC30,-0.04281343073761003
contrato_principal_desc__si,PC31,-0.007165006808313167
contrato_principal_desc__si,PC32,-0.0003550139602778115
contrato_principal_desc__si,PC33,-0.00018422255506971122
contrato_principal_desc__si,PC34,0.004101482839082009
contrato_principal_desc__si,PC35,0.000442363554190833
contrato_principal_desc__si,PC36,-0.0005371081228113785
contrato_principal_desc__si,PC37,0.00037781232023918304
contrato_principal_desc__si,PC38,0.0002786546336353532
contrato_principal_desc__si,PC39,-0.00011270991017900783
contrato_principal_desc__si,PC40,-3.149233923679071e-05
contrato_principal_desc__si,PC41,2.6568322634703652e-05
contrato_principal_desc__si,PC42,0.005581578677111274
contrato_principal_desc__si,PC43,-0.03710034270577966
contrato_principal_desc__si,PC44,-0.0027316424154525958
contrato_principal_desc__si,PC45,0.001139012619822388
contrato_principal_desc__si,PC46,-0.00022698626383825304
contrato_principal_desc__si,PC47,-0.00033006848057370896
contrato_principal_desc__si,PC48,-0.0004934765729586003
contrato_principal_desc__si,PC49,2.8010794347714116e-05
contrato_principal_desc__si,PC50,-3.924078751859148e-05
contrato_principal_desc__si,PC51,-1.4380502403091038e-05
contrato_principal_desc__si,PC52,9.619446696126078e-06
contrato_principal_desc__si,PC53,8.906423751253471e-06
contrato_principal_desc__si,PC54,3.837954225604599e-06
contrato_principal_desc__si,PC55,-8.453507504220318e-07
contrato_principal_desc__si,PC56,3.213707370150661e-07
contrato_principal_desc__si,PC57,-2.5903792906604573e-07
contrato_principal_desc__si,PC58,1.866507100087138e-06
contrato_principal_desc__si,PC59,-1.0803410754860746e-06
contrato_principal_desc__si,PC60,1.968712399929658e-06
contrato_principal_desc__si,PC61,-1.5967879213717749e-07
contrato_principal_desc__si,PC62,3.730432615464571e-08
contrato_principal_desc__si,PC63,7.11832366949948e-08
contrato_principal_desc__si,PC64,-1.3871571252415526e-07
contrato_principal_desc__si,PC65,-2.058696629273391e-08
contrato_principal_desc__si,PC66,8.134153126586071e-08
contrato_principal_desc__si,PC67,-5.743682018055156e-16
contrato_principal_desc__si,PC68,1.4039625081409096e-15
contrato_principal_desc__si,PC69,-1.4579161271390242e-17
contrato_principal_desc__si,PC70,-2.421469058209682e-17
contrato_principal_desc__si,PC71,3.5453692171193576e-17
contrato_principal_desc__si,PC72,8.786967483301308e-17
contrato_principal_desc__si,PC73,-1.898595820816659e-16
contrato_principal_desc__si,PC74,-1.6222393146984228e-16
contrato_principal_desc__si,PC75,6.368117560806156e-17
contrato_principal_desc__si,PC76,1.4072033184010292e-16
contrato_principal_desc__si,PC77,1.8741409266106222e-17
sexo_jefe_desc__hombre,PC1,0.03505157135672303
sexo_jefe_desc__hombre,PC2,0.06278395035098104
sexo_jefe_desc__hombre,PC3,0.12230169887855695
sexo_jefe_desc__hombre,PC4,-0.11196167033589988
sexo_jefe_desc__hombre,PC5,0.192973820507732
sexo_jefe_desc__hombre,PC6,-0.3405858119713275
sexo_jefe_desc__hombre,PC7,-0.22111304352348646
sexo_jefe_desc__hombre,PC8,-0.5124494998826549
sexo_jefe_desc__hombre,PC9,-0.4860120613660457
sexo_jefe_desc__hombre,PC10,-0.1397151343541145
sexo_jefe_desc__hombre,PC11,-0.4487515705149357
sexo_jefe_desc__hombre,PC12,-0.09891747826433106
sexo_jefe_desc__hombre,PC13,-0.05320710543967767
sexo_jefe_desc__hombre,PC14,-0.018072634550952562
sexo_jefe_desc__hombre,PC15,0.01723917492635709
sexo_jefe_desc__hombre,PC16,0.004976725264247007
sexo_jefe_desc__hombre,PC17,0.008279829955622478
sexo_jefe_desc__hombre,PC18,0.003810667269827626
sexo_jefe_desc__hombre,PC19,0.10725486423845819
sexo_jefe_desc__hombre,PC20,0.09627295299404
sexo_jefe_desc__hombre,PC21,0.04397425432824796
sexo_jefe_desc__hombre,PC22,0.05181886057310585
sexo_jefe_desc__hombre,PC23,0.07248626079555442
sexo_jefe_desc__hombre,PC24,-0.022400255932383435
sexo_jefe_desc__hombre,PC25,-0.023160356089376537
sexo_jefe_desc__hombre,PC26,-0.0043769679861644
sexo_jefe_desc__hombre,PC27,0.0095450668743827
sexo_jefe_desc__hombre,PC28,0.0008471753216106205
sexo_jefe_desc__hombre,PC29,-0.012558641535188824
sexo_jefe_desc__hombre,PC30,0.0007122032024361019
sexo_jefe_desc__hombre,PC31,-0.0055504312259711305
sexo_jefe_desc__hombre,PC32,0.011730622041888324
sexo_jefe_desc__hombre,PC33,0.00031510641590405013
sexo_jefe_desc__hombre,PC34,-0.0013027306044556641
sexo_jefe_desc__hombre,PC35,0.0018889395171943705
sexo_jefe_desc__hombre,PC36,-0.004320120760944762
sexo_jefe_desc__hombre,PC37,-0.001668064525259273
sexo_jefe_desc__hombre,PC38,-0.0011901864677157244
sexo_jefe_desc__hombre,PC39,-1.5497768563072124e-06
sexo_jefe_desc__hombre,PC40,-0.00028565148996329785
sexo_jefe_desc__hombre,PC41,-0.0005540995087607604
sexo_jefe_desc__hombre,PC42,-0.0004409789508888661
sexo_jefe_desc__hombre,PC43,-0.00014962754386569979
sexo_jefe_desc__hombre,PC44,-4.7638161835706735e-05
sexo_jefe_desc__hombre,PC45,-0.000287984896633934
sexo_jefe_desc__hombre,PC46,1.1878461730157539e-05
sexo_jefe_desc__hombre,PC47,-0.0001942744166784577
sexo_jefe_desc__hombre,PC48,-3.9924016685380676e-05
sexo_jefe_desc__hombre,PC49,-0.00012425322140242494
sexo_jefe_desc__hombre,PC50,6.895703500974423e-05
sexo_jefe_desc__hombre,PC51,5.320986892798195e-06
sexo_jefe_desc__hombre,PC52,-5.9247800116152255e-06
sexo_jefe_desc__hombre,PC53,2.6778247986643648e-06
sexo_jefe_desc__hombre,PC54,-6.764430617822954e-06
sexo_jefe_desc__hombre,PC55,-9.352768553942346e-07
sexo_jefe_desc__hombre,PC56,4.486280329275043e-06
sexo_jefe_desc__hombre,PC57,4.5326090410718256e-07
sexo_jefe_desc__hombre,PC58,1.641122298597403e-06
sexo_jefe_desc__hombre,PC59,3.4334591102654554e-06
sexo_jefe_desc__hombre,PC60,2.392894973448072e-06
sexo_jefe_desc__hombre,PC61,-4.897151235361033e-07
sexo_jefe_desc__hombre,PC62,1.7623916101255392e-07
sexo_jefe_desc__hombre,PC63,-9.5312516246114e-08
sexo_jefe_desc__hombre,PC64,9.220506113091619e-08
sexo_jefe_desc__hombre,PC65,1.8510592009359683e-08
sexo_jefe_desc__hombre,PC66,-9.597488293121281e-08
sexo_jefe_desc__hombre,PC67,-5.435186937984857e-16
sexo_jefe_desc__hombre,PC68,-1.9547909121681227e-16
sexo_jefe_desc__hombre,PC69,2.478525875437192e-17
sexo_jefe_desc__hombre,PC70,3.450719577454951e-17
sexo_jefe_desc__hombre,PC71,-9.14917522463573e-16
sexo_jefe_desc__hombre,PC72,2.8926930967834636e-17
sexo_jefe_desc__hombre,PC73,1.9704315684928332e-16
sexo_jefe_desc__hombre,PC74,1.6115459664578877e-17
sexo_jefe_desc__hombre,PC75,1.0031033479839498e-17
sexo_jefe_desc__hombre,PC76,-7.044892145509529e-18
sexo_jefe_desc__hombre,PC77,1.9186629173315957e-17
sexo_jefe_desc__mujer,PC1,-0.03505157135672303
sexo_jefe_desc__mujer,PC2,-0.06278395035098104
sexo_jefe_desc__mujer,PC3,-0.12230169887855695
sexo_jefe_desc__mujer,PC4,0.11196167033589988
sexo_jefe_desc__mujer,PC5,-0.192973820507732
sexo_jefe_desc__mujer,PC6,0.3405858119713275
sexo_jefe_desc__mujer,PC7,0.22111304352348646
sexo_jefe_desc__mujer,PC8,0.5124494998826549
sexo_jefe_desc__mujer,PC9,0.4860120613660457
sexo_jefe_desc__mujer,PC10,0.1397151343541145
sexo_jefe_desc__mujer,PC11,0.4487515705149357
sexo_jefe_desc__mujer,PC12,0.09891747826433106
sexo_jefe_desc__mujer,PC13,0.05320710543967767
sexo_jefe_desc__mujer,PC14,0.018072634550952562
sexo_jefe_desc__mujer,PC15,-0.01723917492635709
sexo_jefe_desc__mujer,PC16,-0.004976725264247007
sexo_jefe_desc__mujer,PC17,-0.008279829955622478
sexo_jefe_desc__mujer,PC18,-0.003810667269827626
sexo_jefe_desc__mujer,PC19,-0.10725486423845819
sexo_jefe_desc__mujer,PC20,-0.09627295299404
sexo_jefe_desc__mujer,PC21,-0.04397425432824796
sexo_jefe_desc__mujer,PC22,-0.05181886057310585
sexo_jefe_desc__mujer,PC23,-0.07248626079555442
sexo_jefe_desc__mujer,PC24,0.022400255932383435
sexo_jefe_desc__mujer,PC25,0.023160356089376537
sexo_jefe_desc__mujer,PC26,0.0043769679861644
sexo_jefe_desc__mujer,PC27,-0.0095450668743827
sexo_jefe_desc__mujer,PC28,-0.0008471753216106205
sexo_jefe_desc__mujer,PC29,0.012558641535188824
sexo_jefe_desc__mujer,PC30,-0.0007122032024361019
sexo_jefe_desc__mujer,PC31,0.0055504312259711305
sexo_jefe_desc__mujer,PC32,-0.011730622041888324
sexo_jefe_desc__mujer,PC33,-0.00031510641590405013
sexo_jefe_desc__mujer,PC34,0.0013027306044556641
sexo_jefe_desc__mujer,PC35,-0.0018889395171943705
sexo_jefe_desc__mujer,PC36,0.004320120760944762
sexo_jefe_desc__mujer,PC37,0.001668064525259273
sexo_jefe_desc__mujer,PC38,0.0011901864677157244
sexo_jefe_desc__mujer,PC39,1.5497768563072124e-06
sexo_jefe_desc__mujer,PC40,0.00028565148996329785
sexo_jefe_desc__mujer,PC41,0.0005540995087607604
sexo_jefe_desc__mujer,PC42,0.0004409789508888661
sexo_jefe_desc__mujer,PC43,0.00014962754386569979
sexo_jefe_desc__mujer,PC44,4.7638161835706735e-05
sexo_jefe_desc__mujer,PC45,0.000287984896633934
sexo_jefe_desc__mujer,PC46,-1.1878461730157539e-05
sexo_jefe_desc__mujer,PC47,0.0001942744166784577
sexo_jefe_desc__mujer,PC48,3.9924016685380676e-05
sexo_jefe_desc__mujer,PC49,0.00012425322140242494
sexo_jefe_desc__mujer,PC50,-6.895703500974423e-05
sexo_jefe_desc__mujer,PC51,-5.320986892798195e-06
sexo_jefe_desc__mujer,PC52,5.9247800116152255e-06
sexo_jefe_desc__mujer,PC53,-2.6778247986643648e-06
sexo_jefe_desc__mujer,PC54,6.764430617822954e-06
sexo_jefe_desc__mujer,PC55,9.352768553942346e-07
sexo_jefe_desc__mujer,PC56,-4.486280329275043e-06
sexo_jefe_desc__mujer,PC57,-4.5326090410718256e-07
sexo_jefe_desc__mujer,PC58,-1.641122298597403e-06
sexo_jefe_desc__mujer,PC59,-3.4334591102654554e-06
sexo_jefe_desc__mujer,PC60,-2.392894973448072e-06
sexo_jefe_desc__mujer,PC61,4.897151235361033e-07
sexo_jefe_desc__mujer,PC62,-1.7623916101255392e-07
sexo_jefe_desc__mujer,PC63,9.5312516246114e-08
sexo_jefe_desc__mujer,PC64,-9.220506113091619e-08
sexo_jefe_desc__mujer,PC65,-1.8510592009359683e-08
sexo_jefe_desc__mujer,PC66,9.597488293121281e-08
sexo_jefe_desc__mujer,PC67,5.435186937984857e-16
sexo_jefe_desc__mujer,PC68,1.9547909121681227e-16
sexo_jefe_desc__mujer,PC69,-2.478525875437192e-17
sexo_jefe_desc__mujer,PC70,-3.450719577454951e-17
sexo_jefe_desc__mujer,PC71,9.14917522463573e-16
sexo_jefe_desc__mujer,PC72,-2.8926930967834636e-17
sexo_jefe_desc__mujer,PC73,-1.9704315684928332e-16
sexo_jefe_desc__mujer,PC74,-1.6115459664578877e-17
sexo_jefe_desc__mujer,PC75,-1.0031033479839498e-17
sexo_jefe_desc__mujer,PC76,7.044892145509529e-18
sexo_jefe_desc__mujer,PC77,-1.9186629173315957e-17
educa_jefe_desc__posgrado,PC1,-0.051959502436065494
educa_jefe_desc__posgrado,PC2,0.017317571260465646
educa_jefe_desc__posgrado,PC3,-0.061732170037457776
educa_jefe_desc__posgrado,PC4,0.03022731383097717
educa_jefe_desc__posgrado,PC5,0.04924211036733137
educa_jefe_desc__posgrado,PC6,0.09256248921149642
educa_jefe_desc__posgrado,PC7,-0.015955329406790227
educa_jefe_desc__posgrado,PC8,-0.04988935488753802
educa_jefe_desc__posgrado,PC9,0.022569513122781684
educa_jefe_desc__posgrado,PC10,-0.02851849899798084
educa_jefe_desc__posgrado,PC11,0.0008312441731784493
educa_jefe_desc__posgrado,PC12,-0.019037726772964052
educa_jefe_desc__posgrado,PC13,-0.02624655090255751
educa_jefe_desc__posgrado,PC14,-0.03599741440769953
educa_jefe_desc__posgrado,PC15,0.018612346620132583
educa_jefe_desc__posgrado,PC16,0.006530620159064943
educa_jefe_desc__posgrado,PC17,0.015857767712469387
educa_jefe_desc__posgrado,PC18,0.05362521156801914
educa_jefe_desc__posgrado,PC19,-0.010468691411052238
educa_jefe_desc__posgrado,PC20,0.02150146229598704
educa_jefe_desc__posgrado,PC21,0.015156893352342882
educa_jefe_desc__posgrado,PC22,-0.040245040735179045
educa_jefe_desc__posgrado,PC23,0.009400081585204856
educa_jefe_desc__posgrado,PC24,-0.03209880817032736
educa_jefe_desc__posgrado,PC25,-0.01188947071604559
educa_jefe_desc__posgrado,PC26,-0.041759097090540286
educa_jefe_desc__posgrado,PC27,0.22296619722145555
educa_jefe_desc__posgrado,PC28,-0.13028278367380963
educa_jefe_desc__posgrado,PC29,0.2080993623534332
educa_jefe_desc__posgrado,PC30,0.05113425301942165
educa_jefe_desc__posgrado,PC31,0.6415943946456789
educa_jefe_desc__posgrado,PC32,0.23619764198281898
educa_jefe_desc__posgrado,PC33,-0.028604844187060587
educa_jefe_desc__posgrado,PC34,-0.5026262789158156
educa_jefe_desc__posgrado,PC35,-0.057874311444652396
educa_jefe_desc__posgrado,PC36,-0.016625877257452376
educa_jefe_desc__posgrado,PC37,-0.10271054329009606
educa_jefe_desc__posgrado,PC38,0.09497987484700546
educa_jefe_desc__posgrado,PC39,-0.2856666490545321
educa_jefe_desc__posgrado,PC40,-0.1399514462891836
educa_jefe_desc__posgrado,PC41,-0.008403771060679532
educa_jefe_desc__posgrado,PC42,0.004919911000637491
educa_jefe_desc__posgrado,PC43,0.003978811332198392
educa_jefe_desc__posgrado,PC44,-0.04970992422016615
educa_jefe_desc__posgrado,PC45,-0.018404521326375087
educa_jefe_desc__posgrado,PC46,-0.0329950421959251
educa_jefe_desc__posgrado,PC47,-0.0013563153900407283
educa_jefe_desc__posgrado,PC48,-0.06272407384912758
educa_jefe_desc__posgrado,PC49,-0.002631899347597958
educa_jefe_desc__posgrado,PC50,-0.0006211812977619213
educa_jefe_desc__posgrado,PC51,-0.00043980805657679113
educa_jefe_desc__posgrado,PC52,0.0002534979900208465
educa_jefe_desc__posgrado,PC53,-0.006850673097144752
educa_jefe_desc__posgrado,PC54,-0.0007713740919337273
educa_jefe_desc__posgrado,PC55,2.1572202958815386e-05
educa_jefe_desc__posgrado,PC56,-0.006880816605804977
educa_jefe_desc__posgrado,PC57,-2.6367613728513956e-05
educa_jefe_desc__posgrado,PC58,2.540362131525419e-05
educa_jefe_desc__posgrado,PC59,3.6633998059507456e-05
educa_jefe_desc__posgrado,PC60,2.6320567593355978e-05
educa_jefe_desc__posgrado,PC61,2.4181669020053054e-06
educa_jefe_desc__posgrado,PC62,-2.2226181482598529e-07
educa_jefe_desc__posgrado,PC63,-6.753396747966995e-07
educa_jefe_desc__posgrado,PC64,4.2366250750379064e-07
educa_jefe_desc__posgrado,PC65,6.534939120422453e-07
educa_jefe_desc__posgrado,PC66,1.0911473146448992e-07
educa_jefe_desc__posgrado,PC67,-9.343366914640687e-17
educa_jefe_desc__posgrado,PC68,-4.8336477188561905e-17
educa_jefe_desc__posgrado,PC69,6.561559099626233e-17
educa_jefe_desc__posgrado,PC70,7.770729922733537e-18
educa_jefe_desc__posgrado,PC71,8.219568921546771e-17
educa_jefe_desc__posgrado,PC72,6.012166601099727e-17
educa_jefe_desc__posgrado,PC73,-2.5017177939664674e-16
educa_jefe_desc__posgrado,PC74,1.9238506498774562e-16
educa_jefe_desc__posgrado,PC75,3.1591035026695953e-16
educa_jefe_desc__posgrado,PC76,-3.1355950351711515e-16
educa_jefe_desc__posgrado,PC77,-1.1865125631395218e-16
educa_jefe_desc__preescolar,PC1,-0.0013564884586269987
educa_jefe_desc__preescolar,PC2,-0.0007841794963190628
educa_jefe_desc__preescolar,PC3,0.0012886010833409033
educa_jefe_desc__preescolar,PC4,-0.0028741705175268626
educa_jefe_desc__preescolar,PC5,-0.003298478479189465
educa_jefe_desc__preescolar,PC6,-0.00841588224759425
educa_jefe_desc__preescolar,PC7,0.0059837927874488136
educa_jefe_desc__preescolar,PC8,0.0023251153588729604
educa_jefe_desc__preescolar,PC9,0.0015106033449526217
educa_jefe_desc__preescolar,PC10,-0.006129139196777327
educa_jefe_desc__preescolar,PC11,0.005078339621360596
educa_jefe_desc__preescolar,PC12,0.0015396944197388202
educa_jefe_desc__preescolar,PC13,-0.005467546899638465
educa_jefe_desc__preescolar,PC14,-0.0024305943691501977
educa_jefe_desc__preescolar,PC15,0.0011452113750759793
educa_jefe_desc__preescolar,PC16,0.0014896484353123407
educa_jefe_desc__preescolar,PC17,-0.004350289732653463
educa_jefe_desc__preescolar,PC18,-0.0027808826260827184
educa_jefe_desc__preescolar,PC19,-0.009045970273562636
educa_jefe_desc__preescolar,PC20,-0.002302294856190774
educa_jefe_desc__preescolar,PC21,-0.0014033362957243038
educa_jefe_desc__preescolar,PC22,-0.007499674408482685
educa_jefe_desc__preescolar,PC23,-0.007455854443301357
educa_jefe_desc__preescolar,PC24,0.009733559746940205
educa_jefe_desc__preescolar,PC25,-0.00866471363895039
educa_jefe_desc__preescolar,PC26,0.0005476860824414763
educa_jefe_desc__preescolar,PC27,0.007681668562943017
educa_jefe_desc__preescolar,PC28,-0.0014661957675953558
educa_jefe_desc__preescolar,PC29,0.009468485979832462
educa_jefe_desc__preescolar,PC30,-0.0046671219881879505
educa_jefe_desc__preescolar,PC31,0.007051393527716892
educa_jefe_desc__preescolar,PC32,0.008190540571150278
educa_jefe_desc__preescolar,PC33,0.0014107339905881564
educa_jefe_desc__preescolar,PC34,0.0019854031456707703
educa_jefe_desc__preescolar,PC35,0.004025170158131776
educa_jefe_desc__preescolar,PC36,0.00480753141121126
educa_jefe_desc__preescolar,PC37,0.007496874645266345
educa_jefe_desc__preescolar,PC38,-0.006441191100707317
educa_jefe_desc__preescolar,PC39,-0.00834406505335074
educa_jefe_desc__preescolar,PC40,-0.0008239648859520824
educa_jefe_desc__preescolar,PC41,-0.0071145615410227745
educa_jefe_desc__preescolar,PC42,-0.004248967958705467
educa_jefe_desc__preescolar,PC43,-0.0015564426888373493
educa_jefe_desc__preescolar,PC44,0.01589149076868947
educa_jefe_desc__preescolar,PC45,0.0019760156569435085
educa_jefe_desc__preescolar,PC46,-0.00019579063019090843
educa_jefe_desc__preescolar,PC47,-8.47777993680075e-05
educa_jefe_desc__preescolar,PC48,0.008384479140688215
educa_jefe_desc__preescolar,PC49,-0.0014003706819724299
educa_jefe_desc__preescolar,PC50,-0.0006331794226362188
educa_jefe_desc__preescolar,PC51,-0.0012240300726203274
educa_jefe_desc__preescolar,PC52,-0.0013588299554288651
educa_jefe_desc__preescolar,PC53,0.741560886987482
educa_jefe_desc__preescolar,PC54,0.08353647419676045
educa_jefe_desc__preescolar,PC55,0.0002537725497299821
educa_jefe_desc__preescolar,PC56,0.6644978276937472
educa_jefe_desc__preescolar,PC57,0.0020852637450034083
educa_jefe_desc__preescolar,PC58,-0.0005295822043881551
educa_jefe_desc__preescolar,PC59,-0.0006104413333395491
educa_jefe_desc__preescolar,PC60,-0.0003154820499210144
educa_jefe_desc__preescolar,PC61,2.7271441284494853e-05
educa_jefe_desc__preescolar,PC62,4.271712409221903e-05
educa_jefe_desc__preescolar,PC63,1.3443837590732737e-05
educa_jefe_desc__preescolar,PC64,-4.9221505282827135e-06
educa_jefe_desc__preescolar,PC65,-1.1209971981048093e-06
educa_jefe_desc__preescolar,PC66,7.747555132989506e-06
educa_jefe_desc__preescolar,PC67,-2.0801886921718278e-15
educa_jefe_desc__preescolar,PC68,-6.1861168169236e-16
educa_jefe_desc__preescolar,PC69,-4.478145617103049e-16
educa_jefe_desc__preescolar,PC70,-7.688471053374067e-16
educa_jefe_desc__preescolar,PC71,1.2216678725548653e-15
educa_jefe_desc__preescolar,PC72,7.257727827829471e-16
educa_jefe_desc__preescolar,PC73,-2.8912589750328448e-15
educa_jefe_desc__preescolar,PC74,1.5869838894432741e-15
educa_jefe_desc__preescolar,PC75,4.6854752640628686e-15
educa_jefe_desc__preescolar,PC76,-4.0801220443688104e-15
educa_jefe_desc__preescolar,PC77,2.4605124528781274e-16
educa_jefe_desc__preparatoria_completa,PC1,0.038221496506935064
educa_jefe_desc__preparatoria_completa,PC2,0.04902995005098201
educa_jefe_desc__preparatoria_completa,PC3,-0.16759410398883806
educa_jefe_desc__preparatoria_completa,PC4,0.0018045563322393072
educa_jefe_desc__preparatoria_completa,PC5,0.07749300131826997
educa_jefe_desc__preparatoria_completa,PC6,0.05797667845208061
educa_jefe_desc__preparatoria_completa,PC7,-0.13963775217340357
educa_jefe_desc__preparatoria_completa,PC8,-0.044082233395092534
educa_jefe_desc__preparatoria_completa,PC9,0.14398248704787242
educa_jefe_desc__preparatoria_completa,PC10,-0.2482573027924853
educa_jefe_desc__preparatoria_completa,PC11,-0.0912267926864013
educa_jefe_desc__preparatoria_completa,PC12,-0.04634910497210388
educa_jefe_desc__preparatoria_completa,PC13,-0.06020157450192641
educa_jefe_desc__preparatoria_completa,PC14,0.5621360692666204
educa_jefe_desc__preparatoria_completa,PC15,0.10351592856337258
educa_jefe_desc__preparatoria_completa,PC16,0.11610831813755323
educa_jefe_desc__preparatoria_completa,PC17,0.13909125055809643
educa_jefe_desc__preparatoria_completa,PC18,-0.1010991789850792
educa_jefe_desc__preparatoria_completa,PC19,-0.038348571289594846
educa_jefe_desc__preparatoria_completa,PC20,-0.017246645581292352
educa_jefe_desc__preparatoria_completa,PC21,-0.14312279869083433
educa_jefe_desc__preparatoria_completa,PC22,-0.22862600356067656
educa_jefe_desc__preparatoria_completa,PC23,0.12117516855952745
educa_jefe_desc__preparatoria_completa,PC24,-0.026436721834762263
educa_jefe_desc__preparatoria_completa,PC25,0.004586749006034873
educa_jefe_desc__preparatoria_completa,PC26,0.585107052362771
educa_jefe_desc__preparatoria_completa,PC27,-0.11269869396163197
educa_jefe_desc__preparatoria_completa,PC28,0.14033417173440949
educa_jefe_desc__preparatoria_completa,PC29,-0.061508147811087203
educa_jefe_desc__preparatoria_completa,PC30,0.003493251605816094
educa_jefe_desc__preparatoria_completa,PC31,0.005066602139736703
educa_jefe_desc__preparatoria_completa,PC32,-0.0028333108310176756
educa_jefe_desc__preparatoria_completa,PC33,0.03471049021902065
educa_jefe_desc__preparatoria_completa,PC34,-0.004435702265921491
educa_jefe_desc__preparatoria_completa,PC35,0.00012475560337196556
educa_jefe_desc__preparatoria_completa,PC36,-0.0010550451943640395
educa_jefe_desc__preparatoria_completa,PC37,0.024278195587338774
educa_jefe_desc__preparatoria_completa,PC38,-0.023910492284431293
educa_jefe_desc__preparatoria_completa,PC39,0.009508501563728568
educa_jefe_desc__preparatoria_completa,PC40,0.0021375312625449977
educa_jefe_desc__preparatoria_completa,PC41,-0.0017594811782963426
educa_jefe_desc__preparatoria_completa,PC42,-0.0012186445810872526
educa_jefe_desc__preparatoria_completa,PC43,-0.00011249699945283755
educa_jefe_desc__preparatoria_completa,PC44,0.000581495341168196
educa_jefe_desc__preparatoria_completa,PC45,-0.0014742857083271054
educa_jefe_desc__preparatoria_completa,PC46,0.0016177947755372998
educa_jefe_desc__preparatoria_completa,PC47,0.0005911109315499547
educa_jefe_desc__preparatoria_completa,PC48,0.0028584983713532044
educa_jefe_desc__preparatoria_completa,PC49,-0.0005651989803070784
educa_jefe_desc__preparatoria_completa,PC50,0.00012333785332553683
educa_jefe_desc__preparatoria_completa,PC51,-5.57253115288173e-05
educa_jefe_desc__preparatoria_completa,PC52,-3.540321216902248e-05
educa_jefe_desc__preparatoria_completa,PC53,-0.003098579700987004
educa_jefe_desc__preparatoria_completa,PC54,-0.00033004704621633456
educa_jefe_desc__preparatoria_completa,PC55,-3.282599111413839e-07
educa_jefe_desc__preparatoria_completa,PC56,-0.0027731394620014024
educa_jefe_desc__preparatoria_completa,PC57,-2.0828055984951305e-05
educa_jefe_desc__preparatoria_completa,PC58,7.367850172657261e-06
educa_jefe_desc__preparatoria_completa,PC59,1.0017051726677292e-05
educa_jefe_desc__preparatoria_completa,PC60,1.0650808313157749e-05
educa_jefe_desc__preparatoria_completa,PC61,7.615279777038424e-07
educa_jefe_desc__preparatoria_completa,PC62,-2.585114928553931e-07
educa_jefe_desc__preparatoria_completa,PC63,-5.2995168878647254e-08
educa_jefe_desc__preparatoria_completa,PC64,-1.4693168416687298e-07
educa_jefe_desc__preparatoria_completa,PC65,1.1758554347216997e-07
educa_jefe_desc__preparatoria_completa,PC66,-3.727696448648298e-07
educa_jefe_desc__preparatoria_completa,PC67,-2.532310493264801e-17
educa_jefe_desc__preparatoria_completa,PC68,1.0939760957412088e-17
educa_jefe_desc__preparatoria_completa,PC69,5.546769173843309e-17
educa_jefe_desc__preparatoria_completa,PC70,1.899486976896858e-16
educa_jefe_desc__preparatoria_completa,PC71,1.4593331834912848e-17
educa_jefe_desc__preparatoria_completa,PC72,-6.570737224358015e-17
educa_jefe_desc__preparatoria_completa,PC73,-8.126145949304745e-17
educa_jefe_desc__preparatoria_completa,PC74,-1.8809961187212824e-17
educa_jefe_desc__preparatoria_completa,PC75,1.4438757167475705e-17
educa_jefe_desc__preparatoria_completa,PC76,-2.4874640716798527e-17
educa_jefe_desc__preparatoria_completa,PC77,2.0809113570167547e-17
educa_jefe_desc__preparatoria_incompleta,PC1,0.020114470796032763
educa_jefe_desc__preparatoria_incompleta,PC2,0.018684957798178005
educa_jefe_desc__preparatoria_incompleta,PC3,-0.06442643762107643
educa_jefe_desc__preparatoria_incompleta,PC4,-0.0036120028733301595
educa_jefe_desc__preparatoria_incompleta,PC5,0.024552053578789833
educa_jefe_desc__preparatoria_incompleta,PC6,0.008508281971792642
educa_jefe_desc__preparatoria_incompleta,PC7,-0.03715207508435627
educa_jefe_desc__preparatoria_incompleta,PC8,-0.01673247838388069
educa_jefe_desc__preparatoria_incompleta,PC9,0.035425298282156605
educa_jefe_desc__preparatoria_incompleta,PC10,-0.06959150920779732
educa_jefe_desc__preparatoria_incompleta,PC11,-0.026211971285677208
educa_jefe_desc__preparatoria_incompleta,PC12,-0.03441272050424154
educa_jefe_desc__preparatoria_incompleta,PC13,-0.005549762606118845
educa_jefe_desc__preparatoria_incompleta,PC14,0.13934129012142907
educa_jefe_desc__preparatoria_incompleta,PC15,0.009371157694431951
educa_jefe_desc__preparatoria_incompleta,PC16,-0.012480178156702326
educa_jefe_desc__preparatoria_incompleta,PC17,0.01668304045505006
educa_jefe_desc__preparatoria_incompleta,PC18,-0.02950838955726083
educa_jefe_desc__preparatoria_incompleta,PC19,0.004728887525070097
educa_jefe_desc__preparatoria_incompleta,PC20,-0.0054874039728931255
educa_jefe_desc__preparatoria_incompleta,PC21,0.0013415645955589714
educa_jefe_desc__preparatoria_incompleta,PC22,0.004428176783545482
educa_jefe_desc__preparatoria_incompleta,PC23,-0.0063669167763846886
educa_jefe_desc__preparatoria_incompleta,PC24,0.01073475556349938
educa_jefe_desc__preparatoria_incompleta,PC25,-0.0012214480777291525
educa_jefe_desc__preparatoria_incompleta,PC26,-0.286435695701126
educa_jefe_desc__preparatoria_incompleta,PC27,0.09033575687656561
educa_jefe_desc__preparatoria_incompleta,PC28,-0.21201744821540836
educa_jefe_desc__preparatoria_incompleta,PC29,0.3809050787093366
educa_jefe_desc__preparatoria_incompleta,PC30,-0.014210552825443536
educa_jefe_desc__preparatoria_incompleta,PC31,-0.1449172082985377
educa_jefe_desc__preparatoria_incompleta,PC32,0.0762355467690949
educa_jefe_desc__preparatoria_incompleta,PC33,0.7967395469113945
educa_jefe_desc__preparatoria_incompleta,PC34,0.09385157437558819
educa_jefe_desc__preparatoria_incompleta,PC35,-0.012526713112478133
educa_jefe_desc__preparatoria_incompleta,PC36,-0.004294489691445085
educa_jefe_desc__preparatoria_incompleta,PC37,0.08183005229055415
educa_jefe_desc__preparatoria_incompleta,PC38,-0.07154827033345526
educa_jefe_desc__preparatoria_incompleta,PC39,0.02523828753585534
educa_jefe_desc__preparatoria_incompleta,PC40,0.007166617688920735
educa_jefe_desc__preparatoria_incompleta,PC41,-0.002749271215862371
educa_jefe_desc__preparatoria_incompleta,PC42,-0.0037123853974239123
educa_jefe_desc__preparatoria_incompleta,PC43,-0.0010581213243740799
educa_jefe_desc__preparatoria_incompleta,PC44,0.0036075125223648096
educa_jefe_desc__preparatoria_incompleta,PC45,-0.003429048404689656
educa_jefe_desc__preparatoria_incompleta,PC46,0.0031203123887444213
educa_jefe_desc__preparatoria_incompleta,PC47,0.0013167097922925455
educa_jefe_desc__preparatoria_incompleta,PC48,0.005774738518691636
educa_jefe_desc__preparatoria_incompleta,PC49,-0.0008997670129793967
educa_jefe_desc__preparatoria_incompleta,PC50,-1.681641580733541e-05
educa_jefe_desc__preparatoria_incompleta,PC51,-0.00010381805540854768
educa_jefe_desc__preparatoria_incompleta,PC52,-4.2565691313698815e-05
educa_jefe_desc__preparatoria_incompleta,PC53,-0.006354881919742431
educa_jefe_desc__preparatoria_incompleta,PC54,-0.000743981005680531
educa_jefe_desc__preparatoria_incompleta,PC55,-5.094052541625845e-05
educa_jefe_desc__preparatoria_incompleta,PC56,-0.005614669097943384
educa_jefe_desc__preparatoria_incompleta,PC57,-7.889849728942942e-05
educa_jefe_desc__preparatoria_incompleta,PC58,5.474785826764913e-06
educa_jefe_desc__preparatoria_incompleta,PC59,3.299863434789216e-05
educa_jefe_desc__preparatoria_incompleta,PC60,2.093346316694118e-05
educa_jefe_desc__preparatoria_incompleta,PC61,-6.267916080190446e-06
educa_jefe_desc__preparatoria_incompleta,PC62,-6.436166204578528e-06
educa_jefe_desc__preparatoria_incompleta,PC63,-5.389443652114228e-06
educa_jefe_desc__preparatoria_incompleta,PC64,5.892364340289994e-07
educa_jefe_desc__preparatoria_incompleta,PC65,-8.317532700959049e-07
educa_jefe_desc__preparatoria_incompleta,PC66,-5.4694432874726026e-06
educa_jefe_desc__preparatoria_incompleta,PC67,3.5708109535915863e-16
educa_jefe_desc__preparatoria_incompleta,PC68,1.283222291901689e-16
educa_jefe_desc__preparatoria_incompleta,PC69,1.2214657642814106e-16
educa_jefe_desc__preparatoria_incompleta,PC70,1.1767982007453826e-16
educa_jefe_desc__preparatoria_incompleta,PC71,-2.6045851957776034e-16
educa_jefe_desc__preparatoria_incompleta,PC72,-1.8197513178243892e-16
educa_jefe_desc__preparatoria_incompleta,PC73,3.2405485377794547e-16
educa_jefe_desc__preparatoria_incompleta,PC74,-9.256819966034583e-17
educa_jefe_desc__preparatoria_incompleta,PC75,-8.109145745674689e-16
educa_jefe_desc__preparatoria_incompleta,PC76,6.890256547328537e-16
educa_jefe_desc__preparatoria_incompleta,PC77,-9.351328106050851e-17
educa_jefe_desc__primaria_completa,PC1,-0.006155922058198657
educa_jefe_desc__primaria_completa,PC2,-0.03897958337365249
educa_jefe_desc__primaria_completa,PC3,0.15129050072345251
educa_jefe_desc__primaria_completa,PC4,-0.021582141716299897
educa_jefe_desc__primaria_completa,PC5,-0.0843094847917146
educa_jefe_desc__primaria_completa,PC6,-0.10043438236260165
educa_jefe_desc__primaria_completa,PC7,0.06639140918458651
educa_jefe_desc__primaria_completa,PC8,0.016944677520672566
educa_jefe_desc__primaria_completa,PC9,0.054006676444504215
educa_jefe_desc__primaria_completa,PC10,-0.2893525907331624
educa_jefe_desc__primaria_completa,PC11,0.07276013929422577
educa_jefe_desc__primaria_completa,PC12,0.15989481161407074
educa_jefe_desc__primaria_completa,PC13,0.1298724435197067
educa_jefe_desc__primaria_completa,PC14,-0.13454557361901792
educa_jefe_desc__primaria_completa,PC15,-0.06258155728551305
educa_jefe_desc__primaria_completa,PC16,-0.2963157700578701
educa_jefe_desc__primaria_completa,PC17,-0.2717822867890957
educa_jefe_desc__primaria_completa,PC18,0.4532859462914686
educa_jefe_desc__primaria_completa,PC19,0.2297496135573355
educa_jefe_desc__primaria_completa,PC20,0.1296375986564187
educa_jefe_desc__primaria_completa,PC21,-0.5121910233234158
educa_jefe_desc__primaria_completa,PC22,0.16334231044393782
educa_jefe_desc__primaria_completa,PC23,0.04420661923483294
educa_jefe_desc__primaria_completa,PC24,0.010757556610107409
educa_jefe_desc__primaria_completa,PC25,-0.02515529153425654
educa_jefe_desc__primaria_completa,PC26,-0.05067601216593407
educa_jefe_desc__primaria_completa,PC27,-0.15481530553861003
educa_jefe_desc__primaria_completa,PC28,-0.10844135705927103
educa_jefe_desc__primaria_completa,PC29,-0.1393887564230539
educa_jefe_desc__primaria_completa,PC30,-0.0061395844906613544
educa_jefe_desc__primaria_completa,PC31,0.0373990423184686
educa_jefe_desc__primaria_completa,PC32,-0.08003401240610211
educa_jefe_desc__primaria_completa,PC33,-0.005489685620690391
educa_jefe_desc__primaria_completa,PC34,0.014147810528051733
educa_jefe_desc__primaria_completa,PC35,-0.044717367581327064
educa_jefe_desc__primaria_completa,PC36,0.00184816522231477
educa_jefe_desc__primaria_completa,PC37,0.0011992461504847951
educa_jefe_desc__primaria_completa,PC38,0.012452010344214833
educa_jefe_desc__primaria_completa,PC39,0.015359763356526297
educa_jefe_desc__primaria_completa,PC40,0.01048319281559952
educa_jefe_desc__primaria_completa,PC41,0.003019304308469667
educa_jefe_desc__primaria_completa,PC42,0.000987345342736725
educa_jefe_desc__primaria_completa,PC43,5.1603270536563956e-05
educa_jefe_desc__primaria_completa,PC44,0.002662240814320215
educa_jefe_desc__primaria_completa,PC45,0.002926598438794324
educa_jefe_desc__primaria_completa,PC46,0.0017640990114622436
educa_jefe_desc__primaria_completa,PC47,-0.0005195614885417058
educa_jefe_desc__primaria_completa,PC48,0.0035184020680202968
educa_jefe_desc__primaria_completa,PC49,0.0007763111703576126
educa_jefe_desc__primaria_completa,PC50,2.7558059268095852e-05
educa_jefe_desc__primaria_completa,PC51,0.00011163308491192604
educa_jefe_desc__primaria_completa,PC52,3.0423701245755738e-05
educa_jefe_desc__primaria_completa,PC53,-0.0029190586519745806
educa_jefe_desc__primaria_completa,PC54,-0.000337531612595246
educa_jefe_desc__primaria_completa,PC55,2.7023184083465286e-06
educa_jefe_desc__primaria_completa,PC56,-0.002574352313737567
educa_jefe_desc__primaria_completa,PC57,2.980660385926636e-06
educa_jefe_desc__primaria_completa,PC58,-5.164713113147876e-06
educa_jefe_desc__primaria_completa,PC59,-8.278746269495069e-06
educa_jefe_desc__primaria_completa,PC60,-5.012325889862853e-06
educa_jefe_desc__primaria_completa,PC61,1.148973862297733e-06
educa_jefe_desc__primaria_completa,PC62,8.243998196430596e-08
educa_jefe_desc__primaria_completa,PC63,4.5056729210912004e-07
educa_jefe_desc__primaria_completa,PC64,-1.017456791609477e-07
educa_jefe_desc__primaria_completa,PC65,1.5410367187497375e-08
educa_jefe_desc__primaria_completa,PC66,2.2800435702160612e-07
educa_jefe_desc__primaria_completa,PC67,1.4830715739124248e-17
educa_jefe_desc__primaria_completa,PC68,-6.248314255467849e-18
educa_jefe_desc__primaria_completa,PC69,1.2822057630453862e-16
educa_jefe_desc__primaria_completa,PC70,-1.8473359193553284e-16
educa_jefe_desc__primaria_completa,PC71,-3.760455655589364e-18
educa_jefe_desc__primaria_completa,PC72,1.2035519088851627e-16
educa_jefe_desc__primaria_completa,PC73,-2.4481002290360822e-17
educa_jefe_desc__primaria_completa,PC74,1.2606363487734092e-17
educa_jefe_desc__primaria_completa,PC75,1.0354217238184198e-18
educa_jefe_desc__primaria_completa,PC76,5.58559782910094e-17
educa_jefe_desc__primaria_completa,PC77,-5.545656400606866e-18
educa_jefe_desc__primaria_incompleta,PC1,-0.09788907901247888
educa_jefe_desc__primaria_incompleta,PC2,-0.0772111667430556
educa_jefe_desc__primaria_incompleta,PC3,0.2788230375835956
educa_jefe_desc__primaria_incompleta,PC4,0.04645547304200736
educa_jefe_desc__primaria_incompleta,PC5,-0.13585305637819386
educa_jefe_desc__primaria_incompleta,PC6,-0.12008189994126384
educa_jefe_desc__primaria_incompleta,PC7,0.04359182393554132
educa_jefe_desc__primaria_incompleta,PC8,-0.00998760641276875
educa_jefe_desc__primaria_incompleta,PC9,0.0685842143333541
educa_jefe_desc__primaria_incompleta,PC10,-0.1592101343829746
educa_jefe_desc__primaria_incompleta,PC11,0.019966676519884655
educa_jefe_desc__primaria_incompleta,PC12,0.13747070159910013
educa_jefe_desc__primaria_incompleta,PC13,0.09474296832846146
educa_jefe_desc__primaria_incompleta,PC14,-0.06382175299949244
educa_jefe_desc__primaria_incompleta,PC15,-0.11874135433822784
educa_jefe_desc__primaria_incompleta,PC16,-0.02439443510743135
educa_jefe_desc__primaria_incompleta,PC17,-0.009684526967419275
educa_jefe_desc__primaria_incompleta,PC18,-0.007147502721036452
educa_jefe_desc__primaria_incompleta,PC19,-0.09714646912477863
educa_jefe_desc__primaria_incompleta,PC20,-0.011405819476242288
educa_jefe_desc__primaria_incompleta,PC21,0.7005446368969592
educa_jefe_desc__primaria_incompleta,PC22,-0.3576910714138789
educa_jefe_desc__primaria_incompleta,PC23,0.12683542662314992
educa_jefe_desc__primaria_incompleta,PC24,-0.14204065516818193
educa_jefe_desc__primaria_incompleta,PC25,0.08130059991393251
educa_jefe_desc__primaria_incompleta,PC26,-0.12678027955421872
educa_jefe_desc__primaria_incompleta,PC27,-0.15597939645574227
educa_jefe_desc__primaria_incompleta,PC28,-0.15966342865006297
educa_jefe_desc__primaria_incompleta,PC29,-0.18711471999168638
educa_jefe_desc__primaria_incompleta,PC30,-0.005607676227609891
educa_jefe_desc__primaria_incompleta,PC31,0.044487311517838087
educa_jefe_desc__primaria_incompleta,PC32,-0.11385901315167601
educa_jefe_desc__primaria_incompleta,PC33,-0.008790407386180582
educa_jefe_desc__primaria_incompleta,PC34,0.02035459514031721
educa_jefe_desc__primaria_incompleta,PC35,-0.061881226452954706
educa_jefe_desc__primaria_incompleta,PC36,0.0051103170827768015
educa_jefe_desc__primaria_incompleta,PC37,-0.0016023921093594898
educa_jefe_desc__primaria_incompleta,PC38,0.021200081822337295
educa_jefe_desc__primaria_incompleta,PC39,0.01861807750819374
educa_jefe_desc__primaria_incompleta,PC40,0.013419019708119028
educa_jefe_desc__primaria_incompleta,PC41,0.003913629227524489
educa_jefe_desc__primaria_incompleta,PC42,0.00181132310879213
educa_jefe_desc__primaria_incompleta,PC43,-3.5482316257329105e-05
educa_jefe_desc__primaria_incompleta,PC44,0.0032955314482934254
educa_jefe_desc__primaria_incompleta,PC45,0.004319224654097119
educa_jefe_desc__primaria_incompleta,PC46,0.002060282867907933
educa_jefe_desc__primaria_incompleta,PC47,-0.0007107536487693839
educa_jefe_desc__primaria_incompleta,PC48,0.004041500042687816
educa_jefe_desc__primaria_incompleta,PC49,0.0011780023130189255
educa_jefe_desc__primaria_incompleta,PC50,-3.3600199669936e-05
educa_jefe_desc__primaria_incompleta,PC51,0.00013433776737722293
educa_jefe_desc__primaria_incompleta,PC52,4.895827152454254e-05
educa_jefe_desc__primaria_incompleta,PC53,-0.003272795895774291
educa_jefe_desc__primaria_incompleta,PC54,-0.00038004628590899433
educa_jefe_desc__primaria_incompleta,PC55,1.185217641536576e-05
educa_jefe_desc__primaria_incompleta,PC56,-0.0028432938818343384
educa_jefe_desc__primaria_incompleta,PC57,1.1447297062775063e-05
educa_jefe_desc__primaria_incompleta,PC58,-5.494090833628893e-06
educa_jefe_desc__primaria_incompleta,PC59,-1.2694578035300715e-05
educa_jefe_desc__primaria_incompleta,PC60,-1.368660684341325e-05
educa_jefe_desc__primaria_incompleta,PC61,1.0145562721038498e-06
educa_jefe_desc__primaria_incompleta,PC62,3.911796798863491e-07
educa_jefe_desc__primaria_incompleta,PC63,5.931337126740178e-07
educa_jefe_desc__primaria_incompleta,PC64,-1.3822944261890032e-07
educa_jefe_desc__primaria_incompleta,PC65,-6.37164273352294e-08
educa_jefe_desc__primaria_incompleta,PC66,4.0444747088512823e-07
educa_jefe_desc__primaria_incompleta,PC67,1.0490026050213796e-16
educa_jefe_desc__primaria_incompleta,PC68,4.795502692582405e-17
educa_jefe_desc__primaria_incompleta,PC69,-2.1356153363110028e-17
educa_jefe_desc__primaria_incompleta,PC70,-4.553529398570354e-19
educa_jefe_desc__primaria_incompleta,PC71,-7.06424641552026e-17
educa_jefe_desc__primaria_incompleta,PC72,-7.98934816295053e-17
educa_jefe_desc__primaria_incompleta,PC73,6.750981830964349e-17
educa_jefe_desc__primaria_incompleta,PC74,-5.598426471409129e-17
educa_jefe_desc__primaria_incompleta,PC75,-1.4778728718362973e-16
educa_jefe_desc__primaria_incompleta,PC76,9.901553205353846e-17
educa_jefe_desc__primaria_incompleta,PC77,4.901724865843752e-17
educa_jefe_desc__profesional_completa,PC1,-0.055392624434283444
educa_jefe_desc__profesional_completa,PC2,0.03878695750680366
educa_jefe_desc__profesional_completa,PC3,-0.18027195370844937
educa_jefe_desc__profesional_completa,PC4,0.07052047763097531
educa_jefe_desc__profesional_completa,PC5,0.12277039140644676
educa_jefe_desc__profesional_completa,PC6,0.20460172415702607
educa_jefe_desc__profesional_completa,PC7,-0.13713577503651506
educa_jefe_desc__profesional_completa,PC8,-0.13469865728098177
educa_jefe_desc__profesional_completa,PC9,0.09252799954434021
educa_jefe_desc__profesional_completa,PC10,-0.15630773147180474
educa_jefe_desc__profesional_completa,PC11,-0.05502098132609373
educa_jefe_desc__profesional_completa,PC12,-0.14572138305951637
educa_jefe_desc__profesional_completa,PC13,-0.07899017209651893
educa_jefe_desc__profesional_completa,PC14,-0.46286725739723567
educa_jefe_desc__profesional_completa,PC15,0.08209465996494171
educa_jefe_desc__profesional_completa,PC16,0.06620524638504709
educa_jefe_desc__profesional_completa,PC17,0.04251224643012989
educa_jefe_desc__profesional_completa,PC18,-0.35446761363672974
educa_jefe_desc__profesional_completa,PC19,-0.061173474870674614
educa_jefe_desc__profesional_completa,PC20,-0.09464229588516775
educa_jefe_desc__profesional_completa,PC21,-0.12118836123195115
educa_jefe_desc__profesional_completa,PC22,-0.03678285714965593
educa_jefe_desc__profesional_completa,PC23,-0.08944568659027208
educa_jefe_desc__profesional_completa,PC24,0.07007387069918429
educa_jefe_desc__profesional_completa,PC25,0.038194497936392645
educa_jefe_desc__profesional_completa,PC26,-0.34303670865816643
educa_jefe_desc__profesional_completa,PC27,-0.2614418560136368
educa_jefe_desc__profesional_completa,PC28,0.45179463694820804
educa_jefe_desc__profesional_completa,PC29,-0.0436789426677829
educa_jefe_desc__profesional_completa,PC30,0.010309245217422066
educa_jefe_desc__profesional_completa,PC31,0.020748359026803803
educa_jefe_desc__profesional_completa,PC32,0.001649425502595522
educa_jefe_desc__profesional_completa,PC33,-0.023565093790044504
educa_jefe_desc__profesional_completa,PC34,0.002939633569235272
educa_jefe_desc__profesional_completa,PC35,0.09359780531016752
educa_jefe_desc__profesional_completa,PC36,0.0009024704558580033
educa_jefe_desc__profesional_completa,PC37,0.0373470008372847
educa_jefe_desc__profesional_completa,PC38,-0.03542453700681558
educa_jefe_desc__profesional_completa,PC39,-0.0010013669050558131
educa_jefe_desc__profesional_completa,PC40,-0.005770362289837993
educa_jefe_desc__profesional_completa,PC41,-0.003308282924342995
educa_jefe_desc__profesional_completa,PC42,-0.001486284676606374
educa_jefe_desc__profesional_completa,PC43,-0.00038044634652725876
educa_jefe_desc__profesional_completa,PC44,1.6754909831467872e-05
educa_jefe_desc__profesional_completa,PC45,-0.0027436008744990735
educa_jefe_desc__profesional_completa,PC46,0.00019502265609513681
educa_jefe_desc__profesional_completa,PC47,0.0008739686245940059
educa_jefe_desc__profesional_completa,PC48,-2.5251112078509484e-05
educa_jefe_desc__profesional_completa,PC49,-0.0007751234467891811
educa_jefe_desc__profesional_completa,PC50,7.636838243783843e-06
educa_jefe_desc__profesional_completa,PC51,-6.8538692489809e-05
educa_jefe_desc__profesional_completa,PC52,-5.1912645826755905e-05
educa_jefe_desc__profesional_completa,PC53,-0.00342010632376542
educa_jefe_desc__profesional_completa,PC54,-0.0003701866297866639
educa_jefe_desc__profesional_completa,PC55,-7.720137637796651e-06
educa_jefe_desc__profesional_completa,PC56,-0.0030922774111423086
educa_jefe_desc__profesional_completa,PC57,-1.7836815968733075e-05
educa_jefe_desc__profesional_completa,PC58,1.0510368038425583e-05
educa_jefe_desc__profesional_completa,PC59,1.632397759339883e-05
educa_jefe_desc__profesional_completa,PC60,1.1736149193468027e-05
educa_jefe_desc__profesional_completa,PC61,3.161997689318989e-08
educa_jefe_desc__profesional_completa,PC62,-7.834229120925532e-07
educa_jefe_desc__profesional_completa,PC63,-8.565098724112551e-07
educa_jefe_desc__profesional_completa,PC64,6.626326209614128e-07
educa_jefe_desc__profesional_completa,PC65,3.995635379500845e-07
educa_jefe_desc__profesional_completa,PC66,4.80044346761324e-07
educa_jefe_desc__profesional_completa,PC67,1.8672940627340093e-16
educa_jefe_desc__profesional_completa,PC68,5.588963892041245e-17
educa_jefe_desc__profesional_completa,PC69,-2.035770494197005e-16
educa_jefe_desc__profesional_completa,PC70,-4.255715880009412e-17
educa_jefe_desc__profesional_completa,PC71,-1.0498485550230423e-16
educa_jefe_desc__profesional_completa,PC72,5.131528616650507e-17
educa_jefe_desc__profesional_completa,PC73,2.346360086961249e-16
educa_jefe_desc__profesional_completa,PC74,-2.0104783302773316e-16
educa_jefe_desc__profesional_completa,PC75,-4.750313889796956e-16
educa_jefe_desc__profesional_completa,PC76,4.225634642090804e-16
educa_jefe_desc__profesional_completa,PC77,-3.656883505380057e-17
educa_jefe_desc__profesional_incompleta,PC1,-0.016545463299942977
educa_jefe_desc__profesional_incompleta,PC2,0.017461217210696697
educa_jefe_desc__profesional_incompleta,PC3,-0.09522619927527803
educa_jefe_desc__profesional_incompleta,PC4,0.021720172256173696
educa_jefe_desc__profesional_incompleta,PC5,0.03290894446769053
educa_jefe_desc__profesional_incompleta,PC6,0.06435888449888565
educa_jefe_desc__profesional_incompleta,PC7,-0.0620141719208479
educa_jefe_desc__profesional_incompleta,PC8,-0.04484792881615333
educa_jefe_desc__profesional_incompleta,PC9,0.0557307709191898
educa_jefe_desc__profesional_incompleta,PC10,-0.0499580283290175
educa_jefe_desc__profesional_incompleta,PC11,-0.02403309398758066
educa_jefe_desc__profesional_incompleta,PC12,-0.05754881350242095
educa_jefe_desc__profesional_incompleta,PC13,-0.04056618685424108
educa_jefe_desc__profesional_incompleta,PC14,-0.13174642018898586
educa_jefe_desc__profesional_incompleta,PC15,0.017784270047314827
educa_jefe_desc__profesional_incompleta,PC16,-0.0021495044723986137
educa_jefe_desc__profesional_incompleta,PC17,-0.006814858543464769
educa_jefe_desc__profesional_incompleta,PC18,-0.09152473866421477
educa_jefe_desc__profesional_incompleta,PC19,-0.0032611300214473895
educa_jefe_desc__profesional_incompleta,PC20,-0.014915313719977208
educa_jefe_desc__profesional_incompleta,PC21,-0.016672259462010848
educa_jefe_desc__profesional_incompleta,PC22,-0.018227324277731796
educa_jefe_desc__profesional_incompleta,PC23,-0.023201453722977786
educa_jefe_desc__profesional_incompleta,PC24,0.0017247563131834703
educa_jefe_desc__profesional_incompleta,PC25,0.017495732958302816
educa_jefe_desc__profesional_incompleta,PC26,0.06722221508574823
educa_jefe_desc__profesional_incompleta,PC27,0.15714672407776517
educa_jefe_desc__profesional_incompleta,PC28,-0.5307013182169242
educa_jefe_desc__profesional_incompleta,PC29,0.22281845948213527
educa_jefe_desc__profesional_incompleta,PC30,-0.011008382284508633
educa_jefe_desc__profesional_incompleta,PC31,-0.19669574024154424
educa_jefe_desc__profesional_incompleta,PC32,-0.07195637854091733
educa_jefe_desc__profesional_incompleta,PC33,-0.3261465264473529
educa_jefe_desc__profesional_incompleta,PC34,0.01275862690055962
educa_jefe_desc__profesional_incompleta,PC35,0.6381642961977751
educa_jefe_desc__profesional_incompleta,PC36,-0.0021439061264549824
educa_jefe_desc__profesional_incompleta,PC37,0.10942244247070655
educa_jefe_desc__profesional_incompleta,PC38,-0.0960033185968895
educa_jefe_desc__profesional_incompleta,PC39,0.004354122851859852
educa_jefe_desc__profesional_incompleta,PC40,-0.012061276504144474
educa_jefe_desc__profesional_incompleta,PC41,-0.009624506081481897
educa_jefe_desc__profesional_incompleta,PC42,-0.0038765466875175926
educa_jefe_desc__profesional_incompleta,PC43,-0.0013622143421028552
educa_jefe_desc__profesional_incompleta,PC44,0.0009918477573814613
educa_jefe_desc__profesional_incompleta,PC45,-0.005963179274621921
educa_jefe_desc__profesional_incompleta,PC46,0.0009495810695928965
educa_jefe_desc__profesional_incompleta,PC47,0.0022825722633839124
educa_jefe_desc__profesional_incompleta,PC48,0.0014013654158071304
educa_jefe_desc__profesional_incompleta,PC49,-0.0020419891157209174
educa_jefe_desc__profesional_incompleta,PC50,-0.0003327716682783218
educa_jefe_desc__profesional_incompleta,PC51,-0.00010897755632794677
educa_jefe_desc__profesional_incompleta,PC52,-3.426324606503531e-05
educa_jefe_desc__profesional_incompleta,PC53,-0.006259101130549194
educa_jefe_desc__profesional_incompleta,PC54,-0.0007209981773423544
educa_jefe_desc__profesional_incompleta,PC55,-2.5811468903729054e-05
educa_jefe_desc__profesional_incompleta,PC56,-0.005622581149533571
educa_jefe_desc__profesional_incompleta,PC57,-5.5816397983308475e-05
educa_jefe_desc__profesional_incompleta,PC58,1.5362192257824904e-05
educa_jefe_desc__profesional_incompleta,PC59,3.77510020963184e-05
educa_jefe_desc__profesional_incompleta,PC60,2.642120319002778e-05
educa_jefe_desc__profesional_incompleta,PC61,-3.656434424527865e-06
educa_jefe_desc__profesional_incompleta,PC62,-5.788461586479648e-06
educa_jefe_desc__profesional_incompleta,PC63,-4.2788501300239394e-07
educa_jefe_desc__profesional_incompleta,PC64,2.253425859231367e-07
educa_jefe_desc__profesional_incompleta,PC65,5.471824238375997e-07
educa_jefe_desc__profesional_incompleta,PC66,-1.2127240427755225e-07
educa_jefe_desc__profesional_incompleta,PC67,-1.222264212428677e-16
educa_jefe_desc__profesional_incompleta,PC68,3.011427208844099e-17
educa_jefe_desc__profesional_incompleta,PC69,7.091073645573534e-17
educa_jefe_desc__profesional_incompleta,PC70,-6.889414473018136e-17
educa_jefe_desc__profesional_incompleta,PC71,4.9747342816878164e-17
educa_jefe_desc__profesional_incompleta,PC72,-9.433211247640635e-17
educa_jefe_desc__profesional_incompleta,PC73,-3.202973650104551e-17
educa_jefe_desc__profesional_incompleta,PC74,1.6334864797751337e-17
educa_jefe_desc__profesional_incompleta,PC75,1.7349756261538242e-16
educa_jefe_desc__profesional_incompleta,PC76,-2.2095733905424485e-16
educa_jefe_desc__profesional_incompleta,PC77,7.143587298115114e-17
educa_jefe_desc__secundaria_completa,PC1,0.12083889334119709
educa_jefe_desc__secundaria_completa,PC2,0.02980780244432445
educa_jefe_desc__secundaria_completa,PC3,-0.08522301259107529
educa_jefe_desc__secundaria_completa,PC4,-0.09570023307686405
educa_jefe_desc__secundaria_completa,PC5,0.03780568957179951
educa_jefe_desc__secundaria_completa,PC6,-0.04322927508517393
educa_jefe_desc__secundaria_completa,PC7,0.14216496548562646
educa_jefe_desc__secundaria_completa,PC8,0.14051674887959703
educa_jefe_desc__secundaria_completa,PC9,-0.3297781318054509
educa_jefe_desc__secundaria_completa,PC10,0.6994368367041988
educa_jefe_desc__secundaria_completa,PC11,0.04650581070768376
educa_jefe_desc__secundaria_completa,PC12,-0.059795306563963244
educa_jefe_desc__secundaria_completa,PC13,-0.036431793545318884
educa_jefe_desc__secundaria_completa,PC14,0.05466225347404858
educa_jefe_desc__secundaria_completa,PC15,0.004364688974940046
educa_jefe_desc__secundaria_completa,PC16,0.08831031608703807
educa_jefe_desc__secundaria_completa,PC17,0.06223921381118683
educa_jefe_desc__secundaria_completa,PC18,0.042004824934824374
educa_jefe_desc__secundaria_completa,PC19,0.00011843042116819162
educa_jefe_desc__secundaria_completa,PC20,-0.008871008366301295
educa_jefe_desc__secundaria_completa,PC21,0.1796792872413383
educa_jefe_desc__secundaria_completa,PC22,0.4316448166963203
educa_jefe_desc__secundaria_completa,PC23,-0.2488305480291106
educa_jefe_desc__secundaria_completa,PC24,0.039871569926780204
educa_jefe_desc__secundaria_completa,PC25,0.03478164340553408
educa_jefe_desc__secundaria_completa,PC26,0.10796113872447419
educa_jefe_desc__secundaria_completa,PC27,-0.05796436288081534
educa_jefe_desc__secundaria_completa,PC28,0.01726889546563466
educa_jefe_desc__secundaria_completa,PC29,-0.057457316565290836
educa_jefe_desc__secundaria_completa,PC30,-0.0022648629482282445
educa_jefe_desc__secundaria_completa,PC31,0.0015774873315896742
educa_jefe_desc__secundaria_completa,PC32,-0.016287303594868307
educa_jefe_desc__secundaria_completa,PC33,-0.006566785766483795
educa_jefe_desc__secundaria_completa,PC34,0.00011751429710003965
educa_jefe_desc__secundaria_completa,PC35,-0.027386057036971098
educa_jefe_desc__secundaria_completa,PC36,-0.0004921473568897957
educa_jefe_desc__secundaria_completa,PC37,0.010036996220640682
educa_jefe_desc__secundaria_completa,PC38,-0.0054432205086666005
educa_jefe_desc__secundaria_completa,PC39,0.01035174028439614
educa_jefe_desc__secundaria_completa,PC40,0.004662134680587038
educa_jefe_desc__secundaria_completa,PC41,0.0006530973786075178
educa_jefe_desc__secundaria_completa,PC42,-0.0005577340500067094
educa_jefe_desc__secundaria_completa,PC43,9.056423799679605e-05
educa_jefe_desc__secundaria_completa,PC44,0.001629316281036371
educa_jefe_desc__secundaria_completa,PC45,0.00041717021493309494
educa_jefe_desc__secundaria_completa,PC46,0.0013489632425974477
educa_jefe_desc__secundaria_completa,PC47,0.00016956698344982392
educa_jefe_desc__secundaria_completa,PC48,0.0024800424319084214
educa_jefe_desc__secundaria_completa,PC49,4.8938031220267214e-05
educa_jefe_desc__secundaria_completa,PC50,0.0001341611751649745
educa_jefe_desc__secundaria_completa,PC51,2.0538579099431276e-05
educa_jefe_desc__secundaria_completa,PC52,-3.110346408723522e-05
educa_jefe_desc__secundaria_completa,PC53,-0.00238755151835664
educa_jefe_desc__secundaria_completa,PC54,-0.00026402601313235083
educa_jefe_desc__secundaria_completa,PC55,-4.344301393177393e-06
educa_jefe_desc__secundaria_completa,PC56,-0.0021227265180990924
educa_jefe_desc__secundaria_completa,PC57,-1.1092136021960056e-05
educa_jefe_desc__secundaria_completa,PC58,5.695591193485248e-06
educa_jefe_desc__secundaria_completa,PC59,5.460868440067044e-06
educa_jefe_desc__secundaria_completa,PC60,5.936036147581345e-07
educa_jefe_desc__secundaria_completa,PC61,3.724801573092635e-07
educa_jefe_desc__secundaria_completa,PC62,7.290692368435853e-07
educa_jefe_desc__secundaria_completa,PC63,1.644954560624232e-07
educa_jefe_desc__secundaria_completa,PC64,-1.8205483817553786e-07
educa_jefe_desc__secundaria_completa,PC65,2.200190887280105e-07
educa_jefe_desc__secundaria_completa,PC66,9.66364275520962e-08
educa_jefe_desc__secundaria_completa,PC67,-9.764684539442441e-17
educa_jefe_desc__secundaria_completa,PC68,-3.9241295449578374e-17
educa_jefe_desc__secundaria_completa,PC69,-5.844116773279181e-17
educa_jefe_desc__secundaria_completa,PC70,1.7572537684951318e-16
educa_jefe_desc__secundaria_completa,PC71,5.169133379304612e-17
educa_jefe_desc__secundaria_completa,PC72,-1.499035922751775e-17
educa_jefe_desc__secundaria_completa,PC73,4.677488295942578e-18
educa_jefe_desc__secundaria_completa,PC74,-1.5969367360288078e-17
educa_jefe_desc__secundaria_completa,PC75,1.507328827934206e-16
educa_jefe_desc__secundaria_completa,PC76,-1.3322782588280045e-16
educa_jefe_desc__secundaria_completa,PC77,2.5149657447204485e-17
educa_jefe_desc__secundaria_incompleta,PC1,0.01879383125013116
educa_jefe_desc__secundaria_incompleta,PC2,0.0013268052568537142
educa_jefe_desc__secundaria_incompleta,PC3,-0.003701289620291992
educa_jefe_desc__secundaria_incompleta,PC4,-0.03224138735696799
educa_jefe_desc__secundaria_incompleta,PC5,0.0032304915823842604
educa_jefe_desc__secundaria_incompleta,PC6,-0.029490445221757144
educa_jefe_desc__secundaria_incompleta,PC7,0.021653062111155284
educa_jefe_desc__secundaria_incompleta,PC8,0.006122484619811437
educa_jefe_desc__secundaria_incompleta,PC9,-0.027478610311662932
educa_jefe_desc__secundaria_incompleta,PC10,0.04918392078114669
educa_jefe_desc__secundaria_incompleta,PC11,-0.013347639493770075
educa_jefe_desc__secundaria_incompleta,PC12,-0.029698330670384895
educa_jefe_desc__secundaria_incompleta,PC13,0.0023336409261826676
educa_jefe_desc__secundaria_incompleta,PC14,0.0026031974554646957
educa_jefe_desc__secundaria_incompleta,PC15,-0.021707096199678665
educa_jefe_desc__secundaria_incompleta,PC16,-0.007754597006650171
educa_jefe_desc__secundaria_incompleta,PC17,-0.013324836837042017
educa_jefe_desc__secundaria_incompleta,PC18,-0.015372057938650645
educa_jefe_desc__secundaria_incompleta,PC19,-0.00017554906224895558
educa_jefe_desc__secundaria_incompleta,PC20,0.005790658034940095
educa_jefe_desc__secundaria_incompleta,PC21,-0.07549485863106149
educa_jefe_desc__secundaria_incompleta,PC22,-0.19049238081940864
educa_jefe_desc__secundaria_incompleta,PC23,0.13170506776740037
educa_jefe_desc__secundaria_incompleta,PC24,-0.034936160776632266
educa_jefe_desc__secundaria_incompleta,PC25,-0.027997581555153167
educa_jefe_desc__secundaria_incompleta,PC26,-0.11215147710564032
educa_jefe_desc__secundaria_incompleta,PC27,0.07516752300559243
educa_jefe_desc__secundaria_incompleta,PC28,-0.026913424296547646
educa_jefe_desc__secundaria_incompleta,PC29,0.46384394814532875
educa_jefe_desc__secundaria_incompleta,PC30,0.004728519400078342
educa_jefe_desc__secundaria_incompleta,PC31,-0.13054166369805204
educa_jefe_desc__secundaria_incompleta,PC32,0.39136066101180317
educa_jefe_desc__secundaria_incompleta,PC33,-0.4275395813599847
educa_jefe_desc__secundaria_incompleta,PC34,0.3513323608563463
educa_jefe_desc__secundaria_incompleta,PC35,-0.4645124393242864
educa_jefe_desc__secundaria_incompleta,PC36,0.0022922414594606175
educa_jefe_desc__secundaria_incompleta,PC37,0.04683892770620603
educa_jefe_desc__secundaria_incompleta,PC38,-0.01150673416736592
educa_jefe_desc__secundaria_incompleta,PC39,0.03873247753258928
educa_jefe_desc__secundaria_incompleta,PC40,0.017289947430721663
educa_jefe_desc__secundaria_incompleta,PC41,0.0023623371347925716
educa_jefe_desc__secundaria_incompleta,PC42,-0.0014271368923054926
educa_jefe_desc__secundaria_incompleta,PC43,-0.0009573296761392066
educa_jefe_desc__secundaria_incompleta,PC44,0.005724036190599508
educa_jefe_desc__secundaria_incompleta,PC45,0.0018359646991940903
educa_jefe_desc__secundaria_incompleta,PC46,0.0038485426489112354
educa_jefe_desc__secundaria_incompleta,PC47,-0.0007280640331064157
educa_jefe_desc__secundaria_incompleta,PC48,0.007022379512795477
educa_jefe_desc__secundaria_incompleta,PC49,0.0003969278047582316
educa_jefe_desc__secundaria_incompleta,PC50,0.0005020330464210314
educa_jefe_desc__secundaria_incompleta,PC51,7.515400652280253e-05
educa_jefe_desc__secundaria_incompleta,PC52,-3.123527807133862e-05
educa_jefe_desc__secundaria_incompleta,PC53,-0.006528880357512624
educa_jefe_desc__secundaria_incompleta,PC54,-0.0007513249870606082
educa_jefe_desc__secundaria_incompleta,PC55,-1.638454896552631e-05
educa_jefe_desc__secundaria_incompleta,PC56,-0.005692909309650754
educa_jefe_desc__secundaria_incompleta,PC57,-4.847942170980975e-05
educa_jefe_desc__secundaria_incompleta,PC58,3.0752264323265566e-05
educa_jefe_desc__secundaria_incompleta,PC59,-5.202488194445899e-07
educa_jefe_desc__secundaria_incompleta,PC60,4.460532390000747e-06
educa_jefe_desc__secundaria_incompleta,PC61,2.747156935593954e-06
educa_jefe_desc__secundaria_incompleta,PC62,1.0567432894983143e-06
educa_jefe_desc__secundaria_incompleta,PC63,9.373771741269742e-07
educa_jefe_desc__secundaria_incompleta,PC64,-1.6243302075140415e-07
educa_jefe_desc__secundaria_incompleta,PC65,5.008368327188859e-07
educa_jefe_desc__secundaria_incompleta,PC66,1.7423372400377737e-07
educa_jefe_desc__secundaria_incompleta,PC67,-5.16044628200571e-17
educa_jefe_desc__secundaria_incompleta,PC68,-8.606728941427426e-17
educa_jefe_desc__secundaria_incompleta,PC69,7.785083021349984e-17
educa_jefe_desc__secundaria_incompleta,PC70,-1.9854499867647242e-16
educa_jefe_desc__secundaria_incompleta,PC71,7.600035649835444e-17
educa_jefe_desc__secundaria_incompleta,PC72,5.265881005945784e-17
educa_jefe_desc__secundaria_incompleta,PC73,-1.2220712914633818e-16
educa_jefe_desc__secundaria_incompleta,PC74,1.7527402649683712e-16
educa_jefe_desc__secundaria_incompleta,PC75,3.5173341019577977e-16
educa_jefe_desc__secundaria_incompleta,PC76,-3.2941010035330057e-16
educa_jefe_desc__secundaria_incompleta,PC77,-2.1225068229863403e-17
educa_jefe_desc__sin_instruccion,PC1,-0.05403400320282069
educa_jefe_desc__sin_instruccion,PC2,-0.05252454907063943
educa_jefe_desc__sin_instruccion,PC3,0.18984109577155192
educa_jefe_desc__sin_instruccion,PC4,0.050260063670165375
educa_jefe_desc__sin_instruccion,PC5,-0.10801696441278211
educa_jefe_desc__sin_instruccion,PC6,-0.038839498973233
educa_jefe_desc__sin_instruccion,PC7,0.017737481949551458
educa_jefe_desc__sin_instruccion,PC8,0.03646770173458498
educa_jefe_desc__sin_instruccion,PC9,0.05796576212293789
educa_jefe_desc__sin_instruccion,PC10,-0.017384357858666814
educa_jefe_desc__sin_instruccion,PC11,0.023189563566587135
educa_jefe_desc__sin_instruccion,PC12,0.033562696685709444
educa_jefe_desc__sin_instruccion,PC13,-0.028024123018986786
educa_jefe_desc__sin_instruccion,PC14,-0.0016181258800884255
educa_jefe_desc__sin_instruccion,PC15,-0.021382900450770403
educa_jefe_desc__sin_instruccion,PC16,0.09074732419205454
educa_jefe_desc__sin_instruccion,PC17,0.05708196912565263
educa_jefe_desc__sin_instruccion,PC18,-0.10382253254601476
educa_jefe_desc__sin_instruccion,PC19,-0.0864995172058207
educa_jefe_desc__sin_instruccion,PC20,-0.02352030400282788
educa_jefe_desc__sin_instruccion,PC21,-0.11081186645348874
educa_jefe_desc__sin_instruccion,PC22,-0.02174235628627356
educa_jefe_desc__sin_instruccion,PC23,0.09767903985941821
educa_jefe_desc__sin_instruccion,PC24,0.09592926389282566
educa_jefe_desc__sin_instruccion,PC25,-0.1988847988760138
educa_jefe_desc__sin_instruccion,PC26,-0.09684859871039454
educa_jefe_desc__sin_instruccion,PC27,0.7748463956773033
educa_jefe_desc__sin_instruccion,PC28,0.21564240317065245
educa_jefe_desc__sin_instruccion,PC29,-0.1721400573277666
educa_jefe_desc__sin_instruccion,PC30,-0.014278633127394103
educa_jefe_desc__sin_instruccion,PC31,-0.2312215963709056
educa_jefe_desc__sin_instruccion,PC32,-0.11784435069498136
educa_jefe_desc__sin_instruccion,PC33,-0.005654703763877624
educa_jefe_desc__sin_instruccion,PC34,-0.07246093280832891
educa_jefe_desc__sin_instruccion,PC35,-0.005981887622666887
educa_jefe_desc__sin_instruccion,PC36,0.004557025653479065
educa_jefe_desc__sin_instruccion,PC37,-0.23235744390197496
educa_jefe_desc__sin_instruccion,PC38,0.12524227369996108
educa_jefe_desc__sin_instruccion,PC39,0.04846355456596693
educa_jefe_desc__sin_instruccion,PC40,0.04105151937071691
educa_jefe_desc__sin_instruccion,PC41,0.009160468472616177
educa_jefe_desc__sin_instruccion,PC42,0.004889916367168541
educa_jefe_desc__sin_instruccion,PC43,0.0006043610187109177
educa_jefe_desc__sin_instruccion,PC44,0.01022513806357859
educa_jefe_desc__sin_instruccion,PC45,0.012041841256927088
educa_jefe_desc__sin_instruccion,PC46,0.004073824817316693
educa_jefe_desc__sin_instruccion,PC47,-0.0019552700800488402
educa_jefe_desc__sin_instruccion,PC48,0.008452046843074658
educa_jefe_desc__sin_instruccion,PC49,0.002669002842626607
educa_jefe_desc__sin_instruccion,PC50,-0.00013485705556015294
educa_jefe_desc__sin_instruccion,PC51,0.00023541520290483992
educa_jefe_desc__sin_instruccion,PC52,7.490229456390668e-05
educa_jefe_desc__sin_instruccion,PC53,-0.004992846911789468
educa_jefe_desc__sin_instruccion,PC54,-0.0005456706262998141
educa_jefe_desc__sin_instruccion,PC55,3.9925652395678395e-05
educa_jefe_desc__sin_instruccion,PC56,-0.004359053515793806
educa_jefe_desc__sin_instruccion,PC57,8.210552563372552e-05
educa_jefe_desc__sin_instruccion,PC58,-4.350619214876067e-05
educa_jefe_desc__sin_instruccion,PC59,-5.6723528975570166e-05
educa_jefe_desc__sin_instruccion,PC60,-4.3165500338686685e-05
educa_jefe_desc__sin_instruccion,PC61,-3.252340880631997e-06
educa_jefe_desc__sin_instruccion,PC62,5.448129535017316e-06
educa_jefe_desc__sin_instruccion,PC63,2.7265191627422684e-06
educa_jefe_desc__sin_instruccion,PC64,-4.301978233100899e-07
educa_jefe_desc__sin_instruccion,PC65,-1.675032026840333e-06
educa_jefe_desc__sin_instruccion,PC66,2.387318662494951e-06
educa_jefe_desc__sin_instruccion,PC67,-1.4393823698917938e-16
educa_jefe_desc__sin_instruccion,PC68,-5.584027722780194e-17
educa_jefe_desc__sin_instruccion,PC69,-9.829346635143172e-17
educa_jefe_desc__sin_instruccion,PC70,-1.444454111083282e-16
educa_jefe_desc__sin_instruccion,PC71,7.930148243800397e-17
educa_jefe_desc__sin_instruccion,PC72,6.095242434020649e-17
educa_jefe_desc__sin_instruccion,PC73,-5.538410742195062e-17
educa_jefe_desc__sin_instruccion,PC74,9.543384771298732e-17
educa_jefe_desc__sin_instruccion,PC75,2.8110721632280314e-16
educa_jefe_desc__sin_instruccion,PC76,-1.7003425975975684e-16
educa_jefe_desc__sin_instruccion,PC77,1.1279526530712066e-17
