anio,tabla,variable,tipo_documentado,codigo,etiqueta,rango,definicion,catalogo_referencia,orden_categoria,fuente,origen_mapping
2018,concentradohogar,clase_hog,C (1),1,Unipersonal,"{1,...,5} Clasificar a los integrantes del hogar por clave de",familiar primario; ampliado: hogar formado por 2 (Si Jefe = 1 y (Esposa > 0 o Hijos > 0) y Parientes el jefe(a) y su grupo familiar primario más otros = 0 y NoParientes = 0)CLASE_HOG = 3 (Si Jefe = 1 grupos familiares u otros parientes; compuesto: y (Esposa > 0 o Hijos > 0 o Parientes > 0) y hogar formado por un hogar nuclear o ampliado NoParientes = 0) CLASE_HOG = 4 (Si Jefe = 1 y con personas sin parentesco con el jefe(a); (Esposa > 0 o Hijos > 0 o Parientes > 0) y corresidente: hogar formado ,,,doc_2018.pdf p.164,ficha_variable
2018,concentradohogar,clase_hog,C (1),2,Nuclear,"{1,...,5} Clasificar a los integrantes del hogar por clave de",familiar primario; ampliado: hogar formado por 2 (Si Jefe = 1 y (Esposa > 0 o Hijos > 0) y Parientes el jefe(a) y su grupo familiar primario más otros = 0 y NoParientes = 0)CLASE_HOG = 3 (Si Jefe = 1 grupos familiares u otros parientes; compuesto: y (Esposa > 0 o Hijos > 0 o Parientes > 0) y hogar formado por un hogar nuclear o ampliado NoParientes = 0) CLASE_HOG = 4 (Si Jefe = 1 y con personas sin parentesco con el jefe(a); (Esposa > 0 o Hijos > 0 o Parientes > 0) y corresidente: hogar formado ,,,doc_2018.pdf p.164,ficha_variable
2018,concentradohogar,clase_hog,C (1),3,Ampliado,"{1,...,5} Clasificar a los integrantes del hogar por clave de",familiar primario; ampliado: hogar formado por 2 (Si Jefe = 1 y (Esposa > 0 o Hijos > 0) y Parientes el jefe(a) y su grupo familiar primario más otros = 0 y NoParientes = 0)CLASE_HOG = 3 (Si Jefe = 1 grupos familiares u otros parientes; compuesto: y (Esposa > 0 o Hijos > 0 o Parientes > 0) y hogar formado por un hogar nuclear o ampliado NoParientes = 0) CLASE_HOG = 4 (Si Jefe = 1 y con personas sin parentesco con el jefe(a); (Esposa > 0 o Hijos > 0 o Parientes > 0) y corresidente: hogar formado ,,,doc_2018.pdf p.164,ficha_variable
2018,concentradohogar,clase_hog,C (1),4,Compuesto,"{1,...,5} Clasificar a los integrantes del hogar por clave de",familiar primario; ampliado: hogar formado por 2 (Si Jefe = 1 y (Esposa > 0 o Hijos > 0) y Parientes el jefe(a) y su grupo familiar primario más otros = 0 y NoParientes = 0)CLASE_HOG = 3 (Si Jefe = 1 grupos familiares u otros parientes; compuesto: y (Esposa > 0 o Hijos > 0 o Parientes > 0) y hogar formado por un hogar nuclear o ampliado NoParientes = 0) CLASE_HOG = 4 (Si Jefe = 1 y con personas sin parentesco con el jefe(a); (Esposa > 0 o Hijos > 0 o Parientes > 0) y corresidente: hogar formado ,,,doc_2018.pdf p.164,ficha_variable
2018,concentradohogar,clase_hog,C (1),5,Corresidente,"{1,...,5} Clasificar a los integrantes del hogar por clave de",familiar primario; ampliado: hogar formado por 2 (Si Jefe = 1 y (Esposa > 0 o Hijos > 0) y Parientes el jefe(a) y su grupo familiar primario más otros = 0 y NoParientes = 0)CLASE_HOG = 3 (Si Jefe = 1 grupos familiares u otros parientes; compuesto: y (Esposa > 0 o Hijos > 0 o Parientes > 0) y hogar formado por un hogar nuclear o ampliado NoParientes = 0) CLASE_HOG = 4 (Si Jefe = 1 y con personas sin parentesco con el jefe(a); (Esposa > 0 o Hijos > 0 o Parientes > 0) y corresidente: hogar formado ,,,doc_2018.pdf p.164,ficha_variable
2018,concentradohogar,educa_jefe,C (2),01,Sin instrucción,"{01,...,11}",Educación formal del jefe del hogar. ó ((nivelaprob = 5 ó nivelaprob = 6) y antec_esc = 3) educa_jefe = 09 (Si nivelaprob = 7 y gradoaprob < 4) educa_jefe = 10 (Si nivelaprob = 7 y gradoaprob >= 4) ó ((nivelaprob = 5 ó nivelaprob = 6) y antec_esc = 4) educa_jefe = 11 (Si nivelaprob = 8 ó nivelaprob = 9) ó ((nivelaprob = 5 ó nivelaprob = 6) y antec_esc = 5).,,,doc_2018.pdf p.165,ficha_variable
2018,concentradohogar,educa_jefe,C (2),02,Preescolar,"{01,...,11}",Educación formal del jefe del hogar. ó ((nivelaprob = 5 ó nivelaprob = 6) y antec_esc = 3) educa_jefe = 09 (Si nivelaprob = 7 y gradoaprob < 4) educa_jefe = 10 (Si nivelaprob = 7 y gradoaprob >= 4) ó ((nivelaprob = 5 ó nivelaprob = 6) y antec_esc = 4) educa_jefe = 11 (Si nivelaprob = 8 ó nivelaprob = 9) ó ((nivelaprob = 5 ó nivelaprob = 6) y antec_esc = 5).,,,doc_2018.pdf p.165,ficha_variable
2018,concentradohogar,educa_jefe,C (2),03,Primaria incompleta,"{01,...,11}",Educación formal del jefe del hogar. ó ((nivelaprob = 5 ó nivelaprob = 6) y antec_esc = 3) educa_jefe = 09 (Si nivelaprob = 7 y gradoaprob < 4) educa_jefe = 10 (Si nivelaprob = 7 y gradoaprob >= 4) ó ((nivelaprob = 5 ó nivelaprob = 6) y antec_esc = 4) educa_jefe = 11 (Si nivelaprob = 8 ó nivelaprob = 9) ó ((nivelaprob = 5 ó nivelaprob = 6) y antec_esc = 5).,,,doc_2018.pdf p.165,ficha_variable
2018,concentradohogar,educa_jefe,C (2),04,Primaria completa,"{01,...,11}",Educación formal del jefe del hogar. ó ((nivelaprob = 5 ó nivelaprob = 6) y antec_esc = 3) educa_jefe = 09 (Si nivelaprob = 7 y gradoaprob < 4) educa_jefe = 10 (Si nivelaprob = 7 y gradoaprob >= 4) ó ((nivelaprob = 5 ó nivelaprob = 6) y antec_esc = 4) educa_jefe = 11 (Si nivelaprob = 8 ó nivelaprob = 9) ó ((nivelaprob = 5 ó nivelaprob = 6) y antec_esc = 5).,,,doc_2018.pdf p.165,ficha_variable
2018,concentradohogar,educa_jefe,C (2),05,Secundaria incompleta,"{01,...,11}",Educación formal del jefe del hogar. ó ((nivelaprob = 5 ó nivelaprob = 6) y antec_esc = 3) educa_jefe = 09 (Si nivelaprob = 7 y gradoaprob < 4) educa_jefe = 10 (Si nivelaprob = 7 y gradoaprob >= 4) ó ((nivelaprob = 5 ó nivelaprob = 6) y antec_esc = 4) educa_jefe = 11 (Si nivelaprob = 8 ó nivelaprob = 9) ó ((nivelaprob = 5 ó nivelaprob = 6) y antec_esc = 5).,,,doc_2018.pdf p.165,ficha_variable
2018,concentradohogar,educa_jefe,C (2),06,Secundaria completa,"{01,...,11}",Educación formal del jefe del hogar. ó ((nivelaprob = 5 ó nivelaprob = 6) y antec_esc = 3) educa_jefe = 09 (Si nivelaprob = 7 y gradoaprob < 4) educa_jefe = 10 (Si nivelaprob = 7 y gradoaprob >= 4) ó ((nivelaprob = 5 ó nivelaprob = 6) y antec_esc = 4) educa_jefe = 11 (Si nivelaprob = 8 ó nivelaprob = 9) ó ((nivelaprob = 5 ó nivelaprob = 6) y antec_esc = 5).,,,doc_2018.pdf p.165,ficha_variable
2018,concentradohogar,educa_jefe,C (2),07,Preparatoria incompleta,"{01,...,11}",Educación formal del jefe del hogar. ó ((nivelaprob = 5 ó nivelaprob = 6) y antec_esc = 3) educa_jefe = 09 (Si nivelaprob = 7 y gradoaprob < 4) educa_jefe = 10 (Si nivelaprob = 7 y gradoaprob >= 4) ó ((nivelaprob = 5 ó nivelaprob = 6) y antec_esc = 4) educa_jefe = 11 (Si nivelaprob = 8 ó nivelaprob = 9) ó ((nivelaprob = 5 ó nivelaprob = 6) y antec_esc = 5).,,,doc_2018.pdf p.165,ficha_variable
2018,concentradohogar,educa_jefe,C (2),08,Preparatoria completa,"{01,...,11}",Educación formal del jefe del hogar. ó ((nivelaprob = 5 ó nivelaprob = 6) y antec_esc = 3) educa_jefe = 09 (Si nivelaprob = 7 y gradoaprob < 4) educa_jefe = 10 (Si nivelaprob = 7 y gradoaprob >= 4) ó ((nivelaprob = 5 ó nivelaprob = 6) y antec_esc = 4) educa_jefe = 11 (Si nivelaprob = 8 ó nivelaprob = 9) ó ((nivelaprob = 5 ó nivelaprob = 6) y antec_esc = 5).,,,doc_2018.pdf p.165,ficha_variable
2018,concentradohogar,educa_jefe,C (2),09,Profesional incompleta,"{01,...,11}",Educación formal del jefe del hogar. ó ((nivelaprob = 5 ó nivelaprob = 6) y antec_esc = 3) educa_jefe = 09 (Si nivelaprob = 7 y gradoaprob < 4) educa_jefe = 10 (Si nivelaprob = 7 y gradoaprob >= 4) ó ((nivelaprob = 5 ó nivelaprob = 6) y antec_esc = 4) educa_jefe = 11 (Si nivelaprob = 8 ó nivelaprob = 9) ó ((nivelaprob = 5 ó nivelaprob = 6) y antec_esc = 5).,,,doc_2018.pdf p.165,ficha_variable
2018,concentradohogar,educa_jefe,C (2),10,Profesional completa,"{01,...,11}",Educación formal del jefe del hogar. ó ((nivelaprob = 5 ó nivelaprob = 6) y antec_esc = 3) educa_jefe = 09 (Si nivelaprob = 7 y gradoaprob < 4) educa_jefe = 10 (Si nivelaprob = 7 y gradoaprob >= 4) ó ((nivelaprob = 5 ó nivelaprob = 6) y antec_esc = 4) educa_jefe = 11 (Si nivelaprob = 8 ó nivelaprob = 9) ó ((nivelaprob = 5 ó nivelaprob = 6) y antec_esc = 5).,,,doc_2018.pdf p.165,ficha_variable
2018,concentradohogar,educa_jefe,C (2),11,Posgrado,"{01,...,11}",Educación formal del jefe del hogar. ó ((nivelaprob = 5 ó nivelaprob = 6) y antec_esc = 3) educa_jefe = 09 (Si nivelaprob = 7 y gradoaprob < 4) educa_jefe = 10 (Si nivelaprob = 7 y gradoaprob >= 4) ó ((nivelaprob = 5 ó nivelaprob = 6) y antec_esc = 4) educa_jefe = 11 (Si nivelaprob = 8 ó nivelaprob = 9) ó ((nivelaprob = 5 ó nivelaprob = 6) y antec_esc = 5).,,,doc_2018.pdf p.165,ficha_variable
2018,concentradohogar,est_socio,C (1),1,Bajo,"{1,...,4}",equipamiento de las mismas expresadas por medio de 24 indicadores construidos con información del Censo de Población y Vivienda 2010. Esta estratificación se realizó por medio de métodos estadísticos multivariados.,,1,doc_2018.pdf p.163,ficha_variable
2018,concentradohogar,est_socio,C (1),2,Medio bajo,"{1,...,4}",equipamiento de las mismas expresadas por medio de 24 indicadores construidos con información del Censo de Población y Vivienda 2010. Esta estratificación se realizó por medio de métodos estadísticos multivariados.,,2,doc_2018.pdf p.163,ficha_variable
2018,concentradohogar,est_socio,C (1),3,Medio alto,"{1,...,4}",equipamiento de las mismas expresadas por medio de 24 indicadores construidos con información del Censo de Población y Vivienda 2010. Esta estratificación se realizó por medio de métodos estadísticos multivariados.,,3,doc_2018.pdf p.163,ficha_variable
2018,concentradohogar,est_socio,C (1),4,Alto,"{1,...,4}",equipamiento de las mismas expresadas por medio de 24 indicadores construidos con información del Censo de Población y Vivienda 2010. Esta estratificación se realizó por medio de métodos estadísticos multivariados.,,4,doc_2018.pdf p.163,ficha_variable
2018,concentradohogar,sexo_jefe,C (1),1,Hombre,"{1,2} Es igual a Poblacion.sexo donde",hogar en hombre o mujer.,,,doc_2018.pdf p.164,ficha_variable
2018,concentradohogar,sexo_jefe,C (1),2,Mujer,"{1,2} Es igual a Poblacion.sexo donde",hogar en hombre o mujer.,,,doc_2018.pdf p.164,ficha_variable
2018,concentradohogar,tam_loc,C (1),1,Localidades con 100 000 y más habitantes,"{1,...,4}",habitantes.,,1,doc_2018.pdf p.162,ficha_variable
2018,concentradohogar,tam_loc,C (1),2,Localidades con 15 000 a 99 999 habitantes,"{1,...,4}",habitantes.,,2,doc_2018.pdf p.162,ficha_variable
2018,concentradohogar,tam_loc,C (1),3,Localidades con 2 500 a 14 999 habitantes,"{1,...,4}",habitantes.,,3,doc_2018.pdf p.162,ficha_variable
2018,concentradohogar,tam_loc,C (1),4,Localidades con menos de 2 500 habitantes,"{1,...,4}",habitantes.,,4,doc_2018.pdf p.162,ficha_variable
2018,hogares,acc_alim1,C (1),1,Sí,"{1,2}","Alguna vez por falta de dinero o recursos, se vio En los últimos tres meses, por falta de dinero o en la preocupación que la comida se acabara.",,,doc_2018.pdf p.44,ficha_variable
2018,hogares,acc_alim1,C (1),2,No .9102 nóicpircseD .8102 y,"{1,2}","Alguna vez por falta de dinero o recursos, se vio En los últimos tres meses, por falta de dinero o en la preocupación que la comida se acabara.",,,doc_2018.pdf p.44,ficha_variable
2018,hogares,acc_alim10,C (1),1,Sí,"{1,2}",menor no tuvo alimentación sana y variada.,,,doc_2018.pdf p.46,ficha_variable
2018,hogares,acc_alim10,C (1),2,No,"{1,2}",menor no tuvo alimentación sana y variada.,,,doc_2018.pdf p.46,ficha_variable
2018,hogares,acc_alim11,C (1),1,Sí,"{1,2}",menor tuvo una alimentación poco variada.,,,doc_2018.pdf p.46,ficha_variable
2018,hogares,acc_alim11,C (1),2,No,"{1,2}",menor tuvo una alimentación poco variada.,,,doc_2018.pdf p.46,ficha_variable
2018,hogares,acc_alim12,C (1),1,Sí,"{1,2}","Alguna vez por falta de dinero o recursos algún En los últimos tres meses, por falta de dinero o menor tuvo una reducida alimentación.",,,doc_2018.pdf p.47,ficha_variable
2018,hogares,acc_alim12,C (1),2,No,"{1,2}","Alguna vez por falta de dinero o recursos algún En los últimos tres meses, por falta de dinero o menor tuvo una reducida alimentación.",,,doc_2018.pdf p.47,ficha_variable
2018,hogares,acc_alim13,C (1),1,Sí,"{1,2}",menor recibió menos cantidad de alimentos.,,,doc_2018.pdf p.47,ficha_variable
2018,hogares,acc_alim13,C (1),2,No,"{1,2}",menor recibió menos cantidad de alimentos.,,,doc_2018.pdf p.47,ficha_variable
2018,hogares,acc_alim14,C (1),1,Sí,"{1,2}","Alguna vez por falta de dinero o recursos algún En los últimos tres meses, por falta de dinero o menor sintió hambre pero no comió.",,,doc_2018.pdf p.47,ficha_variable
2018,hogares,acc_alim14,C (1),2,No,"{1,2}","Alguna vez por falta de dinero o recursos algún En los últimos tres meses, por falta de dinero o menor sintió hambre pero no comió.",,,doc_2018.pdf p.47,ficha_variable
2018,hogares,acc_alim15,C (1),1,Sí,"{1,2}","Alguna vez por falta de dinero o recursos algún En los últimos tres meses, por falta de dinero o menor se acostó con hambre.",,,doc_2018.pdf p.47,ficha_variable
2018,hogares,acc_alim15,C (1),2,No,"{1,2}","Alguna vez por falta de dinero o recursos algún En los últimos tres meses, por falta de dinero o menor se acostó con hambre.",,,doc_2018.pdf p.47,ficha_variable
2018,hogares,acc_alim16,C (1),1,Sí,"{1,2}",menor dejó de comer todo un día.,,,doc_2018.pdf p.47,ficha_variable
2018,hogares,acc_alim16,C (1),2,No,"{1,2}",menor dejó de comer todo un día.,,,doc_2018.pdf p.47,ficha_variable
2018,hogares,acc_alim18,C (1),1,Igual,"{1,...,3}",Relación del consumo regular de alimentos con ¿Considera usted que el consumo que reportó fue lo reportado durante la semana de entrevista.,,,doc_2018.pdf p.49,ficha_variable
2018,hogares,acc_alim18,C (1),2,Mayor,"{1,...,3}",Relación del consumo regular de alimentos con ¿Considera usted que el consumo que reportó fue lo reportado durante la semana de entrevista.,,,doc_2018.pdf p.49,ficha_variable
2018,hogares,acc_alim18,C (1),3,Menor .9102 nóicpircseD .8102 y,"{1,...,3}",Relación del consumo regular de alimentos con ¿Considera usted que el consumo que reportó fue lo reportado durante la semana de entrevista.,,,doc_2018.pdf p.49,ficha_variable
2018,hogares,acc_alim2,C (1),1,Sí,"{1,2}",quedaron sin comida.,,,doc_2018.pdf p.45,ficha_variable
2018,hogares,acc_alim2,C (1),2,No,"{1,2}",quedaron sin comida.,,,doc_2018.pdf p.45,ficha_variable
2018,hogares,acc_alim3,C (1),1,Sí,"{1,2}","Alguna vez por falta de dinero o recursos no En los últimos tres meses, ¿alguna vez se quedaron obtuvieron una alimentación sana y variada.",,,doc_2018.pdf p.45,ficha_variable
2018,hogares,acc_alim3,C (1),2,No,"{1,2}","Alguna vez por falta de dinero o recursos no En los últimos tres meses, ¿alguna vez se quedaron obtuvieron una alimentación sana y variada.",,,doc_2018.pdf p.45,ficha_variable
2018,hogares,acc_alim4,C (1),1,Sí,"{1,2}",adulto no obtuvo una alimentación sana y recursos ¿alguna vez usted o algún adulto en su variada.,,,doc_2018.pdf p.45,ficha_variable
2018,hogares,acc_alim4,C (1),2,No,"{1,2}",adulto no obtuvo una alimentación sana y recursos ¿alguna vez usted o algún adulto en su variada.,,,doc_2018.pdf p.45,ficha_variable
2018,hogares,acc_alim5,C (1),1,Sí,"{1,2}","Alguna vez por falta de dinero o recursos algún En los últimos tres meses, por falta de dinero o adulto no tuvo desayuno, comida o cena.",,,doc_2018.pdf p.45,ficha_variable
2018,hogares,acc_alim5,C (1),2,No,"{1,2}","Alguna vez por falta de dinero o recursos algún En los últimos tres meses, por falta de dinero o adulto no tuvo desayuno, comida o cena.",,,doc_2018.pdf p.45,ficha_variable
2018,hogares,acc_alim6,C (1),1,Sí,"{1,2}",adulto comió menos de lo pensado.,,,doc_2018.pdf p.45,ficha_variable
2018,hogares,acc_alim6,C (1),2,No .9102 nóicpircseD .8102 y,"{1,2}",adulto comió menos de lo pensado.,,,doc_2018.pdf p.45,ficha_variable
2018,hogares,acc_alim7,C (1),1,Sí,"{1,2}","Alguna vez por falta de dinero o recursos algún En los últimos tres meses, por falta de dinero o adulto sintió hambre pero no comió.",,,doc_2018.pdf p.46,ficha_variable
2018,hogares,acc_alim7,C (1),2,No,"{1,2}","Alguna vez por falta de dinero o recursos algún En los últimos tres meses, por falta de dinero o adulto sintió hambre pero no comió.",,,doc_2018.pdf p.46,ficha_variable
2018,hogares,acc_alim8,C (1),1,Sí,"{1,2}",algún adulto comió solo una vez o dejó de recursos ¿alguna vez usted o algún adulto en comer un día.,,,doc_2018.pdf p.46,ficha_variable
2018,hogares,acc_alim8,C (1),2,No,"{1,2}",algún adulto comió solo una vez o dejó de recursos ¿alguna vez usted o algún adulto en comer un día.,,,doc_2018.pdf p.46,ficha_variable
2018,hogares,acc_alim9,C (1),1,Sí,"{1,2}",adulto tuvo que mendigar o mandar a niños a recursos ¿alguna vez tuvieron que hacer algo que trabajar.,,,doc_2018.pdf p.46,ficha_variable
2018,hogares,acc_alim9,C (1),2,No,"{1,2}",adulto tuvo que mendigar o mandar a niños a recursos ¿alguna vez tuvieron que hacer algo que trabajar.,,,doc_2018.pdf p.46,ficha_variable
2018,hogares,anio_aspir,C (2),&,No especificado,"{00,...,16,50,...,99}",Año de adquisición de la última aspiradora.,,,doc_2018.pdf p.57,ficha_variable
2018,hogares,anio_auto,C (2),&,No especificado,"{00,...,16,50,...,99}",Año de adquisición del último automóvil.,,,doc_2018.pdf p.50,ficha_variable
2018,hogares,anio_bici,C (2),&,No especificado,"{00,...,16,50,...,99}",Año de adquisición de la última bicicleta. ¿En qué año adquirió su última bicicleta que se,,,doc_2018.pdf p.51,ficha_variable
2018,hogares,anio_canoa,C (2),&,No especificado,"{00,...,16,50,...,99}",trajinera u otros vehículos para navegar.,,,doc_2018.pdf p.52,ficha_variable
2018,hogares,anio_carret,C (2),&,No especificado,"{00,...,16,50,...,99}","Año de adquisición de la última carreta. ¿En qué año adquirió su última carreta, calandria u",,,doc_2018.pdf p.52,ficha_variable
2018,hogares,anio_compu,C (2),&,No especificado,"{00,...,16,50,...,99}",Año de adquisición de la última computadora.,,,doc_2018.pdf p.57,ficha_variable
2018,hogares,anio_dvd,C (2),&,No especificado,"{00,...,16,50,...,99}",(reproductor de discos de video.,,,doc_2018.pdf p.54,ficha_variable
2018,hogares,anio_ester,C (2),&,No especificado,"{00,...,16,50,...,99}",minicomponente.,,,doc_2018.pdf p.53,ficha_variable
2018,hogares,anio_estuf,C (2),&,No especificado,"{00,...,16,50,...,99}",eléctrica.,,,doc_2018.pdf p.55,ficha_variable
2018,hogares,anio_grab,C (2),&,No especificado,"{00,...,16,50,...,99}",Año de adquisición de la última grabadora.,,,doc_2018.pdf p.53,ficha_variable
2018,hogares,anio_impre,C (2),&,No especificado,"{00,...,16,50,...,99}",Año de adquisición de la última impresora.,,,doc_2018.pdf p.57,ficha_variable
2018,hogares,anio_juego,C (2),&,No especificado,"{00,...,16,50,...,99}","Año de adquisición del último videojuego. ¿En qué año adquirió su último videojuegos: Wii,",,,doc_2018.pdf p.57,ficha_variable
2018,hogares,anio_lavad,C (2),&,No especificado,"{00,...,16,50,...,99}",Año de adquisición de la última lavadora.,,,doc_2018.pdf p.56,ficha_variable
2018,hogares,anio_licua,C (2),&,No especificado,"{00,...,16,50,...,99}",Año de adquisición de la última licuadora.,,,doc_2018.pdf p.54,ficha_variable
2018,hogares,anio_maqui,C (2),&,No especificado,"{00,...,16,50,...,99}",coser.,,,doc_2018.pdf p.56,ficha_variable
2018,hogares,anio_micro,C (2),&,No especificado,"{00,...,16,50,...,99}",microondas.,,,doc_2018.pdf p.55,ficha_variable
2018,hogares,anio_moto,C (2),&,No especificado,"{00,...,16,50,...,99}",motoneta.,,,doc_2018.pdf p.51,ficha_variable
2018,hogares,anio_otro,C (2),&,No especificado,"{00,...,16,50,...,99}",tipo.,,,doc_2018.pdf p.52,ficha_variable
2018,hogares,anio_pickup,C (2),&,No especificado,"{00,...,16,50,...,99}",caja.,,,doc_2018.pdf p.51,ficha_variable
2018,hogares,anio_planc,C (2),&,No especificado,"{00,...,16,50,...,99}",eléctrica.,,,doc_2018.pdf p.56,ficha_variable
2018,hogares,anio_radio,C (2),&,No especificado,"{00,...,16,50,...,99}",Año de adquisición de la última radio.,,,doc_2018.pdf p.53,ficha_variable
2018,hogares,anio_refri,C (2),&,No especificado,"{00,...,16,50,...,99}",Año de adquisición del último refrigerador.,,,doc_2018.pdf p.55,ficha_variable
2018,hogares,anio_tosta,C (2),&,No especificado,"{00,...,16,50,...,99}",Año de adquisición del último tostador eléctrico.,,,doc_2018.pdf p.55,ficha_variable
2018,hogares,anio_trici,C (2),&,No especificado,"{00,...,16,50,...,99}",Año de adquisición del último triciclo. ¿En qué año adquirió su último triciclo de carga,,,doc_2018.pdf p.52,ficha_variable
2018,hogares,anio_tva,C (2),&,No especificado,"{00,...,16,50,...,99}",analógico.,,,doc_2018.pdf p.53,ficha_variable
2018,hogares,anio_tvd,C (2),&,No especificado,"{00,...,16,50,...,99}",Año de adquisición del último televisor digital.,,,doc_2018.pdf p.54,ficha_variable
2018,hogares,anio_van,C (2),&,No especificado,"{00,...,16,50,...,99}",cerrada o con cabina.,,,doc_2018.pdf p.51,ficha_variable
2018,hogares,anio_venti,C (2),&,No especificado,"{00,...,16,50,...,99}",Año de adquisición del último ventilador.,,,doc_2018.pdf p.56,ficha_variable
2018,hogares,anio_video,C (2),&,No especificado,"{00,...,16,50,...,99}",Año de adquisición de la última videocasetera.,,,doc_2018.pdf p.54,ficha_variable
2018,hogares,autocons,C (1),1,Sí,"{1,2}","obtuvo de un negocio que es de su propiedad, durante la semana de referencia.",,,doc_2018.pdf p.61,ficha_variable
2018,hogares,autocons,C (1),2,No,"{1,2}","obtuvo de un negocio que es de su propiedad, durante la semana de referencia.",,,doc_2018.pdf p.61,ficha_variable
2018,hogares,bene_licon,C (1),1,Sí,"{1,2}","Beneficiario en el hogar del Programa de Actualmente, ¿usted o algún integrante del hogar es Abasto Social de Leche (Liconsa).",,,doc_2018.pdf p.63,ficha_variable
2018,hogares,bene_licon,C (1),2,No,"{1,2}","Beneficiario en el hogar del Programa de Actualmente, ¿usted o algún integrante del hogar es Abasto Social de Leche (Liconsa).",,,doc_2018.pdf p.63,ficha_variable
2018,hogares,celular,C (1),1,Sí,"{1,2}",móvil aunque sea un solo integrante del hogar.,,,doc_2018.pdf p.50,ficha_variable
2018,hogares,celular,C (1),2,No,"{1,2}",móvil aunque sea un solo integrante del hogar.,,,doc_2018.pdf p.50,ficha_variable
2018,hogares,cond_dicon,C (1),1,Sí,"{1,2}",Venta condicionada en tienda Diconsa. ¿Les condicionan la venta de artículos alimentarios,,,doc_2018.pdf p.64,ficha_variable
2018,hogares,cond_dicon,C (1),2,No .9102 nóicpircseD .8102 y,"{1,2}",Venta condicionada en tienda Diconsa. ¿Les condicionan la venta de artículos alimentarios,,,doc_2018.pdf p.64,ficha_variable
2018,hogares,cond_licon,C (1),1,Sí,"{1,2}",Compra condicionada por Liconsa. ¿Les condicionan el otorgamiento de leche Liconsa,,,doc_2018.pdf p.63,ficha_variable
2018,hogares,cond_licon,C (1),2,No .9102 nóicpircseD .8102 y,"{1,2}",Compra condicionada por Liconsa. ¿Les condicionan el otorgamiento de leche Liconsa,,,doc_2018.pdf p.63,ficha_variable
2018,hogares,conex_inte,C (1),1,Sí,"{1,2}","telefónica, tarjeta prepagada o telecable.",,,doc_2018.pdf p.50,ficha_variable
2018,hogares,conex_inte,C (1),2,No,"{1,2}","telefónica, tarjeta prepagada o telecable.",,,doc_2018.pdf p.50,ficha_variable
2018,hogares,consumo,C (1),1,Sí,"{1,2}","el desayuno, la comida o la cena o para la cada ... ¿las realizó en alguno de los días en los que despensa, en alguno de los días de la semana",,,doc_2018.pdf p.60,ficha_variable
2018,hogares,consumo,C (1),2,No,"{1,2}","el desayuno, la comida o la cena o para la cada ... ¿las realizó en alguno de los días en los que despensa, en alguno de los días de la semana",,,doc_2018.pdf p.60,ficha_variable
2018,hogares,diconsa,C (1),1,Sí,"{1,...,3}",Tienda de Diconsa en la colonia o localidad.,,,doc_2018.pdf p.64,ficha_variable
2018,hogares,diconsa,C (1),2,No,"{1,...,3}",Tienda de Diconsa en la colonia o localidad.,,,doc_2018.pdf p.64,ficha_variable
2018,hogares,diconsa,C (1),3,No sabe #134 : Frecuencia de compra en Diconsa,"{1,...,3}",Tienda de Diconsa en la colonia o localidad.,,,doc_2018.pdf p.64,ficha_variable
2018,hogares,embarazo_g,C (1),1,Sí,"{1,2}","profesionales o no, así como los medicamentos recetados, análisis clínicos, etcétera.",,,doc_2018.pdf p.62,ficha_variable
2018,hogares,embarazo_g,C (1),2,No,"{1,2}","profesionales o no, así como los medicamentos recetados, análisis clínicos, etcétera.",,,doc_2018.pdf p.62,ficha_variable
2018,hogares,er_aparato,C (1),1,Aparato físico,{1},Medio por el cual se escucha la radio.,,,doc_2018.pdf p.58,ficha_variable
2018,hogares,er_aplicac,C (1),4,Aplicación,{4},Medio por el cual se escucha la radio.,,,doc_2018.pdf p.58,ficha_variable
2018,hogares,er_celular,C (1),2,Teléfono celular,{2},Medio por el cual se escucha la radio.,,,doc_2018.pdf p.58,ficha_variable
2018,hogares,er_compu,C (1),3,Computadora,{3},Medio por el cual se escucha la radio.,,,doc_2018.pdf p.58,ficha_variable
2018,hogares,er_otro,C (1),6,Otro,{6},Medio por el cual se escucha la radio.,,,doc_2018.pdf p.58,ficha_variable
2018,hogares,er_tv,C (1),5,Televisión,{5},Medio por el cual se escucha la radio.,,,doc_2018.pdf p.58,ficha_variable
2018,hogares,esc_radio,C (1),1,Sí,"{1,2}",En su hogar escuchan la radio.,,,doc_2018.pdf p.57,ficha_variable
2018,hogares,esc_radio,C (1),2,No,"{1,2}",En su hogar escuchan la radio.,,,doc_2018.pdf p.57,ficha_variable
2018,hogares,habito_1,C (1),1,Cada mes,{1},Frecuencia con la que realiza las compras de ¿Cada cuándo realizan las compras en alimentos y alimentos y bebidas.,,,doc_2018.pdf p.59,ficha_variable
2018,hogares,habito_2,C (1),2,Cada 15 días,{2},Frecuencia con la que realiza las compras de ¿Cada cuándo realizan las compras en alimentos y alimentos y bebidas.,,,doc_2018.pdf p.59,ficha_variable
2018,hogares,habito_3,C (1),3,Cada 8 días .9102 nóicpircseD .8102 y,{3},Frecuencia con la que realiza las compras de ¿Cada cuándo realizan las compras en alimentos y alimentos y bebidas.,,,doc_2018.pdf p.59,ficha_variable
2018,hogares,habito_4,C (1),4,Cada tercer día,{4},Frecuencia con la que realiza las compras de ¿Cada cuándo realizan las compras en alimentos y alimentos y bebidas.,,,doc_2018.pdf p.60,ficha_variable
2018,hogares,habito_5,C (1),5,Diariamente,{5},Frecuencia con la que realiza las compras de ¿Cada cuándo realizan las compras en alimentos y alimentos y bebidas.,,,doc_2018.pdf p.60,ficha_variable
2018,hogares,habito_6,C (1),6,Otros,{6},Algún otro intervalo de frecuencia con que haga ¿Cada cuándo realizan las compras en alimentos y las compras.,,,doc_2018.pdf p.60,ficha_variable
2018,hogares,lts_licon,C (1),1,4 litros,"{1,...,7}",compra a la semana.,,,doc_2018.pdf p.64,ficha_variable
2018,hogares,lts_licon,C (1),2,8 litros,"{1,...,7}",compra a la semana.,,,doc_2018.pdf p.64,ficha_variable
2018,hogares,lts_licon,C (1),3,12 litros,"{1,...,7}",compra a la semana.,,,doc_2018.pdf p.64,ficha_variable
2018,hogares,lts_licon,C (1),4,16 litros,"{1,...,7}",compra a la semana.,,,doc_2018.pdf p.64,ficha_variable
2018,hogares,lts_licon,C (1),5,20 litros,"{1,...,7}",compra a la semana.,,,doc_2018.pdf p.64,ficha_variable
2018,hogares,lts_licon,C (1),6,24 litros,"{1,...,7}",compra a la semana.,,,doc_2018.pdf p.64,ficha_variable
2018,hogares,lts_licon,C (1),7,Otro,"{1,...,7}",compra a la semana.,,,doc_2018.pdf p.64,ficha_variable
2018,hogares,negcua,C (1),1,Sí,"{1,2}","negocio ya sea que se de dedique a procesar, propiedad del hogar que se dedique a elaborar, vender o prestar un servicio.",,,doc_2018.pdf p.63,ficha_variable
2018,hogares,negcua,C (1),2,No,"{1,2}","negocio ya sea que se de dedique a procesar, propiedad del hogar que se dedique a elaborar, vender o prestar un servicio.",,,doc_2018.pdf p.63,ficha_variable
2018,hogares,pago_dicon,C (1),1,50 pesos,"{1,...,5,7}",Diconsa.,,,doc_2018.pdf p.65,ficha_variable
2018,hogares,pago_dicon,C (1),2,100 pesos,"{1,...,5,7}",Diconsa.,,,doc_2018.pdf p.65,ficha_variable
2018,hogares,pago_dicon,C (1),3,150 pesos,"{1,...,5,7}",Diconsa.,,,doc_2018.pdf p.65,ficha_variable
2018,hogares,pago_dicon,C (1),4,200 pesos,"{1,...,5,7}",Diconsa.,,,doc_2018.pdf p.65,ficha_variable
2018,hogares,pago_dicon,C (1),5,250 pesos,"{1,...,5,7}",Diconsa.,,,doc_2018.pdf p.65,ficha_variable
2018,hogares,pago_dicon,C (1),7,Otro,"{1,...,5,7}",Diconsa.,,,doc_2018.pdf p.65,ficha_variable
2018,hogares,pagotarjet,C (1),1,Sí,"{1,2}",integrante del hogar para la adquisición de tabaco o alimentos y bebidas consumidos,,,doc_2018.pdf p.61,ficha_variable
2018,hogares,pagotarjet,C (1),2,No,"{1,2}",integrante del hogar para la adquisición de tabaco o alimentos y bebidas consumidos,,,doc_2018.pdf p.61,ficha_variable
2018,hogares,parto_g,C (1),1,Sí,"{1,2}","así como los medicamentos recetados, análisis Durante los meses _______a _________, ¿el hogar clínicos, etcétera.",,,doc_2018.pdf p.62,ficha_variable
2018,hogares,parto_g,C (1),2,No,"{1,2}","así como los medicamentos recetados, análisis Durante los meses _______a _________, ¿el hogar clínicos, etcétera.",,,doc_2018.pdf p.62,ficha_variable
2018,hogares,recib_tvd,C (1),1,Sí,"{1,2}",Federal.,,,doc_2018.pdf p.58,ficha_variable
2018,hogares,recib_tvd,C (1),2,No,"{1,2}",Federal.,,,doc_2018.pdf p.58,ficha_variable
2018,hogares,regalodado,C (1),1,Sí,"{1,2}",Gasto en regalos a personas ajenas al hogar. ¿Compró algún artículo o pagó algún servicio para,,,doc_2018.pdf p.61,ficha_variable
2018,hogares,regalodado,C (1),2,No,"{1,2}",Gasto en regalos a personas ajenas al hogar. ¿Compró algún artículo o pagó algún servicio para,,,doc_2018.pdf p.61,ficha_variable
2018,hogares,regalos,C (1),1,Sí,"{1,2}","para su consumo final y privado, que fueron recibidos como regalo de personas que",,,doc_2018.pdf p.62,ficha_variable
2018,hogares,regalos,C (1),2,No,"{1,2}","para su consumo final y privado, que fueron recibidos como regalo de personas que",,,doc_2018.pdf p.62,ficha_variable
2018,hogares,regalotar,C (1),1,Sí,"{1,2}",pagado con tarjeta de crédito bancaria o comercial.,,,doc_2018.pdf p.61,ficha_variable
2018,hogares,regalotar,C (1),2,No,"{1,2}",pagado con tarjeta de crédito bancaria o comercial.,,,doc_2018.pdf p.61,ficha_variable
2018,hogares,remunera,C (1),1,Sí,"{1,2}",y servicios de consumo final y privado que reciben los trabajadores subordinados.,,,doc_2018.pdf p.62,ficha_variable
2018,hogares,remunera,C (1),2,No,"{1,2}",y servicios de consumo final y privado que reciben los trabajadores subordinados.,,,doc_2018.pdf p.62,ficha_variable
2018,hogares,tarjeta,C (1),1,Sí,"{1,2}","monto en dinero (crédito) como una forma de ¿Alguna de las personas que conforman su hogar financiamiento por parte de la institución, que es",,,doc_2018.pdf p.60,ficha_variable
2018,hogares,tarjeta,C (1),2,No,"{1,2}","monto en dinero (crédito) como una forma de ¿Alguna de las personas que conforman su hogar financiamiento por parte de la institución, que es",,,doc_2018.pdf p.60,ficha_variable
2018,hogares,telefono,C (1),1,Sí,"{1,2}",con instalación alámbrica o satelital (antena).,,,doc_2018.pdf p.50,ficha_variable
2018,hogares,telefono,C (1),2,No,"{1,2}",con instalación alámbrica o satelital (antena).,,,doc_2018.pdf p.50,ficha_variable
2018,hogares,transferen,C (1),1,Sí,"{1,2}","puedan disfrutar de ciertos artículos o servicios, esta ayuda consiste en que el organismo absorbe parte o el total del valor del bien o",,,doc_2018.pdf p.62,ficha_variable
2018,hogares,transferen,C (1),2,No,"{1,2}","puedan disfrutar de ciertos artículos o servicios, esta ayuda consiste en que el organismo absorbe parte o el total del valor del bien o",,,doc_2018.pdf p.62,ficha_variable
2018,hogares,tv_paga,C (1),1,Sí,"{1,2}","televisión por pago, considerando que el servicio está en funcionamiento.",,,doc_2018.pdf p.50,ficha_variable
2018,hogares,tv_paga,C (1),2,No,"{1,2}","televisión por pago, considerando que el servicio está en funcionamiento.",,,doc_2018.pdf p.50,ficha_variable
2018,ingresos,clave,C (4),2,Las claves correspondientes al ingreso por negocio propio se construyen durante el proceso validación de la base de datos. No se encuentran en el cuestionario. .9102 nóicpircseD .8102 y Título: Encuesta Nacional de Ingresos y Gastos de los Hogares 2018. ENIGH. Nueva serie. Descripción de la base de datos Página Apartado Dice Debe decir Fecha de modificación,Catálogo de ingresos,persona.,catalogo_ingresos,,doc_2018.pdf p.208,catalogo_externo_pdf
2018,ingresos,clave,C (4),99,"2.3 Descripción de Número de unidades, Cantidad y/o forma variables forma de presentación por de presentación de 15/11/2024 Tabla: artículo y servicios que los los artículos o GASTOSHOGAR integrantes del hogar servicios #14 Cantidad de recibieron como ayuda por artículos o servicios parte de alguna institución Definición. a un precio menor o sin costo. nóicpircseD .8102 y",Catálogo de ingresos,persona.,catalogo_ingresos,,doc_2018.pdf p.209,catalogo_externo_pdf
2018,ingresos,clave,C (4),OTROS,INGRESOS,Catálogo de ingresos,persona.,catalogo_ingresos,,doc_2018.pdf p.208,catalogo_externo_pdf
2018,ingresos,clave,C (4),P001,"Sueldos, salarios o jornal",Catálogo de ingresos,persona.,catalogo_ingresos,,doc_2018.pdf p.207,catalogo_externo_pdf
2018,ingresos,clave,C (4),P002,Destajo,Catálogo de ingresos,persona.,catalogo_ingresos,,doc_2018.pdf p.207,catalogo_externo_pdf
2018,ingresos,clave,C (4),P003,Comisiones y propinas,Catálogo de ingresos,persona.,catalogo_ingresos,,doc_2018.pdf p.207,catalogo_externo_pdf
2018,ingresos,clave,C (4),P004,Horas extras,Catálogo de ingresos,persona.,catalogo_ingresos,,doc_2018.pdf p.207,catalogo_externo_pdf
2018,ingresos,clave,C (4),P005,"Incentivos, gratificaciones o premios",Catálogo de ingresos,persona.,catalogo_ingresos,,doc_2018.pdf p.207,catalogo_externo_pdf
2018,ingresos,clave,C (4),P006,"Bono, percepción adicional o sobresueldo",Catálogo de ingresos,persona.,catalogo_ingresos,,doc_2018.pdf p.207,catalogo_externo_pdf
2018,ingresos,clave,C (4),P007,Primas vacacionales y otras prestaciones en dinero,Catálogo de ingresos,persona.,catalogo_ingresos,,doc_2018.pdf p.207,catalogo_externo_pdf
2018,ingresos,clave,C (4),P008,Reparto de utilidades del ejercicio 2017,Catálogo de ingresos,persona.,catalogo_ingresos,,doc_2018.pdf p.207,catalogo_externo_pdf
2018,ingresos,clave,C (4),P009,Aguinaldo del ejercicio 2017,Catálogo de ingresos,persona.,catalogo_ingresos,,doc_2018.pdf p.207,catalogo_externo_pdf
2018,ingresos,clave,C (4),P011,Sueldos o salarios,Catálogo de ingresos,persona.,catalogo_ingresos,,doc_2018.pdf p.207,catalogo_externo_pdf
2018,ingresos,clave,C (4),P012,Ganancias/utilidades,Catálogo de ingresos,persona.,catalogo_ingresos,,doc_2018.pdf p.207,catalogo_externo_pdf
2018,ingresos,clave,C (4),P013,Otros ingresos,Catálogo de ingresos,persona.,catalogo_ingresos,,doc_2018.pdf p.207,catalogo_externo_pdf
2018,ingresos,clave,C (4),P014,Monto recibido en el trabajo secundario,Catálogo de ingresos,persona.,catalogo_ingresos,,doc_2018.pdf p.207,catalogo_externo_pdf
2018,ingresos,clave,C (4),P015,Reparto de utilidades del ejercicio 2017,Catálogo de ingresos,persona.,catalogo_ingresos,,doc_2018.pdf p.207,catalogo_externo_pdf
2018,ingresos,clave,C (4),P016,Aguinaldo del ejercicio 2017,Catálogo de ingresos,persona.,catalogo_ingresos,,doc_2018.pdf p.207,catalogo_externo_pdf
2018,ingresos,clave,C (4),P018,Sueldos o salarios,Catálogo de ingresos,persona.,catalogo_ingresos,,doc_2018.pdf p.207,catalogo_externo_pdf
2018,ingresos,clave,C (4),P019,Ganancias/utilidades,Catálogo de ingresos,persona.,catalogo_ingresos,,doc_2018.pdf p.207,catalogo_externo_pdf
2018,ingresos,clave,C (4),P020,Otros ingresos,Catálogo de ingresos,persona.,catalogo_ingresos,,doc_2018.pdf p.207,catalogo_externo_pdf
2018,ingresos,clave,C (4),P021,Total de ingresos,Catálogo de ingresos,persona.,catalogo_ingresos,,doc_2018.pdf p.207,catalogo_externo_pdf
2018,ingresos,clave,C (4),P022,Total de ingresos de trabajos realizados en los cinco meses anteriores al mes pasado,Catálogo de ingresos,persona.,catalogo_ingresos,,doc_2018.pdf p.207,catalogo_externo_pdf
2018,ingresos,clave,C (4),P023,"Alquiler de tierras y terrenos, dentro y fuera del país",Catálogo de ingresos,persona.,catalogo_ingresos,,doc_2018.pdf p.207,catalogo_externo_pdf
2018,ingresos,clave,C (4),P024,"Alquiler de casas, edificios, locales y otros inmuebles que están dentro del país",Catálogo de ingresos,persona.,catalogo_ingresos,,doc_2018.pdf p.207,catalogo_externo_pdf
2018,ingresos,clave,C (4),P025,"Alquiler de casas, edificios, locales y otros inmuebles que están fuera del país",Catálogo de ingresos,persona.,catalogo_ingresos,,doc_2018.pdf p.207,catalogo_externo_pdf
2018,ingresos,clave,C (4),P026,Intereses provenientes de inversiones a plazo fijo,Catálogo de ingresos,persona.,catalogo_ingresos,,doc_2018.pdf p.207,catalogo_externo_pdf
2018,ingresos,clave,C (4),P027,Intereses provenientes de cuentas de ahorro,Catálogo de ingresos,persona.,catalogo_ingresos,,doc_2018.pdf p.207,catalogo_externo_pdf
2018,ingresos,clave,C (4),P028,Intereses provenientes de préstamos a terceros,Catálogo de ingresos,persona.,catalogo_ingresos,,doc_2018.pdf p.207,catalogo_externo_pdf
2018,ingresos,clave,C (4),P029,Rendimientos provenientes de bonos o cédulas,Catálogo de ingresos,persona.,catalogo_ingresos,,doc_2018.pdf p.207,catalogo_externo_pdf
2018,ingresos,clave,C (4),P030,"Alquiler de marcas, patentes y derechos de autor",Catálogo de ingresos,persona.,catalogo_ingresos,,doc_2018.pdf p.207,catalogo_externo_pdf
2018,ingresos,clave,C (4),P031,Otros ingresos por renta de la propiedad no considerados en los anteriores,Catálogo de ingresos,persona.,catalogo_ingresos,,doc_2018.pdf p.207,catalogo_externo_pdf
2018,ingresos,clave,C (4),P032,Jubilaciones y/o pensiones originadas dentro del país,Catálogo de ingresos,persona.,catalogo_ingresos,,doc_2018.pdf p.207,catalogo_externo_pdf
2018,ingresos,clave,C (4),P033,Jubilaciones y/o pensiones provenientes de otro(s) país(es),Catálogo de ingresos,persona.,catalogo_ingresos,,doc_2018.pdf p.207,catalogo_externo_pdf
2018,ingresos,clave,C (4),P034,Indemnizaciones recibidas de seguros contra riesgos a terceros,Catálogo de ingresos,persona.,catalogo_ingresos,,doc_2018.pdf p.207,catalogo_externo_pdf
2018,ingresos,clave,C (4),P035,Indemnizaciones por accidentes de trabajo,Catálogo de ingresos,persona.,catalogo_ingresos,,doc_2018.pdf p.207,catalogo_externo_pdf
2018,ingresos,clave,C (4),P036,Indemnizaciones por despido y retiro voluntario,Catálogo de ingresos,persona.,catalogo_ingresos,,doc_2018.pdf p.207,catalogo_externo_pdf
2018,ingresos,clave,C (4),P037,Becas provenientes de instituciones privadas o de organismos no gubernamentales,Catálogo de ingresos,persona.,catalogo_ingresos,,doc_2018.pdf p.207,catalogo_externo_pdf
2018,ingresos,clave,C (4),P038,Becas provenientes del gobierno,Catálogo de ingresos,persona.,catalogo_ingresos,,doc_2018.pdf p.207,catalogo_externo_pdf
2018,ingresos,clave,C (4),P039,Donativos provenientes de organizaciones no gubernamentales .9102 nóicpircseD .8102 y,Catálogo de ingresos,persona.,catalogo_ingresos,,doc_2018.pdf p.207,catalogo_externo_pdf
2018,ingresos,clave,C (4),P040,Donativos en dinero provenientes de otros hogares,Catálogo de ingresos,persona.,catalogo_ingresos,,doc_2018.pdf p.208,catalogo_externo_pdf
2018,ingresos,clave,C (4),P041,Ingresos provenientes de otros países,Catálogo de ingresos,persona.,catalogo_ingresos,,doc_2018.pdf p.208,catalogo_externo_pdf
2018,ingresos,clave,C (4),P042,"Beneficio de PROSPERA (OPORTUNIDADES, PROGRESA)",Catálogo de ingresos,persona.,catalogo_ingresos,,doc_2018.pdf p.208,catalogo_externo_pdf
2018,ingresos,clave,C (4),P043,Beneficio de PROCAMPO,Catálogo de ingresos,persona.,catalogo_ingresos,,doc_2018.pdf p.208,catalogo_externo_pdf
2018,ingresos,clave,C (4),P044,Beneficio del programa 65 y más,Catálogo de ingresos,persona.,catalogo_ingresos,,doc_2018.pdf p.208,catalogo_externo_pdf
2018,ingresos,clave,C (4),P045,Beneficio de otros programas para adultos mayores,Catálogo de ingresos,persona.,catalogo_ingresos,,doc_2018.pdf p.208,catalogo_externo_pdf
2018,ingresos,clave,C (4),P046,Beneficio de la Tarjeta SinHambre (PAL),Catálogo de ingresos,persona.,catalogo_ingresos,,doc_2018.pdf p.208,catalogo_externo_pdf
2018,ingresos,clave,C (4),P047,Beneficio del programa de Empleo Temporal,Catálogo de ingresos,persona.,catalogo_ingresos,,doc_2018.pdf p.208,catalogo_externo_pdf
2018,ingresos,clave,C (4),P048,Beneficios de otros programas sociales,Catálogo de ingresos,persona.,catalogo_ingresos,,doc_2018.pdf p.208,catalogo_externo_pdf
2018,ingresos,clave,C (4),P049,Total de ingresos no considerados en los anteriores,Catálogo de ingresos,persona.,catalogo_ingresos,,doc_2018.pdf p.208,catalogo_externo_pdf
2018,ingresos,clave,C (4),P050,Ingresos anuales por rendimientos de acciones que posea de alguna empresa en la que no trabajó,Catálogo de ingresos,persona.,catalogo_ingresos,,doc_2018.pdf p.208,catalogo_externo_pdf
2018,ingresos,clave,C (4),P051,"Retiro de inversiones, ahorros, tandas, cajas de ahorro etcétera",Catálogo de ingresos,persona.,catalogo_ingresos,,doc_2018.pdf p.208,catalogo_externo_pdf
2018,ingresos,clave,C (4),P052,Pagos recibidos de préstamos que usted hizo a personas ajenas al hogar,Catálogo de ingresos,persona.,catalogo_ingresos,,doc_2018.pdf p.208,catalogo_externo_pdf
2018,ingresos,clave,C (4),P053,"Préstamos recibidos de personas ajenas al hogar o instituciones, se excluyen préstamos hipotecarios",Catálogo de ingresos,persona.,catalogo_ingresos,,doc_2018.pdf p.208,catalogo_externo_pdf
2018,ingresos,clave,C (4),P054,"Venta de monedas, metales preciosos, joyas y obras de arte, etcétera",Catálogo de ingresos,persona.,catalogo_ingresos,,doc_2018.pdf p.208,catalogo_externo_pdf
2018,ingresos,clave,C (4),P055,"Venta de acciones, bonos y cédulas",Catálogo de ingresos,persona.,catalogo_ingresos,,doc_2018.pdf p.208,catalogo_externo_pdf
2018,ingresos,clave,C (4),P056,"Venta de marcas, patentes y derechos de autor",Catálogo de ingresos,persona.,catalogo_ingresos,,doc_2018.pdf p.208,catalogo_externo_pdf
2018,ingresos,clave,C (4),P057,"Herencias, dotes y legados",Catálogo de ingresos,persona.,catalogo_ingresos,,doc_2018.pdf p.208,catalogo_externo_pdf
2018,ingresos,clave,C (4),P058,Loterías y juegos de azar,Catálogo de ingresos,persona.,catalogo_ingresos,,doc_2018.pdf p.208,catalogo_externo_pdf
2018,ingresos,clave,C (4),P059,"Venta de casas, condominios, etcétera, que están dentro y fuera del país",Catálogo de ingresos,persona.,catalogo_ingresos,,doc_2018.pdf p.208,catalogo_externo_pdf
2018,ingresos,clave,C (4),P060,Venta de terrenos que están dentro y fuera del país,Catálogo de ingresos,persona.,catalogo_ingresos,,doc_2018.pdf p.208,catalogo_externo_pdf
2018,ingresos,clave,C (4),P061,"Venta de maquinaria, equipos, animales de producción,vehículos, etcétera, utilizados en el negocio",Catálogo de ingresos,persona.,catalogo_ingresos,,doc_2018.pdf p.208,catalogo_externo_pdf
2018,ingresos,clave,C (4),P062,Venta de vehículos,Catálogo de ingresos,persona.,catalogo_ingresos,,doc_2018.pdf p.208,catalogo_externo_pdf
2018,ingresos,clave,C (4),P063,"Venta de aparatos eléctricos de segunda mano, etcétera",Catálogo de ingresos,persona.,catalogo_ingresos,,doc_2018.pdf p.208,catalogo_externo_pdf
2018,ingresos,clave,C (4),P064,"Préstamos hipotecarios por bienes inmuebles: casas, terrenos, edificios y locales",Catálogo de ingresos,persona.,catalogo_ingresos,,doc_2018.pdf p.208,catalogo_externo_pdf
2018,ingresos,clave,C (4),P065,Seguros de vida,Catálogo de ingresos,persona.,catalogo_ingresos,,doc_2018.pdf p.208,catalogo_externo_pdf
2018,ingresos,clave,C (4),P066,Otras percepciones financieras y de capital no consideradas en las anteriores INGRESOS POR TRABAJO DE PERSONAS MENORES DE 12 AÑOS,Catálogo de ingresos,persona.,catalogo_ingresos,,doc_2018.pdf p.208,catalogo_externo_pdf
2018,ingresos,clave,C (4),P067,Ingreso por trabajo de personas menores de 12 años INGRESOS POR NEGOCIO PROPIO2,Catálogo de ingresos,persona.,catalogo_ingresos,,doc_2018.pdf p.208,catalogo_externo_pdf
2018,ingresos,clave,C (4),P068,Por negocios con tipo de actividad industrial,Catálogo de ingresos,persona.,catalogo_ingresos,,doc_2018.pdf p.208,catalogo_externo_pdf
2018,ingresos,clave,C (4),P069,Por negocios con tipo de actividad comercial,Catálogo de ingresos,persona.,catalogo_ingresos,,doc_2018.pdf p.208,catalogo_externo_pdf
2018,ingresos,clave,C (4),P070,Por negocios prestadores de servicios,Catálogo de ingresos,persona.,catalogo_ingresos,,doc_2018.pdf p.208,catalogo_externo_pdf
2018,ingresos,clave,C (4),P071,Por negocios con actividades agrícolas,Catálogo de ingresos,persona.,catalogo_ingresos,,doc_2018.pdf p.208,catalogo_externo_pdf
2018,ingresos,clave,C (4),P072,Por negocios con actividades de cría y explotación de animales,Catálogo de ingresos,persona.,catalogo_ingresos,,doc_2018.pdf p.208,catalogo_externo_pdf
2018,ingresos,clave,C (4),P073,"Por negocios con actividades de recolección, reforestación y tala de árboles",Catálogo de ingresos,persona.,catalogo_ingresos,,doc_2018.pdf p.208,catalogo_externo_pdf
2018,ingresos,clave,C (4),P074,"Por negocios con actividades de pesca, caza y captura de animales",Catálogo de ingresos,persona.,catalogo_ingresos,,doc_2018.pdf p.208,catalogo_externo_pdf
2018,ingresos,clave,C (4),P075,Por negocios con tipo de actividad industrial,Catálogo de ingresos,persona.,catalogo_ingresos,,doc_2018.pdf p.208,catalogo_externo_pdf
2018,ingresos,clave,C (4),P076,Por negocios con tipo de actividad comercial,Catálogo de ingresos,persona.,catalogo_ingresos,,doc_2018.pdf p.208,catalogo_externo_pdf
2018,ingresos,clave,C (4),P077,Por negocios prestadores de servicios,Catálogo de ingresos,persona.,catalogo_ingresos,,doc_2018.pdf p.208,catalogo_externo_pdf
2018,ingresos,clave,C (4),P078,Por negocios con actividades agrícolas,Catálogo de ingresos,persona.,catalogo_ingresos,,doc_2018.pdf p.208,catalogo_externo_pdf
2018,ingresos,clave,C (4),P079,Por negocios con actividades de cría y explotación de animales,Catálogo de ingresos,persona.,catalogo_ingresos,,doc_2018.pdf p.208,catalogo_externo_pdf
2018,ingresos,clave,C (4),P080,"Por negocios con actividades de recolección, reforestación y tala de árboles",Catálogo de ingresos,persona.,catalogo_ingresos,,doc_2018.pdf p.208,catalogo_externo_pdf
2018,ingresos,clave,C (4),P081,"Por negocios con actividades de pesca, caza y captura de animales",Catálogo de ingresos,persona.,catalogo_ingresos,,doc_2018.pdf p.208,catalogo_externo_pdf
2018,ingresos,mes_1,C (2),07,Julio,"{07,...,10}",Primer mes pasado a la entrevista.,,,doc_2018.pdf p.113,ficha_variable
2018,ingresos,mes_1,C (2),08,Agosto,"{07,...,10}",Primer mes pasado a la entrevista.,,,doc_2018.pdf p.113,ficha_variable
2018,ingresos,mes_1,C (2),09,Septiembre,"{07,...,10}",Primer mes pasado a la entrevista.,,,doc_2018.pdf p.113,ficha_variable
2018,ingresos,mes_1,C (2),10,Octubre,"{07,...,10}",Primer mes pasado a la entrevista.,,,doc_2018.pdf p.113,ficha_variable
2018,ingresos,mes_2,C (2),06,Junio,"{06,...,09}",Segundo mes pasado a la entrevista.,,,doc_2018.pdf p.114,ficha_variable
2018,ingresos,mes_2,C (2),07,Julio,"{06,...,09}",Segundo mes pasado a la entrevista.,,,doc_2018.pdf p.114,ficha_variable
2018,ingresos,mes_2,C (2),08,Agosto,"{06,...,09}",Segundo mes pasado a la entrevista.,,,doc_2018.pdf p.114,ficha_variable
2018,ingresos,mes_2,C (2),09,Septiembre,"{06,...,09}",Segundo mes pasado a la entrevista.,,,doc_2018.pdf p.114,ficha_variable
2018,ingresos,mes_3,C (2),05,Mayo,"{05,...,08}",Tercer mes pasado a la entrevista.,,,doc_2018.pdf p.114,ficha_variable
2018,ingresos,mes_3,C (2),06,Junio,"{05,...,08}",Tercer mes pasado a la entrevista.,,,doc_2018.pdf p.114,ficha_variable
2018,ingresos,mes_3,C (2),07,Julio,"{05,...,08}",Tercer mes pasado a la entrevista.,,,doc_2018.pdf p.114,ficha_variable
2018,ingresos,mes_3,C (2),08,Agosto,"{05,...,08}",Tercer mes pasado a la entrevista.,,,doc_2018.pdf p.114,ficha_variable
2018,ingresos,mes_4,C (2),04,Abril,"{04,...,07}",Cuarto mes pasado a la entrevista.,,,doc_2018.pdf p.114,ficha_variable
2018,ingresos,mes_4,C (2),05,Mayo,"{04,...,07}",Cuarto mes pasado a la entrevista.,,,doc_2018.pdf p.114,ficha_variable
2018,ingresos,mes_4,C (2),06,Junio,"{04,...,07}",Cuarto mes pasado a la entrevista.,,,doc_2018.pdf p.114,ficha_variable
2018,ingresos,mes_4,C (2),07,Julio,"{04,...,07}",Cuarto mes pasado a la entrevista.,,,doc_2018.pdf p.114,ficha_variable
2018,ingresos,mes_5,C (2),03,Marzo,"{03,...,06}",Quinto mes pasado a la entrevista.,,,doc_2018.pdf p.115,ficha_variable
2018,ingresos,mes_5,C (2),04,Abril,"{03,...,06}",Quinto mes pasado a la entrevista.,,,doc_2018.pdf p.115,ficha_variable
2018,ingresos,mes_5,C (2),05,Mayo,"{03,...,06}",Quinto mes pasado a la entrevista.,,,doc_2018.pdf p.115,ficha_variable
2018,ingresos,mes_5,C (2),06,Junio,"{03,...,06}",Quinto mes pasado a la entrevista.,,,doc_2018.pdf p.115,ficha_variable
2018,ingresos,mes_6,C (2),02,Febrero,"{02,...,05}",Sexto mes pasado a la entrevista.,,,doc_2018.pdf p.115,ficha_variable
2018,ingresos,mes_6,C (2),03,Marzo,"{02,...,05}",Sexto mes pasado a la entrevista.,,,doc_2018.pdf p.115,ficha_variable
2018,ingresos,mes_6,C (2),04,Abril,"{02,...,05}",Sexto mes pasado a la entrevista.,,,doc_2018.pdf p.115,ficha_variable
2018,ingresos,mes_6,C (2),05,Mayo,"{02,...,05}",Sexto mes pasado a la entrevista.,,,doc_2018.pdf p.115,ficha_variable
2018,poblacion,act_pnea1,C (1),1,Estuvo buscando trabajo .9102 nóicpircseD .8102 y,"{1,...,6}",económicamente activas.,,,doc_2018.pdf p.99,ficha_variable
2018,poblacion,act_pnea1,C (1),2,Es pensionado o jubilado,"{1,...,6}",económicamente activas.,,,doc_2018.pdf p.99,ficha_variable
2018,poblacion,act_pnea1,C (1),3,Se dedicó a los quehaceres del hogar,"{1,...,6}",económicamente activas.,,,doc_2018.pdf p.99,ficha_variable
2018,poblacion,act_pnea1,C (1),4,Se dedicó a estudiar,"{1,...,6}",económicamente activas.,,,doc_2018.pdf p.99,ficha_variable
2018,poblacion,act_pnea1,C (1),5,Es una persona con alguna limitación física o mental que le impide trabajar por el resto de su vida,"{1,...,6}",económicamente activas.,,,doc_2018.pdf p.99,ficha_variable
2018,poblacion,act_pnea1,C (1),6,Está en otra situación diferente a las anteriores,"{1,...,6}",económicamente activas.,,,doc_2018.pdf p.99,ficha_variable
2018,poblacion,act_pnea2,C (1),2,Es pensionado o jubilado,"{2,...,5}",económicamente activas.,,,doc_2018.pdf p.100,ficha_variable
2018,poblacion,act_pnea2,C (1),3,Se dedicó a los quehaceres del hogar,"{2,...,5}",económicamente activas.,,,doc_2018.pdf p.100,ficha_variable
2018,poblacion,act_pnea2,C (1),4,Se dedicó a estudiar,"{2,...,5}",económicamente activas.,,,doc_2018.pdf p.100,ficha_variable
2018,poblacion,act_pnea2,C (1),5,Es una persona con alguna limitación física o mental que le impide trabajar por el resto de su vida,"{2,...,5}",económicamente activas.,,,doc_2018.pdf p.100,ficha_variable
2018,poblacion,alfabetism,C (1),1,Sí,"{1,2}",más años según sepan leer y escribir un recado.,,,doc_2018.pdf p.71,ficha_variable
2018,poblacion,alfabetism,C (1),2,No,"{1,2}",más años según sepan leer y escribir un recado.,,,doc_2018.pdf p.71,ficha_variable
2018,poblacion,antec_esc,C (1),1,Primaria,"{1,...,5}","Normal), dentro del Sistema Educativo ¿Qué estudios le pidieron a (NOMBRE) para Nacional.",,,doc_2018.pdf p.74,ficha_variable
2018,poblacion,antec_esc,C (1),2,Secundaria,"{1,...,5}","Normal), dentro del Sistema Educativo ¿Qué estudios le pidieron a (NOMBRE) para Nacional.",,,doc_2018.pdf p.74,ficha_variable
2018,poblacion,antec_esc,C (1),3,Preparatoria o bachillerato,"{1,...,5}","Normal), dentro del Sistema Educativo ¿Qué estudios le pidieron a (NOMBRE) para Nacional.",,,doc_2018.pdf p.74,ficha_variable
2018,poblacion,antec_esc,C (1),4,Licenciatura o profesional,"{1,...,5}","Normal), dentro del Sistema Educativo ¿Qué estudios le pidieron a (NOMBRE) para Nacional.",,,doc_2018.pdf p.74,ficha_variable
2018,poblacion,antec_esc,C (1),5,Maestría .9102 nóicpircseD .8102 y sosergnI,"{1,...,5}","Normal), dentro del Sistema Educativo ¿Qué estudios le pidieron a (NOMBRE) para Nacional.",,,doc_2018.pdf p.74,ficha_variable
2018,poblacion,asis_esc,C (1),1,Sí,"{1,2}","establecimiento de enseñanza escolar del Sistema Educativo Nacional (SEN), en",,,doc_2018.pdf p.71,ficha_variable
2018,poblacion,asis_esc,C (1),2,No,"{1,2}","establecimiento de enseñanza escolar del Sistema Educativo Nacional (SEN), en",,,doc_2018.pdf p.71,ficha_variable
2018,poblacion,atemed,,1,Sí,"{1,2}",alguna institución que proporciona atención ¿Está usted afiliado o inscrito para recibir atención médica.,,,doc_2018.pdf p.81,ficha_variable
2018,poblacion,atemed,,2,No .9102 nóicpircseD .8102 y,"{1,2}",alguna institución que proporciona atención ¿Está usted afiliado o inscrito para recibir atención médica.,,,doc_2018.pdf p.81,ficha_variable
2018,poblacion,aten_sal,C (1),1,Sí,"{1,2}",salud que les haya impedido realizar sus actividades diarias.,,,doc_2018.pdf p.85,ficha_variable
2018,poblacion,aten_sal,C (1),2,No,"{1,2}",salud que les haya impedido realizar sus actividades diarias.,,,doc_2018.pdf p.85,ficha_variable
2018,poblacion,causa1,C (1),&,No especificado,"{1,...,5}",integrante del hogar.,,,doc_2018.pdf p.69,ficha_variable
2018,poblacion,causa1,C (1),1,Porque nació así,"{1,...,5}",integrante del hogar.,,,doc_2018.pdf p.69,ficha_variable
2018,poblacion,causa1,C (1),2,Por una enfermedad,"{1,...,5}",integrante del hogar.,,,doc_2018.pdf p.69,ficha_variable
2018,poblacion,causa1,C (1),3,Por un accidente,"{1,...,5}",integrante del hogar.,,,doc_2018.pdf p.69,ficha_variable
2018,poblacion,causa1,C (1),4,Por edad avanzada,"{1,...,5}",integrante del hogar.,,,doc_2018.pdf p.69,ficha_variable
2018,poblacion,causa1,C (1),5,Por otra causa,"{1,...,5}",integrante del hogar.,,,doc_2018.pdf p.69,ficha_variable
2018,poblacion,causa2,C (1),1,Porque nació así,"{1,...,5}",integrante del hogar.,,,doc_2018.pdf p.69,ficha_variable
2018,poblacion,causa2,C (1),2,Por una enfermedad,"{1,...,5}",integrante del hogar.,,,doc_2018.pdf p.69,ficha_variable
2018,poblacion,causa2,C (1),3,Por un accidente,"{1,...,5}",integrante del hogar.,,,doc_2018.pdf p.69,ficha_variable
2018,poblacion,causa2,C (1),4,Por edad avanzada,"{1,...,5}",integrante del hogar.,,,doc_2018.pdf p.69,ficha_variable
2018,poblacion,causa2,C (1),5,Por otra causa,"{1,...,5}",integrante del hogar.,,,doc_2018.pdf p.69,ficha_variable
2018,poblacion,causa3,C (1),1,Porque nació así,"{1,...,5}",integrante del hogar.,,,doc_2018.pdf p.69,ficha_variable
2018,poblacion,causa3,C (1),2,Por una enfermedad,"{1,...,5}",integrante del hogar.,,,doc_2018.pdf p.69,ficha_variable
2018,poblacion,causa3,C (1),3,Por un accidente,"{1,...,5}",integrante del hogar.,,,doc_2018.pdf p.69,ficha_variable
2018,poblacion,causa3,C (1),4,Por edad avanzada,"{1,...,5}",integrante del hogar.,,,doc_2018.pdf p.69,ficha_variable
2018,poblacion,causa3,C (1),5,Por otra causa,"{1,...,5}",integrante del hogar.,,,doc_2018.pdf p.69,ficha_variable
2018,poblacion,causa4,C (1),1,Porque nació así,"{1,...,5}",integrante del hogar.,,,doc_2018.pdf p.69,ficha_variable
2018,poblacion,causa4,C (1),2,Por una enfermedad,"{1,...,5}",integrante del hogar.,,,doc_2018.pdf p.69,ficha_variable
2018,poblacion,causa4,C (1),3,Por un accidente,"{1,...,5}",integrante del hogar.,,,doc_2018.pdf p.69,ficha_variable
2018,poblacion,causa4,C (1),4,Por edad avanzada,"{1,...,5}",integrante del hogar.,,,doc_2018.pdf p.69,ficha_variable
2018,poblacion,causa4,C (1),5,Por otra causa .9102 nóicpircseD .8102 y,"{1,...,5}",integrante del hogar.,,,doc_2018.pdf p.69,ficha_variable
2018,poblacion,causa5,C (1),1,Porque nació así,"{1,...,5}",integrante del hogar.,,,doc_2018.pdf p.70,ficha_variable
2018,poblacion,causa5,C (1),2,Por una enfermedad,"{1,...,5}",integrante del hogar.,,,doc_2018.pdf p.70,ficha_variable
2018,poblacion,causa5,C (1),3,Por un accidente,"{1,...,5}",integrante del hogar.,,,doc_2018.pdf p.70,ficha_variable
2018,poblacion,causa5,C (1),4,Por edad avanzada,"{1,...,5}",integrante del hogar.,,,doc_2018.pdf p.70,ficha_variable
2018,poblacion,causa5,C (1),5,Por otra causa,"{1,...,5}",integrante del hogar.,,,doc_2018.pdf p.70,ficha_variable
2018,poblacion,causa6,C (1),1,Porque nació así,"{1,...,5}",integrante del hogar.,,,doc_2018.pdf p.70,ficha_variable
2018,poblacion,causa6,C (1),2,Por una enfermedad,"{1,...,5}",integrante del hogar.,,,doc_2018.pdf p.70,ficha_variable
2018,poblacion,causa6,C (1),3,Por un accidente,"{1,...,5}",integrante del hogar.,,,doc_2018.pdf p.70,ficha_variable
2018,poblacion,causa6,C (1),4,Por edad avanzada,"{1,...,5}",integrante del hogar.,,,doc_2018.pdf p.70,ficha_variable
2018,poblacion,causa6,C (1),5,Por otra causa,"{1,...,5}",integrante del hogar.,,,doc_2018.pdf p.70,ficha_variable
2018,poblacion,causa7,C (1),1,Porque nació así,"{1,...,5}",integrante del hogar.,,,doc_2018.pdf p.70,ficha_variable
2018,poblacion,causa7,C (1),2,Por una enfermedad,"{1,...,5}",integrante del hogar.,,,doc_2018.pdf p.70,ficha_variable
2018,poblacion,causa7,C (1),3,Por un accidente,"{1,...,5}",integrante del hogar.,,,doc_2018.pdf p.70,ficha_variable
2018,poblacion,causa7,C (1),4,Por edad avanzada,"{1,...,5}",integrante del hogar.,,,doc_2018.pdf p.70,ficha_variable
2018,poblacion,causa7,C (1),5,Por otra causa,"{1,...,5}",integrante del hogar.,,,doc_2018.pdf p.70,ficha_variable
2018,poblacion,comprenind,C (1),1,Sí,"{1,2}",lengua indígena.,,,doc_2018.pdf p.71,ficha_variable
2018,poblacion,comprenind,C (1),2,No,"{1,2}",lengua indígena.,,,doc_2018.pdf p.71,ficha_variable
2018,poblacion,conyuge_id,C (2),&,No especificado,"{01,...,50}",del hogar de 12 o más años.,,,doc_2018.pdf p.75,ficha_variable
2018,poblacion,diabetes,C (1),1,Sí,"{1,2}",¿En los últimos doce meses le han tomado alguna médicos preventivos asociados a la diabetes.,,,doc_2018.pdf p.97,ficha_variable
2018,poblacion,diabetes,C (1),2,No,"{1,2}",¿En los últimos doce meses le han tomado alguna médicos preventivos asociados a la diabetes.,,,doc_2018.pdf p.97,ficha_variable
2018,poblacion,disc1,C (1),&,No especificado,"{1,...,8}","sus brazos o piernas, persona ciega, sorda o",,,doc_2018.pdf p.67,ficha_variable
2018,poblacion,disc1,C (1),1,"Caminar, moverse, subir o bajar","{1,...,8}","sus brazos o piernas, persona ciega, sorda o",,,doc_2018.pdf p.67,ficha_variable
2018,poblacion,disc1,C (1),2,"Ver, aun usando lentes","{1,...,8}","sus brazos o piernas, persona ciega, sorda o",,,doc_2018.pdf p.67,ficha_variable
2018,poblacion,disc1,C (1),3,"Hablar, comunicarse o conversar","{1,...,8}","sus brazos o piernas, persona ciega, sorda o",,,doc_2018.pdf p.67,ficha_variable
2018,poblacion,disc1,C (1),4,"Oír, aun usando aparato auditivo","{1,...,8}","sus brazos o piernas, persona ciega, sorda o",,,doc_2018.pdf p.67,ficha_variable
2018,poblacion,disc1,C (1),5,"Vestirse, bañarse o comer","{1,...,8}","sus brazos o piernas, persona ciega, sorda o",,,doc_2018.pdf p.67,ficha_variable
2018,poblacion,disc1,C (1),6,Poner atención o aprender cosas sencillas,"{1,...,8}","sus brazos o piernas, persona ciega, sorda o",,,doc_2018.pdf p.67,ficha_variable
2018,poblacion,disc1,C (1),7,Tiene alguna limitación mental,"{1,...,8}","sus brazos o piernas, persona ciega, sorda o",,,doc_2018.pdf p.67,ficha_variable
2018,poblacion,disc1,C (1),8,No tiene dificultad física o mental,"{1,...,8}","sus brazos o piernas, persona ciega, sorda o",,,doc_2018.pdf p.67,ficha_variable
2018,poblacion,disc2,C (1),2,"Ver, aun usando lentes","{2,...,7}","sus brazos o piernas, persona ciega, sorda o",,,doc_2018.pdf p.67,ficha_variable
2018,poblacion,disc2,C (1),3,"Hablar, comunicarse o conversar","{2,...,7}","sus brazos o piernas, persona ciega, sorda o",,,doc_2018.pdf p.67,ficha_variable
2018,poblacion,disc2,C (1),4,"Oír, aun usando aparato auditivo .9102 nóicpircseD .8102 y ed lanoicaN","{2,...,7}","sus brazos o piernas, persona ciega, sorda o",,,doc_2018.pdf p.67,ficha_variable
2018,poblacion,disc2,C (1),5,"Vestirse, bañarse o comer","{2,...,7}","sus brazos o piernas, persona ciega, sorda o",,,doc_2018.pdf p.67,ficha_variable
2018,poblacion,disc2,C (1),6,Poner atención o aprender cosas sencillas,"{2,...,7}","sus brazos o piernas, persona ciega, sorda o",,,doc_2018.pdf p.67,ficha_variable
2018,poblacion,disc2,C (1),7,Tiene alguna limitación mental,"{2,...,7}","sus brazos o piernas, persona ciega, sorda o",,,doc_2018.pdf p.67,ficha_variable
2018,poblacion,disc3,C (1),3,"Hablar, comunicarse o conversar","{3,...,7}","sus brazos o piernas, persona ciega, sorda o",,,doc_2018.pdf p.68,ficha_variable
2018,poblacion,disc3,C (1),4,"Oír, aun usando aparato auditivo","{3,...,7}","sus brazos o piernas, persona ciega, sorda o",,,doc_2018.pdf p.68,ficha_variable
2018,poblacion,disc3,C (1),5,"Vestirse, bañarse o comer","{3,...,7}","sus brazos o piernas, persona ciega, sorda o",,,doc_2018.pdf p.68,ficha_variable
2018,poblacion,disc3,C (1),6,Poner atención o aprender cosas sencillas,"{3,...,7}","sus brazos o piernas, persona ciega, sorda o",,,doc_2018.pdf p.68,ficha_variable
2018,poblacion,disc3,C (1),7,Tiene alguna limitación mental,"{3,...,7}","sus brazos o piernas, persona ciega, sorda o",,,doc_2018.pdf p.68,ficha_variable
2018,poblacion,disc4,C (1),4,"Oír, aun usando aparato auditivo","{4,...,7}","sus brazos o piernas, persona ciega, sorda o En su vida diaria ¿(NOMBRE) tiene alguna dificultad muda, retraso o deficiencia mental).",,,doc_2018.pdf p.68,ficha_variable
2018,poblacion,disc4,C (1),5,"Vestirse, bañarse o comer","{4,...,7}","sus brazos o piernas, persona ciega, sorda o En su vida diaria ¿(NOMBRE) tiene alguna dificultad muda, retraso o deficiencia mental).",,,doc_2018.pdf p.68,ficha_variable
2018,poblacion,disc4,C (1),6,Poner atención o aprender cosas sencillas,"{4,...,7}","sus brazos o piernas, persona ciega, sorda o En su vida diaria ¿(NOMBRE) tiene alguna dificultad muda, retraso o deficiencia mental).",,,doc_2018.pdf p.68,ficha_variable
2018,poblacion,disc4,C (1),7,Tiene alguna limitación mental,"{4,...,7}","sus brazos o piernas, persona ciega, sorda o En su vida diaria ¿(NOMBRE) tiene alguna dificultad muda, retraso o deficiencia mental).",,,doc_2018.pdf p.68,ficha_variable
2018,poblacion,disc5,C (1),5,"Vestirse, bañarse o comer","{5,...,7}","sus brazos o piernas, persona ciega, sorda o",,,doc_2018.pdf p.68,ficha_variable
2018,poblacion,disc5,C (1),6,Poner atención o aprender cosas sencillas,"{5,...,7}","sus brazos o piernas, persona ciega, sorda o",,,doc_2018.pdf p.68,ficha_variable
2018,poblacion,disc5,C (1),7,Tiene alguna limitación mental,"{5,...,7}","sus brazos o piernas, persona ciega, sorda o",,,doc_2018.pdf p.68,ficha_variable
2018,poblacion,disc6,C (1),6,Poner atención o aprender cosas sencillas,"{6,7}","sus brazos o piernas, persona ciega, sorda o",,,doc_2018.pdf p.68,ficha_variable
2018,poblacion,disc6,C (1),7,Tiene alguna limitación mental,"{6,7}","sus brazos o piernas, persona ciega, sorda o",,,doc_2018.pdf p.68,ficha_variable
2018,poblacion,disc7,C (1),7,Tiene alguna limitación mental,{7},"sus brazos o piernas, persona ciega, sorda o En su vida diaria ¿(NOMBRE) tiene alguna dificultad",,,doc_2018.pdf p.68,ficha_variable
2018,poblacion,edo_conyug,C (1),1,Vive con su pareja o en unión libre,"{1,...,6}",o más años.,,,doc_2018.pdf p.75,ficha_variable
2018,poblacion,edo_conyug,C (1),2,Está casado(a),"{1,...,6}",o más años.,,,doc_2018.pdf p.75,ficha_variable
2018,poblacion,edo_conyug,C (1),3,Está separado(a),"{1,...,6}",o más años.,,,doc_2018.pdf p.75,ficha_variable
2018,poblacion,edo_conyug,C (1),4,Está divorciado(a),"{1,...,6}",o más años.,,,doc_2018.pdf p.75,ficha_variable
2018,poblacion,edo_conyug,C (1),5,Es viudo(a),"{1,...,6}",o más años.,,,doc_2018.pdf p.75,ficha_variable
2018,poblacion,edo_conyug,C (1),6,Está soltero(a),"{1,...,6}",o más años.,,,doc_2018.pdf p.75,ficha_variable
2018,poblacion,etnia,C (1),1,Sí,"{1,2}",cultura se consideran indígenas.,,,doc_2018.pdf p.71,ficha_variable
2018,poblacion,etnia,C (1),2,No,"{1,2}",cultura se consideran indígenas.,,,doc_2018.pdf p.71,ficha_variable
2018,poblacion,forma_b,C (1),1,Solo en dinero,"{1,...,5}",Forma en la que se recibió la beca escolar.,,,doc_2018.pdf p.73,ficha_variable
2018,poblacion,forma_b,C (1),2,Solo en artículos,"{1,...,5}",Forma en la que se recibió la beca escolar.,,,doc_2018.pdf p.73,ficha_variable
2018,poblacion,forma_b,C (1),3,En dinero y en artículos,"{1,...,5}",Forma en la que se recibió la beca escolar.,,,doc_2018.pdf p.73,ficha_variable
2018,poblacion,forma_b,C (1),4,No paga colegiatura,"{1,...,5}",Forma en la que se recibió la beca escolar.,,,doc_2018.pdf p.73,ficha_variable
2018,poblacion,forma_b,C (1),5,Solo paga parte de la colegiatura,"{1,...,5}",Forma en la que se recibió la beca escolar.,,,doc_2018.pdf p.73,ficha_variable
2018,poblacion,forma_c,C (1),&,No especificado,"{1,...,3}",Forma en la que se recibió el crédito educativo.,,,doc_2018.pdf p.73,ficha_variable
2018,poblacion,forma_c,C (1),1,Solo en dinero,"{1,...,3}",Forma en la que se recibió el crédito educativo.,,,doc_2018.pdf p.73,ficha_variable
2018,poblacion,forma_c,C (1),2,No paga colegiatura,"{1,...,3}",Forma en la que se recibió el crédito educativo.,,,doc_2018.pdf p.73,ficha_variable
2018,poblacion,forma_c,C (1),3,Solo paga parte de la colegiatura,"{1,...,3}",Forma en la que se recibió el crédito educativo.,,,doc_2018.pdf p.73,ficha_variable
2018,poblacion,grado,C (1),1,Primer año,"{1,...,6}",del hogar de 3 o más años dentro del Sistema Educativo Nacional.,,1,doc_2018.pdf p.72,ficha_variable
2018,poblacion,grado,C (1),2,Segundo año,"{1,...,6}",del hogar de 3 o más años dentro del Sistema Educativo Nacional.,,2,doc_2018.pdf p.72,ficha_variable
2018,poblacion,grado,C (1),3,Tercer año,"{1,...,6}",del hogar de 3 o más años dentro del Sistema Educativo Nacional.,,3,doc_2018.pdf p.72,ficha_variable
2018,poblacion,grado,C (1),4,Cuarto año,"{1,...,6}",del hogar de 3 o más años dentro del Sistema Educativo Nacional.,,4,doc_2018.pdf p.72,ficha_variable
2018,poblacion,grado,C (1),5,Quinto año,"{1,...,6}",del hogar de 3 o más años dentro del Sistema Educativo Nacional.,,5,doc_2018.pdf p.72,ficha_variable
2018,poblacion,grado,C (1),6,Sexto año,"{1,...,6}",del hogar de 3 o más años dentro del Sistema Educativo Nacional.,,6,doc_2018.pdf p.72,ficha_variable
2018,poblacion,gradoaprob,C (1),0,Ninguno,"{0,...,6}",integrante del hogar de 3 o más años dentro del Sistema Educativo Nacional. ¿Hasta qué año o grado aprobó (NOMBRE) en la,,0,doc_2018.pdf p.74,ficha_variable
2018,poblacion,gradoaprob,C (1),1,Primer año,"{0,...,6}",integrante del hogar de 3 o más años dentro del Sistema Educativo Nacional. ¿Hasta qué año o grado aprobó (NOMBRE) en la,,1,doc_2018.pdf p.74,ficha_variable
2018,poblacion,gradoaprob,C (1),2,Segundo año,"{0,...,6}",integrante del hogar de 3 o más años dentro del Sistema Educativo Nacional. ¿Hasta qué año o grado aprobó (NOMBRE) en la,,2,doc_2018.pdf p.74,ficha_variable
2018,poblacion,gradoaprob,C (1),3,Tercer año,"{0,...,6}",integrante del hogar de 3 o más años dentro del Sistema Educativo Nacional. ¿Hasta qué año o grado aprobó (NOMBRE) en la,,3,doc_2018.pdf p.74,ficha_variable
2018,poblacion,gradoaprob,C (1),4,Cuarto año,"{0,...,6}",integrante del hogar de 3 o más años dentro del Sistema Educativo Nacional. ¿Hasta qué año o grado aprobó (NOMBRE) en la,,4,doc_2018.pdf p.74,ficha_variable
2018,poblacion,gradoaprob,C (1),5,Quinto año,"{0,...,6}",integrante del hogar de 3 o más años dentro del Sistema Educativo Nacional. ¿Hasta qué año o grado aprobó (NOMBRE) en la,,5,doc_2018.pdf p.74,ficha_variable
2018,poblacion,gradoaprob,C (1),6,Sexto año,"{0,...,6}",integrante del hogar de 3 o más años dentro del Sistema Educativo Nacional. ¿Hasta qué año o grado aprobó (NOMBRE) en la,,6,doc_2018.pdf p.74,ficha_variable
2018,poblacion,hablaesp,C (1),1,Sí,"{1,2}",lengua indígena o dialecto también hablan el español.,,,doc_2018.pdf p.71,ficha_variable
2018,poblacion,hablaesp,C (1),2,No,"{1,2}",lengua indígena o dialecto también hablan el español.,,,doc_2018.pdf p.71,ficha_variable
2018,poblacion,hablaind,C (1),1,Sí,"{1,2}",lengua indígena o dialecto.,,,doc_2018.pdf p.70,ficha_variable
2018,poblacion,hablaind,C (1),2,No,"{1,2}",lengua indígena o dialecto.,,,doc_2018.pdf p.70,ficha_variable
2018,poblacion,hijos_sob,N (2),1,Trabajó el mes pasado,Sección y/o apartado Sección X,"hogar de 12 años o más, independientemente ¿Cuántas de sus hijas o hijos viven actualmente de donde residan.",,,doc_2018.pdf p.99,ficha_variable
2018,poblacion,hijos_sob,N (2),2,No trabajó el mes pasado,Sección y/o apartado Sección X,"hogar de 12 años o más, independientemente ¿Cuántas de sus hijas o hijos viven actualmente de donde residan.",,,doc_2018.pdf p.99,ficha_variable
2018,poblacion,inscr_1,C (1),1,Prestación en el trabajo,{1},personas a las instituciones de salud o que les otorgan alguna pensión.,,,doc_2018.pdf p.83,ficha_variable
2018,poblacion,inscr_2,C (1),2,Jubilación o invalidez,{2},personas a las instituciones de salud o que les otorgan alguna pensión.,,,doc_2018.pdf p.83,ficha_variable
2018,poblacion,inscr_3,C (1),3,Algún familiar en el hogar,{3},personas a las instituciones de salud o que les otorgan alguna pensión.,,,doc_2018.pdf p.83,ficha_variable
2018,poblacion,inscr_4,C (1),4,Muerte del asegurado,{4},personas a las instituciones de salud o que les otorgan alguna pensión.,,,doc_2018.pdf p.83,ficha_variable
2018,poblacion,inscr_5,C (1),5,Ser estudiante,{5},personas a las instituciones de salud o que les otorgan alguna pensión.,,,doc_2018.pdf p.83,ficha_variable
2018,poblacion,inscr_6,C (1),6,Contratación propia .9102 nóicpircseD .8102 y,{6},personas a las instituciones de salud o que les otorgan alguna pensión.,,,doc_2018.pdf p.83,ficha_variable
2018,poblacion,inscr_7,C (1),7,Algún familiar de otro hogar,{7},personas a las instituciones de salud o que les otorgan alguna pensión.,,,doc_2018.pdf p.84,ficha_variable
2018,poblacion,inscr_8,C (1),8,No sabe,{8},personas a las instituciones de salud o que les otorgan alguna pensión.,,,doc_2018.pdf p.84,ficha_variable
2018,poblacion,inst_1,C (1),1,En el IMSS,{1},la que está afiliada o inscrita las personas del hogar.,,,doc_2018.pdf p.82,ficha_variable
2018,poblacion,inst_2,C (1),2,En el ISSSTE,{2},la que está afiliada o inscrita las personas del hogar.,,,doc_2018.pdf p.82,ficha_variable
2018,poblacion,inst_3,C (1),3,En el ISSSTE estatal,{3},la que está afiliada o inscrita las personas del hogar.,,,doc_2018.pdf p.82,ficha_variable
2018,poblacion,inst_4,C (1),4,"Por PEMEX, la defensa o la Marina",{4},la que está afiliada o inscrita las personas del hogar.,,,doc_2018.pdf p.82,ficha_variable
2018,poblacion,inst_5,C (1),5,IMSS-Prospera,{5},la que está afiliada o inscrita las personas del hogar.,,,doc_2018.pdf p.82,ficha_variable
2018,poblacion,inst_6,C (1),6,Otro .9102 nóicpircseD .8102 y,{6},la que está afiliada o inscrita las personas del hogar.,,,doc_2018.pdf p.82,ficha_variable
2018,poblacion,madre_hog,C (1),1,Sí,"{1,2}",hogar.,,,doc_2018.pdf p.66,ficha_variable
2018,poblacion,madre_hog,C (1),2,No,"{1,2}",hogar.,,,doc_2018.pdf p.66,ficha_variable
2018,poblacion,madre_id,C (2),&,No especificado,Sección y/o apartado Sección III,Número de renglón correspondiente a la madre.,,,doc_2018.pdf p.67,ficha_variable
2018,poblacion,motivo_aus,C (2),01,Huelga o paro laboral,"{01,...,13}",hogar no trabajó el mes pasado.,,,doc_2018.pdf p.99,ficha_variable
2018,poblacion,motivo_aus,C (2),02,Paro técnico,"{01,...,13}",hogar no trabajó el mes pasado.,,,doc_2018.pdf p.99,ficha_variable
2018,poblacion,motivo_aus,C (2),03,Suspensión temporal de sus funciones,"{01,...,13}",hogar no trabajó el mes pasado.,,,doc_2018.pdf p.99,ficha_variable
2018,poblacion,motivo_aus,C (2),04,Asistencia a cursos de capacitación,"{01,...,13}",hogar no trabajó el mes pasado.,,,doc_2018.pdf p.99,ficha_variable
2018,poblacion,motivo_aus,C (2),05,Vacaciones,"{01,...,13}",hogar no trabajó el mes pasado.,,,doc_2018.pdf p.99,ficha_variable
2018,poblacion,motivo_aus,C (2),06,"Permiso, enfermedad o arreglo de asuntos personales","{01,...,13}",hogar no trabajó el mes pasado.,,,doc_2018.pdf p.99,ficha_variable
2018,poblacion,motivo_aus,C (2),07,Falta de vehículo o descompostura de máquina,"{01,...,13}",hogar no trabajó el mes pasado.,,,doc_2018.pdf p.99,ficha_variable
2018,poblacion,motivo_aus,C (2),08,"Falta de materias primas, financiamiento o clientes","{01,...,13}",hogar no trabajó el mes pasado.,,,doc_2018.pdf p.99,ficha_variable
2018,poblacion,motivo_aus,C (2),09,Mal tiempo o fenómeno natural,"{01,...,13}",hogar no trabajó el mes pasado.,,,doc_2018.pdf p.99,ficha_variable
2018,poblacion,motivo_aus,C (2),10,Término de temporada de trabajo o cultivo,"{01,...,13}",hogar no trabajó el mes pasado.,,,doc_2018.pdf p.99,ficha_variable
2018,poblacion,motivo_aus,C (2),11,Comenzará un trabajo o negocio nuevo,"{01,...,13}",hogar no trabajó el mes pasado.,,,doc_2018.pdf p.99,ficha_variable
2018,poblacion,motivo_aus,C (2),12,Otra razón,"{01,...,13}",hogar no trabajó el mes pasado.,,,doc_2018.pdf p.99,ficha_variable
2018,poblacion,motivo_aus,C (2),13,Ninguna de las anteriores,"{01,...,13}",hogar no trabajó el mes pasado.,,,doc_2018.pdf p.99,ficha_variable
2018,poblacion,nivel,C (1),01,Preescolar,"{01,...,13}",hogar de 3 o más años dentro del Sistema Educativo Nacional.,,01,doc_2018.pdf p.71,ficha_variable
2018,poblacion,nivel,C (1),02,Estancias infantiles,"{01,...,13}",hogar de 3 o más años dentro del Sistema Educativo Nacional.,,02,doc_2018.pdf p.71,ficha_variable
2018,poblacion,nivel,C (1),03,"Guarderías públicas (IMSS, ISSSTE, SEDENA, SEMAR, PEMEX)","{01,...,13}",hogar de 3 o más años dentro del Sistema Educativo Nacional.,,03,doc_2018.pdf p.71,ficha_variable
2018,poblacion,nivel,C (1),04,Centro de Desarrollo Infantil (CENDI) o Centro Asistencial de Desarrollo Infantil (CADI),"{01,...,13}",hogar de 3 o más años dentro del Sistema Educativo Nacional.,,04,doc_2018.pdf p.71,ficha_variable
2018,poblacion,nivel,C (1),05,Otras guarderías,"{01,...,13}",hogar de 3 o más años dentro del Sistema Educativo Nacional.,,05,doc_2018.pdf p.71,ficha_variable
2018,poblacion,nivel,C (1),06,Primaria,"{01,...,13}",hogar de 3 o más años dentro del Sistema Educativo Nacional.,,06,doc_2018.pdf p.71,ficha_variable
2018,poblacion,nivel,C (1),07,Secundaria,"{01,...,13}",hogar de 3 o más años dentro del Sistema Educativo Nacional.,,07,doc_2018.pdf p.71,ficha_variable
2018,poblacion,nivel,C (1),08,Carrera técnica con secundaria terminada,"{01,...,13}",hogar de 3 o más años dentro del Sistema Educativo Nacional.,,08,doc_2018.pdf p.71,ficha_variable
2018,poblacion,nivel,C (1),09,Preparatoria o bachillerato,"{01,...,13}",hogar de 3 o más años dentro del Sistema Educativo Nacional.,,09,doc_2018.pdf p.71,ficha_variable
2018,poblacion,nivel,C (1),10,Carrera técnica con preparatoria terminada,"{01,...,13}",hogar de 3 o más años dentro del Sistema Educativo Nacional.,,10,doc_2018.pdf p.71,ficha_variable
2018,poblacion,nivel,C (1),11,Normal,"{01,...,13}",hogar de 3 o más años dentro del Sistema Educativo Nacional.,,11,doc_2018.pdf p.71,ficha_variable
2018,poblacion,nivel,C (1),12,Profesional,"{01,...,13}",hogar de 3 o más años dentro del Sistema Educativo Nacional.,,12,doc_2018.pdf p.71,ficha_variable
2018,poblacion,nivel,C (1),13,Maestría o doctorado,"{01,...,13}",hogar de 3 o más años dentro del Sistema Educativo Nacional.,,13,doc_2018.pdf p.71,ficha_variable
2018,poblacion,nivelaprob,C (1),0,Ninguno,"{0,...,9}",integrante del hogar de 3 o más años dentro del ¿Hasta qué año o grado aprobó (NOMBRE) en la Sistema Educativo Nacional.,,0,doc_2018.pdf p.74,ficha_variable
2018,poblacion,nivelaprob,C (1),1,Preescolar,"{0,...,9}",integrante del hogar de 3 o más años dentro del ¿Hasta qué año o grado aprobó (NOMBRE) en la Sistema Educativo Nacional.,,1,doc_2018.pdf p.74,ficha_variable
2018,poblacion,nivelaprob,C (1),2,Primaria,"{0,...,9}",integrante del hogar de 3 o más años dentro del ¿Hasta qué año o grado aprobó (NOMBRE) en la Sistema Educativo Nacional.,,2,doc_2018.pdf p.74,ficha_variable
2018,poblacion,nivelaprob,C (1),3,Secundaria,"{0,...,9}",integrante del hogar de 3 o más años dentro del ¿Hasta qué año o grado aprobó (NOMBRE) en la Sistema Educativo Nacional.,,3,doc_2018.pdf p.74,ficha_variable
2018,poblacion,nivelaprob,C (1),4,Preparatoria o bachillerato,"{0,...,9}",integrante del hogar de 3 o más años dentro del ¿Hasta qué año o grado aprobó (NOMBRE) en la Sistema Educativo Nacional.,,4,doc_2018.pdf p.74,ficha_variable
2018,poblacion,nivelaprob,C (1),5,Normal,"{0,...,9}",integrante del hogar de 3 o más años dentro del ¿Hasta qué año o grado aprobó (NOMBRE) en la Sistema Educativo Nacional.,,5,doc_2018.pdf p.74,ficha_variable
2018,poblacion,nivelaprob,C (1),6,Carrera técnica o comercial,"{0,...,9}",integrante del hogar de 3 o más años dentro del ¿Hasta qué año o grado aprobó (NOMBRE) en la Sistema Educativo Nacional.,,6,doc_2018.pdf p.74,ficha_variable
2018,poblacion,nivelaprob,C (1),7,Profesional,"{0,...,9}",integrante del hogar de 3 o más años dentro del ¿Hasta qué año o grado aprobó (NOMBRE) en la Sistema Educativo Nacional.,,7,doc_2018.pdf p.74,ficha_variable
2018,poblacion,nivelaprob,C (1),8,Maestría,"{0,...,9}",integrante del hogar de 3 o más años dentro del ¿Hasta qué año o grado aprobó (NOMBRE) en la Sistema Educativo Nacional.,,8,doc_2018.pdf p.74,ficha_variable
2018,poblacion,nivelaprob,C (1),9,Doctorado,"{0,...,9}",integrante del hogar de 3 o más años dentro del ¿Hasta qué año o grado aprobó (NOMBRE) en la Sistema Educativo Nacional.,,9,doc_2018.pdf p.74,ficha_variable
2018,poblacion,noatenc_1,,01,No hay donde atenderse,{01},cuando lo requiere.,,,doc_2018.pdf p.89,ficha_variable
2018,poblacion,noatenc_10,C (2),10,La unidad médica no estaba abierta,{10},cuando lo requiere.,,,doc_2018.pdf p.91,ficha_variable
2018,poblacion,noatenc_11,C (2),11,No había médico en la unidad,{11},cuando lo requiere.,,,doc_2018.pdf p.91,ficha_variable
2018,poblacion,noatenc_12,C (2),12,Se lo impidió un integrante del hogar,,cuando lo requiere.,,,doc_2018.pdf p.91,ficha_variable
2018,poblacion,noatenc_13,C (2),13,No tuvo tiempo,{13},cuando lo requiere.,,,doc_2018.pdf p.92,ficha_variable
2018,poblacion,noatenc_14,C (2),14,No hubo quién lo llevara,{14},cuando lo requiere.,,,doc_2018.pdf p.92,ficha_variable
2018,poblacion,noatenc_15,C (2),15,No quiso o no era necesario,{15},cuando lo requiere.,,,doc_2018.pdf p.92,ficha_variable
2018,poblacion,noatenc_16,C (2),16,Se automedicó o autorecetó,{16},cuando lo requiere.,,,doc_2018.pdf p.92,ficha_variable
2018,poblacion,noatenc_2,C (2),02,No tenía dinero,{02},cuando lo requiere.,,,doc_2018.pdf p.89,ficha_variable
2018,poblacion,noatenc_3,C (2),03,La clínica u hospital queda lejos,{03},cuando lo requiere.,,,doc_2018.pdf p.90,ficha_variable
2018,poblacion,noatenc_4,C (2),04,No lo(la) atienden aunque vaya a la unidad médica,{04},cuando lo requiere.,,,doc_2018.pdf p.90,ficha_variable
2018,poblacion,noatenc_5,,05,No le tiene confianza al personal de la unidad médica,{05},cuando lo requiere.,,,doc_2018.pdf p.90,ficha_variable
2018,poblacion,noatenc_6,C (2),06,Lo(la) trataron mal donde se atiende,{06},cuando lo requiere.,,,doc_2018.pdf p.90,ficha_variable
2018,poblacion,noatenc_7,C (2),07,No hablan la misma lengua que usted,{07},cuando lo requiere.,,,doc_2018.pdf p.90,ficha_variable
2018,poblacion,noatenc_8,C (2),08,Hay que esperar mucho para ser atendido(a),{08},cuando lo requiere.,,,doc_2018.pdf p.91,ficha_variable
2018,poblacion,noatenc_9,C (2),09,No le dan el medicamento que necesita,,cuando lo requiere.,,,doc_2018.pdf p.91,ficha_variable
2018,poblacion,norecib_1,C (2),01,Centros de salud (secretaría de salud),{01},recibió.,,,doc_2018.pdf p.92,ficha_variable
2018,poblacion,norecib_10,C (2),10,"Curandero, hierbero, comadrona, brujo, etcétera",{10},recibió.,,,doc_2018.pdf p.94,ficha_variable
2018,poblacion,norecib_11,C (2),11,Otro,{11},recibió.,,,doc_2018.pdf p.94,ficha_variable
2018,poblacion,norecib_2,C (2),02,Hospital o instituto (secretaría de salud),{02},recibió.,,,doc_2018.pdf p.93,ficha_variable
2018,poblacion,norecib_3,C (2),03,Seguro Social o IMSS,{03},recibió.,,,doc_2018.pdf p.93,ficha_variable
2018,poblacion,norecib_4,C (2),04,IMSS-PROSPERA,{04},recibió.,,,doc_2018.pdf p.93,ficha_variable
2018,poblacion,norecib_5,C (2),05,ISSSTE,{05},recibió.,,,doc_2018.pdf p.93,ficha_variable
2018,poblacion,norecib_6,C (2),06,ISSSTE estatal,{06},recibió.,,,doc_2018.pdf p.93,ficha_variable
2018,poblacion,norecib_7,C (2),07,"Otro servicio médico público (PEMEX, Defensa, Marina, DIF, INI, GDF)",{07},recibió.,,,doc_2018.pdf p.94,ficha_variable
2018,poblacion,norecib_8,C (2),08,Consultorios y hospitales privados,{08},recibió.,,,doc_2018.pdf p.94,ficha_variable
2018,poblacion,norecib_9,C (2),09,Consultorio de farmacias,{09},recibió.,,,doc_2018.pdf p.94,ficha_variable
2018,poblacion,num_trabaj,C (1),1,Solo 1,"{1,2}",hogar realizaron durante el mes pasado.,,,doc_2018.pdf p.100,ficha_variable
2018,poblacion,num_trabaj,C (1),2,Dos o más .9102 nóicpircseD .8102 y,"{1,2}",hogar realizaron durante el mes pasado.,,,doc_2018.pdf p.100,ficha_variable
2018,poblacion,otorg_b,C (1),1,El programa PROSPERA,"{1,...,5}",escolar.,,,doc_2018.pdf p.72,ficha_variable
2018,poblacion,otorg_b,C (1),2,Su escuela pública o de gobierno,"{1,...,5}",escolar.,,,doc_2018.pdf p.72,ficha_variable
2018,poblacion,otorg_b,C (1),3,Su escuela privada o de paga,"{1,...,5}",escolar.,,,doc_2018.pdf p.72,ficha_variable
2018,poblacion,otorg_b,C (1),4,Un organismo de gobierno,"{1,...,5}",escolar.,,,doc_2018.pdf p.72,ficha_variable
2018,poblacion,otorg_b,C (1),5,Una institución privada,"{1,...,5}",escolar.,,,doc_2018.pdf p.72,ficha_variable
2018,poblacion,otorg_c,C (1),1,Su escuela pública o de gobierno,"{1,...,4}",educativo.,,,doc_2018.pdf p.73,ficha_variable
2018,poblacion,otorg_c,C (1),2,Su escuela privada o de paga,"{1,...,4}",educativo.,,,doc_2018.pdf p.73,ficha_variable
2018,poblacion,otorg_c,C (1),3,Un organismo de gobierno,"{1,...,4}",educativo.,,,doc_2018.pdf p.73,ficha_variable
2018,poblacion,otorg_c,C (1),4,Una institución privada,"{1,...,4}",educativo.,,,doc_2018.pdf p.73,ficha_variable
2018,poblacion,padre_hog,C (1),1,Sí,"{1,2}",Identifican al padre de las personas del hogar.,,,doc_2018.pdf p.67,ficha_variable
2018,poblacion,padre_hog,C (1),2,No,"{1,2}",Identifican al padre de las personas del hogar.,,,doc_2018.pdf p.67,ficha_variable
2018,poblacion,padre_id,C (2),&,No especificado,Sección y/o apartado Sección III,Número de renglón correspondiente al padre.,,,doc_2018.pdf p.67,ficha_variable
2018,poblacion,pagoaten_1,C (1),1,Consulta,{1},"Pago de atención médica. En aquella ocasión, ¿tuvo que pagar por algunos de",,,doc_2018.pdf p.88,ficha_variable
2018,poblacion,pagoaten_2,C (1),2,Medicamentos,{2},"Pago de atención médica. En aquella ocasión, ¿tuvo que pagar por algunos de",,,doc_2018.pdf p.88,ficha_variable
2018,poblacion,pagoaten_3,C (1),3,Estudios de laboratorio,{3},"Pago de atención médica. En aquella ocasión, ¿tuvo que pagar por algunos de",,,doc_2018.pdf p.88,ficha_variable
2018,poblacion,pagoaten_4,C (1),4,Hospitalización,{4},"Pago de atención médica. En aquella ocasión, ¿tuvo que pagar por algunos de",,,doc_2018.pdf p.88,ficha_variable
2018,poblacion,pagoaten_5,C (1),5,Instrumental médico,{5},"Pago de atención médica. En aquella ocasión, ¿tuvo que pagar por algunos de",,,doc_2018.pdf p.89,ficha_variable
2018,poblacion,pagoaten_6,C (1),6,Otro,{6},"Pago de atención médica. En aquella ocasión, ¿tuvo que pagar por algunos de",,,doc_2018.pdf p.89,ficha_variable
2018,poblacion,pagoaten_7,C (1),7,No pagó nada,{7},"Pago de atención médica. En aquella ocasión, ¿tuvo que pagar por algunos de",,,doc_2018.pdf p.89,ficha_variable
2018,poblacion,pareja_hog,C (1),1,Sí,"{1,2}","años. En este hogar, ¿vive la pareja o esposa(o) de",,,doc_2018.pdf p.75,ficha_variable
2018,poblacion,pareja_hog,C (1),2,No,"{1,2}","años. En este hogar, ¿vive la pareja o esposa(o) de",,,doc_2018.pdf p.75,ficha_variable
2018,poblacion,parentesco,C (3),101,Jefe(a),Catálogo de parentesco,"conyugal, por consanguinidad, adopción,",catalogo_parentesco,,doc_2018.pdf p.179,catalogo_externo_pdf
2018,poblacion,parentesco,C (3),102,Persona sola,Catálogo de parentesco,"conyugal, por consanguinidad, adopción,",catalogo_parentesco,,doc_2018.pdf p.179,catalogo_externo_pdf
2018,poblacion,parentesco,C (3),201,"Esposo(a), compañero(a), cónyuge, pareja, marido, mujer, señor(a), consorte",Catálogo de parentesco,"conyugal, por consanguinidad, adopción,",catalogo_parentesco,,doc_2018.pdf p.179,catalogo_externo_pdf
2018,poblacion,parentesco,C (3),202,Concubino(a),Catálogo de parentesco,"conyugal, por consanguinidad, adopción,",catalogo_parentesco,,doc_2018.pdf p.179,catalogo_externo_pdf
2018,poblacion,parentesco,C (3),203,Amasio(a),Catálogo de parentesco,"conyugal, por consanguinidad, adopción,",catalogo_parentesco,,doc_2018.pdf p.179,catalogo_externo_pdf
2018,poblacion,parentesco,C (3),204,"Querido(a), amante",Catálogo de parentesco,"conyugal, por consanguinidad, adopción,",catalogo_parentesco,,doc_2018.pdf p.179,catalogo_externo_pdf
2018,poblacion,parentesco,C (3),205,Pareja del mismo sexo,Catálogo de parentesco,"conyugal, por consanguinidad, adopción,",catalogo_parentesco,,doc_2018.pdf p.179,catalogo_externo_pdf
2018,poblacion,parentesco,C (3),301,"Hijo(a), hijo(a) consanguíneo, hijo(a) reconocido",Catálogo de parentesco,"conyugal, por consanguinidad, adopción,",catalogo_parentesco,,doc_2018.pdf p.179,catalogo_externo_pdf
2018,poblacion,parentesco,C (3),302,Hijo(a) adoptivo(a),Catálogo de parentesco,"conyugal, por consanguinidad, adopción,",catalogo_parentesco,,doc_2018.pdf p.179,catalogo_externo_pdf
2018,poblacion,parentesco,C (3),303,"Hijastro(a), entenado(a)",Catálogo de parentesco,"conyugal, por consanguinidad, adopción,",catalogo_parentesco,,doc_2018.pdf p.179,catalogo_externo_pdf
2018,poblacion,parentesco,C (3),304,Hijo(a) de crianza,Catálogo de parentesco,"conyugal, por consanguinidad, adopción,",catalogo_parentesco,,doc_2018.pdf p.179,catalogo_externo_pdf
2018,poblacion,parentesco,C (3),305,Hijo(a) recogido(a),Catálogo de parentesco,"conyugal, por consanguinidad, adopción,",catalogo_parentesco,,doc_2018.pdf p.179,catalogo_externo_pdf
2018,poblacion,parentesco,C (3),401,Trabajador(a) domestico(a),Catálogo de parentesco,"conyugal, por consanguinidad, adopción,",catalogo_parentesco,,doc_2018.pdf p.179,catalogo_externo_pdf
2018,poblacion,parentesco,C (3),402,Recamarero(a),Catálogo de parentesco,"conyugal, por consanguinidad, adopción,",catalogo_parentesco,,doc_2018.pdf p.179,catalogo_externo_pdf
2018,poblacion,parentesco,C (3),403,Cocinero(a),Catálogo de parentesco,"conyugal, por consanguinidad, adopción,",catalogo_parentesco,,doc_2018.pdf p.179,catalogo_externo_pdf
2018,poblacion,parentesco,C (3),404,Lavandera(o),Catálogo de parentesco,"conyugal, por consanguinidad, adopción,",catalogo_parentesco,,doc_2018.pdf p.179,catalogo_externo_pdf
2018,poblacion,parentesco,C (3),405,"Nana, niñera, nodriza",Catálogo de parentesco,"conyugal, por consanguinidad, adopción,",catalogo_parentesco,,doc_2018.pdf p.179,catalogo_externo_pdf
2018,poblacion,parentesco,C (3),406,Mozo,Catálogo de parentesco,"conyugal, por consanguinidad, adopción,",catalogo_parentesco,,doc_2018.pdf p.179,catalogo_externo_pdf
2018,poblacion,parentesco,C (3),407,Jardinero(a),Catálogo de parentesco,"conyugal, por consanguinidad, adopción,",catalogo_parentesco,,doc_2018.pdf p.179,catalogo_externo_pdf
2018,poblacion,parentesco,C (3),408,"Velador, vigilante",Catálogo de parentesco,"conyugal, por consanguinidad, adopción,",catalogo_parentesco,,doc_2018.pdf p.179,catalogo_externo_pdf
2018,poblacion,parentesco,C (3),409,Portero(a),Catálogo de parentesco,"conyugal, por consanguinidad, adopción,",catalogo_parentesco,,doc_2018.pdf p.179,catalogo_externo_pdf
2018,poblacion,parentesco,C (3),410,Chofer,Catálogo de parentesco,"conyugal, por consanguinidad, adopción,",catalogo_parentesco,,doc_2018.pdf p.179,catalogo_externo_pdf
2018,poblacion,parentesco,C (3),411,Ama de llaves,Catálogo de parentesco,"conyugal, por consanguinidad, adopción,",catalogo_parentesco,,doc_2018.pdf p.179,catalogo_externo_pdf
2018,poblacion,parentesco,C (3),412,Mayordomo,Catálogo de parentesco,"conyugal, por consanguinidad, adopción,",catalogo_parentesco,,doc_2018.pdf p.179,catalogo_externo_pdf
2018,poblacion,parentesco,C (3),413,"Dama de compañía, acompañante",Catálogo de parentesco,"conyugal, por consanguinidad, adopción,",catalogo_parentesco,,doc_2018.pdf p.179,catalogo_externo_pdf
2018,poblacion,parentesco,C (3),421,Esposo(a) del(la) trabajador(a) doméstico(a),Catálogo de parentesco,"conyugal, por consanguinidad, adopción,",catalogo_parentesco,,doc_2018.pdf p.179,catalogo_externo_pdf
2018,poblacion,parentesco,C (3),431,Hijo(a) del(la) trabajador(a) doméstico(a),Catálogo de parentesco,"conyugal, por consanguinidad, adopción,",catalogo_parentesco,,doc_2018.pdf p.179,catalogo_externo_pdf
2018,poblacion,parentesco,C (3),441,"Madre, padre del(la) trabajador(a) doméstico(a)",Catálogo de parentesco,"conyugal, por consanguinidad, adopción,",catalogo_parentesco,,doc_2018.pdf p.179,catalogo_externo_pdf
2018,poblacion,parentesco,C (3),451,Nieto(a) del(la) trabajador(a) doméstico(a),Catálogo de parentesco,"conyugal, por consanguinidad, adopción,",catalogo_parentesco,,doc_2018.pdf p.179,catalogo_externo_pdf
2018,poblacion,parentesco,C (3),461,Otro pariente del(la) trabajador(a) doméstico(a),Catálogo de parentesco,"conyugal, por consanguinidad, adopción,",catalogo_parentesco,,doc_2018.pdf p.179,catalogo_externo_pdf
2018,poblacion,parentesco,C (3),501,No tiene parentesco,Catálogo de parentesco,"conyugal, por consanguinidad, adopción,",catalogo_parentesco,,doc_2018.pdf p.179,catalogo_externo_pdf
2018,poblacion,parentesco,C (3),502,Tutor(a),Catálogo de parentesco,"conyugal, por consanguinidad, adopción,",catalogo_parentesco,,doc_2018.pdf p.179,catalogo_externo_pdf
2018,poblacion,parentesco,C (3),503,"Tutelado(a), pupilo(a), alumno(a)",Catálogo de parentesco,"conyugal, por consanguinidad, adopción,",catalogo_parentesco,,doc_2018.pdf p.179,catalogo_externo_pdf
2018,poblacion,parentesco,C (3),601,"Madre, padre",Catálogo de parentesco,"conyugal, por consanguinidad, adopción,",catalogo_parentesco,,doc_2018.pdf p.179,catalogo_externo_pdf
2018,poblacion,parentesco,C (3),602,"Padrastro, madrastra",Catálogo de parentesco,"conyugal, por consanguinidad, adopción,",catalogo_parentesco,,doc_2018.pdf p.179,catalogo_externo_pdf
2018,poblacion,parentesco,C (3),603,Hermano(a),Catálogo de parentesco,"conyugal, por consanguinidad, adopción,",catalogo_parentesco,,doc_2018.pdf p.179,catalogo_externo_pdf
2018,poblacion,parentesco,C (3),604,Medio(a) hermano(a),Catálogo de parentesco,"conyugal, por consanguinidad, adopción,",catalogo_parentesco,,doc_2018.pdf p.179,catalogo_externo_pdf
2018,poblacion,parentesco,C (3),605,Hermanastro(a),Catálogo de parentesco,"conyugal, por consanguinidad, adopción,",catalogo_parentesco,,doc_2018.pdf p.179,catalogo_externo_pdf
2018,poblacion,parentesco,C (3),606,Abuelo(a),Catálogo de parentesco,"conyugal, por consanguinidad, adopción,",catalogo_parentesco,,doc_2018.pdf p.179,catalogo_externo_pdf
2018,poblacion,parentesco,C (3),607,Bisabuelo(a),Catálogo de parentesco,"conyugal, por consanguinidad, adopción,",catalogo_parentesco,,doc_2018.pdf p.179,catalogo_externo_pdf
2018,poblacion,parentesco,C (3),608,Tatarabuelo(a),Catálogo de parentesco,"conyugal, por consanguinidad, adopción,",catalogo_parentesco,,doc_2018.pdf p.179,catalogo_externo_pdf
2018,poblacion,parentesco,C (3),609,Nieto(a),Catálogo de parentesco,"conyugal, por consanguinidad, adopción,",catalogo_parentesco,,doc_2018.pdf p.179,catalogo_externo_pdf
2018,poblacion,parentesco,C (3),610,Bisnieto(a),Catálogo de parentesco,"conyugal, por consanguinidad, adopción,",catalogo_parentesco,,doc_2018.pdf p.179,catalogo_externo_pdf
2018,poblacion,parentesco,C (3),611,Tataranieto(a),Catálogo de parentesco,"conyugal, por consanguinidad, adopción,",catalogo_parentesco,,doc_2018.pdf p.179,catalogo_externo_pdf
2018,poblacion,parentesco,C (3),612,Tío(a),Catálogo de parentesco,"conyugal, por consanguinidad, adopción,",catalogo_parentesco,,doc_2018.pdf p.179,catalogo_externo_pdf
2018,poblacion,parentesco,C (3),613,Sobrino(a) .9102 nóicpircseD .8102 y,Catálogo de parentesco,"conyugal, por consanguinidad, adopción,",catalogo_parentesco,,doc_2018.pdf p.179,catalogo_externo_pdf
2018,poblacion,parentesco,C (3),614,Primo(a),Catálogo de parentesco,"conyugal, por consanguinidad, adopción,",catalogo_parentesco,,doc_2018.pdf p.180,catalogo_externo_pdf
2018,poblacion,parentesco,C (3),615,Suegro(a),Catálogo de parentesco,"conyugal, por consanguinidad, adopción,",catalogo_parentesco,,doc_2018.pdf p.180,catalogo_externo_pdf
2018,poblacion,parentesco,C (3),616,Consuegro(a),Catálogo de parentesco,"conyugal, por consanguinidad, adopción,",catalogo_parentesco,,doc_2018.pdf p.180,catalogo_externo_pdf
2018,poblacion,parentesco,C (3),617,"Nuera, yerno",Catálogo de parentesco,"conyugal, por consanguinidad, adopción,",catalogo_parentesco,,doc_2018.pdf p.180,catalogo_externo_pdf
2018,poblacion,parentesco,C (3),618,Cuñado(a),Catálogo de parentesco,"conyugal, por consanguinidad, adopción,",catalogo_parentesco,,doc_2018.pdf p.180,catalogo_externo_pdf
2018,poblacion,parentesco,C (3),619,Concuño(a),Catálogo de parentesco,"conyugal, por consanguinidad, adopción,",catalogo_parentesco,,doc_2018.pdf p.180,catalogo_externo_pdf
2018,poblacion,parentesco,C (3),620,"Padrino, madrina",Catálogo de parentesco,"conyugal, por consanguinidad, adopción,",catalogo_parentesco,,doc_2018.pdf p.180,catalogo_externo_pdf
2018,poblacion,parentesco,C (3),621,Ahijado(a),Catálogo de parentesco,"conyugal, por consanguinidad, adopción,",catalogo_parentesco,,doc_2018.pdf p.180,catalogo_externo_pdf
2018,poblacion,parentesco,C (3),622,"Compadre, comadre",Catálogo de parentesco,"conyugal, por consanguinidad, adopción,",catalogo_parentesco,,doc_2018.pdf p.180,catalogo_externo_pdf
2018,poblacion,parentesco,C (3),623,"Familiar, otro parentesco",Catálogo de parentesco,"conyugal, por consanguinidad, adopción,",catalogo_parentesco,,doc_2018.pdf p.180,catalogo_externo_pdf
2018,poblacion,parentesco,C (3),701,"Huésped, abonado(a), pensionista",Catálogo de parentesco,"conyugal, por consanguinidad, adopción,",catalogo_parentesco,,doc_2018.pdf p.180,catalogo_externo_pdf
2018,poblacion,parentesco,C (3),711,Esposo(a) del(la) huésped,Catálogo de parentesco,"conyugal, por consanguinidad, adopción,",catalogo_parentesco,,doc_2018.pdf p.180,catalogo_externo_pdf
2018,poblacion,parentesco,C (3),712,Hijo(a) del(la) huésped,Catálogo de parentesco,"conyugal, por consanguinidad, adopción,",catalogo_parentesco,,doc_2018.pdf p.180,catalogo_externo_pdf
2018,poblacion,parentesco,C (3),713,Madre o padre del(la) huésped,Catálogo de parentesco,"conyugal, por consanguinidad, adopción,",catalogo_parentesco,,doc_2018.pdf p.180,catalogo_externo_pdf
2018,poblacion,parentesco,C (3),714,Nieto(a) pariente del(la) huésped,Catálogo de parentesco,"conyugal, por consanguinidad, adopción,",catalogo_parentesco,,doc_2018.pdf p.180,catalogo_externo_pdf
2018,poblacion,parentesco,C (3),715,Otro(a) pariente del(la) huésped,Catálogo de parentesco,"conyugal, por consanguinidad, adopción,",catalogo_parentesco,,doc_2018.pdf p.180,catalogo_externo_pdf
2018,poblacion,parentesco,C (3),999,Parentesco no especificado,Catálogo de parentesco,"conyugal, por consanguinidad, adopción,",catalogo_parentesco,,doc_2018.pdf p.180,catalogo_externo_pdf
2018,poblacion,peso,C (1),1,Sí,"{1,2}","cuidado de la salud o de vigilancia del ¿En los últimos doce meses, algún médico o desarrollo de la persona.",,,doc_2018.pdf p.97,ficha_variable
2018,poblacion,peso,C (1),2,No,"{1,2}","cuidado de la salud o de vigilancia del ¿En los últimos doce meses, algún médico o desarrollo de la persona.",,,doc_2018.pdf p.97,ficha_variable
2018,poblacion,pres_alta,C (1),1,Sí,"{1,2}",médicos preventivos asociados a problemas ¿En los últimos doce meses le han medido a usted cardiacos.,,,doc_2018.pdf p.97,ficha_variable
2018,poblacion,pres_alta,C (1),2,No,"{1,2}",médicos preventivos asociados a problemas ¿En los últimos doce meses le han medido a usted cardiacos.,,,doc_2018.pdf p.97,ficha_variable
2018,poblacion,prob_anio,C (4),&,No especificado,Sección y/o apartado,"¿Cuándo fue la última vez que sufrió algún dolor, salud.",,,doc_2018.pdf p.84,ficha_variable
2018,poblacion,prob_mes,C (2),&,No especificado,"{01,...,12}","¿Cuándo fue la última vez que sufrió algún dolor, salud.",,,doc_2018.pdf p.84,ficha_variable
2018,poblacion,prob_mes,C (2),01,Enero,"{01,...,12}","¿Cuándo fue la última vez que sufrió algún dolor, salud.",,,doc_2018.pdf p.84,ficha_variable
2018,poblacion,prob_mes,C (2),02,Febrero,"{01,...,12}","¿Cuándo fue la última vez que sufrió algún dolor, salud.",,,doc_2018.pdf p.84,ficha_variable
2018,poblacion,prob_mes,C (2),03,Marzo,"{01,...,12}","¿Cuándo fue la última vez que sufrió algún dolor, salud.",,,doc_2018.pdf p.84,ficha_variable
2018,poblacion,prob_mes,C (2),04,Abril,"{01,...,12}","¿Cuándo fue la última vez que sufrió algún dolor, salud.",,,doc_2018.pdf p.84,ficha_variable
2018,poblacion,prob_mes,C (2),05,Mayo,"{01,...,12}","¿Cuándo fue la última vez que sufrió algún dolor, salud.",,,doc_2018.pdf p.84,ficha_variable
2018,poblacion,prob_mes,C (2),06,Junio,"{01,...,12}","¿Cuándo fue la última vez que sufrió algún dolor, salud.",,,doc_2018.pdf p.84,ficha_variable
2018,poblacion,prob_mes,C (2),07,Julio,"{01,...,12}","¿Cuándo fue la última vez que sufrió algún dolor, salud.",,,doc_2018.pdf p.84,ficha_variable
2018,poblacion,prob_mes,C (2),08,Agosto,"{01,...,12}","¿Cuándo fue la última vez que sufrió algún dolor, salud.",,,doc_2018.pdf p.84,ficha_variable
2018,poblacion,prob_mes,C (2),09,Septiembre,"{01,...,12}","¿Cuándo fue la última vez que sufrió algún dolor, salud.",,,doc_2018.pdf p.84,ficha_variable
2018,poblacion,prob_mes,C (2),10,Octubre,"{01,...,12}","¿Cuándo fue la última vez que sufrió algún dolor, salud.",,,doc_2018.pdf p.84,ficha_variable
2018,poblacion,prob_mes,C (2),11,Noviembre,"{01,...,12}","¿Cuándo fue la última vez que sufrió algún dolor, salud.",,,doc_2018.pdf p.84,ficha_variable
2018,poblacion,prob_mes,C (2),12,Diciembre,"{01,...,12}","¿Cuándo fue la última vez que sufrió algún dolor, salud.",,,doc_2018.pdf p.84,ficha_variable
2018,poblacion,prob_sal,C (1),1,Sí,"{1,2}",salud que les haya impedido realizar sus actividades diarias.,,,doc_2018.pdf p.85,ficha_variable
2018,poblacion,prob_sal,C (1),2,No,"{1,2}",salud que les haya impedido realizar sus actividades diarias.,,,doc_2018.pdf p.85,ficha_variable
2018,poblacion,razon_1,C (2),01,No tenía dinero,{01},Motivo por el cual no lo atendieron.,,,doc_2018.pdf p.95,ficha_variable
2018,poblacion,razon_10,C (2),10,El personal de la unidad le dijo que no era necesario que se atendiera,{10},Motivo por el cual no lo atendieron.,,,doc_2018.pdf p.96,ficha_variable
2018,poblacion,razon_11,C (2),11,Otro,{11},Motivo por el cual no lo atendieron.,,,doc_2018.pdf p.97,ficha_variable
2018,poblacion,razon_2,C (2),02,No entendía su lengua,{02},Motivo por el cual no lo atendieron.,,,doc_2018.pdf p.95,ficha_variable
2018,poblacion,razon_3,C (2),03,No quisieron,{03},Motivo por el cual no lo atendieron.,,,doc_2018.pdf p.95,ficha_variable
2018,poblacion,razon_4,C (2),04,Dijeron que no era necesario,{04},Motivo por el cual no lo atendieron.,,,doc_2018.pdf p.95,ficha_variable
2018,poblacion,razon_5,C (2),05,No tenían tiempo,{05},Motivo por el cual no lo atendieron.,,,doc_2018.pdf p.95,ficha_variable
2018,poblacion,razon_6,C (2),06,La unidad médica estaba cerrada,{06},Motivo por el cual no lo atendieron.,,,doc_2018.pdf p.96,ficha_variable
2018,poblacion,razon_7,C (2),07,Le dieron cita hasta mucho tiempo después,{07},Motivo por el cual no lo atendieron.,,,doc_2018.pdf p.96,ficha_variable
2018,poblacion,razon_8,C (2),08,No había médico en la unidad,{08},Motivo por el cual no lo atendieron.,,,doc_2018.pdf p.96,ficha_variable
2018,poblacion,razon_9,C (2),09,No le dieron ninguna razón,{09},Motivo por el cual no lo atendieron.,,,doc_2018.pdf p.96,ficha_variable
2018,poblacion,redsoc_1,C (1),1,Imposible conseguirla,"{1,...,5}",personas podrían conseguir ayuda para ¿Cree usted que si necesitara pedir ayuda para conseguir un trabajo.,,,doc_2018.pdf p.76,ficha_variable
2018,poblacion,redsoc_1,C (1),2,Difícil conseguirla,"{1,...,5}",personas podrían conseguir ayuda para ¿Cree usted que si necesitara pedir ayuda para conseguir un trabajo.,,,doc_2018.pdf p.76,ficha_variable
2018,poblacion,redsoc_1,C (1),3,Fácil conseguirla,"{1,...,5}",personas podrían conseguir ayuda para ¿Cree usted que si necesitara pedir ayuda para conseguir un trabajo.,,,doc_2018.pdf p.76,ficha_variable
2018,poblacion,redsoc_1,C (1),4,Muy fácil conseguirla,"{1,...,5}",personas podrían conseguir ayuda para ¿Cree usted que si necesitara pedir ayuda para conseguir un trabajo.,,,doc_2018.pdf p.76,ficha_variable
2018,poblacion,redsoc_1,C (1),5,Ni fácil ni difícil conseguirla (espontánea),"{1,...,5}",personas podrían conseguir ayuda para ¿Cree usted que si necesitara pedir ayuda para conseguir un trabajo.,,,doc_2018.pdf p.76,ficha_variable
2018,poblacion,redsoc_2,C (1),1,Imposible conseguirla,"{1,...,5}",personas podrían conseguir ayuda para que ¿Cree usted que si necesitara pedir ayuda para que lo(a) cuiden en una enfermedad.,,,doc_2018.pdf p.76,ficha_variable
2018,poblacion,redsoc_2,C (1),2,Difícil conseguirla,"{1,...,5}",personas podrían conseguir ayuda para que ¿Cree usted que si necesitara pedir ayuda para que lo(a) cuiden en una enfermedad.,,,doc_2018.pdf p.76,ficha_variable
2018,poblacion,redsoc_2,C (1),3,Fácil conseguirla,"{1,...,5}",personas podrían conseguir ayuda para que ¿Cree usted que si necesitara pedir ayuda para que lo(a) cuiden en una enfermedad.,,,doc_2018.pdf p.76,ficha_variable
2018,poblacion,redsoc_2,C (1),4,Muy fácil conseguirla,"{1,...,5}",personas podrían conseguir ayuda para que ¿Cree usted que si necesitara pedir ayuda para que lo(a) cuiden en una enfermedad.,,,doc_2018.pdf p.76,ficha_variable
2018,poblacion,redsoc_2,C (1),5,Ni fácil ni difícil conseguirla (espontánea),"{1,...,5}",personas podrían conseguir ayuda para que ¿Cree usted que si necesitara pedir ayuda para que lo(a) cuiden en una enfermedad.,,,doc_2018.pdf p.76,ficha_variable
2018,poblacion,redsoc_3,C (1),1,Imposible conseguirla,"{1,...,5}",¿Cree usted que si necesitara pedirle a alguien la cantidad de dinero que ingresa al hogar en un,,,doc_2018.pdf p.76,ficha_variable
2018,poblacion,redsoc_3,C (1),2,Difícil conseguirla,"{1,...,5}",¿Cree usted que si necesitara pedirle a alguien la cantidad de dinero que ingresa al hogar en un,,,doc_2018.pdf p.76,ficha_variable
2018,poblacion,redsoc_3,C (1),3,Fácil conseguirla,"{1,...,5}",¿Cree usted que si necesitara pedirle a alguien la cantidad de dinero que ingresa al hogar en un,,,doc_2018.pdf p.76,ficha_variable
2018,poblacion,redsoc_3,C (1),4,Muy fácil conseguirla,"{1,...,5}",¿Cree usted que si necesitara pedirle a alguien la cantidad de dinero que ingresa al hogar en un,,,doc_2018.pdf p.76,ficha_variable
2018,poblacion,redsoc_3,C (1),5,Ni fácil ni difícil conseguirla (espontánea),"{1,...,5}",¿Cree usted que si necesitara pedirle a alguien la cantidad de dinero que ingresa al hogar en un,,,doc_2018.pdf p.76,ficha_variable
2018,poblacion,redsoc_4,C (1),1,Imposible conseguirla,"{1,...,5}",personas podrían conseguir ayuda para que ¿Cree usted que si necesitarapedir ayuda para que lo(a) acompañen al doctor.,,,doc_2018.pdf p.76,ficha_variable
2018,poblacion,redsoc_4,C (1),2,Difícil conseguirla,"{1,...,5}",personas podrían conseguir ayuda para que ¿Cree usted que si necesitarapedir ayuda para que lo(a) acompañen al doctor.,,,doc_2018.pdf p.76,ficha_variable
2018,poblacion,redsoc_4,C (1),3,Fácil conseguirla,"{1,...,5}",personas podrían conseguir ayuda para que ¿Cree usted que si necesitarapedir ayuda para que lo(a) acompañen al doctor.,,,doc_2018.pdf p.76,ficha_variable
2018,poblacion,redsoc_4,C (1),4,Muy fácil conseguirla,"{1,...,5}",personas podrían conseguir ayuda para que ¿Cree usted que si necesitarapedir ayuda para que lo(a) acompañen al doctor.,,,doc_2018.pdf p.76,ficha_variable
2018,poblacion,redsoc_4,C (1),5,Ni fácil ni difícil conseguirla (espontánea),"{1,...,5}",personas podrían conseguir ayuda para que ¿Cree usted que si necesitarapedir ayuda para que lo(a) acompañen al doctor.,,,doc_2018.pdf p.76,ficha_variable
2018,poblacion,redsoc_5,C (1),1,Imposible conseguirla,"{1,...,5}",personas podrían conseguir cooperación para ¿Cree usted que si necesitara pedir cooperación realizar mejoras en su colonia o localidad.,,,doc_2018.pdf p.77,ficha_variable
2018,poblacion,redsoc_5,C (1),2,Difícil conseguirla,"{1,...,5}",personas podrían conseguir cooperación para ¿Cree usted que si necesitara pedir cooperación realizar mejoras en su colonia o localidad.,,,doc_2018.pdf p.77,ficha_variable
2018,poblacion,redsoc_5,C (1),3,Fácil conseguirla,"{1,...,5}",personas podrían conseguir cooperación para ¿Cree usted que si necesitara pedir cooperación realizar mejoras en su colonia o localidad.,,,doc_2018.pdf p.77,ficha_variable
2018,poblacion,redsoc_5,C (1),4,Muy fácil conseguirla,"{1,...,5}",personas podrían conseguir cooperación para ¿Cree usted que si necesitara pedir cooperación realizar mejoras en su colonia o localidad.,,,doc_2018.pdf p.77,ficha_variable
2018,poblacion,redsoc_5,C (1),5,Ni fácil ni difícil conseguirla (espontánea),"{1,...,5}",personas podrían conseguir cooperación para ¿Cree usted que si necesitara pedir cooperación realizar mejoras en su colonia o localidad.,,,doc_2018.pdf p.77,ficha_variable
2018,poblacion,redsoc_6,C (1),1,Imposible conseguirla,"{1,...,5}",personas podrían conseguir ayuda para que ¿Cree usted que si necesitara pedir ayuda para que cuiden a los(as) niños(as) en este hogar.,,,doc_2018.pdf p.77,ficha_variable
2018,poblacion,redsoc_6,C (1),2,Difícil conseguirla,"{1,...,5}",personas podrían conseguir ayuda para que ¿Cree usted que si necesitara pedir ayuda para que cuiden a los(as) niños(as) en este hogar.,,,doc_2018.pdf p.77,ficha_variable
2018,poblacion,redsoc_6,C (1),3,Fácil conseguirla,"{1,...,5}",personas podrían conseguir ayuda para que ¿Cree usted que si necesitara pedir ayuda para que cuiden a los(as) niños(as) en este hogar.,,,doc_2018.pdf p.77,ficha_variable
2018,poblacion,redsoc_6,C (1),4,Muy fácil conseguirla,"{1,...,5}",personas podrían conseguir ayuda para que ¿Cree usted que si necesitara pedir ayuda para que cuiden a los(as) niños(as) en este hogar.,,,doc_2018.pdf p.77,ficha_variable
2018,poblacion,redsoc_6,C (1),5,Ni fácil ni difícil conseguirla (espontánea),"{1,...,5}",personas podrían conseguir ayuda para que ¿Cree usted que si necesitara pedir ayuda para que cuiden a los(as) niños(as) en este hogar.,,,doc_2018.pdf p.77,ficha_variable
2018,poblacion,residencia,C (2),01,Aguascalientes,Catálogo de residencia,"hogar, 5 años antes del momento de la ¿Hace 5 años, en octubre de 2005, en qué estado de entrevista.",catalogo_residencia,,doc_2018.pdf p.180,catalogo_externo_pdf
2018,poblacion,residencia,C (2),02,Baja California,Catálogo de residencia,"hogar, 5 años antes del momento de la ¿Hace 5 años, en octubre de 2005, en qué estado de entrevista.",catalogo_residencia,,doc_2018.pdf p.180,catalogo_externo_pdf
2018,poblacion,residencia,C (2),03,Baja California Sur,Catálogo de residencia,"hogar, 5 años antes del momento de la ¿Hace 5 años, en octubre de 2005, en qué estado de entrevista.",catalogo_residencia,,doc_2018.pdf p.180,catalogo_externo_pdf
2018,poblacion,residencia,C (2),04,Campeche,Catálogo de residencia,"hogar, 5 años antes del momento de la ¿Hace 5 años, en octubre de 2005, en qué estado de entrevista.",catalogo_residencia,,doc_2018.pdf p.180,catalogo_externo_pdf
2018,poblacion,residencia,C (2),05,Coahuila de Zaragoza,Catálogo de residencia,"hogar, 5 años antes del momento de la ¿Hace 5 años, en octubre de 2005, en qué estado de entrevista.",catalogo_residencia,,doc_2018.pdf p.180,catalogo_externo_pdf
2018,poblacion,residencia,C (2),06,Colima,Catálogo de residencia,"hogar, 5 años antes del momento de la ¿Hace 5 años, en octubre de 2005, en qué estado de entrevista.",catalogo_residencia,,doc_2018.pdf p.180,catalogo_externo_pdf
2018,poblacion,residencia,C (2),07,Chiapas,Catálogo de residencia,"hogar, 5 años antes del momento de la ¿Hace 5 años, en octubre de 2005, en qué estado de entrevista.",catalogo_residencia,,doc_2018.pdf p.180,catalogo_externo_pdf
2018,poblacion,residencia,C (2),08,Chihuahua,Catálogo de residencia,"hogar, 5 años antes del momento de la ¿Hace 5 años, en octubre de 2005, en qué estado de entrevista.",catalogo_residencia,,doc_2018.pdf p.180,catalogo_externo_pdf
2018,poblacion,residencia,C (2),09,Distrito Federal,Catálogo de residencia,"hogar, 5 años antes del momento de la ¿Hace 5 años, en octubre de 2005, en qué estado de entrevista.",catalogo_residencia,,doc_2018.pdf p.180,catalogo_externo_pdf
2018,poblacion,residencia,C (2),10,Durango,Catálogo de residencia,"hogar, 5 años antes del momento de la ¿Hace 5 años, en octubre de 2005, en qué estado de entrevista.",catalogo_residencia,,doc_2018.pdf p.180,catalogo_externo_pdf
2018,poblacion,residencia,C (2),11,Guanajuato,Catálogo de residencia,"hogar, 5 años antes del momento de la ¿Hace 5 años, en octubre de 2005, en qué estado de entrevista.",catalogo_residencia,,doc_2018.pdf p.180,catalogo_externo_pdf
2018,poblacion,residencia,C (2),12,Guerrero,Catálogo de residencia,"hogar, 5 años antes del momento de la ¿Hace 5 años, en octubre de 2005, en qué estado de entrevista.",catalogo_residencia,,doc_2018.pdf p.180,catalogo_externo_pdf
2018,poblacion,residencia,C (2),13,Hidalgo,Catálogo de residencia,"hogar, 5 años antes del momento de la ¿Hace 5 años, en octubre de 2005, en qué estado de entrevista.",catalogo_residencia,,doc_2018.pdf p.180,catalogo_externo_pdf
2018,poblacion,residencia,C (2),14,Jalisco,Catálogo de residencia,"hogar, 5 años antes del momento de la ¿Hace 5 años, en octubre de 2005, en qué estado de entrevista.",catalogo_residencia,,doc_2018.pdf p.180,catalogo_externo_pdf
2018,poblacion,residencia,C (2),15,México,Catálogo de residencia,"hogar, 5 años antes del momento de la ¿Hace 5 años, en octubre de 2005, en qué estado de entrevista.",catalogo_residencia,,doc_2018.pdf p.180,catalogo_externo_pdf
2018,poblacion,residencia,C (2),16,Michoacán de Ocampo,Catálogo de residencia,"hogar, 5 años antes del momento de la ¿Hace 5 años, en octubre de 2005, en qué estado de entrevista.",catalogo_residencia,,doc_2018.pdf p.180,catalogo_externo_pdf
2018,poblacion,residencia,C (2),17,Morelos,Catálogo de residencia,"hogar, 5 años antes del momento de la ¿Hace 5 años, en octubre de 2005, en qué estado de entrevista.",catalogo_residencia,,doc_2018.pdf p.180,catalogo_externo_pdf
2018,poblacion,residencia,C (2),18,Nayarit,Catálogo de residencia,"hogar, 5 años antes del momento de la ¿Hace 5 años, en octubre de 2005, en qué estado de entrevista.",catalogo_residencia,,doc_2018.pdf p.180,catalogo_externo_pdf
2018,poblacion,residencia,C (2),19,Nuevo León,Catálogo de residencia,"hogar, 5 años antes del momento de la ¿Hace 5 años, en octubre de 2005, en qué estado de entrevista.",catalogo_residencia,,doc_2018.pdf p.180,catalogo_externo_pdf
2018,poblacion,residencia,C (2),20,Oaxaca,Catálogo de residencia,"hogar, 5 años antes del momento de la ¿Hace 5 años, en octubre de 2005, en qué estado de entrevista.",catalogo_residencia,,doc_2018.pdf p.180,catalogo_externo_pdf
2018,poblacion,residencia,C (2),21,Puebla,Catálogo de residencia,"hogar, 5 años antes del momento de la ¿Hace 5 años, en octubre de 2005, en qué estado de entrevista.",catalogo_residencia,,doc_2018.pdf p.180,catalogo_externo_pdf
2018,poblacion,residencia,C (2),22,Querétaro,Catálogo de residencia,"hogar, 5 años antes del momento de la ¿Hace 5 años, en octubre de 2005, en qué estado de entrevista.",catalogo_residencia,,doc_2018.pdf p.180,catalogo_externo_pdf
2018,poblacion,residencia,C (2),23,Quintana Roo,Catálogo de residencia,"hogar, 5 años antes del momento de la ¿Hace 5 años, en octubre de 2005, en qué estado de entrevista.",catalogo_residencia,,doc_2018.pdf p.180,catalogo_externo_pdf
2018,poblacion,residencia,C (2),24,San Luis Potosí,Catálogo de residencia,"hogar, 5 años antes del momento de la ¿Hace 5 años, en octubre de 2005, en qué estado de entrevista.",catalogo_residencia,,doc_2018.pdf p.180,catalogo_externo_pdf
2018,poblacion,residencia,C (2),25,Sinaloa,Catálogo de residencia,"hogar, 5 años antes del momento de la ¿Hace 5 años, en octubre de 2005, en qué estado de entrevista.",catalogo_residencia,,doc_2018.pdf p.180,catalogo_externo_pdf
2018,poblacion,residencia,C (2),26,Sonora,Catálogo de residencia,"hogar, 5 años antes del momento de la ¿Hace 5 años, en octubre de 2005, en qué estado de entrevista.",catalogo_residencia,,doc_2018.pdf p.180,catalogo_externo_pdf
2018,poblacion,residencia,C (2),27,Tabasco,Catálogo de residencia,"hogar, 5 años antes del momento de la ¿Hace 5 años, en octubre de 2005, en qué estado de entrevista.",catalogo_residencia,,doc_2018.pdf p.180,catalogo_externo_pdf
2018,poblacion,residencia,C (2),28,Tamaulipas,Catálogo de residencia,"hogar, 5 años antes del momento de la ¿Hace 5 años, en octubre de 2005, en qué estado de entrevista.",catalogo_residencia,,doc_2018.pdf p.180,catalogo_externo_pdf
2018,poblacion,residencia,C (2),29,Tlaxcala .9102 nóicpircseD .8102 y,Catálogo de residencia,"hogar, 5 años antes del momento de la ¿Hace 5 años, en octubre de 2005, en qué estado de entrevista.",catalogo_residencia,,doc_2018.pdf p.180,catalogo_externo_pdf
2018,poblacion,residencia,C (2),30,Veracruz de Ignacio de la Llave,Catálogo de residencia,"hogar, 5 años antes del momento de la ¿Hace 5 años, en octubre de 2005, en qué estado de entrevista.",catalogo_residencia,,doc_2018.pdf p.181,catalogo_externo_pdf
2018,poblacion,residencia,C (2),31,Yucatán,Catálogo de residencia,"hogar, 5 años antes del momento de la ¿Hace 5 años, en octubre de 2005, en qué estado de entrevista.",catalogo_residencia,,doc_2018.pdf p.181,catalogo_externo_pdf
2018,poblacion,residencia,C (2),32,Zacatecas,Catálogo de residencia,"hogar, 5 años antes del momento de la ¿Hace 5 años, en octubre de 2005, en qué estado de entrevista.",catalogo_residencia,,doc_2018.pdf p.181,catalogo_externo_pdf
2018,poblacion,residencia,C (2),33,Estados Unidos de América,Catálogo de residencia,"hogar, 5 años antes del momento de la ¿Hace 5 años, en octubre de 2005, en qué estado de entrevista.",catalogo_residencia,,doc_2018.pdf p.181,catalogo_externo_pdf
2018,poblacion,residencia,C (2),34,Otro país,Catálogo de residencia,"hogar, 5 años antes del momento de la ¿Hace 5 años, en octubre de 2005, en qué estado de entrevista.",catalogo_residencia,,doc_2018.pdf p.181,catalogo_externo_pdf
2018,poblacion,segpop,C (1),1,Sí,"{1,2}","fin de evitar empobrecimiento por causa de gastos médicos de bolsillo y mejorar las Actualmente, ¿se encuentra usted afiliado o inscrito",,,doc_2018.pdf p.81,ficha_variable
2018,poblacion,segpop,C (1),2,No,"{1,2}","fin de evitar empobrecimiento por causa de gastos médicos de bolsillo y mejorar las Actualmente, ¿se encuentra usted afiliado o inscrito",,,doc_2018.pdf p.81,ficha_variable
2018,poblacion,segsoc,C (1),1,Sí,"{1,2}",productiva a fin de gozar de los beneficios de esta. Pueden ser instituciones nacionales y/o ¿Alguna vez ha contribuido o cotizado para alguna,,,doc_2018.pdf p.75,ficha_variable
2018,poblacion,segsoc,C (1),2,No,"{1,2}",productiva a fin de gozar de los beneficios de esta. Pueden ser instituciones nacionales y/o ¿Alguna vez ha contribuido o cotizado para alguna,,,doc_2018.pdf p.75,ficha_variable
2018,poblacion,segvol_1,C (1),1,"SAR, AFORE o fondo de pensiones .9102 nóicpircseD .8102 y",{1},contratado voluntariamente.,,,doc_2018.pdf p.97,ficha_variable
2018,poblacion,segvol_2,C (1),2,Seguro privado de gastos médicos,{2},contratado voluntariamente.,,,doc_2018.pdf p.98,ficha_variable
2018,poblacion,segvol_3,C (1),3,Seguro de vida,{3},contratado voluntariamente.,,,doc_2018.pdf p.98,ficha_variable
2018,poblacion,segvol_4,C (1),4,Seguro de invalidez,{4},contratado voluntariamente.,,,doc_2018.pdf p.98,ficha_variable
2018,poblacion,segvol_5,C (1),5,Otro tipo de seguro,{5},contratado voluntariamente.,,,doc_2018.pdf p.98,ficha_variable
2018,poblacion,segvol_6,C (1),6,Ninguno de los anteriores,{6},contratado voluntariamente.,,,doc_2018.pdf p.98,ficha_variable
2018,poblacion,segvol_7,C (1),7,No sabe,{7},contratado voluntariamente.,,,doc_2018.pdf p.98,ficha_variable
2018,poblacion,servmed_1,C (2),01,Centros de salud (secretaría de salud),{01},para recibir atención médica.,,,doc_2018.pdf p.85,ficha_variable
2018,poblacion,servmed_10,C (2),10,"Curandero, hierbero, comadrona, brujo, etcétera",{10},para recibir atención médica.,,,doc_2018.pdf p.87,ficha_variable
2018,poblacion,servmed_11,C (2),11,Otro,{11},para recibir atención médica.,,,doc_2018.pdf p.87,ficha_variable
2018,poblacion,servmed_2,C (2),02,Hospital o instituto (secretaría de salud),{02},para recibir atención médica.,,,doc_2018.pdf p.85,ficha_variable
2018,poblacion,servmed_3,C (2),03,Seguro Social o IMSS,{03},para recibir atención médica.,,,doc_2018.pdf p.85,ficha_variable
2018,poblacion,servmed_4,C (2),04,IMSS-PROSPERA,{04},para recibir atención médica.,,,doc_2018.pdf p.86,ficha_variable
2018,poblacion,servmed_5,C (2),05,ISSSTE,{05},para recibir atención médica.,,,doc_2018.pdf p.86,ficha_variable
2018,poblacion,servmed_6,C (2),06,ISSSTE estatal,{06},para recibir atención médica.,,,doc_2018.pdf p.86,ficha_variable
2018,poblacion,servmed_7,C (2),07,"Otro servicio médico público (PEMEX, Defensa, Marina, DIF, INI, GDF)",{07},para recibir atención médica.,,,doc_2018.pdf p.86,ficha_variable
2018,poblacion,servmed_8,C (2),08,Consultorios y hospitales privados,{08},para recibir atención médica.,,,doc_2018.pdf p.86,ficha_variable
2018,poblacion,servmed_9,C (2),09,Consultorio de farmacias,{09},para recibir atención médica.,,,doc_2018.pdf p.87,ficha_variable
2018,poblacion,sexo,C (1),1,Hombre,"{1,2}",en hombres o mujeres.,,,doc_2018.pdf p.66,ficha_variable
2018,poblacion,sexo,C (1),2,Mujer,"{1,2}",en hombres o mujeres.,,,doc_2018.pdf p.66,ficha_variable
2018,poblacion,tiene_b,C (1),1,Sí,"{1,2}",los integrantes del hogar que asisten a la ¿Le otorgaron beca a (NOMBRE) para este año escuela.,,,doc_2018.pdf p.72,ficha_variable
2018,poblacion,tiene_b,C (1),2,No,"{1,2}",los integrantes del hogar que asisten a la ¿Le otorgaron beca a (NOMBRE) para este año escuela.,,,doc_2018.pdf p.72,ficha_variable
2018,poblacion,tiene_c,C (1),1,Sí,"{1,2}","materiales, etc. Quien lo recibe está comprometido a pagarlo en parte o en su ¿Le otorgaron crédito educativo a (NOMBRE) para",,,doc_2018.pdf p.73,ficha_variable
2018,poblacion,tiene_c,C (1),2,No,"{1,2}","materiales, etc. Quien lo recibe está comprometido a pagarlo en parte o en su ¿Le otorgaron crédito educativo a (NOMBRE) para",,,doc_2018.pdf p.73,ficha_variable
2018,poblacion,tipoesc,C (1),1,Pública o de gobierno,"{1,...,3}","Educativo Nacional según sea pública, privada",,,doc_2018.pdf p.72,ficha_variable
2018,poblacion,tipoesc,C (1),2,Privada o de paga,"{1,...,3}","Educativo Nacional según sea pública, privada",,,doc_2018.pdf p.72,ficha_variable
2018,poblacion,tipoesc,C (1),3,De otro tipo,"{1,...,3}","Educativo Nacional según sea pública, privada",,,doc_2018.pdf p.72,ficha_variable
2018,poblacion,trabajo_mp,C (1),1,Trabajó el mes pasado,"{1,2}",Clasificación de personas de 12 o más años según si trabajaron el mes pasado.,,,doc_2018.pdf p.99,correccion_acotada_ficha_variable
2018,poblacion,trabajo_mp,C (1),2,No trabajó el mes pasado,"{1,2}",Clasificación de personas de 12 o más años según si trabajaron el mes pasado.,,,doc_2018.pdf p.99,correccion_acotada_ficha_variable
2018,poblacion,usotiempo1,C (1),8,No recuerda,"{8,9}",No recuerda haber trabajado. Durante la semana pasada ¿cuánto tiempo dedicó a,,,doc_2018.pdf p.78,ficha_variable
2018,poblacion,usotiempo1,C (1),9,No lo hizo,"{8,9}",No recuerda haber trabajado. Durante la semana pasada ¿cuánto tiempo dedicó a,,,doc_2018.pdf p.78,ficha_variable
2018,poblacion,usotiempo2,C (1),8,No recuerda,"{8,9}",No recuerda haber dedicado tiempo para Durante la semana pasada ¿cuánto tiempo dedicó a estudiar.,,,doc_2018.pdf p.78,ficha_variable
2018,poblacion,usotiempo2,C (1),9,No lo hizo,"{8,9}",No recuerda haber dedicado tiempo para Durante la semana pasada ¿cuánto tiempo dedicó a estudiar.,,,doc_2018.pdf p.78,ficha_variable
2018,poblacion,usotiempo3,C (1),8,No recuerda,"{8,9}",realizar trabajo comunitario o voluntario.,,,doc_2018.pdf p.78,ficha_variable
2018,poblacion,usotiempo3,C (1),9,No lo hizo,"{8,9}",realizar trabajo comunitario o voluntario.,,,doc_2018.pdf p.78,ficha_variable
2018,poblacion,usotiempo4,C (1),8,No recuerda,"{8,9}","cuidar, atender sin pago y de manera exclusiva Durante la semana pasada ¿cuánto tiempo dedicó a a niños, ancianos, enfermos, discapacitados.",,,doc_2018.pdf p.79,ficha_variable
2018,poblacion,usotiempo4,C (1),9,No lo hizo,"{8,9}","cuidar, atender sin pago y de manera exclusiva Durante la semana pasada ¿cuánto tiempo dedicó a a niños, ancianos, enfermos, discapacitados.",,,doc_2018.pdf p.79,ficha_variable
2018,poblacion,usotiempo5,C (1),8,No recuerda,"{8,9}","dar mantenimiento a su vivienda, muebles, Durante la semana pasada ¿cuánto tiempo dedicó a aparatos domésticos o vehículos.",,,doc_2018.pdf p.79,ficha_variable
2018,poblacion,usotiempo5,C (1),9,No lo hizo,"{8,9}","dar mantenimiento a su vivienda, muebles, Durante la semana pasada ¿cuánto tiempo dedicó a aparatos domésticos o vehículos.",,,doc_2018.pdf p.79,ficha_variable
2018,poblacion,usotiempo6,C (1),8,No recuerda,"{8,9}",quehaceres del hogar.,,,doc_2018.pdf p.80,ficha_variable
2018,poblacion,usotiempo6,C (1),9,No lo hizo,"{8,9}",quehaceres del hogar.,,,doc_2018.pdf p.80,ficha_variable
2018,poblacion,usotiempo7,C (1),8,No recuerda,"{8,9}",acarrear agua o leña.,,,doc_2018.pdf p.80,ficha_variable
2018,poblacion,usotiempo7,C (1),9,No lo hizo .9102 nóicpircseD .8102 y,"{8,9}",acarrear agua o leña.,,,doc_2018.pdf p.80,ficha_variable
2018,poblacion,usotiempo8,C (1),8,No recuerda,"{8,9}",realizar actividades de su gusto.,,,doc_2018.pdf p.81,ficha_variable
2018,poblacion,usotiempo8,C (1),9,No lo hizo,"{8,9}",realizar actividades de su gusto.,,,doc_2018.pdf p.81,ficha_variable
2018,trabajos,clas_emp,C (1),1,"De tipo independiente, personal o familiar","{1,...,4}","a las unidades económicas privadas que no se ubican bajo la modalidad de negocios privados, para canalizarlas a una secuencia propia de",,,doc_2018.pdf p.129,ficha_variable
2018,trabajos,clas_emp,C (1),2,Una compañía o empresa del sector privado,"{1,...,4}","a las unidades económicas privadas que no se ubican bajo la modalidad de negocios privados, para canalizarlas a una secuencia propia de",,,doc_2018.pdf p.129,ficha_variable
2018,trabajos,clas_emp,C (1),3,Una institución de gobierno,"{1,...,4}","a las unidades económicas privadas que no se ubican bajo la modalidad de negocios privados, para canalizarlas a una secuencia propia de",,,doc_2018.pdf p.129,ficha_variable
2018,trabajos,clas_emp,C (1),4,Una institución no administrada por el gobierno,"{1,...,4}","a las unidades económicas privadas que no se ubican bajo la modalidad de negocios privados, para canalizarlas a una secuencia propia de",,,doc_2018.pdf p.129,ficha_variable
2018,trabajos,conf_pers,C (1),1,Sí,"{1,2}",actividad principal durante el periodo de ¿El personal empleado es el mismo que utilizó en la referencia.,,,doc_2018.pdf p.132,ficha_variable
2018,trabajos,conf_pers,C (1),2,No,"{1,2}",actividad principal durante el periodo de ¿El personal empleado es el mismo que utilizó en la referencia.,,,doc_2018.pdf p.132,ficha_variable
2018,trabajos,contrato,C (1),1,Sí,"{1,2}",Existencia de un contrato laboral por escrito.,,,doc_2018.pdf p.123,ficha_variable
2018,trabajos,contrato,C (1),2,No,"{1,2}",Existencia de un contrato laboral por escrito.,,,doc_2018.pdf p.123,ficha_variable
2018,trabajos,id_trabajo,C (1),1,Trabajo principal,"{1,2}",Identificador del trabajo.,,,doc_2018.pdf p.122,ficha_variable
2018,trabajos,id_trabajo,C (1),2,Trabajo secundario,"{1,2}",Identificador del trabajo.,,,doc_2018.pdf p.122,ficha_variable
2018,trabajos,indep,C (1),1,Sí,"{1,2}","El trabajo que tuvo fue por su cuenta. Entonces, ¿se dedicó a un negocio o actividad por su",,,doc_2018.pdf p.123,ficha_variable
2018,trabajos,indep,C (1),2,No,"{1,2}","El trabajo que tuvo fue por su cuenta. Entonces, ¿se dedicó a un negocio o actividad por su",,,doc_2018.pdf p.123,ficha_variable
2018,trabajos,lugar,C (1),1,Sí,"{1,2}","misma unidad económica, en la que se ¿Esta(s) actividad(es) la(s) realizó en el mismo lugar desarrolla la actividad principal.",,,doc_2018.pdf p.132,ficha_variable
2018,trabajos,lugar,C (1),2,No,"{1,2}","misma unidad económica, en la que se ¿Esta(s) actividad(es) la(s) realizó en el mismo lugar desarrolla la actividad principal.",,,doc_2018.pdf p.132,ficha_variable
2018,trabajos,medtrab_1,C (1),1,Servicios médicos del seguro social IMSS,{1},servicios médicos del seguro social.,,,doc_2018.pdf p.133,ficha_variable
2018,trabajos,medtrab_2,C (1),2,Servicios médicos del ISSSTE,{2},servicios médicos del ISSSTE.,,,doc_2018.pdf p.133,ficha_variable
2018,trabajos,medtrab_3,C (1),3,Servicio médicos del ISSSTE estatal,{3},servicios médicos del ISSSTE estatal.,,,doc_2018.pdf p.133,ficha_variable
2018,trabajos,medtrab_4,C (1),4,"Servicios médicos de PEMEX, del ejército o de la marina",{4},"servicios médicos de PEMEX, del ejército o de ¿En este trabajo le dieron las siguientes la marina.",,,doc_2018.pdf p.133,ficha_variable
2018,trabajos,medtrab_5,C (1),5,Servicios médicos de universidades,{5},servicios médicos de universidades.,,,doc_2018.pdf p.133,ficha_variable
2018,trabajos,medtrab_6,C (1),6,Servicios médicos privados,{6},servicios médicos privados.,,,doc_2018.pdf p.134,ficha_variable
2018,trabajos,medtrab_7,C (1),7,No tiene prestaciones provenientes de su trabajo,{7},En el trabajo no cuentan con servicios médicos. ¿En este trabajo le dieron las siguientes,,,doc_2018.pdf p.134,ficha_variable
2018,trabajos,no_ing,C (2),01,Pago en especie,"{01,...,13,99)","económicas, no percibieron ingresos",,,doc_2018.pdf p.129,ficha_variable
2018,trabajos,no_ing,C (2),02,No le han pagado,"{01,...,13,99)","económicas, no percibieron ingresos",,,doc_2018.pdf p.129,ficha_variable
2018,trabajos,no_ing,C (2),03,Está contratado pero no ha iniciado sus actividades,"{01,...,13,99)","económicas, no percibieron ingresos",,,doc_2018.pdf p.129,ficha_variable
2018,trabajos,no_ing,C (2),04,"Incapacidad temporal (enfermedad, accidente, etcétera)","{01,...,13,99)","económicas, no percibieron ingresos",,,doc_2018.pdf p.129,ficha_variable
2018,trabajos,no_ing,C (2),05,"Falta de trabajo (cierre temporal de la empresa, negocio o comercio pero sin haber sido despedido)","{01,...,13,99)","económicas, no percibieron ingresos",,,doc_2018.pdf p.129,ficha_variable
2018,trabajos,no_ing,C (2),06,Conflicto laboral o huelga .9102 nóicpircseD .8102 y,"{01,...,13,99)","económicas, no percibieron ingresos",,,doc_2018.pdf p.129,ficha_variable
2018,trabajos,no_ing,C (2),07,Escasez de materiales y reparación del equipo para la producción o venta,"{01,...,13,99)","económicas, no percibieron ingresos",,,doc_2018.pdf p.129,ficha_variable
2018,trabajos,no_ing,C (2),08,Está esperando continuar con las labores agrícolas,"{01,...,13,99)","económicas, no percibieron ingresos",,,doc_2018.pdf p.129,ficha_variable
2018,trabajos,no_ing,C (2),09,Conflicto laboral o huelga,"{01,...,13,99)","económicas, no percibieron ingresos",,,doc_2018.pdf p.129,ficha_variable
2018,trabajos,no_ing,C (2),10,Inicio de labores y no hay gastos ni ingresos,"{01,...,13,99)","económicas, no percibieron ingresos",,,doc_2018.pdf p.129,ficha_variable
2018,trabajos,no_ing,C (2),11,Escasez de materiales y reparación del equipo para la producción o venta,"{01,...,13,99)","económicas, no percibieron ingresos",,,doc_2018.pdf p.129,ficha_variable
2018,trabajos,no_ing,C (2),12,No ha tenido utilidades en el periodo de referencia,"{01,...,13,99)","económicas, no percibieron ingresos",,,doc_2018.pdf p.129,ficha_variable
2018,trabajos,no_ing,C (2),13,El negocio obtuvo pérdidas,"{01,...,13,99)","económicas, no percibieron ingresos",,,doc_2018.pdf p.129,ficha_variable
2018,trabajos,no_ing,C (2),99,Otras causas no consideradas en las anteriores,"{01,...,13,99)","económicas, no percibieron ingresos",,,doc_2018.pdf p.129,ficha_variable
2018,trabajos,otra_act,C (1),1,Sí,"{1,2}","durante el periodo de referencia, tanto en el Además de la actividad mencionada, el mes pasado, trabajo principal como en el secundario.",,,doc_2018.pdf p.131,ficha_variable
2018,trabajos,otra_act,C (1),2,No,"{1,2}","durante el periodo de referencia, tanto en el Además de la actividad mencionada, el mes pasado, trabajo principal como en el secundario.",,,doc_2018.pdf p.131,ficha_variable
2018,trabajos,pago,C (1),1,Recibe un pago,"{1,...,3}",Forma de pago en su trabajo.,,,doc_2018.pdf p.123,ficha_variable
2018,trabajos,pago,C (1),2,Es un trabajador(a) sin pago en un negocio del hogar,"{1,...,3}",Forma de pago en su trabajo.,,,doc_2018.pdf p.123,ficha_variable
2018,trabajos,pago,C (1),3,Es un trabajador(a) sin pago en un negocio que no es del hogar,"{1,...,3}",Forma de pago en su trabajo.,,,doc_2018.pdf p.123,ficha_variable
2018,trabajos,personal,C (1),1,Sí,"{1,2}",cargo.,,,doc_2018.pdf p.123,ficha_variable
2018,trabajos,personal,C (1),2,No,"{1,2}",cargo.,,,doc_2018.pdf p.123,ficha_variable
2018,trabajos,pres_1,C (2),01,"Licencia o incapacidad con goce de sueldo (por enfermedad, accidente o maternidad)",{01},"incapacidad en caso de enfermedad, accidente ¿En este trabajo le dieron las siguientes o maternidad.",,,doc_2018.pdf p.124,ficha_variable
2018,trabajos,pres_10,C (2),10,Préstamos personales y/o caja de ahorro,{10},préstamos personales y/o caja de ahorro.,,,doc_2018.pdf p.126,ficha_variable
2018,trabajos,pres_11,C (2),11,Prima vacacional,{11},prima vacacional.,,,doc_2018.pdf p.126,ficha_variable
2018,trabajos,pres_12,C (2),12,Becas y apoyos educativos,{12},becas y apoyos educativos.,,,doc_2018.pdf p.126,ficha_variable
2018,trabajos,pres_13,C (2),13,Servicio de comedor,{13},servicio de comedor.,,,doc_2018.pdf p.126,ficha_variable
2018,trabajos,pres_14,C (2),14,Crédito FONACOT,{14},crédito FONACOT.,,,doc_2018.pdf p.127,ficha_variable
2018,trabajos,pres_15,C (2),15,Ayuda de despensas,{15},ayuda de despensas.,,,doc_2018.pdf p.127,ficha_variable
2018,trabajos,pres_16,C (2),16,"Ayuda o exención en el pago de luz, agua, teléfono, etcétera",{16},"ayuda o exención en el pago de luz, agua, ¿En este trabajo le dieron las siguientes teléfono, etcétera.",,,doc_2018.pdf p.127,ficha_variable
2018,trabajos,pres_17,C (2),17,Pensión en caso de invalidez,{17},pensión en caso de invalidez.,,,doc_2018.pdf p.127,ficha_variable
2018,trabajos,pres_18,C (2),18,Pensión para sus familiares en caso de fallecimiento,{18},pensión para sus familiares en caso de ¿En este trabajo le dieron las siguientes fallecimiento.,,,doc_2018.pdf p.127,ficha_variable
2018,trabajos,pres_19,C (2),19,Otras prestaciones,{19},prestaciones.,,,doc_2018.pdf p.128,ficha_variable
2018,trabajos,pres_2,C (2),02,Aguinaldo,{02},aguinaldo.,,,doc_2018.pdf p.124,ficha_variable
2018,trabajos,pres_20,C (2),20,Otras prestaciones,{20},En el trabajo que tuvo no le dieron prestaciones. ¿En este trabajo le dieron las siguientes,,,doc_2018.pdf p.128,ficha_variable
2018,trabajos,pres_3,C (2),03,Vacaciones con goce de sueldo,{03},vacaciones con goce de sueldo.,,,doc_2018.pdf p.124,ficha_variable
2018,trabajos,pres_4,C (2),04,Reparto de utilidades,{04},reparto de utilidades.,,,doc_2018.pdf p.124,ficha_variable
2018,trabajos,pres_5,C (2),05,Crédito de vivienda,{05},crédito de vivienda.,,,doc_2018.pdf p.125,ficha_variable
2018,trabajos,pres_6,C (2),06,Guarderías y estancias infantiles,{06},guarderías y estancias infantiles.,,,doc_2018.pdf p.125,ficha_variable
2018,trabajos,pres_7,C (2),07,Tiempo para cuidados maternos o paternos,{07},tiempo para cuidados maternos o paternos.,,,doc_2018.pdf p.125,ficha_variable
2018,trabajos,pres_8,C (2),08,"Ahorro para el retiro o pensión para la vejez (SAR, AFORE, Haber de retiro)",{08},SAR o AFORE.,,,doc_2018.pdf p.125,ficha_variable
2018,trabajos,pres_9,C (2),09,Seguro de vida,{09},seguro de vida.,,,doc_2018.pdf p.125,ficha_variable
2018,trabajos,socios,C (1),1,Sí,"{1,2}",también sea(n) dueño(s) del negocio.,,,doc_2018.pdf p.130,ficha_variable
2018,trabajos,socios,C (1),2,No,"{1,2}",también sea(n) dueño(s) del negocio.,,,doc_2018.pdf p.130,ficha_variable
2018,trabajos,subor,C (1),1,Sí,"{1,2}",En el trabajo que tuvo fue subordinado.,,,doc_2018.pdf p.122,ficha_variable
2018,trabajos,subor,C (1),2,No,"{1,2}",En el trabajo que tuvo fue subordinado.,,,doc_2018.pdf p.122,ficha_variable
2018,trabajos,tam_emp,C (2),01,De 1 persona,"{01,...,12}","trabajadores, donde desempeño su trabajo Durante el mes pasado, ¿cuántas personas principal el integrante del hogar, el mes pasado.",,,doc_2018.pdf p.129,ficha_variable
2018,trabajos,tam_emp,C (2),02,De 2 a 5 personas,"{01,...,12}","trabajadores, donde desempeño su trabajo Durante el mes pasado, ¿cuántas personas principal el integrante del hogar, el mes pasado.",,,doc_2018.pdf p.129,ficha_variable
2018,trabajos,tam_emp,C (2),03,De 6 a 10 personas,"{01,...,12}","trabajadores, donde desempeño su trabajo Durante el mes pasado, ¿cuántas personas principal el integrante del hogar, el mes pasado.",,,doc_2018.pdf p.129,ficha_variable
2018,trabajos,tam_emp,C (2),04,De 11 a 15 personas,"{01,...,12}","trabajadores, donde desempeño su trabajo Durante el mes pasado, ¿cuántas personas principal el integrante del hogar, el mes pasado.",,,doc_2018.pdf p.129,ficha_variable
2018,trabajos,tam_emp,C (2),05,De 16 a 20 personas,"{01,...,12}","trabajadores, donde desempeño su trabajo Durante el mes pasado, ¿cuántas personas principal el integrante del hogar, el mes pasado.",,,doc_2018.pdf p.129,ficha_variable
2018,trabajos,tam_emp,C (2),06,De 21 a 30 personas,"{01,...,12}","trabajadores, donde desempeño su trabajo Durante el mes pasado, ¿cuántas personas principal el integrante del hogar, el mes pasado.",,,doc_2018.pdf p.129,ficha_variable
2018,trabajos,tam_emp,C (2),07,De 31 a 50 personas,"{01,...,12}","trabajadores, donde desempeño su trabajo Durante el mes pasado, ¿cuántas personas principal el integrante del hogar, el mes pasado.",,,doc_2018.pdf p.129,ficha_variable
2018,trabajos,tam_emp,C (2),08,De 51 a 100 personas,"{01,...,12}","trabajadores, donde desempeño su trabajo Durante el mes pasado, ¿cuántas personas principal el integrante del hogar, el mes pasado.",,,doc_2018.pdf p.129,ficha_variable
2018,trabajos,tam_emp,C (2),09,De 101 a 250 personas,"{01,...,12}","trabajadores, donde desempeño su trabajo Durante el mes pasado, ¿cuántas personas principal el integrante del hogar, el mes pasado.",,,doc_2018.pdf p.129,ficha_variable
2018,trabajos,tam_emp,C (2),10,De 251 a 500 personas,"{01,...,12}","trabajadores, donde desempeño su trabajo Durante el mes pasado, ¿cuántas personas principal el integrante del hogar, el mes pasado.",,,doc_2018.pdf p.129,ficha_variable
2018,trabajos,tam_emp,C (2),11,De 501 a más personas,"{01,...,12}","trabajadores, donde desempeño su trabajo Durante el mes pasado, ¿cuántas personas principal el integrante del hogar, el mes pasado.",,,doc_2018.pdf p.129,ficha_variable
2018,trabajos,tam_emp,C (2),12,No sabe,"{01,...,12}","trabajadores, donde desempeño su trabajo Durante el mes pasado, ¿cuántas personas principal el integrante del hogar, el mes pasado.",,,doc_2018.pdf p.129,ficha_variable
2018,trabajos,tiene_suel,C (1),1,Sí,"{1,2}","años, por el desempeño del trabajo que realizó ¿En este trabajo usted recibió o tuvo asignado un el mes pasado.",,,doc_2018.pdf p.130,ficha_variable
2018,trabajos,tiene_suel,C (1),2,No,"{1,2}","años, por el desempeño del trabajo que realizó ¿En este trabajo usted recibió o tuvo asignado un el mes pasado.",,,doc_2018.pdf p.130,ficha_variable
2018,trabajos,tipoact,C (1),1,Industrial,"{1,...,9}","empresa, negocio o institución.",,,doc_2018.pdf p.130,ficha_variable
2018,trabajos,tipoact,C (1),2,Comercial,"{1,...,9}","empresa, negocio o institución.",,,doc_2018.pdf p.130,ficha_variable
2018,trabajos,tipoact,C (1),3,De servicios,"{1,...,9}","empresa, negocio o institución.",,,doc_2018.pdf p.130,ficha_variable
2018,trabajos,tipoact,C (1),4,Actividades agrícolas,"{1,...,9}","empresa, negocio o institución.",,,doc_2018.pdf p.130,ficha_variable
2018,trabajos,tipoact,C (1),5,Actividades de cría y explotación de animales,"{1,...,9}","empresa, negocio o institución.",,,doc_2018.pdf p.130,ficha_variable
2018,trabajos,tipoact,C (1),6,Actividades de recolección,"{1,...,9}","empresa, negocio o institución.",,,doc_2018.pdf p.130,ficha_variable
2018,trabajos,tipoact,C (1),7,Reforestación y tala de árboles,"{1,...,9}","empresa, negocio o institución.",,,doc_2018.pdf p.130,ficha_variable
2018,trabajos,tipoact,C (1),8,Actividades de caza y captura de animales,"{1,...,9}","empresa, negocio o institución.",,,doc_2018.pdf p.130,ficha_variable
2018,trabajos,tipoact,C (1),9,Actividades de pesca,"{1,...,9}","empresa, negocio o institución.",,,doc_2018.pdf p.130,ficha_variable
2018,trabajos,tipoact2,C (1),1,Industrial,"{1,...,9}","dedica la empresa, negocio o institución.",,,doc_2018.pdf p.131,ficha_variable
2018,trabajos,tipoact2,C (1),2,Comercial,"{1,...,9}","dedica la empresa, negocio o institución.",,,doc_2018.pdf p.131,ficha_variable
2018,trabajos,tipoact2,C (1),3,De servicios,"{1,...,9}","dedica la empresa, negocio o institución.",,,doc_2018.pdf p.131,ficha_variable
2018,trabajos,tipoact2,C (1),4,Actividades agrícolas,"{1,...,9}","dedica la empresa, negocio o institución.",,,doc_2018.pdf p.131,ficha_variable
2018,trabajos,tipoact2,C (1),5,Actividades de cría y explotación de animales,"{1,...,9}","dedica la empresa, negocio o institución.",,,doc_2018.pdf p.131,ficha_variable
2018,trabajos,tipoact2,C (1),6,Actividades de recolección,"{1,...,9}","dedica la empresa, negocio o institución.",,,doc_2018.pdf p.131,ficha_variable
2018,trabajos,tipoact2,C (1),7,Reforestación y tala de árboles,"{1,...,9}","dedica la empresa, negocio o institución.",,,doc_2018.pdf p.131,ficha_variable
2018,trabajos,tipoact2,C (1),8,Actividades de caza y captura de animales,"{1,...,9}","dedica la empresa, negocio o institución.",,,doc_2018.pdf p.131,ficha_variable
2018,trabajos,tipoact2,C (1),9,Actividades de pesca .9102 nóicpircseD .8102 y,"{1,...,9}","dedica la empresa, negocio o institución.",,,doc_2018.pdf p.131,ficha_variable
2018,trabajos,tipoact3,C (1),1,Industrial,"{1,...,9}","la empresa, negocio o institución.",,,doc_2018.pdf p.132,ficha_variable
2018,trabajos,tipoact3,C (1),2,Comercial,"{1,...,9}","la empresa, negocio o institución.",,,doc_2018.pdf p.132,ficha_variable
2018,trabajos,tipoact3,C (1),3,De servicios,"{1,...,9}","la empresa, negocio o institución.",,,doc_2018.pdf p.132,ficha_variable
2018,trabajos,tipoact3,C (1),4,Actividades agrícolas,"{1,...,9}","la empresa, negocio o institución.",,,doc_2018.pdf p.132,ficha_variable
2018,trabajos,tipoact3,C (1),5,Actividades de cría y explotación de animales,"{1,...,9}","la empresa, negocio o institución.",,,doc_2018.pdf p.132,ficha_variable
2018,trabajos,tipoact3,C (1),6,Actividades de recolección,"{1,...,9}","la empresa, negocio o institución.",,,doc_2018.pdf p.132,ficha_variable
2018,trabajos,tipoact3,C (1),7,Reforestación y tala de árboles,"{1,...,9}","la empresa, negocio o institución.",,,doc_2018.pdf p.132,ficha_variable
2018,trabajos,tipoact3,C (1),8,Actividades de caza y captura de animales,"{1,...,9}","la empresa, negocio o institución.",,,doc_2018.pdf p.132,ficha_variable
2018,trabajos,tipoact3,C (1),9,Actividades de pesca,"{1,...,9}","la empresa, negocio o institución.",,,doc_2018.pdf p.132,ficha_variable
2018,trabajos,tipoact4,C (1),1,Industrial,"{1,...,9}","la empresa, negocio o institución.",,,doc_2018.pdf p.132,ficha_variable
2018,trabajos,tipoact4,C (1),2,Comercial,"{1,...,9}","la empresa, negocio o institución.",,,doc_2018.pdf p.132,ficha_variable
2018,trabajos,tipoact4,C (1),3,De servicios,"{1,...,9}","la empresa, negocio o institución.",,,doc_2018.pdf p.132,ficha_variable
2018,trabajos,tipoact4,C (1),4,Actividades agrícolas,"{1,...,9}","la empresa, negocio o institución.",,,doc_2018.pdf p.132,ficha_variable
2018,trabajos,tipoact4,C (1),5,Actividades de cría y explotación de animales,"{1,...,9}","la empresa, negocio o institución.",,,doc_2018.pdf p.132,ficha_variable
2018,trabajos,tipoact4,C (1),6,Actividades de recolección,"{1,...,9}","la empresa, negocio o institución.",,,doc_2018.pdf p.132,ficha_variable
2018,trabajos,tipoact4,C (1),7,Reforestación y tala de árboles,"{1,...,9}","la empresa, negocio o institución.",,,doc_2018.pdf p.132,ficha_variable
2018,trabajos,tipoact4,C (1),8,Actividades de caza y captura de animales,"{1,...,9}","la empresa, negocio o institución.",,,doc_2018.pdf p.132,ficha_variable
2018,trabajos,tipoact4,C (1),9,Actividades de pesca,"{1,...,9}","la empresa, negocio o institución.",,,doc_2018.pdf p.132,ficha_variable
2018,trabajos,tipocontr,C (1),1,Es temporal o por obra determinada,"{1,2}",tuvo.,,,doc_2018.pdf p.124,ficha_variable
2018,trabajos,tipocontr,C (1),2,"Es de base, planta o por tiempo Indeterminado","{1,2}",tuvo.,,,doc_2018.pdf p.124,ficha_variable
2018,trabajos,trapais,C (1),1,Sí,"{1,2}",El trabajo que tuvo fue dentro del país.,,,doc_2018.pdf p.122,ficha_variable
2018,trabajos,trapais,C (1),2,No,"{1,2}",El trabajo que tuvo fue dentro del país.,,,doc_2018.pdf p.122,ficha_variable
2018,viviendas,aire_acond,C (1),1,Sí,"{1,2}",Aire acondicionado.,,,doc_2018.pdf p.40,ficha_variable
2018,viviendas,aire_acond,C (1),2,No,"{1,2}",Aire acondicionado.,,,doc_2018.pdf p.40,ficha_variable
2018,viviendas,antigua_ne,C (1),1,No sabe,{1},No sabe la antigüedad de la vivienda ¿Cuántos años hace que se construyó esta,,,doc_2018.pdf p.32,ficha_variable
2018,viviendas,biodigest,C (1),1,Sí,"{1,2}",servicio sanitario.,,,doc_2018.pdf p.34,ficha_variable
2018,viviendas,biodigest,C (1),2,No,"{1,2}",servicio sanitario.,,,doc_2018.pdf p.34,ficha_variable
2018,viviendas,bomba_agua,C (1),1,Sí,"{1,2}",Bomba de agua.,,,doc_2018.pdf p.40,ficha_variable
2018,viviendas,bomba_agua,C (1),2,No,"{1,2}",Bomba de agua.,,,doc_2018.pdf p.40,ficha_variable
2018,viviendas,calefacc,C (1),1,Sí,"{1,2}",Calefacción.,,,doc_2018.pdf p.40,ficha_variable
2018,viviendas,calefacc,C (1),2,No,"{1,2}",Calefacción.,,,doc_2018.pdf p.40,ficha_variable
2018,viviendas,calent_gas,C (1),1,Sí,"{1,2}",Calentador de gas u otros.,,,doc_2018.pdf p.39,ficha_variable
2018,viviendas,calent_gas,C (1),2,No .9102 nóicpircseD .8102 y,"{1,2}",Calentador de gas u otros.,,,doc_2018.pdf p.39,ficha_variable
2018,viviendas,calent_sol,C (1),1,Sí,"{1,2}",Calentador de agua solar.,,,doc_2018.pdf p.39,ficha_variable
2018,viviendas,calent_sol,C (1),2,No,"{1,2}",Calentador de agua solar.,,,doc_2018.pdf p.39,ficha_variable
2018,viviendas,cisterna,C (1),1,Sí,"{1,2}",Cisterna o aljibe.,,,doc_2018.pdf p.39,ficha_variable
2018,viviendas,cisterna,C (1),2,No,"{1,2}",Cisterna o aljibe.,,,doc_2018.pdf p.39,ficha_variable
2018,viviendas,cocina,C (1),1,Sí,"{1,2}","calentar alimentos, aunque también tenga otros usos.",,,doc_2018.pdf p.32,ficha_variable
2018,viviendas,cocina,C (1),2,No,"{1,2}","calentar alimentos, aunque también tenga otros usos.",,,doc_2018.pdf p.32,ficha_variable
2018,viviendas,cocina_dor,C (1),1,Sí,"{1,2}",para dormir.,,,doc_2018.pdf p.32,ficha_variable
2018,viviendas,cocina_dor,C (1),2,No,"{1,2}",para dormir.,,,doc_2018.pdf p.32,ficha_variable
2018,viviendas,combustible,C (1),&,No especificado,"{1,...,6}",calentar alimentos en la vivienda.,,,doc_2018.pdf p.35,ficha_variable
2018,viviendas,combustible,C (1),1,Leña,"{1,...,6}",calentar alimentos en la vivienda.,,,doc_2018.pdf p.35,ficha_variable
2018,viviendas,combustible,C (1),2,Carbón,"{1,...,6}",calentar alimentos en la vivienda.,,,doc_2018.pdf p.35,ficha_variable
2018,viviendas,combustible,C (1),3,Gas de tanque,"{1,...,6}",calentar alimentos en la vivienda.,,,doc_2018.pdf p.35,ficha_variable
2018,viviendas,combustible,C (1),4,Gas natural o de tubería,"{1,...,6}",calentar alimentos en la vivienda.,,,doc_2018.pdf p.35,ficha_variable
2018,viviendas,combustible,C (1),5,Electricidad,"{1,...,6}",calentar alimentos en la vivienda.,,,doc_2018.pdf p.35,ficha_variable
2018,viviendas,combustible,C (1),6,Otro combustible,"{1,...,6}",calentar alimentos en la vivienda.,,,doc_2018.pdf p.35,ficha_variable
2018,viviendas,disp_agua,C (1),1,Agua entubada dentro de la vivienda,"{1,...,7}","sea que se cuente o no, con agua entubada de la red pública.",,,doc_2018.pdf p.33,ficha_variable
2018,viviendas,disp_agua,C (1),2,"Agua entubada fuera de la vivienda, pero dentro del terreno","{1,...,7}","sea que se cuente o no, con agua entubada de la red pública.",,,doc_2018.pdf p.33,ficha_variable
2018,viviendas,disp_agua,C (1),3,Agua entubada de llave pública (o hidrante),"{1,...,7}","sea que se cuente o no, con agua entubada de la red pública.",,,doc_2018.pdf p.33,ficha_variable
2018,viviendas,disp_agua,C (1),4,Captadores de agua de lluvia,"{1,...,7}","sea que se cuente o no, con agua entubada de la red pública.",,,doc_2018.pdf p.33,ficha_variable
2018,viviendas,disp_agua,C (1),5,Agua entubada que acarrean de otra vivienda,"{1,...,7}","sea que se cuente o no, con agua entubada de la red pública.",,,doc_2018.pdf p.33,ficha_variable
2018,viviendas,disp_agua,C (1),6,Agua de pipa,"{1,...,7}","sea que se cuente o no, con agua entubada de la red pública.",,,doc_2018.pdf p.33,ficha_variable
2018,viviendas,disp_agua,C (1),7,"Agua de un pozo, río, lago, arroyo u otra","{1,...,7}","sea que se cuente o no, con agua entubada de la red pública.",,,doc_2018.pdf p.33,ficha_variable
2018,viviendas,disp_elect,C (1),1,Del servicio público,"{1,...,5}",en la vivienda.,,,doc_2018.pdf p.35,ficha_variable
2018,viviendas,disp_elect,C (1),2,De una planta particular,"{1,...,5}",en la vivienda.,,,doc_2018.pdf p.35,ficha_variable
2018,viviendas,disp_elect,C (1),3,De panel solar,"{1,...,5}",en la vivienda.,,,doc_2018.pdf p.35,ficha_variable
2018,viviendas,disp_elect,C (1),4,De otra fuente,"{1,...,5}",en la vivienda.,,,doc_2018.pdf p.35,ficha_variable
2018,viviendas,disp_elect,C (1),5,No tiene luz eléctrica,"{1,...,5}",en la vivienda.,,,doc_2018.pdf p.35,ficha_variable
2018,viviendas,dotac_agua,C (1),&,No especificado,"{1,...,5}",agua entubada que proviene de la red pública.,,,doc_2018.pdf p.33,ficha_variable
2018,viviendas,dotac_agua,C (1),1,Diario,"{1,...,5}",agua entubada que proviene de la red pública.,,,doc_2018.pdf p.33,ficha_variable
2018,viviendas,dotac_agua,C (1),2,Cada tercer día,"{1,...,5}",agua entubada que proviene de la red pública.,,,doc_2018.pdf p.33,ficha_variable
2018,viviendas,dotac_agua,C (1),3,Dos veces por semana,"{1,...,5}",agua entubada que proviene de la red pública.,,,doc_2018.pdf p.33,ficha_variable
2018,viviendas,dotac_agua,C (1),4,Una vez por semana,"{1,...,5}",agua entubada que proviene de la red pública.,,,doc_2018.pdf p.33,ficha_variable
2018,viviendas,dotac_agua,C (1),5,De vez en cuando,"{1,...,5}",agua entubada que proviene de la red pública.,,,doc_2018.pdf p.33,ficha_variable
2018,viviendas,drenaje,C (1),1,La red pública,"{1,...,5}",desalojar de la vivienda los desechos humanos ¿Esta vivienda tiene drenaje o desagüe conectado y las aguas utilizadas.,,,doc_2018.pdf p.34,ficha_variable
2018,viviendas,drenaje,C (1),2,Una fosa séptica,"{1,...,5}",desalojar de la vivienda los desechos humanos ¿Esta vivienda tiene drenaje o desagüe conectado y las aguas utilizadas.,,,doc_2018.pdf p.34,ficha_variable
2018,viviendas,drenaje,C (1),3,Una tubería que va a dar a una barranca o grieta,"{1,...,5}",desalojar de la vivienda los desechos humanos ¿Esta vivienda tiene drenaje o desagüe conectado y las aguas utilizadas.,,,doc_2018.pdf p.34,ficha_variable
2018,viviendas,drenaje,C (1),4,"Una tubería que va a dar a un río, lago o mar","{1,...,5}",desalojar de la vivienda los desechos humanos ¿Esta vivienda tiene drenaje o desagüe conectado y las aguas utilizadas.,,,doc_2018.pdf p.34,ficha_variable
2018,viviendas,drenaje,C (1),5,No tiene drenaje,"{1,...,5}",desalojar de la vivienda los desechos humanos ¿Esta vivienda tiene drenaje o desagüe conectado y las aguas utilizadas.,,,doc_2018.pdf p.34,ficha_variable
2018,viviendas,eli_basura,C (1),1,La recoge un camión o carrito de basura,"{1,...,8}",Formas de eliminar la basura de la vivienda.,,,doc_2018.pdf p.36,ficha_variable
2018,viviendas,eli_basura,C (1),2,La tiran en el basurero público,"{1,...,8}",Formas de eliminar la basura de la vivienda.,,,doc_2018.pdf p.36,ficha_variable
2018,viviendas,eli_basura,C (1),3,La tiran en un contenedor o depósito,"{1,...,8}",Formas de eliminar la basura de la vivienda.,,,doc_2018.pdf p.36,ficha_variable
2018,viviendas,eli_basura,C (1),4,La queman,"{1,...,8}",Formas de eliminar la basura de la vivienda.,,,doc_2018.pdf p.36,ficha_variable
2018,viviendas,eli_basura,C (1),5,La entierran,"{1,...,8}",Formas de eliminar la basura de la vivienda.,,,doc_2018.pdf p.36,ficha_variable
2018,viviendas,eli_basura,C (1),6,La tiran en un terreno baldío o calle,"{1,...,8}",Formas de eliminar la basura de la vivienda.,,,doc_2018.pdf p.36,ficha_variable
2018,viviendas,eli_basura,C (1),7,La tiran en barranca o grieta,"{1,...,8}",Formas de eliminar la basura de la vivienda.,,,doc_2018.pdf p.36,ficha_variable
2018,viviendas,eli_basura,C (1),8,"La tiran al río, lago o mar","{1,...,8}",Formas de eliminar la basura de la vivienda.,,,doc_2018.pdf p.36,ficha_variable
2018,viviendas,escrituras,C (1),1,A nombre del dueño,"{1,...,4}",Escrituras o título de propiedad de la vivienda. ¿Esta vivienda cuenta con escrituras o título de,,,doc_2018.pdf p.38,ficha_variable
2018,viviendas,escrituras,C (1),2,A nombre de otra persona,"{1,...,4}",Escrituras o título de propiedad de la vivienda. ¿Esta vivienda cuenta con escrituras o título de,,,doc_2018.pdf p.38,ficha_variable
2018,viviendas,escrituras,C (1),3,No tiene escrituras,"{1,...,4}",Escrituras o título de propiedad de la vivienda. ¿Esta vivienda cuenta con escrituras o título de,,,doc_2018.pdf p.38,ficha_variable
2018,viviendas,escrituras,C (1),4,No sabe,"{1,...,4}",Escrituras o título de propiedad de la vivienda. ¿Esta vivienda cuenta con escrituras o título de,,,doc_2018.pdf p.38,ficha_variable
2018,viviendas,est_socio,C (1),1,Bajo,"{1,...,4}",equipamiento de las mismas expresadas por medio de 24 indicadores construidos con información del Censo de Población y Vivienda 2010. Esta estratificación se realizó por medio,,1,doc_2018.pdf p.42,ficha_variable
2018,viviendas,est_socio,C (1),2,Medio bajo,"{1,...,4}",equipamiento de las mismas expresadas por medio de 24 indicadores construidos con información del Censo de Población y Vivienda 2010. Esta estratificación se realizó por medio,,2,doc_2018.pdf p.42,ficha_variable
2018,viviendas,est_socio,C (1),3,Medio alto,"{1,...,4}",equipamiento de las mismas expresadas por medio de 24 indicadores construidos con información del Censo de Población y Vivienda 2010. Esta estratificación se realizó por medio,,3,doc_2018.pdf p.42,ficha_variable
2018,viviendas,est_socio,C (1),4,Alto,"{1,...,4}",equipamiento de las mismas expresadas por medio de 24 indicadores construidos con información del Censo de Población y Vivienda 2010. Esta estratificación se realizó por medio,,4,doc_2018.pdf p.42,ficha_variable
2018,viviendas,estufa_chi,C (1),1,Sí,,al cocinar.,,,doc_2018.pdf p.36,ficha_variable
2018,viviendas,estufa_chi,C (1),2,No,,al cocinar.,,,doc_2018.pdf p.36,ficha_variable
2018,viviendas,excusado,C (1),1,Sí,"{1,2}","para el desalojo de los desechos humanos. ¿Tienen excusado, retrete, sanitario, letrina u hoyo",,,doc_2018.pdf p.33,ficha_variable
2018,viviendas,excusado,C (1),2,No .9102 nóicpircseD .8102 y,"{1,2}","para el desalojo de los desechos humanos. ¿Tienen excusado, retrete, sanitario, letrina u hoyo",,,doc_2018.pdf p.33,ficha_variable
2018,viviendas,fregadero,C (1),1,Sí,"{1,2}",Fregadero o tarja.,,,doc_2018.pdf p.38,ficha_variable
2018,viviendas,fregadero,C (1),2,No .9102 nóicpircseD .8102 y,"{1,2}",Fregadero o tarja.,,,doc_2018.pdf p.38,ficha_variable
2018,viviendas,hog_dueno1,C (1),&,No especificado,Sección y/o apartado Sección I,vivienda.,,,doc_2018.pdf p.38,ficha_variable
2018,viviendas,hog_dueno2,C (1),&,No especificado,Sección y/o apartado Sección I,de la vivienda.,,,doc_2018.pdf p.38,ficha_variable
2018,viviendas,lavadero,C (1),1,Sí,"{1,2}",Lavadero.,,,doc_2018.pdf p.38,ficha_variable
2018,viviendas,lavadero,C (1),2,No,"{1,2}",Lavadero.,,,doc_2018.pdf p.38,ficha_variable
2018,viviendas,mat_pared,C (1),1,Material de desecho,"{1,...,8}",vivienda.,,,doc_2018.pdf p.31,ficha_variable
2018,viviendas,mat_pared,C (1),2,Lámina de cartón,"{1,...,8}",vivienda.,,,doc_2018.pdf p.31,ficha_variable
2018,viviendas,mat_pared,C (1),3,Lámina de asbesto o metálica,"{1,...,8}",vivienda.,,,doc_2018.pdf p.31,ficha_variable
2018,viviendas,mat_pared,C (1),4,Carrizo bambú o palma,"{1,...,8}",vivienda.,,,doc_2018.pdf p.31,ficha_variable
2018,viviendas,mat_pared,C (1),5,Embarro o bajareque,"{1,...,8}",vivienda.,,,doc_2018.pdf p.31,ficha_variable
2018,viviendas,mat_pared,C (1),6,Madera,"{1,...,8}",vivienda.,,,doc_2018.pdf p.31,ficha_variable
2018,viviendas,mat_pared,C (1),7,Adobe,"{1,...,8}",vivienda.,,,doc_2018.pdf p.31,ficha_variable
2018,viviendas,mat_pared,C (1),8,"Tabique, ladrillo, block, piedra, cantera, cemento o concreto","{1,...,8}",vivienda.,,,doc_2018.pdf p.31,ficha_variable
2018,viviendas,mat_pisos,C (1),&,No especificado,"{1,...,3}",Material predominante en el piso de la vivienda. ¿De qué material es la mayor parte del piso de esta,,,doc_2018.pdf p.32,ficha_variable
2018,viviendas,mat_pisos,C (1),1,Tierra,"{1,...,3}",Material predominante en el piso de la vivienda. ¿De qué material es la mayor parte del piso de esta,,,doc_2018.pdf p.32,ficha_variable
2018,viviendas,mat_pisos,C (1),2,Cemento o firme,"{1,...,3}",Material predominante en el piso de la vivienda. ¿De qué material es la mayor parte del piso de esta,,,doc_2018.pdf p.32,ficha_variable
2018,viviendas,mat_pisos,C (1),3,"Madera, mosaico u otro recubrimiento","{1,...,3}",Material predominante en el piso de la vivienda. ¿De qué material es la mayor parte del piso de esta,,,doc_2018.pdf p.32,ficha_variable
2018,viviendas,mat_techos,C (2),01,Material de desecho,"{01,...,10}",vivienda.,,,doc_2018.pdf p.31,ficha_variable
2018,viviendas,mat_techos,C (2),02,Lámina de cartón .9102 nóicpircseD .8102 y,"{01,...,10}",vivienda.,,,doc_2018.pdf p.31,ficha_variable
2018,viviendas,mat_techos,C (2),03,Lámina metálica,"{01,...,10}",vivienda.,,,doc_2018.pdf p.31,ficha_variable
2018,viviendas,mat_techos,C (2),04,Lámina de asbesto,"{01,...,10}",vivienda.,,,doc_2018.pdf p.31,ficha_variable
2018,viviendas,mat_techos,C (2),05,Lámina de fibrocemento ondulada (techo fijo),"{01,...,10}",vivienda.,,,doc_2018.pdf p.31,ficha_variable
2018,viviendas,mat_techos,C (2),06,Palma o paja,"{01,...,10}",vivienda.,,,doc_2018.pdf p.31,ficha_variable
2018,viviendas,mat_techos,C (2),07,Madera o tejamanil,"{01,...,10}",vivienda.,,,doc_2018.pdf p.31,ficha_variable
2018,viviendas,mat_techos,C (2),08,Terrado con viguería,"{01,...,10}",vivienda.,,,doc_2018.pdf p.31,ficha_variable
2018,viviendas,mat_techos,C (2),09,Teja,"{01,...,10}",vivienda.,,,doc_2018.pdf p.31,ficha_variable
2018,viviendas,mat_techos,C (2),10,Losa de concreto o viguetas con bovedilla,"{01,...,10}",vivienda.,,,doc_2018.pdf p.31,ficha_variable
2018,viviendas,medidor_luz,C (1),1,Sí,"{1,2}",Medidor de luz.,,,doc_2018.pdf p.40,ficha_variable
2018,viviendas,medidor_luz,C (1),2,No,"{1,2}",Medidor de luz.,,,doc_2018.pdf p.40,ficha_variable
2018,viviendas,mes_1,C (2),07,Julio,"{07,...,10}",Primer mes pasado a la entrevista.,,,doc_2018.pdf p.108,ficha_variable
2018,viviendas,mes_1,C (2),08,Agosto,"{07,...,10}",Primer mes pasado a la entrevista.,,,doc_2018.pdf p.108,ficha_variable
2018,viviendas,mes_1,C (2),09,Septiembre,"{07,...,10}",Primer mes pasado a la entrevista.,,,doc_2018.pdf p.108,ficha_variable
2018,viviendas,mes_1,C (2),10,Octubre,"{07,...,10}",Primer mes pasado a la entrevista.,,,doc_2018.pdf p.108,ficha_variable
2018,viviendas,mes_2,C (2),06,Junio,"{06,...,09}",Segundo mes pasado a la entrevista.,,,doc_2018.pdf p.109,ficha_variable
2018,viviendas,mes_2,C (2),07,Julio,"{06,...,09}",Segundo mes pasado a la entrevista.,,,doc_2018.pdf p.109,ficha_variable
2018,viviendas,mes_2,C (2),08,Agosto,"{06,...,09}",Segundo mes pasado a la entrevista.,,,doc_2018.pdf p.109,ficha_variable
2018,viviendas,mes_2,C (2),09,Septiembre,"{06,...,09}",Segundo mes pasado a la entrevista.,,,doc_2018.pdf p.109,ficha_variable
2018,viviendas,mes_3,C (2),05,Mayo,"{05,...,08}",Tercer mes pasado a la entrevista.,,,doc_2018.pdf p.109,ficha_variable
2018,viviendas,mes_3,C (2),06,Junio,"{05,...,08}",Tercer mes pasado a la entrevista.,,,doc_2018.pdf p.109,ficha_variable
2018,viviendas,mes_3,C (2),07,Julio,"{05,...,08}",Tercer mes pasado a la entrevista.,,,doc_2018.pdf p.109,ficha_variable
2018,viviendas,mes_3,C (2),08,Agosto #7 mes_4:,"{05,...,08}",Tercer mes pasado a la entrevista.,,,doc_2018.pdf p.109,ficha_variable
2018,viviendas,mes_5,C (2),03,Marzo,"{03,...,06}",Quinto mes pasado a la entrevista.,,,doc_2018.pdf p.109,ficha_variable
2018,viviendas,mes_5,C (2),04,Abril,"{03,...,06}",Quinto mes pasado a la entrevista.,,,doc_2018.pdf p.109,ficha_variable
2018,viviendas,mes_5,C (2),05,Mayo,"{03,...,06}",Quinto mes pasado a la entrevista.,,,doc_2018.pdf p.109,ficha_variable
2018,viviendas,mes_5,C (2),06,Junio,"{03,...,06}",Quinto mes pasado a la entrevista.,,,doc_2018.pdf p.109,ficha_variable
2018,viviendas,mes_6,C (2),02,Febrero,"{02,...,05}",Sexto mes pasado a la entrevista.,,,doc_2018.pdf p.109,ficha_variable
2018,viviendas,mes_6,C (2),03,Marzo,"{02,...,05}",Sexto mes pasado a la entrevista.,,,doc_2018.pdf p.109,ficha_variable
2018,viviendas,mes_6,C (2),04,Abril,"{02,...,05}",Sexto mes pasado a la entrevista.,,,doc_2018.pdf p.109,ficha_variable
2018,viviendas,mes_6,C (2),05,Mayo,"{02,...,05}",Sexto mes pasado a la entrevista.,,,doc_2018.pdf p.109,ficha_variable
2018,viviendas,num_dueno1,C (2),&,No especificado,Sección y/o apartado Sección I,vivienda.,,,doc_2018.pdf p.37,ficha_variable
2018,viviendas,num_dueno2,C (2),&,No especificado,Sección y/o apartado Sección I,de la vivienda.,,,doc_2018.pdf p.38,ficha_variable
2018,viviendas,pago_mesp,C (1),1,Sí,"{1,2}",Pago por la vivienda el mes pasado.,,,doc_2018.pdf p.37,ficha_variable
2018,viviendas,pago_mesp,C (1),2,No,"{1,2}",Pago por la vivienda el mes pasado.,,,doc_2018.pdf p.37,ficha_variable
2018,viviendas,pileta,C (1),1,Sí,"{1,2}","Pileta, tanque o depósito de agua. ¿Esta vivienda tiene pileta, tanque o depósito de",,,doc_2018.pdf p.39,ficha_variable
2018,viviendas,pileta,C (1),2,No,"{1,2}","Pileta, tanque o depósito de agua. ¿Esta vivienda tiene pileta, tanque o depósito de",,,doc_2018.pdf p.39,ficha_variable
2018,viviendas,procaptar,N (1),0,No aplica,"{0,1}","anuales acumuladas iguales o mayores a 1,500 mm, y que además se encuentran dentro de la Cruzada Nacional Contra el Hambre, para las cuales el apoyo del programa es de hasta el 100% para la instalación de un sistema de",,,doc_2018.pdf p.43,ficha_variable
2018,viviendas,procaptar,N (1),1,Vivienda con precipitación pluvial mayor o igual a 1500 mm,"{0,1}","anuales acumuladas iguales o mayores a 1,500 mm, y que además se encuentran dentro de la Cruzada Nacional Contra el Hambre, para las cuales el apoyo del programa es de hasta el 100% para la instalación de un sistema de",,,doc_2018.pdf p.43,ficha_variable
2018,viviendas,regadera,C (1),1,Sí,"{1,2}",Regadera.,,,doc_2018.pdf p.39,ficha_variable
2018,viviendas,regadera,C (1),2,No,"{1,2}",Regadera.,,,doc_2018.pdf p.39,ficha_variable
2018,viviendas,sanit_agua,C (1),&,No especificado,"{1,...,3}",sin conexión de agua.,,,doc_2018.pdf p.34,ficha_variable
2018,viviendas,sanit_agua,C (1),1,Tiene descarga directa de agua,"{1,...,3}",sin conexión de agua.,,,doc_2018.pdf p.34,ficha_variable
2018,viviendas,sanit_agua,C (1),2,Le echan agua con cubeta,"{1,...,3}",sin conexión de agua.,,,doc_2018.pdf p.34,ficha_variable
2018,viviendas,sanit_agua,C (1),3,No se le puede echar agua,"{1,...,3}",sin conexión de agua.,,,doc_2018.pdf p.34,ficha_variable
2018,viviendas,tam_loc,C (1),1,Localidades con 100 000 y más habitantes,"{1,...,4}",habitantes.,,1,doc_2018.pdf p.41,ficha_variable
2018,viviendas,tam_loc,C (1),2,Localidades con 15 000 a 99 999 habitantes,"{1,...,4}",habitantes.,,2,doc_2018.pdf p.41,ficha_variable
2018,viviendas,tam_loc,C (1),3,Localidades con 2 500 a 14 999 habitantes,"{1,...,4}",habitantes.,,3,doc_2018.pdf p.41,ficha_variable
2018,viviendas,tam_loc,C (1),4,Localidades con menos de 2 500 habitantes,"{1,...,4}",habitantes.,,4,doc_2018.pdf p.41,ficha_variable
2018,viviendas,tanque_gas,C (1),1,Sí,"{1,2}",Tanque de gas estacionario.,,,doc_2018.pdf p.40,ficha_variable
2018,viviendas,tanque_gas,C (1),2,No,"{1,2}",Tanque de gas estacionario.,,,doc_2018.pdf p.40,ficha_variable
2018,viviendas,tenencia,C (1),1,Es rentada,"{1,...,6}",ocupantes.,,,doc_2018.pdf p.36,ficha_variable
2018,viviendas,tenencia,C (1),2,Es prestada,"{1,...,6}",ocupantes.,,,doc_2018.pdf p.36,ficha_variable
2018,viviendas,tenencia,C (1),3,Es propia pero la están pagando,"{1,...,6}",ocupantes.,,,doc_2018.pdf p.36,ficha_variable
2018,viviendas,tenencia,C (1),4,Es propia,"{1,...,6}",ocupantes.,,,doc_2018.pdf p.36,ficha_variable
2018,viviendas,tenencia,C (1),5,Está intestada o en litigio,"{1,...,6}",ocupantes.,,,doc_2018.pdf p.36,ficha_variable
2018,viviendas,tenencia,C (1),6,Otra situación,"{1,...,6}",ocupantes.,,,doc_2018.pdf p.36,ficha_variable
2018,viviendas,tinaco_azo,C (1),1,Sí,"{1,2}",Tinaco en la azotea.,,,doc_2018.pdf p.39,ficha_variable
2018,viviendas,tinaco_azo,C (1),2,No,"{1,2}",Tinaco en la azotea.,,,doc_2018.pdf p.39,ficha_variable
2018,viviendas,tipo_adqui,C (1),1,La compró hecha,"{1,...,4}",adquirirla.,,,doc_2018.pdf p.37,ficha_variable
2018,viviendas,tipo_adqui,C (1),2,La mandó construir,"{1,...,4}",adquirirla.,,,doc_2018.pdf p.37,ficha_variable
2018,viviendas,tipo_adqui,C (1),3,La construyó él mismo,"{1,...,4}",adquirirla.,,,doc_2018.pdf p.37,ficha_variable
2018,viviendas,tipo_adqui,C (1),4,La obtuvo de otra manera,"{1,...,4}",adquirirla.,,,doc_2018.pdf p.37,ficha_variable
2018,viviendas,tipo_finan,C (1),&,No especificado,"{1,...,5}","para pagar, construir, ampliar, o modifica la vivienda.",,,doc_2018.pdf p.37,ficha_variable
2018,viviendas,tipo_finan,C (1),1,"Le dió crédito el INFONAVIT, FOVISSSTE o FONHAPO","{1,...,5}","para pagar, construir, ampliar, o modifica la vivienda.",,,doc_2018.pdf p.37,ficha_variable
2018,viviendas,tipo_finan,C (1),2,"Le dió crédito un banco, sofol o caja de ahorro","{1,...,5}","para pagar, construir, ampliar, o modifica la vivienda.",,,doc_2018.pdf p.37,ficha_variable
2018,viviendas,tipo_finan,C (1),3,Le dió crédito otra institución,"{1,...,5}","para pagar, construir, ampliar, o modifica la vivienda.",,,doc_2018.pdf p.37,ficha_variable
2018,viviendas,tipo_finan,C (1),4,"Le prestó un familiar, amigo o prestamista","{1,...,5}","para pagar, construir, ampliar, o modifica la vivienda.",,,doc_2018.pdf p.37,ficha_variable
2018,viviendas,tipo_finan,C (1),5,Usó sus propios recursos,"{1,...,5}","para pagar, construir, ampliar, o modifica la vivienda.",,,doc_2018.pdf p.37,ficha_variable
2018,viviendas,tipo_viv,C (1),&,No especificado,"{1,...,5}",Clase de vivienda particular.,,,doc_2018.pdf p.31,ficha_variable
2018,viviendas,tipo_viv,C (1),1,Casa independiente,"{1,...,5}",Clase de vivienda particular.,,,doc_2018.pdf p.31,ficha_variable
2018,viviendas,tipo_viv,C (1),2,Departamento en edificio,"{1,...,5}",Clase de vivienda particular.,,,doc_2018.pdf p.31,ficha_variable
2018,viviendas,tipo_viv,C (1),3,Vivienda en vecindad,"{1,...,5}",Clase de vivienda particular.,,,doc_2018.pdf p.31,ficha_variable
2018,viviendas,tipo_viv,C (1),4,Vivienda en cuarto de azotea,"{1,...,5}",Clase de vivienda particular.,,,doc_2018.pdf p.31,ficha_variable
2018,viviendas,tipo_viv,C (1),5,Local no construido para habitación,"{1,...,5}",Clase de vivienda particular.,,,doc_2018.pdf p.31,ficha_variable
2018,viviendas,uso_compar,C (1),1,Sí,"{1,2}",los habitantes de otra vivienda.,,,doc_2018.pdf p.34,ficha_variable
2018,viviendas,uso_compar,C (1),2,No,"{1,2}",los habitantes de otra vivienda.,,,doc_2018.pdf p.34,ficha_variable
2018,viviendas,viv_usada,C (1),1,Sí,"{1,2}",Estado de la vivienda al momento de adquirirla.,,,doc_2018.pdf p.37,ficha_variable
2018,viviendas,viv_usada,C (1),2,No,"{1,2}",Estado de la vivienda al momento de adquirirla.,,,doc_2018.pdf p.37,ficha_variable
2020,concentradohogar,clase_hog,C (1),1,Unipersonal,"{1,...,5}",familiar primario; ampliado: hogar formado por el jefe(a) y su grupo familiar primario más otros grupos familiares u otros parientes; compuesto: hogar formado por un hogar nuclear o ampliado con personas sin parentesco con el jefe(a);,,,doc_2020.pdf p.189,ficha_variable
2020,concentradohogar,clase_hog,C (1),2,Nuclear,"{1,...,5}",familiar primario; ampliado: hogar formado por el jefe(a) y su grupo familiar primario más otros grupos familiares u otros parientes; compuesto: hogar formado por un hogar nuclear o ampliado con personas sin parentesco con el jefe(a);,,,doc_2020.pdf p.189,ficha_variable
2020,concentradohogar,clase_hog,C (1),3,Ampliado,"{1,...,5}",familiar primario; ampliado: hogar formado por el jefe(a) y su grupo familiar primario más otros grupos familiares u otros parientes; compuesto: hogar formado por un hogar nuclear o ampliado con personas sin parentesco con el jefe(a);,,,doc_2020.pdf p.189,ficha_variable
2020,concentradohogar,clase_hog,C (1),4,Compuesto,"{1,...,5}",familiar primario; ampliado: hogar formado por el jefe(a) y su grupo familiar primario más otros grupos familiares u otros parientes; compuesto: hogar formado por un hogar nuclear o ampliado con personas sin parentesco con el jefe(a);,,,doc_2020.pdf p.189,ficha_variable
2020,concentradohogar,clase_hog,C (1),5,Corresidente,"{1,...,5}",familiar primario; ampliado: hogar formado por el jefe(a) y su grupo familiar primario más otros grupos familiares u otros parientes; compuesto: hogar formado por un hogar nuclear o ampliado con personas sin parentesco con el jefe(a);,,,doc_2020.pdf p.189,ficha_variable
2020,concentradohogar,educa_jefe,C (2),01,Sin instrucción,"{01,...,11}",Educación formal del jefe del hogar.,,,doc_2020.pdf p.190,ficha_variable
2020,concentradohogar,educa_jefe,C (2),02,Preescolar,"{01,...,11}",Educación formal del jefe del hogar.,,,doc_2020.pdf p.190,ficha_variable
2020,concentradohogar,educa_jefe,C (2),03,Primaria incompleta,"{01,...,11}",Educación formal del jefe del hogar.,,,doc_2020.pdf p.190,ficha_variable
2020,concentradohogar,educa_jefe,C (2),04,Primaria completa,"{01,...,11}",Educación formal del jefe del hogar.,,,doc_2020.pdf p.190,ficha_variable
2020,concentradohogar,educa_jefe,C (2),05,Secundaria incompleta,"{01,...,11}",Educación formal del jefe del hogar.,,,doc_2020.pdf p.190,ficha_variable
2020,concentradohogar,educa_jefe,C (2),06,Secundaria completa,"{01,...,11}",Educación formal del jefe del hogar.,,,doc_2020.pdf p.190,ficha_variable
2020,concentradohogar,educa_jefe,C (2),07,Preparatoria incompleta,"{01,...,11}",Educación formal del jefe del hogar.,,,doc_2020.pdf p.190,ficha_variable
2020,concentradohogar,educa_jefe,C (2),08,Preparatoria completa,"{01,...,11}",Educación formal del jefe del hogar.,,,doc_2020.pdf p.190,ficha_variable
2020,concentradohogar,educa_jefe,C (2),09,Profesional incompleta,"{01,...,11}",Educación formal del jefe del hogar.,,,doc_2020.pdf p.190,ficha_variable
2020,concentradohogar,educa_jefe,C (2),10,Profesional completa,"{01,...,11}",Educación formal del jefe del hogar.,,,doc_2020.pdf p.190,ficha_variable
2020,concentradohogar,educa_jefe,C (2),11,Posgrado,"{01,...,11}",Educación formal del jefe del hogar.,,,doc_2020.pdf p.190,ficha_variable
2020,concentradohogar,est_socio,C (1),1,Bajo,"{1,...,4}",equipamiento de las mismas expresadas por medio de 24 indicadores construidos con información del Censo de Población y Vivienda 2010. Esta estratificación se realizó por medio,,1,doc_2020.pdf p.188,ficha_variable
2020,concentradohogar,est_socio,C (1),2,Medio bajo,"{1,...,4}",equipamiento de las mismas expresadas por medio de 24 indicadores construidos con información del Censo de Población y Vivienda 2010. Esta estratificación se realizó por medio,,2,doc_2020.pdf p.188,ficha_variable
2020,concentradohogar,est_socio,C (1),3,Medio alto,"{1,...,4}",equipamiento de las mismas expresadas por medio de 24 indicadores construidos con información del Censo de Población y Vivienda 2010. Esta estratificación se realizó por medio,,3,doc_2020.pdf p.188,ficha_variable
2020,concentradohogar,est_socio,C (1),4,Alto,"{1,...,4}",equipamiento de las mismas expresadas por medio de 24 indicadores construidos con información del Censo de Población y Vivienda 2010. Esta estratificación se realizó por medio,,4,doc_2020.pdf p.188,ficha_variable
2020,concentradohogar,sexo_jefe,C (1),1,Hombre,"{1,2}",hogar en hombre o mujer.,,,doc_2020.pdf p.189,ficha_variable
2020,concentradohogar,sexo_jefe,C (1),2,Mujer,"{1,2}",hogar en hombre o mujer.,,,doc_2020.pdf p.189,ficha_variable
2020,concentradohogar,tam_loc,C (1),1,Localidades con 100 000 y más habitantes,"{1,...,4}",habitantes.,,1,doc_2020.pdf p.187,ficha_variable
2020,concentradohogar,tam_loc,C (1),2,Localidades con 15 000 a 99 999 habitantes,"{1,...,4}",habitantes.,,2,doc_2020.pdf p.187,ficha_variable
2020,concentradohogar,tam_loc,C (1),3,Localidades con 2 500 a 14 999 habitantes,"{1,...,4}",habitantes.,,3,doc_2020.pdf p.187,ficha_variable
2020,concentradohogar,tam_loc,C (1),4,Localidades con menos de 2 500 habitantes,"{1,...,4}",habitantes.,,4,doc_2020.pdf p.187,ficha_variable
2020,hogares,acc_alim1,C (1),1,Sí,"{1,2}","Alguna vez por falta de dinero o recursos, se vio En los últimos tres meses, por falta de dinero o en la preocupación que la comida se acabara.",,,doc_2020.pdf p.48,ficha_variable
2020,hogares,acc_alim1,C (1),2,No nóicpircseD .0202 y,"{1,2}","Alguna vez por falta de dinero o recursos, se vio En los últimos tres meses, por falta de dinero o en la preocupación que la comida se acabara.",,,doc_2020.pdf p.48,ficha_variable
2020,hogares,acc_alim10,C (1),1,Sí,"{1,2}",menor no tuvo alimentación sana y variada.,,,doc_2020.pdf p.50,ficha_variable
2020,hogares,acc_alim10,C (1),2,No,"{1,2}",menor no tuvo alimentación sana y variada.,,,doc_2020.pdf p.50,ficha_variable
2020,hogares,acc_alim11,C (1),1,Sí,"{1,2}",menor tuvo una alimentación poco variada.,,,doc_2020.pdf p.50,ficha_variable
2020,hogares,acc_alim11,C (1),2,No,"{1,2}",menor tuvo una alimentación poco variada.,,,doc_2020.pdf p.50,ficha_variable
2020,hogares,acc_alim12,C (1),1,Sí,"{1,2}","Alguna vez por falta de dinero o recursos algún En los últimos tres meses, por falta de dinero o menor tuvo una reducida alimentación.",,,doc_2020.pdf p.51,ficha_variable
2020,hogares,acc_alim12,C (1),2,No,"{1,2}","Alguna vez por falta de dinero o recursos algún En los últimos tres meses, por falta de dinero o menor tuvo una reducida alimentación.",,,doc_2020.pdf p.51,ficha_variable
2020,hogares,acc_alim13,C (1),1,Sí,"{1,2}",menor recibió menos cantidad de alimentos.,,,doc_2020.pdf p.51,ficha_variable
2020,hogares,acc_alim13,C (1),2,No,"{1,2}",menor recibió menos cantidad de alimentos.,,,doc_2020.pdf p.51,ficha_variable
2020,hogares,acc_alim14,C (1),1,Sí,"{1,2}","Alguna vez por falta de dinero o recursos algún En los últimos tres meses, por falta de dinero o menor sintió hambre pero no comió.",,,doc_2020.pdf p.51,ficha_variable
2020,hogares,acc_alim14,C (1),2,No,"{1,2}","Alguna vez por falta de dinero o recursos algún En los últimos tres meses, por falta de dinero o menor sintió hambre pero no comió.",,,doc_2020.pdf p.51,ficha_variable
2020,hogares,acc_alim15,C (1),1,Sí,"{1,2}","Alguna vez por falta de dinero o recursos algún En los últimos tres meses, por falta de dinero o menor se acostó con hambre.",,,doc_2020.pdf p.51,ficha_variable
2020,hogares,acc_alim15,C (1),2,No,"{1,2}","Alguna vez por falta de dinero o recursos algún En los últimos tres meses, por falta de dinero o menor se acostó con hambre.",,,doc_2020.pdf p.51,ficha_variable
2020,hogares,acc_alim16,C (1),1,Sí,"{1,2}",menor dejó de comer todo un día.,,,doc_2020.pdf p.51,ficha_variable
2020,hogares,acc_alim16,C (1),2,No,"{1,2}",menor dejó de comer todo un día.,,,doc_2020.pdf p.51,ficha_variable
2020,hogares,acc_alim18,C (1),1,Igual,"{1,...,3}",Relación del consumo regular de alimentos con ¿Considera usted que el consumo que reportó fue lo reportado durante la semana de entrevista.,,,doc_2020.pdf p.53,ficha_variable
2020,hogares,acc_alim18,C (1),2,Mayor,"{1,...,3}",Relación del consumo regular de alimentos con ¿Considera usted que el consumo que reportó fue lo reportado durante la semana de entrevista.,,,doc_2020.pdf p.53,ficha_variable
2020,hogares,acc_alim18,C (1),3,Menor nóicpircseD .0202 y Fe de erratas,"{1,...,3}",Relación del consumo regular de alimentos con ¿Considera usted que el consumo que reportó fue lo reportado durante la semana de entrevista.,,,doc_2020.pdf p.53,ficha_variable
2020,hogares,acc_alim2,C (1),1,Sí,"{1,2}",quedaron sin comida.,,,doc_2020.pdf p.49,ficha_variable
2020,hogares,acc_alim2,C (1),2,No,"{1,2}",quedaron sin comida.,,,doc_2020.pdf p.49,ficha_variable
2020,hogares,acc_alim3,C (1),1,Sí,"{1,2}","Alguna vez por falta de dinero o recursos no En los últimos tres meses, ¿alguna vez se quedaron obtuvieron una alimentación sana y variada.",,,doc_2020.pdf p.49,ficha_variable
2020,hogares,acc_alim3,C (1),2,No,"{1,2}","Alguna vez por falta de dinero o recursos no En los últimos tres meses, ¿alguna vez se quedaron obtuvieron una alimentación sana y variada.",,,doc_2020.pdf p.49,ficha_variable
2020,hogares,acc_alim4,C (1),1,Sí,"{1,2}",adulto no obtuvo una alimentación sana y recursos ¿alguna vez usted o algún adulto en su variada.,,,doc_2020.pdf p.49,ficha_variable
2020,hogares,acc_alim4,C (1),2,No,"{1,2}",adulto no obtuvo una alimentación sana y recursos ¿alguna vez usted o algún adulto en su variada.,,,doc_2020.pdf p.49,ficha_variable
2020,hogares,acc_alim5,C (1),1,Sí,"{1,2}","Alguna vez por falta de dinero o recursos algún En los últimos tres meses, por falta de dinero o adulto no tuvo desayuno, comida o cena.",,,doc_2020.pdf p.49,ficha_variable
2020,hogares,acc_alim5,C (1),2,No,"{1,2}","Alguna vez por falta de dinero o recursos algún En los últimos tres meses, por falta de dinero o adulto no tuvo desayuno, comida o cena.",,,doc_2020.pdf p.49,ficha_variable
2020,hogares,acc_alim6,C (1),1,Sí,"{1,2}",adulto comió menos de lo pensado.,,,doc_2020.pdf p.49,ficha_variable
2020,hogares,acc_alim6,C (1),2,No nóicpircseD .0202 y,"{1,2}",adulto comió menos de lo pensado.,,,doc_2020.pdf p.49,ficha_variable
2020,hogares,acc_alim7,C (1),1,Sí,"{1,2}","Alguna vez por falta de dinero o recursos algún En los últimos tres meses, por falta de dinero o adulto sintió hambre pero no comió.",,,doc_2020.pdf p.50,ficha_variable
2020,hogares,acc_alim7,C (1),2,No,"{1,2}","Alguna vez por falta de dinero o recursos algún En los últimos tres meses, por falta de dinero o adulto sintió hambre pero no comió.",,,doc_2020.pdf p.50,ficha_variable
2020,hogares,acc_alim8,C (1),1,Sí,"{1,2}",adulto comió solo una vez o dejó de comer un recursos ¿alguna vez usted o algún adulto en su día.,,,doc_2020.pdf p.50,ficha_variable
2020,hogares,acc_alim8,C (1),2,No,"{1,2}",adulto comió solo una vez o dejó de comer un recursos ¿alguna vez usted o algún adulto en su día.,,,doc_2020.pdf p.50,ficha_variable
2020,hogares,acc_alim9,C (1),1,Sí,"{1,2}",adulto tuvo que mendigar o mandar a niños a recursos ¿alguna vez tuvieron que hacer algo que trabajar.,,,doc_2020.pdf p.50,ficha_variable
2020,hogares,acc_alim9,C (1),2,No,"{1,2}",adulto tuvo que mendigar o mandar a niños a recursos ¿alguna vez tuvieron que hacer algo que trabajar.,,,doc_2020.pdf p.50,ficha_variable
2020,hogares,anio_aspir,C (2),&,No especificado,"{00,...,16,50,...,99}",Año de adquisición de la última aspiradora.,,,doc_2020.pdf p.61,ficha_variable
2020,hogares,anio_auto,C (2),&,No especificado,"{00,...,16,50,...,99}",Año de adquisición del último automóvil.,,,doc_2020.pdf p.54,ficha_variable
2020,hogares,anio_bici,C (2),&,No especificado,"{00,...,16,50,...,99}",Año de adquisición de la última bicicleta. ¿En qué año adquirió su última bicicleta que se,,,doc_2020.pdf p.55,ficha_variable
2020,hogares,anio_canoa,C (2),&,No especificado,"{00,...,16,50,...,99}",trajinera u otros vehículos para navegar.,,,doc_2020.pdf p.56,ficha_variable
2020,hogares,anio_carret,C (2),&,No especificado,"{00,...,16,50,...,99}","Año de adquisición de la última carreta. ¿En qué año adquirió su última carreta, calandria u",,,doc_2020.pdf p.56,ficha_variable
2020,hogares,anio_compu,C (2),&,No especificado,"{00,...,16,50,...,99}",Año de adquisición de la última computadora.,,,doc_2020.pdf p.61,ficha_variable
2020,hogares,anio_dvd,C (2),&,No especificado,"{00,...,16,50,...,99}",(reproductor de discos de video.,,,doc_2020.pdf p.58,ficha_variable
2020,hogares,anio_ester,C (2),&,No especificado,"{00,...,16,50,...,99}",minicomponente.,,,doc_2020.pdf p.57,ficha_variable
2020,hogares,anio_estuf,C (2),&,No especificado,"{00,...,16,50,...,99}",eléctrica.,,,doc_2020.pdf p.59,ficha_variable
2020,hogares,anio_grab,C (2),&,No especificado,"{00,...,16,50,...,99}",Año de adquisición de la última grabadora.,,,doc_2020.pdf p.57,ficha_variable
2020,hogares,anio_impre,C (2),&,No especificado,"{00,...,16,50,...,99}",Año de adquisición de la última impresora.,,,doc_2020.pdf p.61,ficha_variable
2020,hogares,anio_juego,C (2),&,No especificado,"{00,...,16,50,...,99}","Año de adquisición del último videojuego. ¿En qué año adquirió su último videojuegos: Wii,",,,doc_2020.pdf p.61,ficha_variable
2020,hogares,anio_lavad,C (2),&,No especificado,"{00,...,16,50,...,99}",Año de adquisición de la última lavadora.,,,doc_2020.pdf p.60,ficha_variable
2020,hogares,anio_licua,C (2),&,No especificado,"{00,...,16,50,...,99}",Año de adquisición de la última licuadora.,,,doc_2020.pdf p.58,ficha_variable
2020,hogares,anio_maqui,C (2),&,No especificado,"{00,...,16,50,...,99}",coser.,,,doc_2020.pdf p.60,ficha_variable
2020,hogares,anio_micro,C (2),&,No especificado,"{00,...,16,50,...,99}",microondas.,,,doc_2020.pdf p.59,ficha_variable
2020,hogares,anio_moto,C (2),&,No especificado,"{00,...,16,50,...,99}",motoneta.,,,doc_2020.pdf p.55,ficha_variable
2020,hogares,anio_otro,C (2),&,No especificado,"{00,...,16,50,...,99}",tipo.,,,doc_2020.pdf p.56,ficha_variable
2020,hogares,anio_pickup,C (2),&,No especificado,"{00,...,16,50,...,99}",caja.,,,doc_2020.pdf p.55,ficha_variable
2020,hogares,anio_planc,C (2),&,No especificado,"{00,...,16,50,...,99}",eléctrica.,,,doc_2020.pdf p.60,ficha_variable
2020,hogares,anio_radio,C (2),&,No especificado,"{00,...,16,50,...,99}",Año de adquisición de la última radio.,,,doc_2020.pdf p.57,ficha_variable
2020,hogares,anio_refri,C (2),&,No especificado,"{00,...,16,50,...,99}",Año de adquisición del último refrigerador.,,,doc_2020.pdf p.59,ficha_variable
2020,hogares,anio_tosta,C (2),&,No especificado,"{00,...,16,50,...,99}",Año de adquisición del último tostador eléctrico.,,,doc_2020.pdf p.59,ficha_variable
2020,hogares,anio_trici,C (2),&,No especificado,"{00,...,16,50,...,99}",Año de adquisición del último triciclo. ¿En qué año adquirió su último triciclo de carga,,,doc_2020.pdf p.56,ficha_variable
2020,hogares,anio_tva,C (2),&,No especificado,"{00,...,16,50,...,99}",analógico.,,,doc_2020.pdf p.57,ficha_variable
2020,hogares,anio_tvd,C (2),&,No especificado,"{00,...,16,50,...,99}",Año de adquisición del último televisor digital.,,,doc_2020.pdf p.58,ficha_variable
2020,hogares,anio_van,C (2),&,No especificado,"{00,...,16,50,...,99}",cerrada o con cabina.,,,doc_2020.pdf p.55,ficha_variable
2020,hogares,anio_venti,C (2),&,No especificado,"{00,...,16,50,...,99}",Año de adquisición del último ventilador.,,,doc_2020.pdf p.60,ficha_variable
2020,hogares,anio_video,C (2),&,No especificado,"{00,...,16,50,...,99}",Año de adquisición de la última videocasetera.,,,doc_2020.pdf p.58,ficha_variable
2020,hogares,autocons,C (1),1,Sí,"{1,2}","obtuvo de un negocio que es de su propiedad, durante la semana de referencia.",,,doc_2020.pdf p.65,ficha_variable
2020,hogares,autocons,C (1),2,No,"{1,2}","obtuvo de un negocio que es de su propiedad, durante la semana de referencia.",,,doc_2020.pdf p.65,ficha_variable
2020,hogares,bene_licon,C (1),1,Sí,"{1,2}","Beneficiario en el hogar del Programa de Actualmente, ¿usted o algún integrante del hogar es Abasto Social de Leche (Liconsa).",,,doc_2020.pdf p.67,ficha_variable
2020,hogares,bene_licon,C (1),2,No,"{1,2}","Beneficiario en el hogar del Programa de Actualmente, ¿usted o algún integrante del hogar es Abasto Social de Leche (Liconsa).",,,doc_2020.pdf p.67,ficha_variable
2020,hogares,celular,C (1),1,Sí,"{1,2}",móvil aunque sea un solo integrante del hogar.,,,doc_2020.pdf p.54,ficha_variable
2020,hogares,celular,C (1),2,No,"{1,2}",móvil aunque sea un solo integrante del hogar.,,,doc_2020.pdf p.54,ficha_variable
2020,hogares,cond_dicon,C (1),1,Sí,"{1,2}",Venta condicionada en tienda Diconsa. ¿Les condicionan la venta de artículos alimentarios,,,doc_2020.pdf p.68,ficha_variable
2020,hogares,cond_dicon,C (1),2,No nóicpircseD .0202 y,"{1,2}",Venta condicionada en tienda Diconsa. ¿Les condicionan la venta de artículos alimentarios,,,doc_2020.pdf p.68,ficha_variable
2020,hogares,cond_licon,C (1),1,Sí,"{1,2}",Compra condicionada por Liconsa. ¿Les condicionan el otorgamiento de leche Liconsa,,,doc_2020.pdf p.67,ficha_variable
2020,hogares,cond_licon,C (1),2,No nóicpircseD .0202 y,"{1,2}",Compra condicionada por Liconsa. ¿Les condicionan el otorgamiento de leche Liconsa,,,doc_2020.pdf p.67,ficha_variable
2020,hogares,conex_inte,C (1),1,Sí,"{1,2}","telefónica, tarjeta prepagada o telecable.",,,doc_2020.pdf p.54,ficha_variable
2020,hogares,conex_inte,C (1),2,No,"{1,2}","telefónica, tarjeta prepagada o telecable.",,,doc_2020.pdf p.54,ficha_variable
2020,hogares,consumo,C (1),1,Sí,"{1,2}","el desayuno, la comida o la cena o para la cada ... ¿las realizó en alguno de los días en los que despensa, en alguno de los días de la semana",,,doc_2020.pdf p.64,ficha_variable
2020,hogares,consumo,C (1),2,No,"{1,2}","el desayuno, la comida o la cena o para la cada ... ¿las realizó en alguno de los días en los que despensa, en alguno de los días de la semana",,,doc_2020.pdf p.64,ficha_variable
2020,hogares,diconsa,C (1),1,Sí,"{1,...,3}",Tienda de Diconsa en la colonia o localidad.,,,doc_2020.pdf p.68,ficha_variable
2020,hogares,diconsa,C (1),2,No,"{1,...,3}",Tienda de Diconsa en la colonia o localidad.,,,doc_2020.pdf p.68,ficha_variable
2020,hogares,diconsa,C (1),3,No sabe,"{1,...,3}",Tienda de Diconsa en la colonia o localidad.,,,doc_2020.pdf p.68,ficha_variable
2020,hogares,embarazo_g,C (1),1,Sí,"{1,2}","profesionales o no, así como los medicamentos recetados, análisis clínicos, etcétera.",,,doc_2020.pdf p.66,ficha_variable
2020,hogares,embarazo_g,C (1),2,No,"{1,2}","profesionales o no, así como los medicamentos recetados, análisis clínicos, etcétera.",,,doc_2020.pdf p.66,ficha_variable
2020,hogares,er_aparato,C (1),1,Aparato físico,{1},Medio por el cual se escucha la radio.,,,doc_2020.pdf p.62,ficha_variable
2020,hogares,er_aplicac,C (1),4,Aplicación,{4},Medio por el cual se escucha la radio.,,,doc_2020.pdf p.62,ficha_variable
2020,hogares,er_celular,C (1),2,Teléfono celular,{2},Medio por el cual se escucha la radio.,,,doc_2020.pdf p.62,ficha_variable
2020,hogares,er_compu,C (1),3,Computadora,{3},Medio por el cual se escucha la radio.,,,doc_2020.pdf p.62,ficha_variable
2020,hogares,er_otro,C (1),6,Otro,{6},Medio por el cual se escucha la radio.,,,doc_2020.pdf p.62,ficha_variable
2020,hogares,er_tv,C (1),5,Televisión,{5},Medio por el cual se escucha la radio.,,,doc_2020.pdf p.62,ficha_variable
2020,hogares,esc_radio,C (1),1,Sí,"{1,2}",En su hogar escuchan la radio.,,,doc_2020.pdf p.61,ficha_variable
2020,hogares,esc_radio,C (1),2,No,"{1,2}",En su hogar escuchan la radio.,,,doc_2020.pdf p.61,ficha_variable
2020,hogares,frec_dicon,C(1),1,Siempre,"{1,...,3}",Frecuencia de compra en tienda Diconsa. ¿Con qué frecuencia usted o algún integrante del,,1,doc_2020.pdf p.68,ficha_variable
2020,hogares,frec_dicon,C(1),2,A veces,"{1,...,3}",Frecuencia de compra en tienda Diconsa. ¿Con qué frecuencia usted o algún integrante del,,2,doc_2020.pdf p.68,ficha_variable
2020,hogares,frec_dicon,C(1),3,Nunca,"{1,...,3}",Frecuencia de compra en tienda Diconsa. ¿Con qué frecuencia usted o algún integrante del,,3,doc_2020.pdf p.68,ficha_variable
2020,hogares,habito_1,C (1),1,Cada mes,{1},Frecuencia con la que realiza las compras de ¿Cada cuándo realizan las compras en alimentos y alimentos y bebidas.,,,doc_2020.pdf p.63,ficha_variable
2020,hogares,habito_2,C (1),2,Cada 15 días,{2},Frecuencia con la que realiza las compras de ¿Cada cuándo realizan las compras en alimentos y alimentos y bebidas.,,,doc_2020.pdf p.63,ficha_variable
2020,hogares,habito_3,C (1),3,Cada 8 días nóicpircseD .0202 y,{3},Frecuencia con la que realiza las compras de ¿Cada cuándo realizan las compras en alimentos y alimentos y bebidas.,,,doc_2020.pdf p.63,ficha_variable
2020,hogares,habito_4,C (1),4,Cada tercer día,{4},Frecuencia con la que realiza las compras de ¿Cada cuándo realizan las compras en alimentos y alimentos y bebidas.,,,doc_2020.pdf p.64,ficha_variable
2020,hogares,habito_5,C (1),5,Diariamente,{5},Frecuencia con la que realiza las compras de ¿Cada cuándo realizan las compras en alimentos y alimentos y bebidas.,,,doc_2020.pdf p.64,ficha_variable
2020,hogares,habito_6,C (1),6,Otros,{6},Algún otro intervalo de frecuencia con que haga ¿Cada cuándo realizan las compras en alimentos y las compras.,,,doc_2020.pdf p.64,ficha_variable
2020,hogares,lts_licon,C (1),1,4 litros,"{1,...,7}",compra a la semana.,,,doc_2020.pdf p.68,ficha_variable
2020,hogares,lts_licon,C (1),2,8 litros,"{1,...,7}",compra a la semana.,,,doc_2020.pdf p.68,ficha_variable
2020,hogares,lts_licon,C (1),3,12 litros,"{1,...,7}",compra a la semana.,,,doc_2020.pdf p.68,ficha_variable
2020,hogares,lts_licon,C (1),4,16 litros,"{1,...,7}",compra a la semana.,,,doc_2020.pdf p.68,ficha_variable
2020,hogares,lts_licon,C (1),5,20 litros,"{1,...,7}",compra a la semana.,,,doc_2020.pdf p.68,ficha_variable
2020,hogares,lts_licon,C (1),6,24 litros,"{1,...,7}",compra a la semana.,,,doc_2020.pdf p.68,ficha_variable
2020,hogares,lts_licon,C (1),7,Otro,"{1,...,7}",compra a la semana.,,,doc_2020.pdf p.68,ficha_variable
2020,hogares,negcua,C (1),1,Sí,"{1,2}","negocio ya sea que se de dedique a procesar, propiedad del hogar que se dedique a elaborar, vender o prestar un servicio.",,,doc_2020.pdf p.67,ficha_variable
2020,hogares,negcua,C (1),2,No,"{1,2}","negocio ya sea que se de dedique a procesar, propiedad del hogar que se dedique a elaborar, vender o prestar un servicio.",,,doc_2020.pdf p.67,ficha_variable
2020,hogares,pago_dicon,C (1),1,50 pesos,"{1,...,5,7}",Diconsa.,,,doc_2020.pdf p.69,ficha_variable
2020,hogares,pago_dicon,C (1),2,100 pesos,"{1,...,5,7}",Diconsa.,,,doc_2020.pdf p.69,ficha_variable
2020,hogares,pago_dicon,C (1),3,150 pesos,"{1,...,5,7}",Diconsa.,,,doc_2020.pdf p.69,ficha_variable
2020,hogares,pago_dicon,C (1),4,200 pesos,"{1,...,5,7}",Diconsa.,,,doc_2020.pdf p.69,ficha_variable
2020,hogares,pago_dicon,C (1),5,250 pesos,"{1,...,5,7}",Diconsa.,,,doc_2020.pdf p.69,ficha_variable
2020,hogares,pago_dicon,C (1),7,Otro,"{1,...,5,7}",Diconsa.,,,doc_2020.pdf p.69,ficha_variable
2020,hogares,pagotarjet,C (1),1,Sí,"{1,2}",integrante del hogar para la adquisición de tabaco o alimentos y bebidas consumidos,,,doc_2020.pdf p.65,ficha_variable
2020,hogares,pagotarjet,C (1),2,No,"{1,2}",integrante del hogar para la adquisición de tabaco o alimentos y bebidas consumidos,,,doc_2020.pdf p.65,ficha_variable
2020,hogares,parto_g,C (1),1,Sí,"{1,2}","así como los medicamentos recetados, análisis Durante los meses _______a _________, ¿el hogar clínicos, etcétera.",,,doc_2020.pdf p.66,ficha_variable
2020,hogares,parto_g,C (1),2,No,"{1,2}","así como los medicamentos recetados, análisis Durante los meses _______a _________, ¿el hogar clínicos, etcétera.",,,doc_2020.pdf p.66,ficha_variable
2020,hogares,recib_tvd,C (1),1,Sí,"{1,2}",Federal.,,,doc_2020.pdf p.62,ficha_variable
2020,hogares,recib_tvd,C (1),2,No,"{1,2}",Federal.,,,doc_2020.pdf p.62,ficha_variable
2020,hogares,regalodado,C (1),1,Sí,"{1,2}",Gasto en regalos a personas ajenas al hogar. ¿Compró algún artículo o pagó algún servicio para,,,doc_2020.pdf p.65,ficha_variable
2020,hogares,regalodado,C (1),2,No,"{1,2}",Gasto en regalos a personas ajenas al hogar. ¿Compró algún artículo o pagó algún servicio para,,,doc_2020.pdf p.65,ficha_variable
2020,hogares,regalos,C (1),1,Sí,"{1,2}","para su consumo final y privado, que fueron recibidos como regalo de personas que",,,doc_2020.pdf p.66,ficha_variable
2020,hogares,regalos,C (1),2,No,"{1,2}","para su consumo final y privado, que fueron recibidos como regalo de personas que",,,doc_2020.pdf p.66,ficha_variable
2020,hogares,regalotar,C (1),1,Sí,"{1,2}",pagado con tarjeta de crédito bancaria o comercial.,,,doc_2020.pdf p.65,ficha_variable
2020,hogares,regalotar,C (1),2,No,"{1,2}",pagado con tarjeta de crédito bancaria o comercial.,,,doc_2020.pdf p.65,ficha_variable
2020,hogares,remunera,C (1),1,Sí,"{1,2}",y servicios de consumo final y privado que reciben los trabajadores subordinados.,,,doc_2020.pdf p.66,ficha_variable
2020,hogares,remunera,C (1),2,No,"{1,2}",y servicios de consumo final y privado que reciben los trabajadores subordinados.,,,doc_2020.pdf p.66,ficha_variable
2020,hogares,tarjeta,C (1),1,Sí,"{1,2}","monto en dinero (crédito) como una forma de ¿Alguna de las personas que conforman su hogar financiamiento por parte de la institución, que es",,,doc_2020.pdf p.64,ficha_variable
2020,hogares,tarjeta,C (1),2,No,"{1,2}","monto en dinero (crédito) como una forma de ¿Alguna de las personas que conforman su hogar financiamiento por parte de la institución, que es",,,doc_2020.pdf p.64,ficha_variable
2020,hogares,telefono,C (1),1,Sí,"{1,2}",con instalación alámbrica o satelital (antena).,,,doc_2020.pdf p.54,ficha_variable
2020,hogares,telefono,C (1),2,No,"{1,2}",con instalación alámbrica o satelital (antena).,,,doc_2020.pdf p.54,ficha_variable
2020,hogares,transferen,C (1),1,Sí,"{1,2}","puedan disfrutar de ciertos artículos o servicios, esta ayuda consiste en que el organismo absorbe parte o el total del valor del bien o",,,doc_2020.pdf p.66,ficha_variable
2020,hogares,transferen,C (1),2,No,"{1,2}","puedan disfrutar de ciertos artículos o servicios, esta ayuda consiste en que el organismo absorbe parte o el total del valor del bien o",,,doc_2020.pdf p.66,ficha_variable
2020,hogares,tv_paga,C (1),1,Sí,"{1,2}","televisión por pago, considerando que el servicio está en funcionamiento.",,,doc_2020.pdf p.54,ficha_variable
2020,hogares,tv_paga,C (1),2,No,"{1,2}","televisión por pago, considerando que el servicio está en funcionamiento.",,,doc_2020.pdf p.54,ficha_variable
2020,ingresos,clave,C (4),2,Las claves correspondientes al ingreso por negocio propio se construyen durante el proceso validación de la base de datos. No se encuentran en el cuestionario. nóicpircseD .0202 y,Catálogo de ingresos,persona.,catalogo_ingresos,,doc_2020.pdf p.242,catalogo_externo_pdf
2020,ingresos,clave,C (4),OTROS,INGRESOS,Catálogo de ingresos,persona.,catalogo_ingresos,,doc_2020.pdf p.242,catalogo_externo_pdf
2020,ingresos,clave,C (4),P001,"Sueldos, salarios o jornal",Catálogo de ingresos,persona.,catalogo_ingresos,,doc_2020.pdf p.241,catalogo_externo_pdf
2020,ingresos,clave,C (4),P002,Destajo,Catálogo de ingresos,persona.,catalogo_ingresos,,doc_2020.pdf p.241,catalogo_externo_pdf
2020,ingresos,clave,C (4),P003,Comisiones y propinas,Catálogo de ingresos,persona.,catalogo_ingresos,,doc_2020.pdf p.241,catalogo_externo_pdf
2020,ingresos,clave,C (4),P004,Horas extras,Catálogo de ingresos,persona.,catalogo_ingresos,,doc_2020.pdf p.241,catalogo_externo_pdf
2020,ingresos,clave,C (4),P005,"Incentivos, gratificaciones o premios",Catálogo de ingresos,persona.,catalogo_ingresos,,doc_2020.pdf p.241,catalogo_externo_pdf
2020,ingresos,clave,C (4),P006,"Bono, percepción adicional o sobresueldo",Catálogo de ingresos,persona.,catalogo_ingresos,,doc_2020.pdf p.241,catalogo_externo_pdf
2020,ingresos,clave,C (4),P007,Primas vacacionales y otras prestaciones en dinero,Catálogo de ingresos,persona.,catalogo_ingresos,,doc_2020.pdf p.241,catalogo_externo_pdf
2020,ingresos,clave,C (4),P008,Reparto de utilidades del ejercicio 2019,Catálogo de ingresos,persona.,catalogo_ingresos,,doc_2020.pdf p.241,catalogo_externo_pdf
2020,ingresos,clave,C (4),P009,Aguinaldo del ejercicio 2019,Catálogo de ingresos,persona.,catalogo_ingresos,,doc_2020.pdf p.241,catalogo_externo_pdf
2020,ingresos,clave,C (4),P011,Sueldos o salarios,Catálogo de ingresos,persona.,catalogo_ingresos,,doc_2020.pdf p.241,catalogo_externo_pdf
2020,ingresos,clave,C (4),P012,Ganancias/utilidades,Catálogo de ingresos,persona.,catalogo_ingresos,,doc_2020.pdf p.241,catalogo_externo_pdf
2020,ingresos,clave,C (4),P013,Otros ingresos,Catálogo de ingresos,persona.,catalogo_ingresos,,doc_2020.pdf p.241,catalogo_externo_pdf
2020,ingresos,clave,C (4),P014,Monto recibido en el trabajo secundario,Catálogo de ingresos,persona.,catalogo_ingresos,,doc_2020.pdf p.241,catalogo_externo_pdf
2020,ingresos,clave,C (4),P015,Reparto de utilidades del ejercicio 2019,Catálogo de ingresos,persona.,catalogo_ingresos,,doc_2020.pdf p.241,catalogo_externo_pdf
2020,ingresos,clave,C (4),P016,Aguinaldo del ejercicio 2019,Catálogo de ingresos,persona.,catalogo_ingresos,,doc_2020.pdf p.241,catalogo_externo_pdf
2020,ingresos,clave,C (4),P018,Sueldos o salarios,Catálogo de ingresos,persona.,catalogo_ingresos,,doc_2020.pdf p.241,catalogo_externo_pdf
2020,ingresos,clave,C (4),P019,Ganancias/utilidades,Catálogo de ingresos,persona.,catalogo_ingresos,,doc_2020.pdf p.241,catalogo_externo_pdf
2020,ingresos,clave,C (4),P020,Otros ingresos,Catálogo de ingresos,persona.,catalogo_ingresos,,doc_2020.pdf p.241,catalogo_externo_pdf
2020,ingresos,clave,C (4),P021,Total de ingresos,Catálogo de ingresos,persona.,catalogo_ingresos,,doc_2020.pdf p.241,catalogo_externo_pdf
2020,ingresos,clave,C (4),P022,Total de ingresos de trabajos realizados en los cinco meses anteriores al mes pasado,Catálogo de ingresos,persona.,catalogo_ingresos,,doc_2020.pdf p.241,catalogo_externo_pdf
2020,ingresos,clave,C (4),P023,"Alquiler de tierras y terrenos, dentro y fuera del país",Catálogo de ingresos,persona.,catalogo_ingresos,,doc_2020.pdf p.241,catalogo_externo_pdf
2020,ingresos,clave,C (4),P024,"Alquiler de casas, edificios, locales y otros inmuebles que están dentro del país",Catálogo de ingresos,persona.,catalogo_ingresos,,doc_2020.pdf p.241,catalogo_externo_pdf
2020,ingresos,clave,C (4),P025,"Alquiler de casas, edificios, locales y otros inmuebles que están fuera del país",Catálogo de ingresos,persona.,catalogo_ingresos,,doc_2020.pdf p.241,catalogo_externo_pdf
2020,ingresos,clave,C (4),P026,Intereses provenientes de inversiones a plazo fijo,Catálogo de ingresos,persona.,catalogo_ingresos,,doc_2020.pdf p.241,catalogo_externo_pdf
2020,ingresos,clave,C (4),P027,Intereses provenientes de cuentas de ahorro,Catálogo de ingresos,persona.,catalogo_ingresos,,doc_2020.pdf p.241,catalogo_externo_pdf
2020,ingresos,clave,C (4),P028,Intereses provenientes de préstamos a terceros,Catálogo de ingresos,persona.,catalogo_ingresos,,doc_2020.pdf p.241,catalogo_externo_pdf
2020,ingresos,clave,C (4),P029,Rendimientos provenientes de bonos o cédulas,Catálogo de ingresos,persona.,catalogo_ingresos,,doc_2020.pdf p.241,catalogo_externo_pdf
2020,ingresos,clave,C (4),P030,"Alquiler de marcas, patentes y derechos de autor",Catálogo de ingresos,persona.,catalogo_ingresos,,doc_2020.pdf p.241,catalogo_externo_pdf
2020,ingresos,clave,C (4),P031,Otros ingresos por renta de la propiedad no considerados en los anteriores,Catálogo de ingresos,persona.,catalogo_ingresos,,doc_2020.pdf p.241,catalogo_externo_pdf
2020,ingresos,clave,C (4),P032,Jubilaciones y/o pensiones originadas dentro del país,Catálogo de ingresos,persona.,catalogo_ingresos,,doc_2020.pdf p.241,catalogo_externo_pdf
2020,ingresos,clave,C (4),P033,Jubilaciones y/o pensiones provenientes de otro(s) país(es),Catálogo de ingresos,persona.,catalogo_ingresos,,doc_2020.pdf p.241,catalogo_externo_pdf
2020,ingresos,clave,C (4),P034,Indemnizaciones recibidas de seguros contra riesgos a terceros,Catálogo de ingresos,persona.,catalogo_ingresos,,doc_2020.pdf p.241,catalogo_externo_pdf
2020,ingresos,clave,C (4),P035,Indemnizaciones por accidentes de trabajo,Catálogo de ingresos,persona.,catalogo_ingresos,,doc_2020.pdf p.241,catalogo_externo_pdf
2020,ingresos,clave,C (4),P036,Indemnizaciones por despido y retiro voluntario,Catálogo de ingresos,persona.,catalogo_ingresos,,doc_2020.pdf p.241,catalogo_externo_pdf
2020,ingresos,clave,C (4),P037,Becas provenientes de instituciones privadas o de organismos no gubernamentales,Catálogo de ingresos,persona.,catalogo_ingresos,,doc_2020.pdf p.241,catalogo_externo_pdf
2020,ingresos,clave,C (4),P038,Becas provenientes del gobierno,Catálogo de ingresos,persona.,catalogo_ingresos,,doc_2020.pdf p.241,catalogo_externo_pdf
2020,ingresos,clave,C (4),P039,Donativos provenientes de organizaciones no gubernamentales,Catálogo de ingresos,persona.,catalogo_ingresos,,doc_2020.pdf p.241,catalogo_externo_pdf
2020,ingresos,clave,C (4),P040,Donativos en dinero provenientes de otros hogares,Catálogo de ingresos,persona.,catalogo_ingresos,,doc_2020.pdf p.241,catalogo_externo_pdf
2020,ingresos,clave,C (4),P041,Ingresos provenientes de otros países nóicpircseD .0202 y,Catálogo de ingresos,persona.,catalogo_ingresos,,doc_2020.pdf p.241,catalogo_externo_pdf
2020,ingresos,clave,C (4),P043,Beneficio de PROCAMPO / ProAgro Productivo / Producción para el Bienestar,Catálogo de ingresos,persona.,catalogo_ingresos,,doc_2020.pdf p.242,catalogo_externo_pdf
2020,ingresos,clave,C (4),P045,Beneficio de otros programas para adultos mayores,Catálogo de ingresos,persona.,catalogo_ingresos,,doc_2020.pdf p.242,catalogo_externo_pdf
2020,ingresos,clave,C (4),P048,Beneficios de otros programas sociales,Catálogo de ingresos,persona.,catalogo_ingresos,,doc_2020.pdf p.242,catalogo_externo_pdf
2020,ingresos,clave,C (4),P049,Total de ingresos no considerados en los anteriores,Catálogo de ingresos,persona.,catalogo_ingresos,,doc_2020.pdf p.242,catalogo_externo_pdf
2020,ingresos,clave,C (4),P050,Ingresos anuales por rendimientos de acciones que posea de alguna empresa en la que no trabajó,Catálogo de ingresos,persona.,catalogo_ingresos,,doc_2020.pdf p.242,catalogo_externo_pdf
2020,ingresos,clave,C (4),P051,"Retiro de inversiones, ahorros, tandas, cajas de ahorro etcétera",Catálogo de ingresos,persona.,catalogo_ingresos,,doc_2020.pdf p.242,catalogo_externo_pdf
2020,ingresos,clave,C (4),P052,Pagos recibidos de préstamos que usted hizo a personas ajenas al hogar,Catálogo de ingresos,persona.,catalogo_ingresos,,doc_2020.pdf p.242,catalogo_externo_pdf
2020,ingresos,clave,C (4),P053,"Préstamos recibidos de personas ajenas al hogar o instituciones, se excluyen préstamos hipotecarios",Catálogo de ingresos,persona.,catalogo_ingresos,,doc_2020.pdf p.242,catalogo_externo_pdf
2020,ingresos,clave,C (4),P054,"Venta de monedas, metales preciosos, joyas y obras de arte, etcétera",Catálogo de ingresos,persona.,catalogo_ingresos,,doc_2020.pdf p.242,catalogo_externo_pdf
2020,ingresos,clave,C (4),P055,"Venta de acciones, bonos y cédulas",Catálogo de ingresos,persona.,catalogo_ingresos,,doc_2020.pdf p.242,catalogo_externo_pdf
2020,ingresos,clave,C (4),P056,"Venta de marcas, patentes y derechos de autor",Catálogo de ingresos,persona.,catalogo_ingresos,,doc_2020.pdf p.242,catalogo_externo_pdf
2020,ingresos,clave,C (4),P057,"Herencias, dotes y legados",Catálogo de ingresos,persona.,catalogo_ingresos,,doc_2020.pdf p.242,catalogo_externo_pdf
2020,ingresos,clave,C (4),P058,Loterías y juegos de azar,Catálogo de ingresos,persona.,catalogo_ingresos,,doc_2020.pdf p.242,catalogo_externo_pdf
2020,ingresos,clave,C (4),P059,"Venta de casas, condominios, etcétera, que están dentro y fuera del país",Catálogo de ingresos,persona.,catalogo_ingresos,,doc_2020.pdf p.242,catalogo_externo_pdf
2020,ingresos,clave,C (4),P060,Venta de terrenos que están dentro y fuera del país,Catálogo de ingresos,persona.,catalogo_ingresos,,doc_2020.pdf p.242,catalogo_externo_pdf
2020,ingresos,clave,C (4),P061,"Venta de maquinaria, equipos, animales de producción,vehículos, etcétera, utilizados en el negocio",Catálogo de ingresos,persona.,catalogo_ingresos,,doc_2020.pdf p.242,catalogo_externo_pdf
2020,ingresos,clave,C (4),P062,Venta de vehículos,Catálogo de ingresos,persona.,catalogo_ingresos,,doc_2020.pdf p.242,catalogo_externo_pdf
2020,ingresos,clave,C (4),P063,"Venta de aparatos eléctricos de segunda mano, etcétera",Catálogo de ingresos,persona.,catalogo_ingresos,,doc_2020.pdf p.242,catalogo_externo_pdf
2020,ingresos,clave,C (4),P064,"Préstamos hipotecarios por bienes inmuebles: casas, terrenos, edificios y locales",Catálogo de ingresos,persona.,catalogo_ingresos,,doc_2020.pdf p.242,catalogo_externo_pdf
2020,ingresos,clave,C (4),P065,Seguros de vida,Catálogo de ingresos,persona.,catalogo_ingresos,,doc_2020.pdf p.242,catalogo_externo_pdf
2020,ingresos,clave,C (4),P066,Otras percepciones financieras y de capital no consideradas en las anteriores INGRESOS POR TRABAJO DE PERSONAS MENORES DE 12 AÑOS,Catálogo de ingresos,persona.,catalogo_ingresos,,doc_2020.pdf p.242,catalogo_externo_pdf
2020,ingresos,clave,C (4),P067,Ingreso por trabajo de personas menores de 12 años INGRESOS POR NEGOCIO PROPIO2,Catálogo de ingresos,persona.,catalogo_ingresos,,doc_2020.pdf p.242,catalogo_externo_pdf
2020,ingresos,clave,C (4),P068,Por negocios con tipo de actividad industrial,Catálogo de ingresos,persona.,catalogo_ingresos,,doc_2020.pdf p.242,catalogo_externo_pdf
2020,ingresos,clave,C (4),P069,Por negocios con tipo de actividad comercial,Catálogo de ingresos,persona.,catalogo_ingresos,,doc_2020.pdf p.242,catalogo_externo_pdf
2020,ingresos,clave,C (4),P070,Por negocios prestadores de servicios,Catálogo de ingresos,persona.,catalogo_ingresos,,doc_2020.pdf p.242,catalogo_externo_pdf
2020,ingresos,clave,C (4),P071,Por negocios con actividades agrícolas,Catálogo de ingresos,persona.,catalogo_ingresos,,doc_2020.pdf p.242,catalogo_externo_pdf
2020,ingresos,clave,C (4),P072,Por negocios con actividades de cría y explotación de animales,Catálogo de ingresos,persona.,catalogo_ingresos,,doc_2020.pdf p.242,catalogo_externo_pdf
2020,ingresos,clave,C (4),P073,"Por negocios con actividades de recolección, reforestación y tala de árboles",Catálogo de ingresos,persona.,catalogo_ingresos,,doc_2020.pdf p.242,catalogo_externo_pdf
2020,ingresos,clave,C (4),P074,"Por negocios con actividades de pesca, caza y captura de animales",Catálogo de ingresos,persona.,catalogo_ingresos,,doc_2020.pdf p.242,catalogo_externo_pdf
2020,ingresos,clave,C (4),P075,Por negocios con tipo de actividad industrial,Catálogo de ingresos,persona.,catalogo_ingresos,,doc_2020.pdf p.242,catalogo_externo_pdf
2020,ingresos,clave,C (4),P076,Por negocios con tipo de actividad comercial,Catálogo de ingresos,persona.,catalogo_ingresos,,doc_2020.pdf p.242,catalogo_externo_pdf
2020,ingresos,clave,C (4),P077,Por negocios prestadores de servicios,Catálogo de ingresos,persona.,catalogo_ingresos,,doc_2020.pdf p.242,catalogo_externo_pdf
2020,ingresos,clave,C (4),P078,Por negocios con actividades agrícolas,Catálogo de ingresos,persona.,catalogo_ingresos,,doc_2020.pdf p.242,catalogo_externo_pdf
2020,ingresos,clave,C (4),P079,Por negocios con actividades de cría y explotación de animales,Catálogo de ingresos,persona.,catalogo_ingresos,,doc_2020.pdf p.242,catalogo_externo_pdf
2020,ingresos,clave,C (4),P080,"Por negocios con actividades de recolección, reforestación y tala de árboles",Catálogo de ingresos,persona.,catalogo_ingresos,,doc_2020.pdf p.242,catalogo_externo_pdf
2020,ingresos,clave,C (4),P081,"Por negocios con actividades de pesca, caza y captura de animales",Catálogo de ingresos,persona.,catalogo_ingresos,,doc_2020.pdf p.242,catalogo_externo_pdf
2020,ingresos,clave,C (4),P101,Beca Bienestar para las Familias de Educación Básica (PROSPERA),Catálogo de ingresos,persona.,catalogo_ingresos,,doc_2020.pdf p.242,catalogo_externo_pdf
2020,ingresos,clave,C (4),P102,Beca Benito Juárez para Jóvenes de Educación Media Superior,Catálogo de ingresos,persona.,catalogo_ingresos,,doc_2020.pdf p.242,catalogo_externo_pdf
2020,ingresos,clave,C (4),P103,Beca Jóvenes Escribiendo el Futuro de Educación Superior,Catálogo de ingresos,persona.,catalogo_ingresos,,doc_2020.pdf p.242,catalogo_externo_pdf
2020,ingresos,clave,C (4),P104,Programa para el Bienestar de las Personas Adultas Mayores,Catálogo de ingresos,persona.,catalogo_ingresos,,doc_2020.pdf p.242,catalogo_externo_pdf
2020,ingresos,clave,C (4),P105,Pensión para el Bienestar de Personas con Discapacidad,Catálogo de ingresos,persona.,catalogo_ingresos,,doc_2020.pdf p.242,catalogo_externo_pdf
2020,ingresos,clave,C (4),P106,Apoyo para el Bienestar de los Hijos de Madres Trabajadoras,Catálogo de ingresos,persona.,catalogo_ingresos,,doc_2020.pdf p.242,catalogo_externo_pdf
2020,ingresos,clave,C (4),P107,Seguro de vida para Jefas de Familia,Catálogo de ingresos,persona.,catalogo_ingresos,,doc_2020.pdf p.242,catalogo_externo_pdf
2020,ingresos,clave,C (4),P108,Programa Jóvenes Construyendo el Futuro,Catálogo de ingresos,persona.,catalogo_ingresos,,doc_2020.pdf p.242,catalogo_externo_pdf
2020,ingresos,mes_1,C (2),07,Julio,"{07,…,10}",Primer mes pasado a la entrevista.,,,doc_2020.pdf p.118,ficha_variable
2020,ingresos,mes_1,C (2),08,Agosto,"{07,…,10}",Primer mes pasado a la entrevista.,,,doc_2020.pdf p.118,ficha_variable
2020,ingresos,mes_1,C (2),09,Septiembre,"{07,…,10}",Primer mes pasado a la entrevista.,,,doc_2020.pdf p.118,ficha_variable
2020,ingresos,mes_1,C (2),10,Octubre,"{07,…,10}",Primer mes pasado a la entrevista.,,,doc_2020.pdf p.118,ficha_variable
2020,ingresos,mes_2,C (2),06,Junio,"{06,…,09}",Segundo mes pasado a la entrevista.,,,doc_2020.pdf p.119,ficha_variable
2020,ingresos,mes_2,C (2),07,Julio,"{06,…,09}",Segundo mes pasado a la entrevista.,,,doc_2020.pdf p.119,ficha_variable
2020,ingresos,mes_2,C (2),08,Agosto,"{06,…,09}",Segundo mes pasado a la entrevista.,,,doc_2020.pdf p.119,ficha_variable
2020,ingresos,mes_2,C (2),09,Septiembre,"{06,…,09}",Segundo mes pasado a la entrevista.,,,doc_2020.pdf p.119,ficha_variable
2020,ingresos,mes_3,C (2),05,Mayo,"{05,…,08}",Tercer mes pasado a la entrevista.,,,doc_2020.pdf p.119,ficha_variable
2020,ingresos,mes_3,C (2),06,Junio,"{05,…,08}",Tercer mes pasado a la entrevista.,,,doc_2020.pdf p.119,ficha_variable
2020,ingresos,mes_3,C (2),07,Julio,"{05,…,08}",Tercer mes pasado a la entrevista.,,,doc_2020.pdf p.119,ficha_variable
2020,ingresos,mes_3,C (2),08,Agosto,"{05,…,08}",Tercer mes pasado a la entrevista.,,,doc_2020.pdf p.119,ficha_variable
2020,ingresos,mes_4,C (2),04,Abril,"{04,…,07}",Cuarto mes pasado a la entrevista.,,,doc_2020.pdf p.119,ficha_variable
2020,ingresos,mes_4,C (2),05,Mayo,"{04,…,07}",Cuarto mes pasado a la entrevista.,,,doc_2020.pdf p.119,ficha_variable
2020,ingresos,mes_4,C (2),06,Junio,"{04,…,07}",Cuarto mes pasado a la entrevista.,,,doc_2020.pdf p.119,ficha_variable
2020,ingresos,mes_4,C (2),07,Julio,"{04,…,07}",Cuarto mes pasado a la entrevista.,,,doc_2020.pdf p.119,ficha_variable
2020,ingresos,mes_5,C (2),03,Marzo,"{03,…,06}",Quinto mes pasado a la entrevista.,,,doc_2020.pdf p.120,ficha_variable
2020,ingresos,mes_5,C (2),04,Abril,"{03,…,06}",Quinto mes pasado a la entrevista.,,,doc_2020.pdf p.120,ficha_variable
2020,ingresos,mes_5,C (2),05,Mayo,"{03,…,06}",Quinto mes pasado a la entrevista.,,,doc_2020.pdf p.120,ficha_variable
2020,ingresos,mes_5,C (2),06,Junio,"{03,…,06}",Quinto mes pasado a la entrevista.,,,doc_2020.pdf p.120,ficha_variable
2020,ingresos,mes_6,C (2),02,Febrero,"{02,…,05}",Sexto mes pasado a la entrevista.,,,doc_2020.pdf p.120,ficha_variable
2020,ingresos,mes_6,C (2),03,Marzo,"{02,…,05}",Sexto mes pasado a la entrevista.,,,doc_2020.pdf p.120,ficha_variable
2020,ingresos,mes_6,C (2),04,Abril,"{02,…,05}",Sexto mes pasado a la entrevista.,,,doc_2020.pdf p.120,ficha_variable
2020,ingresos,mes_6,C (2),05,Mayo,"{02,…,05}",Sexto mes pasado a la entrevista.,,,doc_2020.pdf p.120,ficha_variable
2020,poblacion,act_pnea1,C (1),1,Estuvo buscando trabajo,"{1,...,6}",económicamente activas.,,,doc_2020.pdf p.105,ficha_variable
2020,poblacion,act_pnea1,C (1),2,Es pensionado o jubilado,"{1,...,6}",económicamente activas.,,,doc_2020.pdf p.105,ficha_variable
2020,poblacion,act_pnea1,C (1),3,Se dedicó a los quehaceres del hogar,"{1,...,6}",económicamente activas.,,,doc_2020.pdf p.105,ficha_variable
2020,poblacion,act_pnea1,C (1),4,Se dedicó a estudiar,"{1,...,6}",económicamente activas.,,,doc_2020.pdf p.105,ficha_variable
2020,poblacion,act_pnea1,C (1),5,Es una persona con alguna limitación física o mental que le impide trabajar por el resto de su vida,"{1,...,6}",económicamente activas.,,,doc_2020.pdf p.105,ficha_variable
2020,poblacion,act_pnea1,C (1),6,Está en otra situación diferente a las anteriores,"{1,...,6}",económicamente activas.,,,doc_2020.pdf p.105,ficha_variable
2020,poblacion,act_pnea2,C (1),2,Es pensionado o jubilado,"{2,...,5}",económicamente activas.,,,doc_2020.pdf p.105,ficha_variable
2020,poblacion,act_pnea2,C (1),3,Se dedicó a los quehaceres del hogar,"{2,...,5}",económicamente activas.,,,doc_2020.pdf p.105,ficha_variable
2020,poblacion,act_pnea2,C (1),4,Se dedicó a estudiar,"{2,...,5}",económicamente activas.,,,doc_2020.pdf p.105,ficha_variable
2020,poblacion,act_pnea2,C (1),5,Es una persona con alguna limitación física o mental que le impide trabajar por el resto de su vida,"{2,...,5}",económicamente activas.,,,doc_2020.pdf p.105,ficha_variable
2020,poblacion,alfabetism,C (1),1,Sí,"{1,2}",más años según sepan leer y escribir un recado.,,,doc_2020.pdf p.76,ficha_variable
2020,poblacion,alfabetism,C (1),2,No,"{1,2}",más años según sepan leer y escribir un recado.,,,doc_2020.pdf p.76,ficha_variable
2020,poblacion,antec_esc,C (1),1,Primaria nóicpircseD .0202 y,"{1,...,5}","Normal), dentro del Sistema Educativo ¿Qué estudios le pidieron a (NOMBRE) para Nacional.",,,doc_2020.pdf p.79,ficha_variable
2020,poblacion,antec_esc,C (1),2,Secundaria,"{1,...,5}","Normal), dentro del Sistema Educativo ¿Qué estudios le pidieron a (NOMBRE) para Nacional.",,,doc_2020.pdf p.79,ficha_variable
2020,poblacion,antec_esc,C (1),3,Preparatoria o bachillerato,"{1,...,5}","Normal), dentro del Sistema Educativo ¿Qué estudios le pidieron a (NOMBRE) para Nacional.",,,doc_2020.pdf p.79,ficha_variable
2020,poblacion,antec_esc,C (1),4,Licenciatura o profesional,"{1,...,5}","Normal), dentro del Sistema Educativo ¿Qué estudios le pidieron a (NOMBRE) para Nacional.",,,doc_2020.pdf p.79,ficha_variable
2020,poblacion,antec_esc,C (1),5,Maestría,"{1,...,5}","Normal), dentro del Sistema Educativo ¿Qué estudios le pidieron a (NOMBRE) para Nacional.",,,doc_2020.pdf p.79,ficha_variable
2020,poblacion,asis_esc,C (1),1,Sí,"{1,2}","establecimiento de enseñanza escolar del Sistema Educativo Nacional (SEN), en cualquier",,,doc_2020.pdf p.76,ficha_variable
2020,poblacion,asis_esc,C (1),2,No nóicpircseD .0202 y,"{1,2}","establecimiento de enseñanza escolar del Sistema Educativo Nacional (SEN), en cualquier",,,doc_2020.pdf p.76,ficha_variable
2020,poblacion,atemed,C (1),1,Sí,"{1,2}",alguna institución que proporciona atención ¿Está usted afiliado o inscrito para recibir atención médica.,,,doc_2020.pdf p.86,ficha_variable
2020,poblacion,atemed,C (1),2,No,"{1,2}",alguna institución que proporciona atención ¿Está usted afiliado o inscrito para recibir atención médica.,,,doc_2020.pdf p.86,ficha_variable
2020,poblacion,aten_sal,C (1),1,Sí,"{1,2}",salud que les haya impedido realizar sus actividades diarias.,,,doc_2020.pdf p.90,ficha_variable
2020,poblacion,aten_sal,C (1),2,No,"{1,2}",salud que les haya impedido realizar sus actividades diarias.,,,doc_2020.pdf p.90,ficha_variable
2020,poblacion,c_futuro,C (1),1,Sí,"{1,2}",construyendo el futuro.,,,doc_2020.pdf p.105,ficha_variable
2020,poblacion,c_futuro,C (1),2,No,"{1,2}",construyendo el futuro.,,,doc_2020.pdf p.105,ficha_variable
2020,poblacion,cau_acti,C (1),&,No especificado,"{1,...,6}",integrante del hogar.,,,doc_2020.pdf p.75,ficha_variable
2020,poblacion,cau_acti,C (1),1,Por una enfermedad,"{1,...,6}",integrante del hogar.,,,doc_2020.pdf p.75,ficha_variable
2020,poblacion,cau_acti,C (1),2,Por edad avanzada,"{1,...,6}",integrante del hogar.,,,doc_2020.pdf p.75,ficha_variable
2020,poblacion,cau_acti,C (1),3,Porque nació así,"{1,...,6}",integrante del hogar.,,,doc_2020.pdf p.75,ficha_variable
2020,poblacion,cau_acti,C (1),4,Por un accidente,"{1,...,6}",integrante del hogar.,,,doc_2020.pdf p.75,ficha_variable
2020,poblacion,cau_acti,C (1),5,Por violencia,"{1,...,6}",integrante del hogar.,,,doc_2020.pdf p.75,ficha_variable
2020,poblacion,cau_acti,C (1),6,Por otra causa,"{1,...,6}",integrante del hogar.,,,doc_2020.pdf p.75,ficha_variable
2020,poblacion,cau_apren,C (1),&,No especificado,"{1,...,6}",La dificultad de (NOMBRE) para (OPCIÓN EN integrante del hogar.,,,doc_2020.pdf p.74,ficha_variable
2020,poblacion,cau_apren,C (1),1,Por una enfermedad,"{1,...,6}",La dificultad de (NOMBRE) para (OPCIÓN EN integrante del hogar.,,,doc_2020.pdf p.74,ficha_variable
2020,poblacion,cau_apren,C (1),2,Por edad avanzada,"{1,...,6}",La dificultad de (NOMBRE) para (OPCIÓN EN integrante del hogar.,,,doc_2020.pdf p.74,ficha_variable
2020,poblacion,cau_apren,C (1),3,Porque nació así,"{1,...,6}",La dificultad de (NOMBRE) para (OPCIÓN EN integrante del hogar.,,,doc_2020.pdf p.74,ficha_variable
2020,poblacion,cau_apren,C (1),4,Por un accidente,"{1,...,6}",La dificultad de (NOMBRE) para (OPCIÓN EN integrante del hogar.,,,doc_2020.pdf p.74,ficha_variable
2020,poblacion,cau_apren,C (1),5,Por violencia,"{1,...,6}",La dificultad de (NOMBRE) para (OPCIÓN EN integrante del hogar.,,,doc_2020.pdf p.74,ficha_variable
2020,poblacion,cau_apren,C (1),6,Por otra causa,"{1,...,6}",La dificultad de (NOMBRE) para (OPCIÓN EN integrante del hogar.,,,doc_2020.pdf p.74,ficha_variable
2020,poblacion,cau_brazo,C (1),&,No especificado,"{1,...,6}",integrante del hogar.,,,doc_2020.pdf p.74,ficha_variable
2020,poblacion,cau_brazo,C (1),1,Por una enfermedad,"{1,...,6}",integrante del hogar.,,,doc_2020.pdf p.74,ficha_variable
2020,poblacion,cau_brazo,C (1),2,Por edad avanzada,"{1,...,6}",integrante del hogar.,,,doc_2020.pdf p.74,ficha_variable
2020,poblacion,cau_brazo,C (1),3,Porque nació así,"{1,...,6}",integrante del hogar.,,,doc_2020.pdf p.74,ficha_variable
2020,poblacion,cau_brazo,C (1),4,Por un accidente,"{1,...,6}",integrante del hogar.,,,doc_2020.pdf p.74,ficha_variable
2020,poblacion,cau_brazo,C (1),5,Por violencia,"{1,...,6}",integrante del hogar.,,,doc_2020.pdf p.74,ficha_variable
2020,poblacion,cau_brazo,C (1),6,Por otra causa,"{1,...,6}",integrante del hogar.,,,doc_2020.pdf p.74,ficha_variable
2020,poblacion,cau_camin,C (1),&,No especificado,"{1,...,6}",integrante del hogar.,,,doc_2020.pdf p.73,ficha_variable
2020,poblacion,cau_camin,C (1),1,Por una enfermedad,"{1,...,6}",integrante del hogar.,,,doc_2020.pdf p.73,ficha_variable
2020,poblacion,cau_camin,C (1),2,Por edad avanzada,"{1,...,6}",integrante del hogar.,,,doc_2020.pdf p.73,ficha_variable
2020,poblacion,cau_camin,C (1),3,Porque nació así,"{1,...,6}",integrante del hogar.,,,doc_2020.pdf p.73,ficha_variable
2020,poblacion,cau_camin,C (1),4,Por un accidente,"{1,...,6}",integrante del hogar.,,,doc_2020.pdf p.73,ficha_variable
2020,poblacion,cau_camin,C (1),5,Por violencia,"{1,...,6}",integrante del hogar.,,,doc_2020.pdf p.73,ficha_variable
2020,poblacion,cau_habla,C (1),&,No especificado,"{1,...,6}",integrante del hogar.,,,doc_2020.pdf p.75,ficha_variable
2020,poblacion,cau_habla,C (1),1,Por una enfermedad,"{1,...,6}",integrante del hogar.,,,doc_2020.pdf p.75,ficha_variable
2020,poblacion,cau_habla,C (1),2,Por edad avanzada,"{1,...,6}",integrante del hogar.,,,doc_2020.pdf p.75,ficha_variable
2020,poblacion,cau_habla,C (1),3,Porque nació así,"{1,...,6}",integrante del hogar.,,,doc_2020.pdf p.75,ficha_variable
2020,poblacion,cau_habla,C (1),4,Por un accidente,"{1,...,6}",integrante del hogar.,,,doc_2020.pdf p.75,ficha_variable
2020,poblacion,cau_habla,C (1),5,Por violencia,"{1,...,6}",integrante del hogar.,,,doc_2020.pdf p.75,ficha_variable
2020,poblacion,cau_habla,C (1),6,Por otra causa,"{1,...,6}",integrante del hogar.,,,doc_2020.pdf p.75,ficha_variable
2020,poblacion,cau_oir,C (1),&,No especificado,"{1,...,6}",integrante del hogar.,,,doc_2020.pdf p.74,ficha_variable
2020,poblacion,cau_oir,C (1),1,Por una enfermedad,"{1,...,6}",integrante del hogar.,,,doc_2020.pdf p.74,ficha_variable
2020,poblacion,cau_oir,C (1),2,Por edad avanzada,"{1,...,6}",integrante del hogar.,,,doc_2020.pdf p.74,ficha_variable
2020,poblacion,cau_oir,C (1),3,Porque nació así,"{1,...,6}",integrante del hogar.,,,doc_2020.pdf p.74,ficha_variable
2020,poblacion,cau_oir,C (1),4,Por un accidente,"{1,...,6}",integrante del hogar.,,,doc_2020.pdf p.74,ficha_variable
2020,poblacion,cau_oir,C (1),5,Por violencia,"{1,...,6}",integrante del hogar.,,,doc_2020.pdf p.74,ficha_variable
2020,poblacion,cau_oir,C (1),6,Por otra causa,"{1,...,6}",integrante del hogar.,,,doc_2020.pdf p.74,ficha_variable
2020,poblacion,cau_ver,C (1),&,No especificado,"{1,...,6}",integrante del hogar.,,,doc_2020.pdf p.73,ficha_variable
2020,poblacion,cau_ver,C (1),1,Por una enfermedad,"{1,...,6}",integrante del hogar.,,,doc_2020.pdf p.73,ficha_variable
2020,poblacion,cau_ver,C (1),2,Por edad avanzada,"{1,...,6}",integrante del hogar.,,,doc_2020.pdf p.73,ficha_variable
2020,poblacion,cau_ver,C (1),3,Porque nació así,"{1,...,6}",integrante del hogar.,,,doc_2020.pdf p.73,ficha_variable
2020,poblacion,cau_ver,C (1),4,Por un accidente nóicpircseD .0202 y,"{1,...,6}",integrante del hogar.,,,doc_2020.pdf p.73,ficha_variable
2020,poblacion,cau_ver,C (1),5,Por violencia,"{1,...,6}",integrante del hogar.,,,doc_2020.pdf p.73,ficha_variable
2020,poblacion,cau_ver,C (1),6,Por otra causa,"{1,...,6}",integrante del hogar.,,,doc_2020.pdf p.73,ficha_variable
2020,poblacion,cau_vest,C (1),&,No especificado,"{1,...,6}",integrante del hogar.,,,doc_2020.pdf p.74,ficha_variable
2020,poblacion,cau_vest,C (1),1,Por una enfermedad,"{1,...,6}",integrante del hogar.,,,doc_2020.pdf p.74,ficha_variable
2020,poblacion,cau_vest,C (1),2,Por edad avanzada,"{1,...,6}",integrante del hogar.,,,doc_2020.pdf p.74,ficha_variable
2020,poblacion,cau_vest,C (1),3,Porque nació así,"{1,...,6}",integrante del hogar.,,,doc_2020.pdf p.74,ficha_variable
2020,poblacion,cau_vest,C (1),4,Por un accidente,"{1,...,6}",integrante del hogar.,,,doc_2020.pdf p.74,ficha_variable
2020,poblacion,cau_vest,C (1),5,Por violencia,"{1,...,6}",integrante del hogar.,,,doc_2020.pdf p.74,ficha_variable
2020,poblacion,cau_vest,C (1),6,Por otra causa,"{1,...,6}",integrante del hogar.,,,doc_2020.pdf p.74,ficha_variable
2020,poblacion,comprenind,C (1),1,Sí,"{1,2}",lengua indígena.,,,doc_2020.pdf p.76,ficha_variable
2020,poblacion,comprenind,C (1),2,No,"{1,2}",lengua indígena.,,,doc_2020.pdf p.76,ficha_variable
2020,poblacion,conyuge_id,C (2),&,No especificado,"{01,...,50}",del hogar de 12 o más años.,,,doc_2020.pdf p.80,ficha_variable
2020,poblacion,ct_futuro,C (1),1,Trabajo principal,"{1,…,3,8,9}",ingreso recibido por el programa Jóvenes ¿Declaró el ingreso de este programa Construyendo el Futuro.,,,doc_2020.pdf p.105,ficha_variable
2020,poblacion,ct_futuro,C (1),2,Trabajo secundario,"{1,…,3,8,9}",ingreso recibido por el programa Jóvenes ¿Declaró el ingreso de este programa Construyendo el Futuro.,,,doc_2020.pdf p.105,ficha_variable
2020,poblacion,ct_futuro,C (1),3,Otros trabajos del mes pasado,"{1,…,3,8,9}",ingreso recibido por el programa Jóvenes ¿Declaró el ingreso de este programa Construyendo el Futuro.,,,doc_2020.pdf p.105,ficha_variable
2020,poblacion,ct_futuro,C (1),8,Trabajos realizados antes del mes pasado,"{1,…,3,8,9}",ingreso recibido por el programa Jóvenes ¿Declaró el ingreso de este programa Construyendo el Futuro.,,,doc_2020.pdf p.105,ficha_variable
2020,poblacion,ct_futuro,C (1),9,"Si tiene programa, pero no lo declaró como el trabajo nóicpircseD .0202 y","{1,…,3,8,9}",ingreso recibido por el programa Jóvenes ¿Declaró el ingreso de este programa Construyendo el Futuro.,,,doc_2020.pdf p.105,ficha_variable
2020,poblacion,diabetes,C (1),1,Sí,"{1,2}",¿En los últimos doce meses le han tomado alguna médicos preventivos asociados a la diabetes.,,,doc_2020.pdf p.102,ficha_variable
2020,poblacion,diabetes,C (1),2,No,"{1,2}",¿En los últimos doce meses le han tomado alguna médicos preventivos asociados a la diabetes.,,,doc_2020.pdf p.102,ficha_variable
2020,poblacion,disc_acti,C (1),&,No especificado,"{1,...,4}","hogar (limitación para moverse, caminar, usar Por algún problema de nacimiento o de salud, sus brazos o piernas, persona ciega, sorda o ¿cuánta dificultad tiene (NOMBRE) para realizar sus muda, retraso o deficiencia mental).",,&,doc_2020.pdf p.73,ficha_variable
2020,poblacion,disc_acti,C (1),1,No puede hacerlo,"{1,...,4}","hogar (limitación para moverse, caminar, usar Por algún problema de nacimiento o de salud, sus brazos o piernas, persona ciega, sorda o ¿cuánta dificultad tiene (NOMBRE) para realizar sus muda, retraso o deficiencia mental).",,1,doc_2020.pdf p.73,ficha_variable
2020,poblacion,disc_acti,C (1),2,Lo hace con mucha dificultad,"{1,...,4}","hogar (limitación para moverse, caminar, usar Por algún problema de nacimiento o de salud, sus brazos o piernas, persona ciega, sorda o ¿cuánta dificultad tiene (NOMBRE) para realizar sus muda, retraso o deficiencia mental).",,2,doc_2020.pdf p.73,ficha_variable
2020,poblacion,disc_acti,C (1),3,Lo hace con poca dificultad,"{1,...,4}","hogar (limitación para moverse, caminar, usar Por algún problema de nacimiento o de salud, sus brazos o piernas, persona ciega, sorda o ¿cuánta dificultad tiene (NOMBRE) para realizar sus muda, retraso o deficiencia mental).",,3,doc_2020.pdf p.73,ficha_variable
2020,poblacion,disc_acti,C (1),4,No tiene dificultad,"{1,...,4}","hogar (limitación para moverse, caminar, usar Por algún problema de nacimiento o de salud, sus brazos o piernas, persona ciega, sorda o ¿cuánta dificultad tiene (NOMBRE) para realizar sus muda, retraso o deficiencia mental).",,4,doc_2020.pdf p.73,ficha_variable
2020,poblacion,disc_apren,C (1),&,No especificado,"{1,...,4}","sus brazos o piernas, persona ciega, sorda o Por algún problema de nacimiento o de salud, muda, retraso o deficiencia mental).",,&,doc_2020.pdf p.72,ficha_variable
2020,poblacion,disc_apren,C (1),1,No puede hacerlo,"{1,...,4}","sus brazos o piernas, persona ciega, sorda o Por algún problema de nacimiento o de salud, muda, retraso o deficiencia mental).",,1,doc_2020.pdf p.72,ficha_variable
2020,poblacion,disc_apren,C (1),2,Lo hace con mucha dificultad,"{1,...,4}","sus brazos o piernas, persona ciega, sorda o Por algún problema de nacimiento o de salud, muda, retraso o deficiencia mental).",,2,doc_2020.pdf p.72,ficha_variable
2020,poblacion,disc_apren,C (1),3,Lo hace con poca dificultad,"{1,...,4}","sus brazos o piernas, persona ciega, sorda o Por algún problema de nacimiento o de salud, muda, retraso o deficiencia mental).",,3,doc_2020.pdf p.72,ficha_variable
2020,poblacion,disc_apren,C (1),4,No tiene dificultad,"{1,...,4}","sus brazos o piernas, persona ciega, sorda o Por algún problema de nacimiento o de salud, muda, retraso o deficiencia mental).",,4,doc_2020.pdf p.72,ficha_variable
2020,poblacion,disc_brazo,C (1),&,No especificado,"{1,...,4}","hogar (limitación para moverse, caminar, usar Por algún problema de nacimiento o de salud, sus brazos o piernas, persona ciega, sorda o",,&,doc_2020.pdf p.72,ficha_variable
2020,poblacion,disc_brazo,C (1),1,No puede hacerlo,"{1,...,4}","hogar (limitación para moverse, caminar, usar Por algún problema de nacimiento o de salud, sus brazos o piernas, persona ciega, sorda o",,1,doc_2020.pdf p.72,ficha_variable
2020,poblacion,disc_brazo,C (1),2,Lo hace con mucha dificultad,"{1,...,4}","hogar (limitación para moverse, caminar, usar Por algún problema de nacimiento o de salud, sus brazos o piernas, persona ciega, sorda o",,2,doc_2020.pdf p.72,ficha_variable
2020,poblacion,disc_brazo,C (1),3,Lo hace con poca dificultad,"{1,...,4}","hogar (limitación para moverse, caminar, usar Por algún problema de nacimiento o de salud, sus brazos o piernas, persona ciega, sorda o",,3,doc_2020.pdf p.72,ficha_variable
2020,poblacion,disc_brazo,C (1),4,No tiene dificultad,"{1,...,4}","hogar (limitación para moverse, caminar, usar Por algún problema de nacimiento o de salud, sus brazos o piernas, persona ciega, sorda o",,4,doc_2020.pdf p.72,ficha_variable
2020,poblacion,disc_camin,C (1),&,No especificado,"{1,...,4}","hogar (limitación para moverse, caminar, usar Por algún problema de nacimiento o de salud, sus brazos o piernas, persona ciega, sorda o",,&,doc_2020.pdf p.71,ficha_variable
2020,poblacion,disc_camin,C (1),1,No puede hacerlo,"{1,...,4}","hogar (limitación para moverse, caminar, usar Por algún problema de nacimiento o de salud, sus brazos o piernas, persona ciega, sorda o",,1,doc_2020.pdf p.71,ficha_variable
2020,poblacion,disc_camin,C (1),2,Lo hace con mucha dificultad,"{1,...,4}","hogar (limitación para moverse, caminar, usar Por algún problema de nacimiento o de salud, sus brazos o piernas, persona ciega, sorda o",,2,doc_2020.pdf p.71,ficha_variable
2020,poblacion,disc_camin,C (1),3,Lo hace con poca dificultad,"{1,...,4}","hogar (limitación para moverse, caminar, usar Por algún problema de nacimiento o de salud, sus brazos o piernas, persona ciega, sorda o",,3,doc_2020.pdf p.71,ficha_variable
2020,poblacion,disc_camin,C (1),4,No tiene dificultad,"{1,...,4}","hogar (limitación para moverse, caminar, usar Por algún problema de nacimiento o de salud, sus brazos o piernas, persona ciega, sorda o",,4,doc_2020.pdf p.71,ficha_variable
2020,poblacion,disc_habla,C (1),&,No especificado,"{1,...,4}","Por algún problema de nacimiento o de salud, sus brazos o piernas, persona ciega, sorda o",,&,doc_2020.pdf p.73,ficha_variable
2020,poblacion,disc_habla,C (1),1,No puede hacerlo,"{1,...,4}","Por algún problema de nacimiento o de salud, sus brazos o piernas, persona ciega, sorda o",,1,doc_2020.pdf p.73,ficha_variable
2020,poblacion,disc_habla,C (1),2,Lo hace con mucha dificultad,"{1,...,4}","Por algún problema de nacimiento o de salud, sus brazos o piernas, persona ciega, sorda o",,2,doc_2020.pdf p.73,ficha_variable
2020,poblacion,disc_habla,C (1),3,Lo hace con poca dificultad,"{1,...,4}","Por algún problema de nacimiento o de salud, sus brazos o piernas, persona ciega, sorda o",,3,doc_2020.pdf p.73,ficha_variable
2020,poblacion,disc_habla,C (1),4,No tiene dificultad,"{1,...,4}","Por algún problema de nacimiento o de salud, sus brazos o piernas, persona ciega, sorda o",,4,doc_2020.pdf p.73,ficha_variable
2020,poblacion,disc_oir,C (1),&,No especificado,"{1,...,4}","hogar (limitación para moverse, caminar, usar Por algún problema de nacimiento o de salud, sus brazos o piernas, persona ciega, sorda o",,&,doc_2020.pdf p.72,ficha_variable
2020,poblacion,disc_oir,C (1),1,No puede hacerlo,"{1,...,4}","hogar (limitación para moverse, caminar, usar Por algún problema de nacimiento o de salud, sus brazos o piernas, persona ciega, sorda o",,1,doc_2020.pdf p.72,ficha_variable
2020,poblacion,disc_oir,C (1),2,Lo hace con mucha dificultad,"{1,...,4}","hogar (limitación para moverse, caminar, usar Por algún problema de nacimiento o de salud, sus brazos o piernas, persona ciega, sorda o",,2,doc_2020.pdf p.72,ficha_variable
2020,poblacion,disc_oir,C (1),3,Lo hace con poca dificultad,"{1,...,4}","hogar (limitación para moverse, caminar, usar Por algún problema de nacimiento o de salud, sus brazos o piernas, persona ciega, sorda o",,3,doc_2020.pdf p.72,ficha_variable
2020,poblacion,disc_oir,C (1),4,No tiene dificultad,"{1,...,4}","hogar (limitación para moverse, caminar, usar Por algún problema de nacimiento o de salud, sus brazos o piernas, persona ciega, sorda o",,4,doc_2020.pdf p.72,ficha_variable
2020,poblacion,disc_ver,C (1),&,No especificado,"{1,...,4}","sus brazos o piernas, persona ciega, sorda o",,&,doc_2020.pdf p.71,ficha_variable
2020,poblacion,disc_ver,C (1),1,No puede hacerlo,"{1,...,4}","sus brazos o piernas, persona ciega, sorda o",,1,doc_2020.pdf p.71,ficha_variable
2020,poblacion,disc_ver,C (1),2,Lo hace con mucha dificultad,"{1,...,4}","sus brazos o piernas, persona ciega, sorda o",,2,doc_2020.pdf p.71,ficha_variable
2020,poblacion,disc_ver,C (1),3,Lo hace con poca dificultad,"{1,...,4}","sus brazos o piernas, persona ciega, sorda o",,3,doc_2020.pdf p.71,ficha_variable
2020,poblacion,disc_ver,C (1),4,No tiene dificultad,"{1,...,4}","sus brazos o piernas, persona ciega, sorda o",,4,doc_2020.pdf p.71,ficha_variable
2020,poblacion,disc_vest,C (1),&,No especificado,"{1,...,4}","hogar (limitación para moverse, caminar, usar Por algún problema de nacimiento o de salud, sus brazos o piernas, persona ciega, sorda o",,&,doc_2020.pdf p.72,ficha_variable
2020,poblacion,disc_vest,C (1),1,No puede hacerlo,"{1,...,4}","hogar (limitación para moverse, caminar, usar Por algún problema de nacimiento o de salud, sus brazos o piernas, persona ciega, sorda o",,1,doc_2020.pdf p.72,ficha_variable
2020,poblacion,disc_vest,C (1),2,Lo hace con mucha dificultad,"{1,...,4}","hogar (limitación para moverse, caminar, usar Por algún problema de nacimiento o de salud, sus brazos o piernas, persona ciega, sorda o",,2,doc_2020.pdf p.72,ficha_variable
2020,poblacion,disc_vest,C (1),3,Lo hace con poca dificultad,"{1,...,4}","hogar (limitación para moverse, caminar, usar Por algún problema de nacimiento o de salud, sus brazos o piernas, persona ciega, sorda o",,3,doc_2020.pdf p.72,ficha_variable
2020,poblacion,disc_vest,C (1),4,No tiene dificultad,"{1,...,4}","hogar (limitación para moverse, caminar, usar Por algún problema de nacimiento o de salud, sus brazos o piernas, persona ciega, sorda o",,4,doc_2020.pdf p.72,ficha_variable
2020,poblacion,edo_conyug,C (1),1,Vive con su pareja o en unión libre,"{1,...,6}",o más años.,,,doc_2020.pdf p.80,ficha_variable
2020,poblacion,edo_conyug,C (1),2,Está casado(a),"{1,...,6}",o más años.,,,doc_2020.pdf p.80,ficha_variable
2020,poblacion,edo_conyug,C (1),3,Está separado(a),"{1,...,6}",o más años.,,,doc_2020.pdf p.80,ficha_variable
2020,poblacion,edo_conyug,C (1),4,Está divorciado(a),"{1,...,6}",o más años.,,,doc_2020.pdf p.80,ficha_variable
2020,poblacion,edo_conyug,C (1),5,Es viudo(a),"{1,...,6}",o más años.,,,doc_2020.pdf p.80,ficha_variable
2020,poblacion,edo_conyug,C (1),6,Está soltero(a),"{1,...,6}",o más años.,,,doc_2020.pdf p.80,ficha_variable
2020,poblacion,etnia,C (1),1,Sí,"{1,2}",cultura se consideran indígenas.,,,doc_2020.pdf p.76,ficha_variable
2020,poblacion,etnia,C (1),2,No,"{1,2}",cultura se consideran indígenas.,,,doc_2020.pdf p.76,ficha_variable
2020,poblacion,forma_b,C (1),1,Solo en dinero,"{1,...,5}",Forma en la que se recibió la beca escolar.,,,doc_2020.pdf p.78,ficha_variable
2020,poblacion,forma_b,C (1),2,Solo en artículos,"{1,...,5}",Forma en la que se recibió la beca escolar.,,,doc_2020.pdf p.78,ficha_variable
2020,poblacion,forma_b,C (1),3,En dinero y en artículos,"{1,...,5}",Forma en la que se recibió la beca escolar.,,,doc_2020.pdf p.78,ficha_variable
2020,poblacion,forma_b,C (1),4,No paga colegiatura,"{1,...,5}",Forma en la que se recibió la beca escolar.,,,doc_2020.pdf p.78,ficha_variable
2020,poblacion,forma_b,C (1),5,Solo paga parte de la colegiatura,"{1,...,5}",Forma en la que se recibió la beca escolar.,,,doc_2020.pdf p.78,ficha_variable
2020,poblacion,forma_c,C (1),&,No especificado,"{1,...,3}",Forma en la que se recibió el crédito educativo.,,,doc_2020.pdf p.79,ficha_variable
2020,poblacion,forma_c,C (1),1,Solo en dinero,"{1,...,3}",Forma en la que se recibió el crédito educativo.,,,doc_2020.pdf p.79,ficha_variable
2020,poblacion,forma_c,C (1),2,No paga colegiatura,"{1,...,3}",Forma en la que se recibió el crédito educativo.,,,doc_2020.pdf p.79,ficha_variable
2020,poblacion,forma_c,C (1),3,Solo paga parte de la colegiatura,"{1,...,3}",Forma en la que se recibió el crédito educativo.,,,doc_2020.pdf p.79,ficha_variable
2020,poblacion,grado,C (1),1,Primer año,"{1,...,6}",del hogar de 3 o más años dentro del Sistema Educativo Nacional.,,1,doc_2020.pdf p.77,ficha_variable
2020,poblacion,grado,C (1),2,Segundo año,"{1,...,6}",del hogar de 3 o más años dentro del Sistema Educativo Nacional.,,2,doc_2020.pdf p.77,ficha_variable
2020,poblacion,grado,C (1),3,Tercer año,"{1,...,6}",del hogar de 3 o más años dentro del Sistema Educativo Nacional.,,3,doc_2020.pdf p.77,ficha_variable
2020,poblacion,grado,C (1),4,Cuarto año,"{1,...,6}",del hogar de 3 o más años dentro del Sistema Educativo Nacional.,,4,doc_2020.pdf p.77,ficha_variable
2020,poblacion,grado,C (1),5,Quinto año,"{1,...,6}",del hogar de 3 o más años dentro del Sistema Educativo Nacional.,,5,doc_2020.pdf p.77,ficha_variable
2020,poblacion,grado,C (1),6,Sexto año,"{1,...,6}",del hogar de 3 o más años dentro del Sistema Educativo Nacional.,,6,doc_2020.pdf p.77,ficha_variable
2020,poblacion,gradoaprob,C (1),0,Ninguno,"{0,...,6}",integrante del hogar de 3 o más años dentro del Sistema Educativo Nacional. ¿Hasta qué año o grado aprobó (NOMBRE) en la,,0,doc_2020.pdf p.79,ficha_variable
2020,poblacion,gradoaprob,C (1),1,Primer año,"{0,...,6}",integrante del hogar de 3 o más años dentro del Sistema Educativo Nacional. ¿Hasta qué año o grado aprobó (NOMBRE) en la,,1,doc_2020.pdf p.79,ficha_variable
2020,poblacion,gradoaprob,C (1),2,Segundo año,"{0,...,6}",integrante del hogar de 3 o más años dentro del Sistema Educativo Nacional. ¿Hasta qué año o grado aprobó (NOMBRE) en la,,2,doc_2020.pdf p.79,ficha_variable
2020,poblacion,gradoaprob,C (1),3,Tercer año,"{0,...,6}",integrante del hogar de 3 o más años dentro del Sistema Educativo Nacional. ¿Hasta qué año o grado aprobó (NOMBRE) en la,,3,doc_2020.pdf p.79,ficha_variable
2020,poblacion,gradoaprob,C (1),4,Cuarto año,"{0,...,6}",integrante del hogar de 3 o más años dentro del Sistema Educativo Nacional. ¿Hasta qué año o grado aprobó (NOMBRE) en la,,4,doc_2020.pdf p.79,ficha_variable
2020,poblacion,gradoaprob,C (1),5,Quinto año,"{0,...,6}",integrante del hogar de 3 o más años dentro del Sistema Educativo Nacional. ¿Hasta qué año o grado aprobó (NOMBRE) en la,,5,doc_2020.pdf p.79,ficha_variable
2020,poblacion,gradoaprob,C (1),6,Sexto año,"{0,...,6}",integrante del hogar de 3 o más años dentro del Sistema Educativo Nacional. ¿Hasta qué año o grado aprobó (NOMBRE) en la,,6,doc_2020.pdf p.79,ficha_variable
2020,poblacion,hablaesp,C (1),1,Sí,"{1,2}",lengua indígena o dialecto también hablan el español.,,,doc_2020.pdf p.76,ficha_variable
2020,poblacion,hablaesp,C (1),2,No,"{1,2}",lengua indígena o dialecto también hablan el español.,,,doc_2020.pdf p.76,ficha_variable
2020,poblacion,hablaind,C (1),1,Sí,"{1,2}",lengua indígena o dialecto.,,,doc_2020.pdf p.75,ficha_variable
2020,poblacion,hablaind,C (1),2,No,"{1,2}",lengua indígena o dialecto.,,,doc_2020.pdf p.75,ficha_variable
2020,poblacion,inscr_1,C (1),1,Prestación en el trabajo nóicpircseD .0202 y,{1},personas a las instituciones de salud o que les otorgan alguna pensión.,,,doc_2020.pdf p.87,ficha_variable
2020,poblacion,inscr_2,C (1),2,Jubilación o invalidez,{2},personas a las instituciones de salud o que les otorgan alguna pensión.,,,doc_2020.pdf p.88,ficha_variable
2020,poblacion,inscr_3,C (1),3,Algún familiar en el hogar,{3},personas a las instituciones de salud o que les otorgan alguna pensión.,,,doc_2020.pdf p.88,ficha_variable
2020,poblacion,inscr_4,C (1),4,Muerte del asegurado,{4},personas a las instituciones de salud o que les otorgan alguna pensión.,,,doc_2020.pdf p.88,ficha_variable
2020,poblacion,inscr_5,C (1),5,Ser estudiante,{5},personas a las instituciones de salud o que les otorgan alguna pensión.,,,doc_2020.pdf p.88,ficha_variable
2020,poblacion,inscr_6,C (1),6,Contratación propia,{6},personas a las instituciones de salud o que les otorgan alguna pensión.,,,doc_2020.pdf p.88,ficha_variable
2020,poblacion,inscr_7,C (1),7,Algún familiar de otro hogar nóicpircseD .0202 y,{7},personas a las instituciones de salud o que les otorgan alguna pensión.,,,doc_2020.pdf p.88,ficha_variable
2020,poblacion,inscr_8,C (1),8,No sabe,{8},personas a las instituciones de salud o que les otorgan alguna pensión.,,,doc_2020.pdf p.89,ficha_variable
2020,poblacion,inst_1,C (1),1,En el IMSS nóicpircseD .0202 y,{1},la que está afiliada o inscrita las personas del hogar.,,,doc_2020.pdf p.86,ficha_variable
2020,poblacion,inst_2,C (1),2,En el ISSSTE,{2},la que está afiliada o inscrita las personas del hogar.,,,doc_2020.pdf p.87,ficha_variable
2020,poblacion,inst_3,C (1),3,En el ISSSTE estatal,{3},la que está afiliada o inscrita las personas del hogar.,,,doc_2020.pdf p.87,ficha_variable
2020,poblacion,inst_4,C (1),4,"Por PEMEX, la defensa o la Marina",{4},la que está afiliada o inscrita las personas del hogar.,,,doc_2020.pdf p.87,ficha_variable
2020,poblacion,inst_5,C (1),5,IMSS-Prospera/IMSS-Bienestar,{5},la que está afiliada o inscrita las personas del hogar.,,,doc_2020.pdf p.87,ficha_variable
2020,poblacion,inst_6,C (1),6,Otro,{6},la que está afiliada o inscrita las personas del hogar.,,,doc_2020.pdf p.87,ficha_variable
2020,poblacion,lenguaind,C (4),0,"o Parientes > 0) y NoParientes > 0)CLASE_HOG = 5 (Si Jefe = 1 y Esposa = 0 y Hijos = 0 y Parientes = 0 y NoParientes > 0). 2.3 Descripción de las variables Suma de gastoshogar.gasto_tri cuando la clave está en Suma de gastoshogar.gasto_tri cuando la clave está en Tabla CONCENTRADOHOGAR J001 a J015, J070 a J072 más la suma de",Catálogo de lengua indígena,residentes de la vivienda de 3 años o más.,catalogo_lengua_indigena,,doc_2020.pdf p.264,catalogo_externo_pdf
2020,poblacion,lenguaind,C (4),0111,Paipai,Catálogo de lengua indígena,residentes de la vivienda de 3 años o más.,catalogo_lengua_indigena,,doc_2020.pdf p.260,catalogo_externo_pdf
2020,poblacion,lenguaind,C (4),0112,Kiliwa,Catálogo de lengua indígena,residentes de la vivienda de 3 años o más.,catalogo_lengua_indigena,,doc_2020.pdf p.260,catalogo_externo_pdf
2020,poblacion,lenguaind,C (4),0115,Kumiai,Catálogo de lengua indígena,residentes de la vivienda de 3 años o más.,catalogo_lengua_indigena,,doc_2020.pdf p.260,catalogo_externo_pdf
2020,poblacion,lenguaind,C (4),0131,Chontal de Oaxaca,Catálogo de lengua indígena,residentes de la vivienda de 3 años o más.,catalogo_lengua_indigena,,doc_2020.pdf p.260,catalogo_externo_pdf
2020,poblacion,lenguaind,C (4),0200,Chinanteco,Catálogo de lengua indígena,residentes de la vivienda de 3 años o más.,catalogo_lengua_indigena,,doc_2020.pdf p.260,catalogo_externo_pdf
2020,poblacion,lenguaind,C (4),0211,Chinanteco de Ojitlán,Catálogo de lengua indígena,residentes de la vivienda de 3 años o más.,catalogo_lengua_indigena,,doc_2020.pdf p.260,catalogo_externo_pdf
2020,poblacion,lenguaind,C (4),0212,Chinanteco de Usila,Catálogo de lengua indígena,residentes de la vivienda de 3 años o más.,catalogo_lengua_indigena,,doc_2020.pdf p.260,catalogo_externo_pdf
2020,poblacion,lenguaind,C (4),0222,Chinanteco de Yolox,Catálogo de lengua indígena,residentes de la vivienda de 3 años o más.,catalogo_lengua_indigena,,doc_2020.pdf p.260,catalogo_externo_pdf
2020,poblacion,lenguaind,C (4),0223,Chinanteco de Sochiapan,Catálogo de lengua indígena,residentes de la vivienda de 3 años o más.,catalogo_lengua_indigena,,doc_2020.pdf p.260,catalogo_externo_pdf
2020,poblacion,lenguaind,C (4),0231,Chinanteco de Palantla,Catálogo de lengua indígena,residentes de la vivienda de 3 años o más.,catalogo_lengua_indigena,,doc_2020.pdf p.260,catalogo_externo_pdf
2020,poblacion,lenguaind,C (4),0232,Chinanteco de Valle Nacional,Catálogo de lengua indígena,residentes de la vivienda de 3 años o más.,catalogo_lengua_indigena,,doc_2020.pdf p.260,catalogo_externo_pdf
2020,poblacion,lenguaind,C (4),0241,Chinanteco de Lalana,Catálogo de lengua indígena,residentes de la vivienda de 3 años o más.,catalogo_lengua_indigena,,doc_2020.pdf p.260,catalogo_externo_pdf
2020,poblacion,lenguaind,C (4),0243,Chinanteco de Petlapa,Catálogo de lengua indígena,residentes de la vivienda de 3 años o más.,catalogo_lengua_indigena,,doc_2020.pdf p.260,catalogo_externo_pdf
2020,poblacion,lenguaind,C (4),0311,Pame,Catálogo de lengua indígena,residentes de la vivienda de 3 años o más.,catalogo_lengua_indigena,,doc_2020.pdf p.260,catalogo_externo_pdf
2020,poblacion,lenguaind,C (4),0331,Otomí,Catálogo de lengua indígena,residentes de la vivienda de 3 años o más.,catalogo_lengua_indigena,,doc_2020.pdf p.260,catalogo_externo_pdf
2020,poblacion,lenguaind,C (4),0332,Mazahua,Catálogo de lengua indígena,residentes de la vivienda de 3 años o más.,catalogo_lengua_indigena,,doc_2020.pdf p.260,catalogo_externo_pdf
2020,poblacion,lenguaind,C (4),0342,Ocuilteco (TLAHUICA),Catálogo de lengua indígena,residentes de la vivienda de 3 años o más.,catalogo_lengua_indigena,,doc_2020.pdf p.260,catalogo_externo_pdf
2020,poblacion,lenguaind,C (4),0400,Zapoteco,Catálogo de lengua indígena,residentes de la vivienda de 3 años o más.,catalogo_lengua_indigena,,doc_2020.pdf p.260,catalogo_externo_pdf
2020,poblacion,lenguaind,C (4),0411,Zapoteco de Ixtlán,Catálogo de lengua indígena,residentes de la vivienda de 3 años o más.,catalogo_lengua_indigena,,doc_2020.pdf p.260,catalogo_externo_pdf
2020,poblacion,lenguaind,C (4),0412,Zapoteco Vijano,Catálogo de lengua indígena,residentes de la vivienda de 3 años o más.,catalogo_lengua_indigena,,doc_2020.pdf p.260,catalogo_externo_pdf
2020,poblacion,lenguaind,C (4),0421,Zapoteco Vallista,Catálogo de lengua indígena,residentes de la vivienda de 3 años o más.,catalogo_lengua_indigena,,doc_2020.pdf p.260,catalogo_externo_pdf
2020,poblacion,lenguaind,C (4),0422,Zapoteco del Istmo,Catálogo de lengua indígena,residentes de la vivienda de 3 años o más.,catalogo_lengua_indigena,,doc_2020.pdf p.260,catalogo_externo_pdf
2020,poblacion,lenguaind,C (4),0431,Zapoteco de Cuixtla,Catálogo de lengua indígena,residentes de la vivienda de 3 años o más.,catalogo_lengua_indigena,,doc_2020.pdf p.260,catalogo_externo_pdf
2020,poblacion,lenguaind,C (4),0432,Solteco,Catálogo de lengua indígena,residentes de la vivienda de 3 años o más.,catalogo_lengua_indigena,,doc_2020.pdf p.260,catalogo_externo_pdf
2020,poblacion,lenguaind,C (4),0433,Zapoteco Sureño,Catálogo de lengua indígena,residentes de la vivienda de 3 años o más.,catalogo_lengua_indigena,,doc_2020.pdf p.260,catalogo_externo_pdf
2020,poblacion,lenguaind,C (4),0441,Chatino,Catálogo de lengua indígena,residentes de la vivienda de 3 años o más.,catalogo_lengua_indigena,,doc_2020.pdf p.260,catalogo_externo_pdf
2020,poblacion,lenguaind,C (4),0450,Mixteco,Catálogo de lengua indígena,residentes de la vivienda de 3 años o más.,catalogo_lengua_indigena,,doc_2020.pdf p.260,catalogo_externo_pdf
2020,poblacion,lenguaind,C (4),0451,Mixteco de la Costa,Catálogo de lengua indígena,residentes de la vivienda de 3 años o más.,catalogo_lengua_indigena,,doc_2020.pdf p.260,catalogo_externo_pdf
2020,poblacion,lenguaind,C (4),0452,Mixteco de la Mixteca Alta,Catálogo de lengua indígena,residentes de la vivienda de 3 años o más.,catalogo_lengua_indigena,,doc_2020.pdf p.260,catalogo_externo_pdf
2020,poblacion,lenguaind,C (4),0453,Mixteco de la Mixteca Baja,Catálogo de lengua indígena,residentes de la vivienda de 3 años o más.,catalogo_lengua_indigena,,doc_2020.pdf p.260,catalogo_externo_pdf
2020,poblacion,lenguaind,C (4),0454,Mixteco de la Zona Mazateca,Catálogo de lengua indígena,residentes de la vivienda de 3 años o más.,catalogo_lengua_indigena,,doc_2020.pdf p.260,catalogo_externo_pdf
2020,poblacion,lenguaind,C (4),0455,Mixteco de Puebla,Catálogo de lengua indígena,residentes de la vivienda de 3 años o más.,catalogo_lengua_indigena,,doc_2020.pdf p.260,catalogo_externo_pdf
2020,poblacion,lenguaind,C (4),0456,Tacuate,Catálogo de lengua indígena,residentes de la vivienda de 3 años o más.,catalogo_lengua_indigena,,doc_2020.pdf p.260,catalogo_externo_pdf
2020,poblacion,lenguaind,C (4),0461,Cuicateco,Catálogo de lengua indígena,residentes de la vivienda de 3 años o más.,catalogo_lengua_indigena,,doc_2020.pdf p.260,catalogo_externo_pdf
2020,poblacion,lenguaind,C (4),0471,Triqui,Catálogo de lengua indígena,residentes de la vivienda de 3 años o más.,catalogo_lengua_indigena,,doc_2020.pdf p.260,catalogo_externo_pdf
2020,poblacion,lenguaind,C (4),0481,Amuzgo,Catálogo de lengua indígena,residentes de la vivienda de 3 años o más.,catalogo_lengua_indigena,,doc_2020.pdf p.260,catalogo_externo_pdf
2020,poblacion,lenguaind,C (4),0482,Amuzgo de Guerrero,Catálogo de lengua indígena,residentes de la vivienda de 3 años o más.,catalogo_lengua_indigena,,doc_2020.pdf p.260,catalogo_externo_pdf
2020,poblacion,lenguaind,C (4),0483,Amuzgo de Oaxaca,Catálogo de lengua indígena,residentes de la vivienda de 3 años o más.,catalogo_lengua_indigena,,doc_2020.pdf p.260,catalogo_externo_pdf
2020,poblacion,lenguaind,C (4),0491,Mazateco,Catálogo de lengua indígena,residentes de la vivienda de 3 años o más.,catalogo_lengua_indigena,,doc_2020.pdf p.260,catalogo_externo_pdf
2020,poblacion,lenguaind,C (4),0493,Ixcateco,Catálogo de lengua indígena,residentes de la vivienda de 3 años o más.,catalogo_lengua_indigena,,doc_2020.pdf p.260,catalogo_externo_pdf
2020,poblacion,lenguaind,C (4),0494,Popoloca,Catálogo de lengua indígena,residentes de la vivienda de 3 años o más.,catalogo_lengua_indigena,,doc_2020.pdf p.260,catalogo_externo_pdf
2020,poblacion,lenguaind,C (4),0511,Huave,Catálogo de lengua indígena,residentes de la vivienda de 3 años o más.,catalogo_lengua_indigena,,doc_2020.pdf p.260,catalogo_externo_pdf
2020,poblacion,lenguaind,C (4),0611,Tlapaneco,Catálogo de lengua indígena,residentes de la vivienda de 3 años o más.,catalogo_lengua_indigena,,doc_2020.pdf p.260,catalogo_externo_pdf
2020,poblacion,lenguaind,C (4),0711,Totonaca (TOTONACO),Catálogo de lengua indígena,residentes de la vivienda de 3 años o más.,catalogo_lengua_indigena,,doc_2020.pdf p.260,catalogo_externo_pdf
2020,poblacion,lenguaind,C (4),0712,Tepehua nóicpircseD .0202 y,Catálogo de lengua indígena,residentes de la vivienda de 3 años o más.,catalogo_lengua_indigena,,doc_2020.pdf p.260,catalogo_externo_pdf
2020,poblacion,lenguaind,C (4),0800,Popoluca,Catálogo de lengua indígena,residentes de la vivienda de 3 años o más.,catalogo_lengua_indigena,,doc_2020.pdf p.261,catalogo_externo_pdf
2020,poblacion,lenguaind,C (4),0811,Mixe,Catálogo de lengua indígena,residentes de la vivienda de 3 años o más.,catalogo_lengua_indigena,,doc_2020.pdf p.261,catalogo_externo_pdf
2020,poblacion,lenguaind,C (4),0812,Popoluca de Oluta,Catálogo de lengua indígena,residentes de la vivienda de 3 años o más.,catalogo_lengua_indigena,,doc_2020.pdf p.261,catalogo_externo_pdf
2020,poblacion,lenguaind,C (4),0821,Popoluca de la Sierra,Catálogo de lengua indígena,residentes de la vivienda de 3 años o más.,catalogo_lengua_indigena,,doc_2020.pdf p.261,catalogo_externo_pdf
2020,poblacion,lenguaind,C (4),0822,Popoluca de Texistepec,Catálogo de lengua indígena,residentes de la vivienda de 3 años o más.,catalogo_lengua_indigena,,doc_2020.pdf p.261,catalogo_externo_pdf
2020,poblacion,lenguaind,C (4),0823,Zoque,Catálogo de lengua indígena,residentes de la vivienda de 3 años o más.,catalogo_lengua_indigena,,doc_2020.pdf p.261,catalogo_externo_pdf
2020,poblacion,lenguaind,C (4),0911,Huasteco,Catálogo de lengua indígena,residentes de la vivienda de 3 años o más.,catalogo_lengua_indigena,,doc_2020.pdf p.261,catalogo_externo_pdf
2020,poblacion,lenguaind,C (4),0921,Lacandón,Catálogo de lengua indígena,residentes de la vivienda de 3 años o más.,catalogo_lengua_indigena,,doc_2020.pdf p.261,catalogo_externo_pdf
2020,poblacion,lenguaind,C (4),0922,Maya,Catálogo de lengua indígena,residentes de la vivienda de 3 años o más.,catalogo_lengua_indigena,,doc_2020.pdf p.261,catalogo_externo_pdf
2020,poblacion,lenguaind,C (4),0931,Chol (CH´OL),Catálogo de lengua indígena,residentes de la vivienda de 3 años o más.,catalogo_lengua_indigena,,doc_2020.pdf p.261,catalogo_externo_pdf
2020,poblacion,lenguaind,C (4),0932,Chontal de Tabasco,Catálogo de lengua indígena,residentes de la vivienda de 3 años o más.,catalogo_lengua_indigena,,doc_2020.pdf p.261,catalogo_externo_pdf
2020,poblacion,lenguaind,C (4),0933,Tzeltal (TSELTAL),Catálogo de lengua indígena,residentes de la vivienda de 3 años o más.,catalogo_lengua_indigena,,doc_2020.pdf p.261,catalogo_externo_pdf
2020,poblacion,lenguaind,C (4),0934,Tzotzil (TSOTSIL),Catálogo de lengua indígena,residentes de la vivienda de 3 años o más.,catalogo_lengua_indigena,,doc_2020.pdf p.261,catalogo_externo_pdf
2020,poblacion,lenguaind,C (4),0935,Tojolabal,Catálogo de lengua indígena,residentes de la vivienda de 3 años o más.,catalogo_lengua_indigena,,doc_2020.pdf p.261,catalogo_externo_pdf
2020,poblacion,lenguaind,C (4),0936,Chuj,Catálogo de lengua indígena,residentes de la vivienda de 3 años o más.,catalogo_lengua_indigena,,doc_2020.pdf p.261,catalogo_externo_pdf
2020,poblacion,lenguaind,C (4),0941,Mame (MAM),Catálogo de lengua indígena,residentes de la vivienda de 3 años o más.,catalogo_lengua_indigena,,doc_2020.pdf p.261,catalogo_externo_pdf
2020,poblacion,lenguaind,C (4),0943,Aguacateco (AWAKATEKO),Catálogo de lengua indígena,residentes de la vivienda de 3 años o más.,catalogo_lengua_indigena,,doc_2020.pdf p.261,catalogo_externo_pdf
2020,poblacion,lenguaind,C (4),0951,Motocintleco (QATO´K),Catálogo de lengua indígena,residentes de la vivienda de 3 años o más.,catalogo_lengua_indigena,,doc_2020.pdf p.261,catalogo_externo_pdf
2020,poblacion,lenguaind,C (4),0961,Kanjobal (Q´ANJOB´AL),Catálogo de lengua indígena,residentes de la vivienda de 3 años o más.,catalogo_lengua_indigena,,doc_2020.pdf p.261,catalogo_externo_pdf
2020,poblacion,lenguaind,C (4),0971,Quiché (K´ICHE´),Catálogo de lengua indígena,residentes de la vivienda de 3 años o más.,catalogo_lengua_indigena,,doc_2020.pdf p.261,catalogo_externo_pdf
2020,poblacion,lenguaind,C (4),0972,Cakchiquel (KAQCHIKEL),Catálogo de lengua indígena,residentes de la vivienda de 3 años o más.,catalogo_lengua_indigena,,doc_2020.pdf p.261,catalogo_externo_pdf
2020,poblacion,lenguaind,C (4),0981,Kekchi (Q´EQCHI´),Catálogo de lengua indígena,residentes de la vivienda de 3 años o más.,catalogo_lengua_indigena,,doc_2020.pdf p.261,catalogo_externo_pdf
2020,poblacion,lenguaind,C (4),1011,Pima,Catálogo de lengua indígena,residentes de la vivienda de 3 años o más.,catalogo_lengua_indigena,,doc_2020.pdf p.261,catalogo_externo_pdf
2020,poblacion,lenguaind,C (4),1012,Pápago,Catálogo de lengua indígena,residentes de la vivienda de 3 años o más.,catalogo_lengua_indigena,,doc_2020.pdf p.261,catalogo_externo_pdf
2020,poblacion,lenguaind,C (4),1013,Tepehuano,Catálogo de lengua indígena,residentes de la vivienda de 3 años o más.,catalogo_lengua_indigena,,doc_2020.pdf p.261,catalogo_externo_pdf
2020,poblacion,lenguaind,C (4),1014,Tepehuano de Chihuahua (TEPEHUANO del Norte),Catálogo de lengua indígena,residentes de la vivienda de 3 años o más.,catalogo_lengua_indigena,,doc_2020.pdf p.261,catalogo_externo_pdf
2020,poblacion,lenguaind,C (4),1015,Tepehuano de Durango (TEPEHUANO del Sur),Catálogo de lengua indígena,residentes de la vivienda de 3 años o más.,catalogo_lengua_indigena,,doc_2020.pdf p.261,catalogo_externo_pdf
2020,poblacion,lenguaind,C (4),1021,Tarahumara,Catálogo de lengua indígena,residentes de la vivienda de 3 años o más.,catalogo_lengua_indigena,,doc_2020.pdf p.261,catalogo_externo_pdf
2020,poblacion,lenguaind,C (4),1022,Mayo,Catálogo de lengua indígena,residentes de la vivienda de 3 años o más.,catalogo_lengua_indigena,,doc_2020.pdf p.261,catalogo_externo_pdf
2020,poblacion,lenguaind,C (4),1023,Yaqui,Catálogo de lengua indígena,residentes de la vivienda de 3 años o más.,catalogo_lengua_indigena,,doc_2020.pdf p.261,catalogo_externo_pdf
2020,poblacion,lenguaind,C (4),1024,Guarijío,Catálogo de lengua indígena,residentes de la vivienda de 3 años o más.,catalogo_lengua_indigena,,doc_2020.pdf p.261,catalogo_externo_pdf
2020,poblacion,lenguaind,C (4),1031,Cora,Catálogo de lengua indígena,residentes de la vivienda de 3 años o más.,catalogo_lengua_indigena,,doc_2020.pdf p.261,catalogo_externo_pdf
2020,poblacion,lenguaind,C (4),1032,Huichol,Catálogo de lengua indígena,residentes de la vivienda de 3 años o más.,catalogo_lengua_indigena,,doc_2020.pdf p.261,catalogo_externo_pdf
2020,poblacion,lenguaind,C (4),1041,Náhuatl,Catálogo de lengua indígena,residentes de la vivienda de 3 años o más.,catalogo_lengua_indigena,,doc_2020.pdf p.261,catalogo_externo_pdf
2020,poblacion,lenguaind,C (4),1111,Purépecha (TARASCO),Catálogo de lengua indígena,residentes de la vivienda de 3 años o más.,catalogo_lengua_indigena,,doc_2020.pdf p.261,catalogo_externo_pdf
2020,poblacion,lenguaind,C (4),1211,Kikapú (KICKAPOO),Catálogo de lengua indígena,residentes de la vivienda de 3 años o más.,catalogo_lengua_indigena,,doc_2020.pdf p.261,catalogo_externo_pdf
2020,poblacion,lenguaind,C (4),1311,Chontal,Catálogo de lengua indígena,residentes de la vivienda de 3 años o más.,catalogo_lengua_indigena,,doc_2020.pdf p.261,catalogo_externo_pdf
2020,poblacion,lenguaind,C (4),186,"Sección y/o apartado: Variable #14 importe_3 comerciales y de servicios. Pregunta textual: Ficha Descriptiva Pregunta textual: 3er. Mes pasado Clasificación de las viviendas del país de acuerdo a Clasificación de las viviendas del país de acuerdo a ciertas características socioeconómicas de las personas ciertas características socioeconómicas de las personas 2.3 Descripción de las variables que las habitan, así como características físicas y el que las habitan, así como características físicas y el Tabla CONCENTRADOHOGAR",Catálogo de lengua indígena,residentes de la vivienda de 3 años o más.,catalogo_lengua_indigena,,doc_2020.pdf p.262,catalogo_externo_pdf
2020,poblacion,lenguaind,C (4),187,– 205 Tabla CONCENTRADOHOGAR Formato 2.4 Catálogos de códigos,Catálogo de lengua indígena,residentes de la vivienda de 3 años o más.,catalogo_lengua_indigena,,doc_2020.pdf p.264,catalogo_externo_pdf
2020,poblacion,lenguaind,C (4),188,CLASE_HOG = 1 (Si Jefe = 1 y Esposa = 0 y Hijos = 0 y CLASE_HOG = 1 (Si Jefe = 1 y Esposa = 0 y Hijos = 0 y Variable #9 clase_hog Parientes = 0 y NoParientes = 0)CLASE_HOG = 2 (Si Parientes = 0 y NoParientes = 0)CLASE_HOG = 2 (Si Construcción Jefe = 1 y (Esposa > 0 o Hijos > 0) y Parientes = 0 y Jefe = 1 y (Esposa > 0 o Hijos > 0) y Parientes = 0 y NoParientes = 0)CLASE_HOG = 3 (Si Jefe = 1 y NoParientes = 0)CLASE_HOG = 3 (Si Jefe = 1 y (Esposa > 0 o Hijos > 0 o Parientes > 0) y NoParientes = (Esposa > 0 o Hijos > 0 o Parientes > 0) y NoParientes = 0) CLASE_HOG = 4 (Si Jefe = 1 y (Esposa > 0 o Hijos > 0) CLASE_HOG = 4 (Si Jefe = 1 y (Esposa > 0 o Hijos >,Catálogo de lengua indígena,residentes de la vivienda de 3 años o más.,catalogo_lengua_indigena,,doc_2020.pdf p.263,catalogo_externo_pdf
2020,poblacion,lenguaind,C (4),189,educa_jefe = 07 (Si nivelaprob = 4 y gradoaprob < 3); educa_jefe = 07 (Si nivelaprob = 4 y gradoaprob < 3); Variable #12 educa_jefe educa_jefe = 08 (Si nivelaprob = 4 y gradoaprob = 3) ó educa_jefe = 08 (Si nivelaprob = 4 y gradoaprob = 3) ó Construcción ((nivelaprob = 5 ó nivelaprob = 6) y antec_esc = 3); ((nivelaprob = 5 ó nivelaprob = 6) y antec_esc = 3); educa_jefe = 09 (Si nivelaprob = 7 y gradoaprob < 4); educa_jefe = 09 (Si nivelaprob = 7 y gradoaprob < 4); educa_jefe = 10 (Si nivelaprob = 7 y gradoaprob >= 4) ó educa_jefe = 10 (Si nivelaprob = 7 y gradoaprob >= 4) ó ((nivelaprob = 5 ó nivelaprob = 6) y antec_esc = 4); ((nivelaprob = 5 ó nivelaprob = 6) y antec_esc = 4); educa_jefe = 11 (Si nivelaprob = 8 ó nivelaprob = 9) ó educa_jefe = 11 (Si nivelaprob = 8 ó nivelaprob = 9) ó ((nivelaprob = 5 ó nivelaprob = 6) y antec_esc = 5); ((nivelaprob = 5 ó nivelaprob = 6) y antec_esc = 5); donde Poblacion.parentesco = 101. Página Apartado Dice Debe decir CLASE_HOG = 1 (Si Jefe = 1 y Esposa = 0 y Hijos = 0 y Parientes = 0 y NoParientes = 0)CLASE_HOG = 2 (Si Jefe = 1 y (Esposa > 0 o Hijos > 0) y Parientes = 0 y 2.3 Descripción de las variables NoParientes = 0)CLASE_HOG = 3 (Si Jefe = 1 y Tabla CONCENTRADOHOGAR,Catálogo de lengua indígena,residentes de la vivienda de 3 años o más.,catalogo_lengua_indigena,,doc_2020.pdf p.263,catalogo_externo_pdf
2020,poblacion,lenguaind,C (4),194,(Esposa > 0 o Hijos > 0 o Parientes > 0) y NoParientes = Variable #45 utilidad 0) CLASE_HOG = 4 (Si Jefe = 1 y (Esposa > 0 o Hijos > Construcción,Catálogo de lengua indígena,residentes de la vivienda de 3 años o más.,catalogo_lengua_indigena,,doc_2020.pdf p.264,catalogo_externo_pdf
2020,poblacion,lenguaind,C (4),199,"R002 más la suma de gastospersona.gasto_tri cuando la Variable #82 agua gastospersona.gasto_tri cuando la clave está en J001 a clave está en R002 Construcción J015, J070 a J072. 2.3 Descripción de las variables Suma de gastoshogar.gasto_tri cuando la clave está en Suma de gastoshogar.gasto_tri cuando la clave está en Tabla CONCENTRADOHOGAR D001 a D026, H132 más la suma de E001 a E021, H134, H135 más la suma de Variable #101 educacion gastospersona.gasto_tri cuando la clave está en D001 a gastospersona.gasto_tri cuando la clave está en E001 a Construcción D026, H132. E021, H134, H135 2.3 Descripción de las variables",Catálogo de lengua indígena,residentes de la vivienda de 3 años o más.,catalogo_lengua_indigena,,doc_2020.pdf p.264,catalogo_externo_pdf
2020,poblacion,lenguaind,C (4),1999,Lengua no especificada,Catálogo de lengua indígena,residentes de la vivienda de 3 años o más.,catalogo_lengua_indigena,,doc_2020.pdf p.261,catalogo_externo_pdf
2020,poblacion,lenguaind,C (4),24,indicadores construidos con información del Censo 34 indicadores construidos con información del Censo Definición de Población y Vivienda 2010. Esta estratificación se de Población y Vivienda 2010. Esta estratificación se realizó por medio de métodos estadísticos multivariados. realizó por medio de métodos estadísticos multivariados. Página Apartado Dice Debe decir Clasificar a los integrantes del hogar por clave de Clasificar a los integrantes del hogar por clave de parentesco (tabla Poblacion): Jefe: contar los registros parentesco (tabla Poblacion): Jefe: contar los registros con parentesco igual a 101 o 102; Esposa: contar los con parentesco igual a 101; Esposa: contar los registros registros con parentesco de 201 a 204; Hijos: contar los con parentesco de 201 a 204; Hijos: contar los registros registros con parentesco de 301 a 304; Parientes: contar con parentesco de 301 a 304; Parientes: contar los los registros con parentesco de 601 a 623; NoParientes: registros con parentesco de 601 a 623; NoParientes: contar los registros con parentesco de 501 a 503. contar los registros con parentesco de 501 a 503. 2.3 Descripción de las variables Aplicar las siguientes fórmulas: Aplicar las siguientes fórmulas: Tabla CONCENTRADOHOGAR,Catálogo de lengua indígena,residentes de la vivienda de 3 años o más.,catalogo_lengua_indigena,,doc_2020.pdf p.262,catalogo_externo_pdf
2020,poblacion,lenguaind,C (4),46,"Nota: variable definida en el diseño muestral. Variable #63 factor Nota 2.3 Descripción de las variables Cuestionario: Negocios Cuestionario: Tabla NOAGROIMPORTES Sección y/o apartado: Formato A) Negocios industriales,",Catálogo de lengua indígena,residentes de la vivienda de 3 años o más.,catalogo_lengua_indigena,,doc_2020.pdf p.262,catalogo_externo_pdf
2020,poblacion,lenguaind,C (4),5024,Chiapaneco,Catálogo de lengua indígena,residentes de la vivienda de 3 años o más.,catalogo_lengua_indigena,,doc_2020.pdf p.261,catalogo_externo_pdf
2020,poblacion,lenguaind,C (4),5501,Añu,Catálogo de lengua indígena,residentes de la vivienda de 3 años o más.,catalogo_lengua_indigena,,doc_2020.pdf p.261,catalogo_externo_pdf
2020,poblacion,lenguaind,C (4),5540,Guajiro,Catálogo de lengua indígena,residentes de la vivienda de 3 años o más.,catalogo_lengua_indigena,,doc_2020.pdf p.261,catalogo_externo_pdf
2020,poblacion,lenguaind,C (4),5595,Wayuu,Catálogo de lengua indígena,residentes de la vivienda de 3 años o más.,catalogo_lengua_indigena,,doc_2020.pdf p.261,catalogo_externo_pdf
2020,poblacion,lenguaind,C (4),5603,Otras lenguas indígenas de América,Catálogo de lengua indígena,residentes de la vivienda de 3 años o más.,catalogo_lengua_indigena,,doc_2020.pdf p.261,catalogo_externo_pdf
2020,poblacion,lenguaind,C (4),9999,"Lengua indígena no especificada nóicpircseD .0202 y Encuesta Nacional de Ingresos y Gastos de los Hogares. 2020. Nueva serie. Descripción de la base de datos FE DE ERRATAS Fecha de aplicación de la corrección: 01 de diciembre del 2021 Página Apartado Dice Debe decir Clasificación de las viviendas del país de acuerdo a Clasificación de las viviendas del país de acuerdo a ciertas características socioeconómicas de las personas ciertas características socioeconómicas de las personas 2.3 Descripción de las variables que las habitan, así como características físicas y el que las habitan, así como características físicas y el Tabla VIVIENDAS",Catálogo de lengua indígena,residentes de la vivienda de 3 años o más.,catalogo_lengua_indigena,,doc_2020.pdf p.261,catalogo_externo_pdf
2020,poblacion,madre_hog,C (1),1,Sí,"{1,2}",hogar.,,,doc_2020.pdf p.70,ficha_variable
2020,poblacion,madre_hog,C (1),2,No,"{1,2}",hogar.,,,doc_2020.pdf p.70,ficha_variable
2020,poblacion,madre_id,C (2),&,No especificado,Sección y/o apartado Sección III,Número de renglón correspondiente a la madre.,,,doc_2020.pdf p.71,ficha_variable
2020,poblacion,motivo_aus,C (2),01,Huelga o paro laboral,"{01,...,13}",hogar no trabajó el mes pasado.,,,doc_2020.pdf p.104,ficha_variable
2020,poblacion,motivo_aus,C (2),02,Paro técnico,"{01,...,13}",hogar no trabajó el mes pasado.,,,doc_2020.pdf p.104,ficha_variable
2020,poblacion,motivo_aus,C (2),03,Suspensión temporal de sus funciones,"{01,...,13}",hogar no trabajó el mes pasado.,,,doc_2020.pdf p.104,ficha_variable
2020,poblacion,motivo_aus,C (2),04,Asistencia a cursos de capacitación,"{01,...,13}",hogar no trabajó el mes pasado.,,,doc_2020.pdf p.104,ficha_variable
2020,poblacion,motivo_aus,C (2),05,Vacaciones,"{01,...,13}",hogar no trabajó el mes pasado.,,,doc_2020.pdf p.104,ficha_variable
2020,poblacion,motivo_aus,C (2),06,"Permiso, enfermedad o arreglo de asuntos personales","{01,...,13}",hogar no trabajó el mes pasado.,,,doc_2020.pdf p.104,ficha_variable
2020,poblacion,motivo_aus,C (2),07,Falta de vehículo o descompostura de máquina,"{01,...,13}",hogar no trabajó el mes pasado.,,,doc_2020.pdf p.104,ficha_variable
2020,poblacion,motivo_aus,C (2),08,"Falta de materias primas, financiamiento o clientes","{01,...,13}",hogar no trabajó el mes pasado.,,,doc_2020.pdf p.104,ficha_variable
2020,poblacion,motivo_aus,C (2),09,Mal tiempo o fenómeno natural,"{01,...,13}",hogar no trabajó el mes pasado.,,,doc_2020.pdf p.104,ficha_variable
2020,poblacion,motivo_aus,C (2),10,Término de temporada de trabajo o cultivo,"{01,...,13}",hogar no trabajó el mes pasado.,,,doc_2020.pdf p.104,ficha_variable
2020,poblacion,motivo_aus,C (2),11,Comenzará un trabajo o negocio nuevo,"{01,...,13}",hogar no trabajó el mes pasado.,,,doc_2020.pdf p.104,ficha_variable
2020,poblacion,motivo_aus,C (2),12,Otra razón,"{01,...,13}",hogar no trabajó el mes pasado.,,,doc_2020.pdf p.104,ficha_variable
2020,poblacion,motivo_aus,C (2),13,Ninguna de las anteriores nóicpircseD .0202 y,"{01,...,13}",hogar no trabajó el mes pasado.,,,doc_2020.pdf p.104,ficha_variable
2020,poblacion,nivel,C (1),01,Preescolar,"{01,...,13}",hogar de 3 o más años dentro del Sistema Educativo Nacional.,,01,doc_2020.pdf p.77,ficha_variable
2020,poblacion,nivel,C (1),02,Estancias infantiles,"{01,...,13}",hogar de 3 o más años dentro del Sistema Educativo Nacional.,,02,doc_2020.pdf p.77,ficha_variable
2020,poblacion,nivel,C (1),03,"Guarderías públicas (IMSS, ISSSTE, SEDENA, SEMAR, PEMEX)","{01,...,13}",hogar de 3 o más años dentro del Sistema Educativo Nacional.,,03,doc_2020.pdf p.77,ficha_variable
2020,poblacion,nivel,C (1),04,Centro de Desarrollo Infantil (CENDI) o Centro Asistencial de Desarrollo Infantil (CADI),"{01,...,13}",hogar de 3 o más años dentro del Sistema Educativo Nacional.,,04,doc_2020.pdf p.77,ficha_variable
2020,poblacion,nivel,C (1),05,Otras guarderías,"{01,...,13}",hogar de 3 o más años dentro del Sistema Educativo Nacional.,,05,doc_2020.pdf p.77,ficha_variable
2020,poblacion,nivel,C (1),06,Primaria,"{01,...,13}",hogar de 3 o más años dentro del Sistema Educativo Nacional.,,06,doc_2020.pdf p.77,ficha_variable
2020,poblacion,nivel,C (1),07,Secundaria,"{01,...,13}",hogar de 3 o más años dentro del Sistema Educativo Nacional.,,07,doc_2020.pdf p.77,ficha_variable
2020,poblacion,nivel,C (1),08,Carrera técnica con secundaria terminada,"{01,...,13}",hogar de 3 o más años dentro del Sistema Educativo Nacional.,,08,doc_2020.pdf p.77,ficha_variable
2020,poblacion,nivel,C (1),09,Preparatoria o bachillerato,"{01,...,13}",hogar de 3 o más años dentro del Sistema Educativo Nacional.,,09,doc_2020.pdf p.77,ficha_variable
2020,poblacion,nivel,C (1),10,Carrera técnica con preparatoria terminada,"{01,...,13}",hogar de 3 o más años dentro del Sistema Educativo Nacional.,,10,doc_2020.pdf p.77,ficha_variable
2020,poblacion,nivel,C (1),11,Normal,"{01,...,13}",hogar de 3 o más años dentro del Sistema Educativo Nacional.,,11,doc_2020.pdf p.77,ficha_variable
2020,poblacion,nivel,C (1),12,Profesional,"{01,...,13}",hogar de 3 o más años dentro del Sistema Educativo Nacional.,,12,doc_2020.pdf p.77,ficha_variable
2020,poblacion,nivel,C (1),13,Maestría o doctorado,"{01,...,13}",hogar de 3 o más años dentro del Sistema Educativo Nacional.,,13,doc_2020.pdf p.77,ficha_variable
2020,poblacion,nivelaprob,C (1),0,Ninguno,"{0,...,9}",integrante del hogar de 3 o más años dentro del ¿Hasta qué año o grado aprobó (NOMBRE) en la Sistema Educativo Nacional.,,0,doc_2020.pdf p.79,ficha_variable
2020,poblacion,nivelaprob,C (1),1,Preescolar,"{0,...,9}",integrante del hogar de 3 o más años dentro del ¿Hasta qué año o grado aprobó (NOMBRE) en la Sistema Educativo Nacional.,,1,doc_2020.pdf p.79,ficha_variable
2020,poblacion,nivelaprob,C (1),2,Primaria,"{0,...,9}",integrante del hogar de 3 o más años dentro del ¿Hasta qué año o grado aprobó (NOMBRE) en la Sistema Educativo Nacional.,,2,doc_2020.pdf p.79,ficha_variable
2020,poblacion,nivelaprob,C (1),3,Secundaria,"{0,...,9}",integrante del hogar de 3 o más años dentro del ¿Hasta qué año o grado aprobó (NOMBRE) en la Sistema Educativo Nacional.,,3,doc_2020.pdf p.79,ficha_variable
2020,poblacion,nivelaprob,C (1),4,Preparatoria o bachillerato,"{0,...,9}",integrante del hogar de 3 o más años dentro del ¿Hasta qué año o grado aprobó (NOMBRE) en la Sistema Educativo Nacional.,,4,doc_2020.pdf p.79,ficha_variable
2020,poblacion,nivelaprob,C (1),5,Normal,"{0,...,9}",integrante del hogar de 3 o más años dentro del ¿Hasta qué año o grado aprobó (NOMBRE) en la Sistema Educativo Nacional.,,5,doc_2020.pdf p.79,ficha_variable
2020,poblacion,nivelaprob,C (1),6,Carrera técnica o comercial,"{0,...,9}",integrante del hogar de 3 o más años dentro del ¿Hasta qué año o grado aprobó (NOMBRE) en la Sistema Educativo Nacional.,,6,doc_2020.pdf p.79,ficha_variable
2020,poblacion,nivelaprob,C (1),7,Profesional,"{0,...,9}",integrante del hogar de 3 o más años dentro del ¿Hasta qué año o grado aprobó (NOMBRE) en la Sistema Educativo Nacional.,,7,doc_2020.pdf p.79,ficha_variable
2020,poblacion,nivelaprob,C (1),8,Maestría,"{0,...,9}",integrante del hogar de 3 o más años dentro del ¿Hasta qué año o grado aprobó (NOMBRE) en la Sistema Educativo Nacional.,,8,doc_2020.pdf p.79,ficha_variable
2020,poblacion,nivelaprob,C (1),9,Doctorado,"{0,...,9}",integrante del hogar de 3 o más años dentro del ¿Hasta qué año o grado aprobó (NOMBRE) en la Sistema Educativo Nacional.,,9,doc_2020.pdf p.79,ficha_variable
2020,poblacion,noatenc_1,C (2),01,No hay donde atenderse,{01},cuando lo requiere.,,,doc_2020.pdf p.94,ficha_variable
2020,poblacion,noatenc_10,C (2),10,La unidad médica no estaba abierta,{10},cuando lo requiere.,,,doc_2020.pdf p.96,ficha_variable
2020,poblacion,noatenc_11,,11,No había médico en la unidad,{11},cuando lo requiere.,,,doc_2020.pdf p.96,ficha_variable
2020,poblacion,noatenc_12,,12,Se lo impidió un integrante del hogar,{12},cuando lo requiere.,,,doc_2020.pdf p.96,ficha_variable
2020,poblacion,noatenc_13,C (2),13,No tuvo tiempo,{13},cuando lo requiere.,,,doc_2020.pdf p.97,ficha_variable
2020,poblacion,noatenc_14,C (2),14,No hubo quién lo llevara,{14},cuando lo requiere.,,,doc_2020.pdf p.97,ficha_variable
2020,poblacion,noatenc_15,C (2),15,No quiso o no era necesario,{15},cuando lo requiere.,,,doc_2020.pdf p.97,ficha_variable
2020,poblacion,noatenc_16,C (2),16,Se automedicó o autorecetó,{16},cuando lo requiere.,,,doc_2020.pdf p.97,ficha_variable
2020,poblacion,noatenc_2,C (2),02,No tenía dinero,{02},cuando lo requiere.,,,doc_2020.pdf p.94,ficha_variable
2020,poblacion,noatenc_3,C (2),03,La clínica u hospital queda lejos,{03},cuando lo requiere.,,,doc_2020.pdf p.95,ficha_variable
2020,poblacion,noatenc_4,C (2),04,No lo(la) atienden aunque vaya a la unidad médica,{04},cuando lo requiere.,,,doc_2020.pdf p.95,ficha_variable
2020,poblacion,noatenc_5,C (2),05,No le tiene confianza al personal de la unidad médica,,cuando lo requiere.,,,doc_2020.pdf p.95,ficha_variable
2020,poblacion,noatenc_6,C (2),06,Lo(la) trataron mal donde se atiende,{06},cuando lo requiere.,,,doc_2020.pdf p.95,ficha_variable
2020,poblacion,noatenc_7,C (2),07,No hablan la misma lengua que usted,,cuando lo requiere.,,,doc_2020.pdf p.95,ficha_variable
2020,poblacion,noatenc_8,C (2),08,Hay que esperar mucho para ser atendido(a),{08},cuando lo requiere.,,,doc_2020.pdf p.96,ficha_variable
2020,poblacion,noatenc_9,C (2),09,No le dan el medicamento que necesita,{09},cuando lo requiere.,,,doc_2020.pdf p.96,ficha_variable
2020,poblacion,norecib_1,C (2),01,Centros de salud (secretaría de salud),{01},recibió.,,,doc_2020.pdf p.97,ficha_variable
2020,poblacion,norecib_10,C (2),10,"Curandero, hierbero, comadrona, brujo, etcétera",{10},recibió.,,,doc_2020.pdf p.99,ficha_variable
2020,poblacion,norecib_11,C (2),11,Otro,{11},recibió.,,,doc_2020.pdf p.99,ficha_variable
2020,poblacion,norecib_12,C (2),12,Instituto de salud para el bienestar (INSABI),{12},recibió.,,,doc_2020.pdf p.100,ficha_variable
2020,poblacion,norecib_2,C (2),02,Hospital o instituto (secretaría de salud),{02},recibió.,,,doc_2020.pdf p.98,ficha_variable
2020,poblacion,norecib_3,C (2),03,Seguro Social o IMSS,{03},recibió.,,,doc_2020.pdf p.98,ficha_variable
2020,poblacion,norecib_4,C (2),04,IMSS-Prospera/IMSS-Bienestar,{04},recibió.,,,doc_2020.pdf p.98,ficha_variable
2020,poblacion,norecib_5,C (2),05,ISSSTE,{05},recibió.,,,doc_2020.pdf p.98,ficha_variable
2020,poblacion,norecib_6,C (2),06,ISSSTE estatal,{06},recibió.,,,doc_2020.pdf p.98,ficha_variable
2020,poblacion,norecib_7,C (2),07,"Otro servicio médico público (PEMEX, Defensa, Marina, DIF, INI)",{07},recibió.,,,doc_2020.pdf p.99,ficha_variable
2020,poblacion,norecib_8,C (2),08,Consultorios y hospitales privados,{08},recibió.,,,doc_2020.pdf p.99,ficha_variable
2020,poblacion,norecib_9,C (2),09,Consultorio de farmacias,{09},recibió.,,,doc_2020.pdf p.99,ficha_variable
2020,poblacion,num_trabaj,C (1),1,Solo 1,"{1,2}",hogar realizaron durante el mes pasado.,,,doc_2020.pdf p.105,ficha_variable
2020,poblacion,num_trabaj,C (1),2,Dos o más,"{1,2}",hogar realizaron durante el mes pasado.,,,doc_2020.pdf p.105,ficha_variable
2020,poblacion,otorg_b,C (1),1,El programa Becas Benito Juárez (antes PROSPERA),"{1,...,5}",escolar.,,,doc_2020.pdf p.78,ficha_variable
2020,poblacion,otorg_b,C (1),2,Su escuela pública o de gobierno,"{1,...,5}",escolar.,,,doc_2020.pdf p.78,ficha_variable
2020,poblacion,otorg_b,C (1),3,Su escuela privada o de paga,"{1,...,5}",escolar.,,,doc_2020.pdf p.78,ficha_variable
2020,poblacion,otorg_b,C (1),4,Un organismo de gobierno,"{1,...,5}",escolar.,,,doc_2020.pdf p.78,ficha_variable
2020,poblacion,otorg_b,C (1),5,Una institución privada,"{1,...,5}",escolar.,,,doc_2020.pdf p.78,ficha_variable
2020,poblacion,otorg_c,C (1),1,Su escuela pública o de gobierno,"{1,...,4}",educativo.,,,doc_2020.pdf p.78,ficha_variable
2020,poblacion,otorg_c,C (1),2,Su escuela privada o de paga,"{1,...,4}",educativo.,,,doc_2020.pdf p.78,ficha_variable
2020,poblacion,otorg_c,C (1),3,Un organismo de gobierno,"{1,...,4}",educativo.,,,doc_2020.pdf p.78,ficha_variable
2020,poblacion,otorg_c,C (1),4,Una institución privada nóicpircseD .0202 y,"{1,...,4}",educativo.,,,doc_2020.pdf p.78,ficha_variable
2020,poblacion,padre_hog,C (1),1,Sí,"{1,2}",Identifican al padre de las personas del hogar.,,,doc_2020.pdf p.71,ficha_variable
2020,poblacion,padre_hog,C (1),2,No,"{1,2}",Identifican al padre de las personas del hogar.,,,doc_2020.pdf p.71,ficha_variable
2020,poblacion,padre_id,C (2),&,No especificado,Sección y/o apartado Sección III,Número de renglón correspondiente al padre.,,,doc_2020.pdf p.71,ficha_variable
2020,poblacion,pagoaten_1,C (1),1,Consulta,{1},"Pago de atención médica. En aquella ocasión, ¿tuvo que pagar por algunos de",,,doc_2020.pdf p.93,ficha_variable
2020,poblacion,pagoaten_2,C (1),2,Medicamentos,{2},"Pago de atención médica. En aquella ocasión, ¿tuvo que pagar por algunos de",,,doc_2020.pdf p.93,ficha_variable
2020,poblacion,pagoaten_3,C (1),3,Estudios de laboratorio,{3},"Pago de atención médica. En aquella ocasión, ¿tuvo que pagar por algunos de",,,doc_2020.pdf p.93,ficha_variable
2020,poblacion,pagoaten_4,C (1),4,Hospitalización,{4},"Pago de atención médica. En aquella ocasión, ¿tuvo que pagar por algunos de",,,doc_2020.pdf p.93,ficha_variable
2020,poblacion,pagoaten_5,C (1),5,Instrumental médico,{5},"Pago de atención médica. En aquella ocasión, ¿tuvo que pagar por algunos de",,,doc_2020.pdf p.94,ficha_variable
2020,poblacion,pagoaten_6,C (1),6,Otro,{6},"Pago de atención médica. En aquella ocasión, ¿tuvo que pagar por algunos de",,,doc_2020.pdf p.94,ficha_variable
2020,poblacion,pagoaten_7,C (1),7,No pagó nada,{7},"Pago de atención médica. En aquella ocasión, ¿tuvo que pagar por algunos de",,,doc_2020.pdf p.94,ficha_variable
2020,poblacion,pareja_hog,C (1),1,Sí,"{1,2}","años. En este hogar, ¿vive la pareja o esposa(o) de",,,doc_2020.pdf p.80,ficha_variable
2020,poblacion,pareja_hog,C (1),2,No,"{1,2}","años. En este hogar, ¿vive la pareja o esposa(o) de",,,doc_2020.pdf p.80,ficha_variable
2020,poblacion,parentesco,C (3),101,Jefe(a),Catálogo de parentesco,"conyugal, por consanguinidad, adopción,",catalogo_parentesco,,doc_2020.pdf p.210,catalogo_externo_pdf
2020,poblacion,parentesco,C (3),102,Persona sola,Catálogo de parentesco,"conyugal, por consanguinidad, adopción,",catalogo_parentesco,,doc_2020.pdf p.210,catalogo_externo_pdf
2020,poblacion,parentesco,C (3),201,"Esposo(a), compañero(a), cónyuge, pareja, marido, mujer, señor(a), consorte",Catálogo de parentesco,"conyugal, por consanguinidad, adopción,",catalogo_parentesco,,doc_2020.pdf p.210,catalogo_externo_pdf
2020,poblacion,parentesco,C (3),202,Concubino(a),Catálogo de parentesco,"conyugal, por consanguinidad, adopción,",catalogo_parentesco,,doc_2020.pdf p.210,catalogo_externo_pdf
2020,poblacion,parentesco,C (3),203,Amasio(a),Catálogo de parentesco,"conyugal, por consanguinidad, adopción,",catalogo_parentesco,,doc_2020.pdf p.210,catalogo_externo_pdf
2020,poblacion,parentesco,C (3),204,"Querido(a), amante",Catálogo de parentesco,"conyugal, por consanguinidad, adopción,",catalogo_parentesco,,doc_2020.pdf p.210,catalogo_externo_pdf
2020,poblacion,parentesco,C (3),205,Pareja del mismo sexo,Catálogo de parentesco,"conyugal, por consanguinidad, adopción,",catalogo_parentesco,,doc_2020.pdf p.210,catalogo_externo_pdf
2020,poblacion,parentesco,C (3),301,"Hijo(a), hijo(a) consanguíneo, hijo(a) reconocido",Catálogo de parentesco,"conyugal, por consanguinidad, adopción,",catalogo_parentesco,,doc_2020.pdf p.210,catalogo_externo_pdf
2020,poblacion,parentesco,C (3),302,Hijo(a) adoptivo(a),Catálogo de parentesco,"conyugal, por consanguinidad, adopción,",catalogo_parentesco,,doc_2020.pdf p.210,catalogo_externo_pdf
2020,poblacion,parentesco,C (3),303,"Hijastro(a), entenado(a)",Catálogo de parentesco,"conyugal, por consanguinidad, adopción,",catalogo_parentesco,,doc_2020.pdf p.210,catalogo_externo_pdf
2020,poblacion,parentesco,C (3),304,Hijo(a) de crianza,Catálogo de parentesco,"conyugal, por consanguinidad, adopción,",catalogo_parentesco,,doc_2020.pdf p.210,catalogo_externo_pdf
2020,poblacion,parentesco,C (3),305,Hijo(a) recogido(a),Catálogo de parentesco,"conyugal, por consanguinidad, adopción,",catalogo_parentesco,,doc_2020.pdf p.210,catalogo_externo_pdf
2020,poblacion,parentesco,C (3),401,Trabajador(a) doméstico(a),Catálogo de parentesco,"conyugal, por consanguinidad, adopción,",catalogo_parentesco,,doc_2020.pdf p.210,catalogo_externo_pdf
2020,poblacion,parentesco,C (3),402,Recamarero(a),Catálogo de parentesco,"conyugal, por consanguinidad, adopción,",catalogo_parentesco,,doc_2020.pdf p.210,catalogo_externo_pdf
2020,poblacion,parentesco,C (3),403,Cocinero(a),Catálogo de parentesco,"conyugal, por consanguinidad, adopción,",catalogo_parentesco,,doc_2020.pdf p.210,catalogo_externo_pdf
2020,poblacion,parentesco,C (3),404,Lavandera(o),Catálogo de parentesco,"conyugal, por consanguinidad, adopción,",catalogo_parentesco,,doc_2020.pdf p.210,catalogo_externo_pdf
2020,poblacion,parentesco,C (3),405,"Nana, niñera, nodriza",Catálogo de parentesco,"conyugal, por consanguinidad, adopción,",catalogo_parentesco,,doc_2020.pdf p.210,catalogo_externo_pdf
2020,poblacion,parentesco,C (3),406,Mozo,Catálogo de parentesco,"conyugal, por consanguinidad, adopción,",catalogo_parentesco,,doc_2020.pdf p.210,catalogo_externo_pdf
2020,poblacion,parentesco,C (3),407,Jardinero(a),Catálogo de parentesco,"conyugal, por consanguinidad, adopción,",catalogo_parentesco,,doc_2020.pdf p.210,catalogo_externo_pdf
2020,poblacion,parentesco,C (3),408,"Velador, vigilante",Catálogo de parentesco,"conyugal, por consanguinidad, adopción,",catalogo_parentesco,,doc_2020.pdf p.210,catalogo_externo_pdf
2020,poblacion,parentesco,C (3),409,Portero(a),Catálogo de parentesco,"conyugal, por consanguinidad, adopción,",catalogo_parentesco,,doc_2020.pdf p.210,catalogo_externo_pdf
2020,poblacion,parentesco,C (3),410,Chofer,Catálogo de parentesco,"conyugal, por consanguinidad, adopción,",catalogo_parentesco,,doc_2020.pdf p.210,catalogo_externo_pdf
2020,poblacion,parentesco,C (3),411,Ama de llaves,Catálogo de parentesco,"conyugal, por consanguinidad, adopción,",catalogo_parentesco,,doc_2020.pdf p.210,catalogo_externo_pdf
2020,poblacion,parentesco,C (3),412,Mayordomo,Catálogo de parentesco,"conyugal, por consanguinidad, adopción,",catalogo_parentesco,,doc_2020.pdf p.210,catalogo_externo_pdf
2020,poblacion,parentesco,C (3),413,"Dama de compañía, acompañante",Catálogo de parentesco,"conyugal, por consanguinidad, adopción,",catalogo_parentesco,,doc_2020.pdf p.210,catalogo_externo_pdf
2020,poblacion,parentesco,C (3),421,Esposo(a) del(la) trabajador(a) doméstico(a),Catálogo de parentesco,"conyugal, por consanguinidad, adopción,",catalogo_parentesco,,doc_2020.pdf p.210,catalogo_externo_pdf
2020,poblacion,parentesco,C (3),431,Hijo(a) del(la) trabajador(a) doméstico(a),Catálogo de parentesco,"conyugal, por consanguinidad, adopción,",catalogo_parentesco,,doc_2020.pdf p.210,catalogo_externo_pdf
2020,poblacion,parentesco,C (3),441,"Madre, padre del(la) trabajador(a) doméstico(a)",Catálogo de parentesco,"conyugal, por consanguinidad, adopción,",catalogo_parentesco,,doc_2020.pdf p.210,catalogo_externo_pdf
2020,poblacion,parentesco,C (3),451,Nieto(a) del(la) trabajador(a) doméstico(a),Catálogo de parentesco,"conyugal, por consanguinidad, adopción,",catalogo_parentesco,,doc_2020.pdf p.210,catalogo_externo_pdf
2020,poblacion,parentesco,C (3),461,Otro pariente del(la) trabajador(a) doméstico(a),Catálogo de parentesco,"conyugal, por consanguinidad, adopción,",catalogo_parentesco,,doc_2020.pdf p.210,catalogo_externo_pdf
2020,poblacion,parentesco,C (3),501,No tiene parentesco,Catálogo de parentesco,"conyugal, por consanguinidad, adopción,",catalogo_parentesco,,doc_2020.pdf p.210,catalogo_externo_pdf
2020,poblacion,parentesco,C (3),502,Tutor(a),Catálogo de parentesco,"conyugal, por consanguinidad, adopción,",catalogo_parentesco,,doc_2020.pdf p.210,catalogo_externo_pdf
2020,poblacion,parentesco,C (3),503,"Tutelado(a), pupilo(a), alumno(a)",Catálogo de parentesco,"conyugal, por consanguinidad, adopción,",catalogo_parentesco,,doc_2020.pdf p.210,catalogo_externo_pdf
2020,poblacion,parentesco,C (3),601,"Madre, padre",Catálogo de parentesco,"conyugal, por consanguinidad, adopción,",catalogo_parentesco,,doc_2020.pdf p.210,catalogo_externo_pdf
2020,poblacion,parentesco,C (3),602,"Padrastro, madrastra",Catálogo de parentesco,"conyugal, por consanguinidad, adopción,",catalogo_parentesco,,doc_2020.pdf p.210,catalogo_externo_pdf
2020,poblacion,parentesco,C (3),603,Hermano(a),Catálogo de parentesco,"conyugal, por consanguinidad, adopción,",catalogo_parentesco,,doc_2020.pdf p.210,catalogo_externo_pdf
2020,poblacion,parentesco,C (3),604,Medio(a) hermano(a),Catálogo de parentesco,"conyugal, por consanguinidad, adopción,",catalogo_parentesco,,doc_2020.pdf p.210,catalogo_externo_pdf
2020,poblacion,parentesco,C (3),605,Hermanastro(a),Catálogo de parentesco,"conyugal, por consanguinidad, adopción,",catalogo_parentesco,,doc_2020.pdf p.210,catalogo_externo_pdf
2020,poblacion,parentesco,C (3),606,Abuelo(a),Catálogo de parentesco,"conyugal, por consanguinidad, adopción,",catalogo_parentesco,,doc_2020.pdf p.210,catalogo_externo_pdf
2020,poblacion,parentesco,C (3),607,Bisabuelo(a),Catálogo de parentesco,"conyugal, por consanguinidad, adopción,",catalogo_parentesco,,doc_2020.pdf p.210,catalogo_externo_pdf
2020,poblacion,parentesco,C (3),608,Tatarabuelo(a),Catálogo de parentesco,"conyugal, por consanguinidad, adopción,",catalogo_parentesco,,doc_2020.pdf p.210,catalogo_externo_pdf
2020,poblacion,parentesco,C (3),609,Nieto(a),Catálogo de parentesco,"conyugal, por consanguinidad, adopción,",catalogo_parentesco,,doc_2020.pdf p.210,catalogo_externo_pdf
2020,poblacion,parentesco,C (3),610,Bisnieto(a),Catálogo de parentesco,"conyugal, por consanguinidad, adopción,",catalogo_parentesco,,doc_2020.pdf p.210,catalogo_externo_pdf
2020,poblacion,parentesco,C (3),611,Tataranieto(a),Catálogo de parentesco,"conyugal, por consanguinidad, adopción,",catalogo_parentesco,,doc_2020.pdf p.210,catalogo_externo_pdf
2020,poblacion,parentesco,C (3),612,Tío(a),Catálogo de parentesco,"conyugal, por consanguinidad, adopción,",catalogo_parentesco,,doc_2020.pdf p.210,catalogo_externo_pdf
2020,poblacion,parentesco,C (3),613,Sobrino(a) nóicpircseD .0202 y Fe de erratas,Catálogo de parentesco,"conyugal, por consanguinidad, adopción,",catalogo_parentesco,,doc_2020.pdf p.210,catalogo_externo_pdf
2020,poblacion,parentesco,C (3),614,Primo(a),Catálogo de parentesco,"conyugal, por consanguinidad, adopción,",catalogo_parentesco,,doc_2020.pdf p.211,catalogo_externo_pdf
2020,poblacion,parentesco,C (3),615,Suegro(a),Catálogo de parentesco,"conyugal, por consanguinidad, adopción,",catalogo_parentesco,,doc_2020.pdf p.211,catalogo_externo_pdf
2020,poblacion,parentesco,C (3),616,Consuegro(a),Catálogo de parentesco,"conyugal, por consanguinidad, adopción,",catalogo_parentesco,,doc_2020.pdf p.211,catalogo_externo_pdf
2020,poblacion,parentesco,C (3),617,"Nuera, yerno",Catálogo de parentesco,"conyugal, por consanguinidad, adopción,",catalogo_parentesco,,doc_2020.pdf p.211,catalogo_externo_pdf
2020,poblacion,parentesco,C (3),618,Cuñado(a),Catálogo de parentesco,"conyugal, por consanguinidad, adopción,",catalogo_parentesco,,doc_2020.pdf p.211,catalogo_externo_pdf
2020,poblacion,parentesco,C (3),619,Concuño(a),Catálogo de parentesco,"conyugal, por consanguinidad, adopción,",catalogo_parentesco,,doc_2020.pdf p.211,catalogo_externo_pdf
2020,poblacion,parentesco,C (3),620,"Padrino, madrina",Catálogo de parentesco,"conyugal, por consanguinidad, adopción,",catalogo_parentesco,,doc_2020.pdf p.211,catalogo_externo_pdf
2020,poblacion,parentesco,C (3),621,Ahijado(a),Catálogo de parentesco,"conyugal, por consanguinidad, adopción,",catalogo_parentesco,,doc_2020.pdf p.211,catalogo_externo_pdf
2020,poblacion,parentesco,C (3),622,"Compadre, comadre",Catálogo de parentesco,"conyugal, por consanguinidad, adopción,",catalogo_parentesco,,doc_2020.pdf p.211,catalogo_externo_pdf
2020,poblacion,parentesco,C (3),623,"Familiar, otro parentesco",Catálogo de parentesco,"conyugal, por consanguinidad, adopción,",catalogo_parentesco,,doc_2020.pdf p.211,catalogo_externo_pdf
2020,poblacion,parentesco,C (3),701,"Huésped, abonado(a), pensionista",Catálogo de parentesco,"conyugal, por consanguinidad, adopción,",catalogo_parentesco,,doc_2020.pdf p.211,catalogo_externo_pdf
2020,poblacion,parentesco,C (3),711,Esposo(a) del(la) huésped,Catálogo de parentesco,"conyugal, por consanguinidad, adopción,",catalogo_parentesco,,doc_2020.pdf p.211,catalogo_externo_pdf
2020,poblacion,parentesco,C (3),712,Hijo(a) del(la) huésped,Catálogo de parentesco,"conyugal, por consanguinidad, adopción,",catalogo_parentesco,,doc_2020.pdf p.211,catalogo_externo_pdf
2020,poblacion,parentesco,C (3),713,Madre o padre del(la) huésped,Catálogo de parentesco,"conyugal, por consanguinidad, adopción,",catalogo_parentesco,,doc_2020.pdf p.211,catalogo_externo_pdf
2020,poblacion,parentesco,C (3),714,Nieto(a) pariente del(la) huésped,Catálogo de parentesco,"conyugal, por consanguinidad, adopción,",catalogo_parentesco,,doc_2020.pdf p.211,catalogo_externo_pdf
2020,poblacion,parentesco,C (3),715,Otro(a) pariente del(la) huésped,Catálogo de parentesco,"conyugal, por consanguinidad, adopción,",catalogo_parentesco,,doc_2020.pdf p.211,catalogo_externo_pdf
2020,poblacion,parentesco,C (3),999,Parentesco no especificado nóicpircseD .0202 y Fe de erratas,Catálogo de parentesco,"conyugal, por consanguinidad, adopción,",catalogo_parentesco,,doc_2020.pdf p.211,catalogo_externo_pdf
2020,poblacion,peso,C (1),1,Sí,"{1,2}",cuidado de la salud o de vigilancia del,,,doc_2020.pdf p.102,ficha_variable
2020,poblacion,peso,C (1),2,No,"{1,2}",cuidado de la salud o de vigilancia del,,,doc_2020.pdf p.102,ficha_variable
2020,poblacion,pop_insabi,C (1),1,Sí,"{1,2}","gastos médicos de bolsillo y mejorar las Actualmente, ¿se encuentra usted afiliado o inscrito condiciones de salud o tiene derecho a los",,,doc_2020.pdf p.86,ficha_variable
2020,poblacion,pop_insabi,C (1),2,No,"{1,2}","gastos médicos de bolsillo y mejorar las Actualmente, ¿se encuentra usted afiliado o inscrito condiciones de salud o tiene derecho a los",,,doc_2020.pdf p.86,ficha_variable
2020,poblacion,pres_alta,C (1),1,Sí,"{1,2}",médicos preventivos asociados a problemas ¿En los últimos doce meses le han medido a usted cardiacos.,,,doc_2020.pdf p.102,ficha_variable
2020,poblacion,pres_alta,C (1),2,No,"{1,2}",médicos preventivos asociados a problemas ¿En los últimos doce meses le han medido a usted cardiacos.,,,doc_2020.pdf p.102,ficha_variable
2020,poblacion,prob_anio,C (4),&,No especificado,Sección y/o apartado,"Fecha de la última vez que tuvo problemas de ¿Cuándo fue la última vez que sufrió algún dolor, salud.",,,doc_2020.pdf p.89,ficha_variable
2020,poblacion,prob_mes,C (2),&,No especificado,"{01,...,12}",salud.,,,doc_2020.pdf p.89,ficha_variable
2020,poblacion,prob_mes,C (2),01,Enero,"{01,...,12}",salud.,,,doc_2020.pdf p.89,ficha_variable
2020,poblacion,prob_mes,C (2),02,Febrero,"{01,...,12}",salud.,,,doc_2020.pdf p.89,ficha_variable
2020,poblacion,prob_mes,C (2),03,Marzo,"{01,...,12}",salud.,,,doc_2020.pdf p.89,ficha_variable
2020,poblacion,prob_mes,C (2),04,Abril,"{01,...,12}",salud.,,,doc_2020.pdf p.89,ficha_variable
2020,poblacion,prob_mes,C (2),05,Mayo,"{01,...,12}",salud.,,,doc_2020.pdf p.89,ficha_variable
2020,poblacion,prob_mes,C (2),06,Junio,"{01,...,12}",salud.,,,doc_2020.pdf p.89,ficha_variable
2020,poblacion,prob_mes,C (2),07,Julio,"{01,...,12}",salud.,,,doc_2020.pdf p.89,ficha_variable
2020,poblacion,prob_mes,C (2),08,Agosto,"{01,...,12}",salud.,,,doc_2020.pdf p.89,ficha_variable
2020,poblacion,prob_mes,C (2),09,Septiembre,"{01,...,12}",salud.,,,doc_2020.pdf p.89,ficha_variable
2020,poblacion,prob_mes,C (2),10,Octubre,"{01,...,12}",salud.,,,doc_2020.pdf p.89,ficha_variable
2020,poblacion,prob_mes,C (2),11,Noviembre,"{01,...,12}",salud.,,,doc_2020.pdf p.89,ficha_variable
2020,poblacion,prob_mes,C (2),12,Diciembre,"{01,...,12}",salud.,,,doc_2020.pdf p.89,ficha_variable
2020,poblacion,prob_sal,C (1),1,Sí,"{1,2}",salud que les haya impedido realizar sus actividades diarias.,,,doc_2020.pdf p.89,ficha_variable
2020,poblacion,prob_sal,C (1),2,No,"{1,2}",salud que les haya impedido realizar sus actividades diarias.,,,doc_2020.pdf p.89,ficha_variable
2020,poblacion,razon_1,C (2),01,No tenía dinero,{01},Motivo por el cual no lo atendieron.,,,doc_2020.pdf p.100,ficha_variable
2020,poblacion,razon_10,C (2),10,El personal de la unidad le dijo que no era necesario que se atendiera,{10},Motivo por el cual no lo atendieron.,,,doc_2020.pdf p.102,ficha_variable
2020,poblacion,razon_11,C (2),11,Otro,{11},Motivo por el cual no lo atendieron.,,,doc_2020.pdf p.102,ficha_variable
2020,poblacion,razon_2,C (2),02,No entendía su lengua,{02},Motivo por el cual no lo atendieron.,,,doc_2020.pdf p.100,ficha_variable
2020,poblacion,razon_3,C (2),03,No quisieron,{03},Motivo por el cual no lo atendieron.,,,doc_2020.pdf p.100,ficha_variable
2020,poblacion,razon_4,C (2),04,Dijeron que no era necesario,{04},Motivo por el cual no lo atendieron.,,,doc_2020.pdf p.100,ficha_variable
2020,poblacion,razon_5,C (2),05,No tenían tiempo,{05},Motivo por el cual no lo atendieron.,,,doc_2020.pdf p.101,ficha_variable
2020,poblacion,razon_6,C (2),06,La unidad médica estaba cerrada,{06},Motivo por el cual no lo atendieron.,,,doc_2020.pdf p.101,ficha_variable
2020,poblacion,razon_7,C (2),07,Le dieron cita hasta mucho tiempo después,{07},Motivo por el cual no lo atendieron.,,,doc_2020.pdf p.101,ficha_variable
2020,poblacion,razon_8,C (2),08,No había médico en la unidad,{08},Motivo por el cual no lo atendieron.,,,doc_2020.pdf p.101,ficha_variable
2020,poblacion,razon_9,C (2),09,No le dieron ninguna razón,{09},Motivo por el cual no lo atendieron.,,,doc_2020.pdf p.101,ficha_variable
2020,poblacion,redsoc_1,C (1),1,Imposible conseguirla,"{1,...,5}",personas podrían conseguir ayuda para ¿Cree usted que si necesitara pedir ayuda para conseguir un trabajo.,,,doc_2020.pdf p.81,ficha_variable
2020,poblacion,redsoc_1,C (1),2,Difícil conseguirla,"{1,...,5}",personas podrían conseguir ayuda para ¿Cree usted que si necesitara pedir ayuda para conseguir un trabajo.,,,doc_2020.pdf p.81,ficha_variable
2020,poblacion,redsoc_1,C (1),3,Fácil conseguirla,"{1,...,5}",personas podrían conseguir ayuda para ¿Cree usted que si necesitara pedir ayuda para conseguir un trabajo.,,,doc_2020.pdf p.81,ficha_variable
2020,poblacion,redsoc_1,C (1),4,Muy fácil conseguirla,"{1,...,5}",personas podrían conseguir ayuda para ¿Cree usted que si necesitara pedir ayuda para conseguir un trabajo.,,,doc_2020.pdf p.81,ficha_variable
2020,poblacion,redsoc_1,C (1),5,Ni fácil ni difícil conseguirla (espontánea),"{1,...,5}",personas podrían conseguir ayuda para ¿Cree usted que si necesitara pedir ayuda para conseguir un trabajo.,,,doc_2020.pdf p.81,ficha_variable
2020,poblacion,redsoc_2,C (1),1,Imposible conseguirla,"{1,...,5}",personas podrían conseguir ayuda para que ¿Cree usted que si necesitara pedir ayuda para que lo(a) cuiden en una enfermedad.,,,doc_2020.pdf p.81,ficha_variable
2020,poblacion,redsoc_2,C (1),2,Difícil conseguirla,"{1,...,5}",personas podrían conseguir ayuda para que ¿Cree usted que si necesitara pedir ayuda para que lo(a) cuiden en una enfermedad.,,,doc_2020.pdf p.81,ficha_variable
2020,poblacion,redsoc_2,C (1),3,Fácil conseguirla,"{1,...,5}",personas podrían conseguir ayuda para que ¿Cree usted que si necesitara pedir ayuda para que lo(a) cuiden en una enfermedad.,,,doc_2020.pdf p.81,ficha_variable
2020,poblacion,redsoc_2,C (1),4,Muy fácil conseguirla,"{1,...,5}",personas podrían conseguir ayuda para que ¿Cree usted que si necesitara pedir ayuda para que lo(a) cuiden en una enfermedad.,,,doc_2020.pdf p.81,ficha_variable
2020,poblacion,redsoc_2,C (1),5,Ni fácil ni difícil conseguirla (espontánea),"{1,...,5}",personas podrían conseguir ayuda para que ¿Cree usted que si necesitara pedir ayuda para que lo(a) cuiden en una enfermedad.,,,doc_2020.pdf p.81,ficha_variable
2020,poblacion,redsoc_3,C (1),1,Imposible conseguirla,"{1,...,5}",¿Cree usted que si necesitara pedirle a alguien la cantidad de dinero que ingresa al hogar en un,,,doc_2020.pdf p.81,ficha_variable
2020,poblacion,redsoc_3,C (1),2,Difícil conseguirla,"{1,...,5}",¿Cree usted que si necesitara pedirle a alguien la cantidad de dinero que ingresa al hogar en un,,,doc_2020.pdf p.81,ficha_variable
2020,poblacion,redsoc_3,C (1),3,Fácil conseguirla,"{1,...,5}",¿Cree usted que si necesitara pedirle a alguien la cantidad de dinero que ingresa al hogar en un,,,doc_2020.pdf p.81,ficha_variable
2020,poblacion,redsoc_3,C (1),4,Muy fácil conseguirla,"{1,...,5}",¿Cree usted que si necesitara pedirle a alguien la cantidad de dinero que ingresa al hogar en un,,,doc_2020.pdf p.81,ficha_variable
2020,poblacion,redsoc_3,C (1),5,Ni fácil ni difícil conseguirla (espontánea) nóicpircseD .0202 y,"{1,...,5}",¿Cree usted que si necesitara pedirle a alguien la cantidad de dinero que ingresa al hogar en un,,,doc_2020.pdf p.81,ficha_variable
2020,poblacion,redsoc_4,C (1),1,Imposible conseguirla,"{1,...,5}",personas podrían conseguir ayuda para que ¿Cree usted que si necesitarapedir ayuda para que lo(a) acompañen al doctor.,,,doc_2020.pdf p.82,ficha_variable
2020,poblacion,redsoc_4,C (1),2,Difícil conseguirla,"{1,...,5}",personas podrían conseguir ayuda para que ¿Cree usted que si necesitarapedir ayuda para que lo(a) acompañen al doctor.,,,doc_2020.pdf p.82,ficha_variable
2020,poblacion,redsoc_4,C (1),3,Fácil conseguirla,"{1,...,5}",personas podrían conseguir ayuda para que ¿Cree usted que si necesitarapedir ayuda para que lo(a) acompañen al doctor.,,,doc_2020.pdf p.82,ficha_variable
2020,poblacion,redsoc_4,C (1),4,Muy fácil conseguirla,"{1,...,5}",personas podrían conseguir ayuda para que ¿Cree usted que si necesitarapedir ayuda para que lo(a) acompañen al doctor.,,,doc_2020.pdf p.82,ficha_variable
2020,poblacion,redsoc_4,C (1),5,Ni fácil ni difícil conseguirla (espontánea),"{1,...,5}",personas podrían conseguir ayuda para que ¿Cree usted que si necesitarapedir ayuda para que lo(a) acompañen al doctor.,,,doc_2020.pdf p.82,ficha_variable
2020,poblacion,redsoc_5,C (1),1,Imposible conseguirla,"{1,...,5}",personas podrían conseguir cooperación para ¿Cree usted que si necesitara pedir cooperación realizar mejoras en su colonia o localidad.,,,doc_2020.pdf p.82,ficha_variable
2020,poblacion,redsoc_5,C (1),2,Difícil conseguirla,"{1,...,5}",personas podrían conseguir cooperación para ¿Cree usted que si necesitara pedir cooperación realizar mejoras en su colonia o localidad.,,,doc_2020.pdf p.82,ficha_variable
2020,poblacion,redsoc_5,C (1),3,Fácil conseguirla,"{1,...,5}",personas podrían conseguir cooperación para ¿Cree usted que si necesitara pedir cooperación realizar mejoras en su colonia o localidad.,,,doc_2020.pdf p.82,ficha_variable
2020,poblacion,redsoc_5,C (1),4,Muy fácil conseguirla,"{1,...,5}",personas podrían conseguir cooperación para ¿Cree usted que si necesitara pedir cooperación realizar mejoras en su colonia o localidad.,,,doc_2020.pdf p.82,ficha_variable
2020,poblacion,redsoc_5,C (1),5,Ni fácil ni difícil conseguirla (espontánea),"{1,...,5}",personas podrían conseguir cooperación para ¿Cree usted que si necesitara pedir cooperación realizar mejoras en su colonia o localidad.,,,doc_2020.pdf p.82,ficha_variable
2020,poblacion,redsoc_6,C (1),1,Imposible conseguirla,"{1,...,5}",personas podrían conseguir ayuda para que ¿Cree usted que si necesitara pedir ayuda para que cuiden a los(as) niños(as) en este hogar.,,,doc_2020.pdf p.82,ficha_variable
2020,poblacion,redsoc_6,C (1),2,Difícil conseguirla,"{1,...,5}",personas podrían conseguir ayuda para que ¿Cree usted que si necesitara pedir ayuda para que cuiden a los(as) niños(as) en este hogar.,,,doc_2020.pdf p.82,ficha_variable
2020,poblacion,redsoc_6,C (1),3,Fácil conseguirla,"{1,...,5}",personas podrían conseguir ayuda para que ¿Cree usted que si necesitara pedir ayuda para que cuiden a los(as) niños(as) en este hogar.,,,doc_2020.pdf p.82,ficha_variable
2020,poblacion,redsoc_6,C (1),4,Muy fácil conseguirla,"{1,...,5}",personas podrían conseguir ayuda para que ¿Cree usted que si necesitara pedir ayuda para que cuiden a los(as) niños(as) en este hogar.,,,doc_2020.pdf p.82,ficha_variable
2020,poblacion,redsoc_6,C (1),5,Ni fácil ni difícil conseguirla (espontánea),"{1,...,5}",personas podrían conseguir ayuda para que ¿Cree usted que si necesitara pedir ayuda para que cuiden a los(as) niños(as) en este hogar.,,,doc_2020.pdf p.82,ficha_variable
2020,poblacion,residencia,C (2),01,Aguascalientes,Catálogo de residencia,"hogar, 5 años antes del momento de la ¿Hace 5 años, en octubre de 2005, en qué estado de entrevista.",catalogo_residencia,,doc_2020.pdf p.212,catalogo_externo_pdf
2020,poblacion,residencia,C (2),02,Baja California,Catálogo de residencia,"hogar, 5 años antes del momento de la ¿Hace 5 años, en octubre de 2005, en qué estado de entrevista.",catalogo_residencia,,doc_2020.pdf p.212,catalogo_externo_pdf
2020,poblacion,residencia,C (2),03,Baja California Sur,Catálogo de residencia,"hogar, 5 años antes del momento de la ¿Hace 5 años, en octubre de 2005, en qué estado de entrevista.",catalogo_residencia,,doc_2020.pdf p.212,catalogo_externo_pdf
2020,poblacion,residencia,C (2),04,Campeche,Catálogo de residencia,"hogar, 5 años antes del momento de la ¿Hace 5 años, en octubre de 2005, en qué estado de entrevista.",catalogo_residencia,,doc_2020.pdf p.212,catalogo_externo_pdf
2020,poblacion,residencia,C (2),05,Coahuila de Zaragoza,Catálogo de residencia,"hogar, 5 años antes del momento de la ¿Hace 5 años, en octubre de 2005, en qué estado de entrevista.",catalogo_residencia,,doc_2020.pdf p.212,catalogo_externo_pdf
2020,poblacion,residencia,C (2),06,Colima,Catálogo de residencia,"hogar, 5 años antes del momento de la ¿Hace 5 años, en octubre de 2005, en qué estado de entrevista.",catalogo_residencia,,doc_2020.pdf p.212,catalogo_externo_pdf
2020,poblacion,residencia,C (2),07,Chiapas,Catálogo de residencia,"hogar, 5 años antes del momento de la ¿Hace 5 años, en octubre de 2005, en qué estado de entrevista.",catalogo_residencia,,doc_2020.pdf p.212,catalogo_externo_pdf
2020,poblacion,residencia,C (2),08,Chihuahua,Catálogo de residencia,"hogar, 5 años antes del momento de la ¿Hace 5 años, en octubre de 2005, en qué estado de entrevista.",catalogo_residencia,,doc_2020.pdf p.212,catalogo_externo_pdf
2020,poblacion,residencia,C (2),09,Ciudad de México,Catálogo de residencia,"hogar, 5 años antes del momento de la ¿Hace 5 años, en octubre de 2005, en qué estado de entrevista.",catalogo_residencia,,doc_2020.pdf p.212,catalogo_externo_pdf
2020,poblacion,residencia,C (2),10,Durango,Catálogo de residencia,"hogar, 5 años antes del momento de la ¿Hace 5 años, en octubre de 2005, en qué estado de entrevista.",catalogo_residencia,,doc_2020.pdf p.212,catalogo_externo_pdf
2020,poblacion,residencia,C (2),11,Guanajuato,Catálogo de residencia,"hogar, 5 años antes del momento de la ¿Hace 5 años, en octubre de 2005, en qué estado de entrevista.",catalogo_residencia,,doc_2020.pdf p.212,catalogo_externo_pdf
2020,poblacion,residencia,C (2),12,Guerrero,Catálogo de residencia,"hogar, 5 años antes del momento de la ¿Hace 5 años, en octubre de 2005, en qué estado de entrevista.",catalogo_residencia,,doc_2020.pdf p.212,catalogo_externo_pdf
2020,poblacion,residencia,C (2),13,Hidalgo,Catálogo de residencia,"hogar, 5 años antes del momento de la ¿Hace 5 años, en octubre de 2005, en qué estado de entrevista.",catalogo_residencia,,doc_2020.pdf p.212,catalogo_externo_pdf
2020,poblacion,residencia,C (2),14,Jalisco,Catálogo de residencia,"hogar, 5 años antes del momento de la ¿Hace 5 años, en octubre de 2005, en qué estado de entrevista.",catalogo_residencia,,doc_2020.pdf p.212,catalogo_externo_pdf
2020,poblacion,residencia,C (2),15,México,Catálogo de residencia,"hogar, 5 años antes del momento de la ¿Hace 5 años, en octubre de 2005, en qué estado de entrevista.",catalogo_residencia,,doc_2020.pdf p.212,catalogo_externo_pdf
2020,poblacion,residencia,C (2),16,Michoacán de Ocampo,Catálogo de residencia,"hogar, 5 años antes del momento de la ¿Hace 5 años, en octubre de 2005, en qué estado de entrevista.",catalogo_residencia,,doc_2020.pdf p.212,catalogo_externo_pdf
2020,poblacion,residencia,C (2),17,Morelos,Catálogo de residencia,"hogar, 5 años antes del momento de la ¿Hace 5 años, en octubre de 2005, en qué estado de entrevista.",catalogo_residencia,,doc_2020.pdf p.212,catalogo_externo_pdf
2020,poblacion,residencia,C (2),18,Nayarit,Catálogo de residencia,"hogar, 5 años antes del momento de la ¿Hace 5 años, en octubre de 2005, en qué estado de entrevista.",catalogo_residencia,,doc_2020.pdf p.212,catalogo_externo_pdf
2020,poblacion,residencia,C (2),19,Nuevo León,Catálogo de residencia,"hogar, 5 años antes del momento de la ¿Hace 5 años, en octubre de 2005, en qué estado de entrevista.",catalogo_residencia,,doc_2020.pdf p.212,catalogo_externo_pdf
2020,poblacion,residencia,C (2),20,Oaxaca,Catálogo de residencia,"hogar, 5 años antes del momento de la ¿Hace 5 años, en octubre de 2005, en qué estado de entrevista.",catalogo_residencia,,doc_2020.pdf p.212,catalogo_externo_pdf
2020,poblacion,residencia,C (2),21,Puebla,Catálogo de residencia,"hogar, 5 años antes del momento de la ¿Hace 5 años, en octubre de 2005, en qué estado de entrevista.",catalogo_residencia,,doc_2020.pdf p.212,catalogo_externo_pdf
2020,poblacion,residencia,C (2),22,Querétaro,Catálogo de residencia,"hogar, 5 años antes del momento de la ¿Hace 5 años, en octubre de 2005, en qué estado de entrevista.",catalogo_residencia,,doc_2020.pdf p.212,catalogo_externo_pdf
2020,poblacion,residencia,C (2),23,Quintana Roo,Catálogo de residencia,"hogar, 5 años antes del momento de la ¿Hace 5 años, en octubre de 2005, en qué estado de entrevista.",catalogo_residencia,,doc_2020.pdf p.212,catalogo_externo_pdf
2020,poblacion,residencia,C (2),24,San Luis Potosí,Catálogo de residencia,"hogar, 5 años antes del momento de la ¿Hace 5 años, en octubre de 2005, en qué estado de entrevista.",catalogo_residencia,,doc_2020.pdf p.212,catalogo_externo_pdf
2020,poblacion,residencia,C (2),25,Sinaloa,Catálogo de residencia,"hogar, 5 años antes del momento de la ¿Hace 5 años, en octubre de 2005, en qué estado de entrevista.",catalogo_residencia,,doc_2020.pdf p.212,catalogo_externo_pdf
2020,poblacion,residencia,C (2),26,Sonora,Catálogo de residencia,"hogar, 5 años antes del momento de la ¿Hace 5 años, en octubre de 2005, en qué estado de entrevista.",catalogo_residencia,,doc_2020.pdf p.212,catalogo_externo_pdf
2020,poblacion,residencia,C (2),27,Tabasco,Catálogo de residencia,"hogar, 5 años antes del momento de la ¿Hace 5 años, en octubre de 2005, en qué estado de entrevista.",catalogo_residencia,,doc_2020.pdf p.212,catalogo_externo_pdf
2020,poblacion,residencia,C (2),28,Tamaulipas,Catálogo de residencia,"hogar, 5 años antes del momento de la ¿Hace 5 años, en octubre de 2005, en qué estado de entrevista.",catalogo_residencia,,doc_2020.pdf p.212,catalogo_externo_pdf
2020,poblacion,residencia,C (2),29,Tlaxcala,Catálogo de residencia,"hogar, 5 años antes del momento de la ¿Hace 5 años, en octubre de 2005, en qué estado de entrevista.",catalogo_residencia,,doc_2020.pdf p.212,catalogo_externo_pdf
2020,poblacion,residencia,C (2),30,Veracruz de Ignacio de la Llave,Catálogo de residencia,"hogar, 5 años antes del momento de la ¿Hace 5 años, en octubre de 2005, en qué estado de entrevista.",catalogo_residencia,,doc_2020.pdf p.212,catalogo_externo_pdf
2020,poblacion,residencia,C (2),31,Yucatán,Catálogo de residencia,"hogar, 5 años antes del momento de la ¿Hace 5 años, en octubre de 2005, en qué estado de entrevista.",catalogo_residencia,,doc_2020.pdf p.212,catalogo_externo_pdf
2020,poblacion,residencia,C (2),32,Zacatecas,Catálogo de residencia,"hogar, 5 años antes del momento de la ¿Hace 5 años, en octubre de 2005, en qué estado de entrevista.",catalogo_residencia,,doc_2020.pdf p.212,catalogo_externo_pdf
2020,poblacion,residencia,C (2),33,Estados Unidos de América,Catálogo de residencia,"hogar, 5 años antes del momento de la ¿Hace 5 años, en octubre de 2005, en qué estado de entrevista.",catalogo_residencia,,doc_2020.pdf p.212,catalogo_externo_pdf
2020,poblacion,residencia,C (2),34,Otro país nóicpircseD .0202 y Fe de erratas,Catálogo de residencia,"hogar, 5 años antes del momento de la ¿Hace 5 años, en octubre de 2005, en qué estado de entrevista.",catalogo_residencia,,doc_2020.pdf p.212,catalogo_externo_pdf
2020,poblacion,segsoc,C (1),1,Sí,,productiva a fin de gozar de los beneficios de esta. Pueden ser instituciones nacionales y/o ¿Alguna vez ha contribuido o cotizado para alguna,,,doc_2020.pdf p.80,ficha_variable
2020,poblacion,segsoc,C (1),2,No nóicpircseD .0202 y,,productiva a fin de gozar de los beneficios de esta. Pueden ser instituciones nacionales y/o ¿Alguna vez ha contribuido o cotizado para alguna,,,doc_2020.pdf p.80,ficha_variable
2020,poblacion,segvol_1,C (1),1,"SAR, AFORE o fondo de pensiones",{1},contratado voluntariamente.,,,doc_2020.pdf p.103,ficha_variable
2020,poblacion,segvol_2,C (1),2,Seguro privado de gastos médicos,{2},contratado voluntariamente.,,,doc_2020.pdf p.103,ficha_variable
2020,poblacion,segvol_3,C (1),3,Seguro de vida,{3},contratado voluntariamente.,,,doc_2020.pdf p.103,ficha_variable
2020,poblacion,segvol_4,C (1),4,Seguro de invalidez,{4},contratado voluntariamente.,,,doc_2020.pdf p.103,ficha_variable
2020,poblacion,segvol_5,C (1),5,Otro tipo de seguro,{5},contratado voluntariamente.,,,doc_2020.pdf p.103,ficha_variable
2020,poblacion,segvol_6,C (1),6,Ninguno de los anteriores,{6},contratado voluntariamente.,,,doc_2020.pdf p.103,ficha_variable
2020,poblacion,segvol_7,C (1),7,No sabe,{7},contratado voluntariamente.,,,doc_2020.pdf p.103,ficha_variable
2020,poblacion,servmed_1,C (2),01,Centros de salud (secretaría de salud),{01},para recibir atención médica.,,,doc_2020.pdf p.90,ficha_variable
2020,poblacion,servmed_10,C (2),10,"Curandero, hierbero, comadrona, brujo, etcétera",{10},para recibir atención médica.,,,doc_2020.pdf p.92,ficha_variable
2020,poblacion,servmed_11,C (2),11,Otro,{11},para recibir atención médica.,,,doc_2020.pdf p.92,ficha_variable
2020,poblacion,servmed_12,C (2),12,Instituto de salud para el bienestar (INSABI),{12},para recibir atención médica.,,,doc_2020.pdf p.92,ficha_variable
2020,poblacion,servmed_2,C (2),02,Hospital o instituto (secretaría de salud),,para recibir atención médica.,,,doc_2020.pdf p.90,ficha_variable
2020,poblacion,servmed_3,C (2),03,Seguro Social o IMSS,{03},para recibir atención médica.,,,doc_2020.pdf p.90,ficha_variable
2020,poblacion,servmed_4,C (2),04,IMSS-Prospera/IMSS-Bienestar,{04},para recibir atención médica.,,,doc_2020.pdf p.90,ficha_variable
2020,poblacion,servmed_5,C (2),05,ISSSTE,{05},para recibir atención médica.,,,doc_2020.pdf p.91,ficha_variable
2020,poblacion,servmed_6,C (2),06,ISSSTE estatal,{06},para recibir atención médica.,,,doc_2020.pdf p.91,ficha_variable
2020,poblacion,servmed_7,C (2),07,"Otro servicio médico público (PEMEX, Defensa, Marina, DIF, INI)",{07},para recibir atención médica.,,,doc_2020.pdf p.91,ficha_variable
2020,poblacion,servmed_8,C (2),08,Consultorios y hospitales privados,,para recibir atención médica.,,,doc_2020.pdf p.91,ficha_variable
2020,poblacion,servmed_9,C (2),09,Consultorio de farmacias,,para recibir atención médica.,,,doc_2020.pdf p.91,ficha_variable
2020,poblacion,sexo,C (1),1,Hombre,"{1,2}",en hombres o mujeres.,,,doc_2020.pdf p.70,ficha_variable
2020,poblacion,sexo,C (1),2,Mujer,"{1,2}",en hombres o mujeres.,,,doc_2020.pdf p.70,ficha_variable
2020,poblacion,tiene_b,C (1),1,Sí,"{1,2}",los integrantes del hogar que asisten a la ¿Le otorgaron beca a (NOMBRE) para este año escuela.,,,doc_2020.pdf p.77,ficha_variable
2020,poblacion,tiene_b,C (1),2,No,"{1,2}",los integrantes del hogar que asisten a la ¿Le otorgaron beca a (NOMBRE) para este año escuela.,,,doc_2020.pdf p.77,ficha_variable
2020,poblacion,tiene_c,C (1),1,Sí,"{1,2}","materiales, etcétera. Quien lo recibe está comprometido a pagarlo en parte o en su ¿Le otorgaron crédito educativo a (NOMBRE) para",,,doc_2020.pdf p.78,ficha_variable
2020,poblacion,tiene_c,C (1),2,No,"{1,2}","materiales, etcétera. Quien lo recibe está comprometido a pagarlo en parte o en su ¿Le otorgaron crédito educativo a (NOMBRE) para",,,doc_2020.pdf p.78,ficha_variable
2020,poblacion,tipoesc,C (1),1,Pública o de gobierno,"{1,...,3}","Educativo Nacional según sea pública, privada",,,doc_2020.pdf p.77,ficha_variable
2020,poblacion,tipoesc,C (1),2,Privada o de paga,"{1,...,3}","Educativo Nacional según sea pública, privada",,,doc_2020.pdf p.77,ficha_variable
2020,poblacion,tipoesc,C (1),3,De otro tipo,"{1,...,3}","Educativo Nacional según sea pública, privada",,,doc_2020.pdf p.77,ficha_variable
2020,poblacion,trabajo_mp,C (1),1,Trabajó el mes pasado,"{1,2}","referencia, que permite clasificarla como parte de la Población Económicamente Activa (PEA) Durante el mes pasado________________, ¿usted o como parte de la Población No",,,doc_2020.pdf p.104,ficha_variable
2020,poblacion,trabajo_mp,C (1),2,No trabajó el mes pasado,"{1,2}","referencia, que permite clasificarla como parte de la Población Económicamente Activa (PEA) Durante el mes pasado________________, ¿usted o como parte de la Población No",,,doc_2020.pdf p.104,ficha_variable
2020,poblacion,usotiempo1,C (1),8,No recuerda,"{8,9}",No recuerda haber trabajado. Durante la semana pasada ¿cuánto tiempo dedicó a,,,doc_2020.pdf p.83,ficha_variable
2020,poblacion,usotiempo1,C (1),9,No lo hizo,"{8,9}",No recuerda haber trabajado. Durante la semana pasada ¿cuánto tiempo dedicó a,,,doc_2020.pdf p.83,ficha_variable
2020,poblacion,usotiempo2,C (1),8,No recuerda,"{8,9}",No recuerda haber dedicado tiempo para Durante la semana pasada ¿cuánto tiempo dedicó a estudiar.,,,doc_2020.pdf p.83,ficha_variable
2020,poblacion,usotiempo2,C (1),9,No lo hizo,"{8,9}",No recuerda haber dedicado tiempo para Durante la semana pasada ¿cuánto tiempo dedicó a estudiar.,,,doc_2020.pdf p.83,ficha_variable
2020,poblacion,usotiempo3,C (1),8,No recuerda,"{8,9}",realizar trabajo comunitario o voluntario.,,,doc_2020.pdf p.83,ficha_variable
2020,poblacion,usotiempo3,C (1),9,No lo hizo nóicpircseD .0202 y,"{8,9}",realizar trabajo comunitario o voluntario.,,,doc_2020.pdf p.83,ficha_variable
2020,poblacion,usotiempo4,C (1),8,No recuerda,"{8,9}","cuidar, atender sin pago y de manera exclusiva Durante la semana pasada ¿cuánto tiempo dedicó a a niños, ancianos, enfermos, discapacitados.",,,doc_2020.pdf p.84,ficha_variable
2020,poblacion,usotiempo4,C (1),9,No lo hizo,"{8,9}","cuidar, atender sin pago y de manera exclusiva Durante la semana pasada ¿cuánto tiempo dedicó a a niños, ancianos, enfermos, discapacitados.",,,doc_2020.pdf p.84,ficha_variable
2020,poblacion,usotiempo5,C (1),8,No recuerda,"{8,9}","dar mantenimiento a su vivienda, muebles, Durante la semana pasada ¿cuánto tiempo dedicó a aparatos domésticos o vehículos.",,,doc_2020.pdf p.84,ficha_variable
2020,poblacion,usotiempo5,C (1),9,No lo hizo nóicpircseD .0202 y,"{8,9}","dar mantenimiento a su vivienda, muebles, Durante la semana pasada ¿cuánto tiempo dedicó a aparatos domésticos o vehículos.",,,doc_2020.pdf p.84,ficha_variable
2020,poblacion,usotiempo6,C (1),8,No recuerda,"{8,9}",quehaceres del hogar.,,,doc_2020.pdf p.85,ficha_variable
2020,poblacion,usotiempo6,C (1),9,No lo hizo,"{8,9}",quehaceres del hogar.,,,doc_2020.pdf p.85,ficha_variable
2020,poblacion,usotiempo7,C (1),8,No recuerda,"{8,9}",acarrear agua o leña.,,,doc_2020.pdf p.85,ficha_variable
2020,poblacion,usotiempo7,C (1),9,No lo hizo,"{8,9}",acarrear agua o leña.,,,doc_2020.pdf p.85,ficha_variable
2020,poblacion,usotiempo8,C (1),8,No recuerda,"{8,9}",realizar actividades de su gusto.,,,doc_2020.pdf p.86,ficha_variable
2020,poblacion,usotiempo8,C (1),9,No lo hizo,"{8,9}",realizar actividades de su gusto.,,,doc_2020.pdf p.86,ficha_variable
2020,trabajos,clas_emp,C (1),1,"De tipo independiente, personal o familiar","{1,...,4}","a las unidades económicas privadas que no se ubican bajo la modalidad de negocios privados, para canalizarlas a una secuencia propia de",,,doc_2020.pdf p.134,ficha_variable
2020,trabajos,clas_emp,C (1),2,Una compañía o empresa del sector privado,"{1,...,4}","a las unidades económicas privadas que no se ubican bajo la modalidad de negocios privados, para canalizarlas a una secuencia propia de",,,doc_2020.pdf p.134,ficha_variable
2020,trabajos,clas_emp,C (1),3,Una institución de gobierno,"{1,...,4}","a las unidades económicas privadas que no se ubican bajo la modalidad de negocios privados, para canalizarlas a una secuencia propia de",,,doc_2020.pdf p.134,ficha_variable
2020,trabajos,clas_emp,C (1),4,Una institución no administrada por el gobierno,"{1,...,4}","a las unidades económicas privadas que no se ubican bajo la modalidad de negocios privados, para canalizarlas a una secuencia propia de",,,doc_2020.pdf p.134,ficha_variable
2020,trabajos,conf_pers,C (1),1,Sí,"{1,2}",actividad principal durante el periodo de ¿El personal empleado es el mismo que utilizó en la referencia.,,,doc_2020.pdf p.137,ficha_variable
2020,trabajos,conf_pers,C (1),2,No,"{1,2}",actividad principal durante el periodo de ¿El personal empleado es el mismo que utilizó en la referencia.,,,doc_2020.pdf p.137,ficha_variable
2020,trabajos,contrato,C (1),1,Sí,"{1,2}",Existencia de un contrato laboral por escrito.,,,doc_2020.pdf p.128,ficha_variable
2020,trabajos,contrato,C (1),2,No,"{1,2}",Existencia de un contrato laboral por escrito.,,,doc_2020.pdf p.128,ficha_variable
2020,trabajos,id_trabajo,C (1),1,Trabajo principal,"{1,2}",Identificador del trabajo.,,,doc_2020.pdf p.127,ficha_variable
2020,trabajos,id_trabajo,C (1),2,Trabajo secundario,"{1,2}",Identificador del trabajo.,,,doc_2020.pdf p.127,ficha_variable
2020,trabajos,indep,C (1),1,Sí,"{1,2}","El trabajo que tuvo fue por su cuenta. Entonces, ¿se dedicó a un negocio o actividad por su",,,doc_2020.pdf p.128,ficha_variable
2020,trabajos,indep,C (1),2,No,"{1,2}","El trabajo que tuvo fue por su cuenta. Entonces, ¿se dedicó a un negocio o actividad por su",,,doc_2020.pdf p.128,ficha_variable
2020,trabajos,lugar,C (1),1,Sí,"{1,2}","misma unidad económica, en la que se ¿Esta(s) actividad(es) la(s) realizó en el mismo lugar desarrolla la actividad principal.",,,doc_2020.pdf p.137,ficha_variable
2020,trabajos,lugar,C (1),2,No,"{1,2}","misma unidad económica, en la que se ¿Esta(s) actividad(es) la(s) realizó en el mismo lugar desarrolla la actividad principal.",,,doc_2020.pdf p.137,ficha_variable
2020,trabajos,medtrab_1,C (1),1,Servicios médicos del seguro social IMSS,{1},servicios médicos del seguro social.,,,doc_2020.pdf p.138,ficha_variable
2020,trabajos,medtrab_2,C (1),2,Servicios médicos del ISSSTE,{2},servicios médicos del ISSSTE.,,,doc_2020.pdf p.138,ficha_variable
2020,trabajos,medtrab_3,C (1),3,Servicio médicos del ISSSTE estatal,{3},servicios médicos del ISSSTE estatal.,,,doc_2020.pdf p.138,ficha_variable
2020,trabajos,medtrab_4,C (1),4,"Servicios médicos de PEMEX, del ejército o de la marina",{4},"servicios médicos de PEMEX, del ejército o de ¿En este trabajo le dieron las siguientes la marina.",,,doc_2020.pdf p.138,ficha_variable
2020,trabajos,medtrab_5,C (1),5,Servicios médicos de universidades,{5},servicios médicos de universidades.,,,doc_2020.pdf p.138,ficha_variable
2020,trabajos,medtrab_6,C (1),6,Servicios médicos privados,{6},servicios médicos privados.,,,doc_2020.pdf p.139,ficha_variable
2020,trabajos,medtrab_7,C (1),7,No tiene prestaciones provenientes de su trabajo,{7},En el trabajo no cuentan con servicios médicos. ¿En este trabajo le dieron las siguientes,,,doc_2020.pdf p.139,ficha_variable
2020,trabajos,no_ing,C (2),01,Pago en especie,"{01,...,13,99)","económicas, no percibieron ingresos",,,doc_2020.pdf p.134,ficha_variable
2020,trabajos,no_ing,C (2),02,No le han pagado,"{01,...,13,99)","económicas, no percibieron ingresos",,,doc_2020.pdf p.134,ficha_variable
2020,trabajos,no_ing,C (2),03,Está contratado pero no ha iniciado sus actividades,"{01,...,13,99)","económicas, no percibieron ingresos",,,doc_2020.pdf p.134,ficha_variable
2020,trabajos,no_ing,C (2),04,"Incapacidad temporal (enfermedad, accidente, etcétera)","{01,...,13,99)","económicas, no percibieron ingresos",,,doc_2020.pdf p.134,ficha_variable
2020,trabajos,no_ing,C (2),05,"Falta de trabajo (cierre temporal de la empresa, negocio o comercio pero sin haber sido despedido)","{01,...,13,99)","económicas, no percibieron ingresos",,,doc_2020.pdf p.134,ficha_variable
2020,trabajos,no_ing,C (2),06,Conflicto laboral o huelga de subordinados nóicpircseD .0202 y,"{01,...,13,99)","económicas, no percibieron ingresos",,,doc_2020.pdf p.134,ficha_variable
2020,trabajos,no_ing,C (2),07,Escasez de materiales y reparación del equipo para la producción o venta de subordinados,"{01,...,13,99)","económicas, no percibieron ingresos",,,doc_2020.pdf p.134,ficha_variable
2020,trabajos,no_ing,C (2),08,Está esperando continuar con las labores agrícolas,"{01,...,13,99)","económicas, no percibieron ingresos",,,doc_2020.pdf p.134,ficha_variable
2020,trabajos,no_ing,C (2),09,Conflicto laboral o huelga de independientes,"{01,...,13,99)","económicas, no percibieron ingresos",,,doc_2020.pdf p.134,ficha_variable
2020,trabajos,no_ing,C (2),10,Inicio de labores y no hay gastos ni ingresos,"{01,...,13,99)","económicas, no percibieron ingresos",,,doc_2020.pdf p.134,ficha_variable
2020,trabajos,no_ing,C (2),11,Escasez de materiales y reparación del equipo para la producción o venta de independientes,"{01,...,13,99)","económicas, no percibieron ingresos",,,doc_2020.pdf p.134,ficha_variable
2020,trabajos,no_ing,C (2),12,No ha tenido utilidades en el periodo de referencia,"{01,...,13,99)","económicas, no percibieron ingresos",,,doc_2020.pdf p.134,ficha_variable
2020,trabajos,no_ing,C (2),13,El negocio obtuvo pérdidas,"{01,...,13,99)","económicas, no percibieron ingresos",,,doc_2020.pdf p.134,ficha_variable
2020,trabajos,no_ing,C (2),99,Otras causas no consideradas en las anteriores,"{01,...,13,99)","económicas, no percibieron ingresos",,,doc_2020.pdf p.134,ficha_variable
2020,trabajos,otra_act,C (1),1,Sí,"{1,2}","durante el periodo de referencia, tanto en el Además de la actividad mencionada, el mes pasado, trabajo principal como en el secundario.",,,doc_2020.pdf p.136,ficha_variable
2020,trabajos,otra_act,C (1),2,No,"{1,2}","durante el periodo de referencia, tanto en el Además de la actividad mencionada, el mes pasado, trabajo principal como en el secundario.",,,doc_2020.pdf p.136,ficha_variable
2020,trabajos,pago,C (1),1,Recibe un pago,"{1,...,3}",Forma de pago en su trabajo.,,,doc_2020.pdf p.128,ficha_variable
2020,trabajos,pago,C (1),2,Es un trabajador(a) sin pago en un negocio del hogar,"{1,...,3}",Forma de pago en su trabajo.,,,doc_2020.pdf p.128,ficha_variable
2020,trabajos,pago,C (1),3,Es un trabajador(a) sin pago en un negocio que no es del hogar,"{1,...,3}",Forma de pago en su trabajo.,,,doc_2020.pdf p.128,ficha_variable
2020,trabajos,personal,C (1),1,Sí,"{1,2}",cargo.,,,doc_2020.pdf p.128,ficha_variable
2020,trabajos,personal,C (1),2,No,"{1,2}",cargo.,,,doc_2020.pdf p.128,ficha_variable
2020,trabajos,pres_1,C (2),01,"Incapacidad en caso de enfermedad, accidente o maternidad",{01},"incapacidad en caso de enfermedad, accidente ¿En este trabajo le dieron las siguientes o maternidad.",,,doc_2020.pdf p.129,ficha_variable
2020,trabajos,pres_10,C (2),10,Préstamos personales y/o caja de ahorro,{10},préstamos personales y/o caja de ahorro.,,,doc_2020.pdf p.131,ficha_variable
2020,trabajos,pres_11,C (2),11,Prima vacacional,{11},prima vacacional.,,,doc_2020.pdf p.131,ficha_variable
2020,trabajos,pres_12,C (2),12,Becas y apoyos educativos,{12},becas y apoyos educativos.,,,doc_2020.pdf p.131,ficha_variable
2020,trabajos,pres_13,C (2),13,Servicio de comedor,{13},servicio de comedor.,,,doc_2020.pdf p.131,ficha_variable
2020,trabajos,pres_14,C (2),14,Crédito FONACOT,{14},crédito FONACOT.,,,doc_2020.pdf p.132,ficha_variable
2020,trabajos,pres_15,C (2),15,Ayuda de despensas,{15},ayuda de despensas.,,,doc_2020.pdf p.132,ficha_variable
2020,trabajos,pres_16,C (2),16,"Ayuda o exención en el pago de luz, agua, teléfono, etcétera",{16},"ayuda o exención en el pago de luz, agua, ¿En este trabajo le dieron las siguientes teléfono, etcétera.",,,doc_2020.pdf p.132,ficha_variable
2020,trabajos,pres_17,C (2),17,Pensión en caso de invalidez,{17},¿En este trabajo le dieron las siguientes pensión en caso de invalidez.,,,doc_2020.pdf p.132,ficha_variable
2020,trabajos,pres_18,C (2),18,Pensión para sus familiares en caso de fallecimiento,{18},pensión para sus familiares en caso de ¿En este trabajo le dieron las siguientes fallecimiento.,,,doc_2020.pdf p.132,ficha_variable
2020,trabajos,pres_19,C (2),19,Otras prestaciones,{19},prestaciones.,,,doc_2020.pdf p.133,ficha_variable
2020,trabajos,pres_2,C (2),02,Aguinaldo,{02},aguinaldo.,,,doc_2020.pdf p.129,ficha_variable
2020,trabajos,pres_20,C (2),20,Otras prestaciones,{20},En el trabajo que tuvo no le dieron prestaciones. ¿En este trabajo le dieron las siguientes,,,doc_2020.pdf p.133,ficha_variable
2020,trabajos,pres_3,C (2),03,Vacaciones con goce de sueldo,{03},vacaciones con goce de sueldo.,,,doc_2020.pdf p.129,ficha_variable
2020,trabajos,pres_4,C (2),04,Reparto de utilidades,{04},reparto de utilidades.,,,doc_2020.pdf p.129,ficha_variable
2020,trabajos,pres_5,C (2),05,Crédito de vivienda,{05},crédito de vivienda.,,,doc_2020.pdf p.130,ficha_variable
2020,trabajos,pres_6,C (2),06,Guarderías y estancias infantiles,{06},guarderías y estancias infantiles.,,,doc_2020.pdf p.130,ficha_variable
2020,trabajos,pres_7,C (2),07,Tiempo para cuidados maternos o paternos,{07},tiempo para cuidados maternos o paternos.,,,doc_2020.pdf p.130,ficha_variable
2020,trabajos,pres_8,C (2),08,SAR o AFORE,{08},SAR o AFORE.,,,doc_2020.pdf p.130,ficha_variable
2020,trabajos,pres_9,C (2),09,Seguro de vida,{09},seguro de vida.,,,doc_2020.pdf p.130,ficha_variable
2020,trabajos,socios,C (1),1,Sí,"{1,2}",también sea(n) dueño(s) del negocio.,,,doc_2020.pdf p.135,ficha_variable
2020,trabajos,socios,C (1),2,No,"{1,2}",también sea(n) dueño(s) del negocio.,,,doc_2020.pdf p.135,ficha_variable
2020,trabajos,subor,C (1),1,Sí,"{1,2}",En el trabajo que tuvo fue subordinado.,,,doc_2020.pdf p.127,ficha_variable
2020,trabajos,subor,C (1),2,No,"{1,2}",En el trabajo que tuvo fue subordinado.,,,doc_2020.pdf p.127,ficha_variable
2020,trabajos,tam_emp,C (2),01,De 1 persona,"{01,...,12}","trabajadores, donde desempeño su trabajo Durante el mes pasado, ¿cuántas personas principal el integrante del hogar, el mes pasado.",,,doc_2020.pdf p.134,ficha_variable
2020,trabajos,tam_emp,C (2),02,De 2 a 5 personas,"{01,...,12}","trabajadores, donde desempeño su trabajo Durante el mes pasado, ¿cuántas personas principal el integrante del hogar, el mes pasado.",,,doc_2020.pdf p.134,ficha_variable
2020,trabajos,tam_emp,C (2),03,De 6 a 10 personas,"{01,...,12}","trabajadores, donde desempeño su trabajo Durante el mes pasado, ¿cuántas personas principal el integrante del hogar, el mes pasado.",,,doc_2020.pdf p.134,ficha_variable
2020,trabajos,tam_emp,C (2),04,De 11 a 15 personas,"{01,...,12}","trabajadores, donde desempeño su trabajo Durante el mes pasado, ¿cuántas personas principal el integrante del hogar, el mes pasado.",,,doc_2020.pdf p.134,ficha_variable
2020,trabajos,tam_emp,C (2),05,De 16 a 20 personas,"{01,...,12}","trabajadores, donde desempeño su trabajo Durante el mes pasado, ¿cuántas personas principal el integrante del hogar, el mes pasado.",,,doc_2020.pdf p.134,ficha_variable
2020,trabajos,tam_emp,C (2),06,De 21 a 30 personas,"{01,...,12}","trabajadores, donde desempeño su trabajo Durante el mes pasado, ¿cuántas personas principal el integrante del hogar, el mes pasado.",,,doc_2020.pdf p.134,ficha_variable
2020,trabajos,tam_emp,C (2),07,De 31 a 50 personas,"{01,...,12}","trabajadores, donde desempeño su trabajo Durante el mes pasado, ¿cuántas personas principal el integrante del hogar, el mes pasado.",,,doc_2020.pdf p.134,ficha_variable
2020,trabajos,tam_emp,C (2),08,De 51 a 100 personas,"{01,...,12}","trabajadores, donde desempeño su trabajo Durante el mes pasado, ¿cuántas personas principal el integrante del hogar, el mes pasado.",,,doc_2020.pdf p.134,ficha_variable
2020,trabajos,tam_emp,C (2),09,De 101 a 250 personas,"{01,...,12}","trabajadores, donde desempeño su trabajo Durante el mes pasado, ¿cuántas personas principal el integrante del hogar, el mes pasado.",,,doc_2020.pdf p.134,ficha_variable
2020,trabajos,tam_emp,C (2),10,De 251 a 500 personas,"{01,...,12}","trabajadores, donde desempeño su trabajo Durante el mes pasado, ¿cuántas personas principal el integrante del hogar, el mes pasado.",,,doc_2020.pdf p.134,ficha_variable
2020,trabajos,tam_emp,C (2),11,De 501 a más personas,"{01,...,12}","trabajadores, donde desempeño su trabajo Durante el mes pasado, ¿cuántas personas principal el integrante del hogar, el mes pasado.",,,doc_2020.pdf p.134,ficha_variable
2020,trabajos,tam_emp,C (2),12,No sabe,"{01,...,12}","trabajadores, donde desempeño su trabajo Durante el mes pasado, ¿cuántas personas principal el integrante del hogar, el mes pasado.",,,doc_2020.pdf p.134,ficha_variable
2020,trabajos,tiene_suel,C (1),1,Sí,"{1,2}","años, por el desempeño del trabajo que realizó ¿En este trabajo usted recibió o tuvo asignado un el mes pasado.",,,doc_2020.pdf p.135,ficha_variable
2020,trabajos,tiene_suel,C (1),2,No,"{1,2}","años, por el desempeño del trabajo que realizó ¿En este trabajo usted recibió o tuvo asignado un el mes pasado.",,,doc_2020.pdf p.135,ficha_variable
2020,trabajos,tipoact,C (1),1,Industrial,"{1,...,9}","empresa, negocio o institución.",,,doc_2020.pdf p.135,ficha_variable
2020,trabajos,tipoact,C (1),2,Comercial,"{1,...,9}","empresa, negocio o institución.",,,doc_2020.pdf p.135,ficha_variable
2020,trabajos,tipoact,C (1),3,De servicios,"{1,...,9}","empresa, negocio o institución.",,,doc_2020.pdf p.135,ficha_variable
2020,trabajos,tipoact,C (1),4,Actividades agrícolas,"{1,...,9}","empresa, negocio o institución.",,,doc_2020.pdf p.135,ficha_variable
2020,trabajos,tipoact,C (1),5,Actividades de cría y explotación de animales,"{1,...,9}","empresa, negocio o institución.",,,doc_2020.pdf p.135,ficha_variable
2020,trabajos,tipoact,C (1),6,Actividades de recolección,"{1,...,9}","empresa, negocio o institución.",,,doc_2020.pdf p.135,ficha_variable
2020,trabajos,tipoact,C (1),7,Reforestación y tala de árboles,"{1,...,9}","empresa, negocio o institución.",,,doc_2020.pdf p.135,ficha_variable
2020,trabajos,tipoact,C (1),8,Actividades de caza y captura de animales,"{1,...,9}","empresa, negocio o institución.",,,doc_2020.pdf p.135,ficha_variable
2020,trabajos,tipoact,C (1),9,Actividades de pesca,"{1,...,9}","empresa, negocio o institución.",,,doc_2020.pdf p.135,ficha_variable
2020,trabajos,tipoact2,C (1),1,Industrial,"{1,...,9}","dedica la empresa, negocio o institución.",,,doc_2020.pdf p.136,ficha_variable
2020,trabajos,tipoact2,C (1),2,Comercial,"{1,...,9}","dedica la empresa, negocio o institución.",,,doc_2020.pdf p.136,ficha_variable
2020,trabajos,tipoact2,C (1),3,De servicios,"{1,...,9}","dedica la empresa, negocio o institución.",,,doc_2020.pdf p.136,ficha_variable
2020,trabajos,tipoact2,C (1),4,Actividades agrícolas,"{1,...,9}","dedica la empresa, negocio o institución.",,,doc_2020.pdf p.136,ficha_variable
2020,trabajos,tipoact2,C (1),5,Actividades de cría y explotación de animales,"{1,...,9}","dedica la empresa, negocio o institución.",,,doc_2020.pdf p.136,ficha_variable
2020,trabajos,tipoact2,C (1),6,Actividades de recolección,"{1,...,9}","dedica la empresa, negocio o institución.",,,doc_2020.pdf p.136,ficha_variable
2020,trabajos,tipoact2,C (1),7,Reforestación y tala de árboles,"{1,...,9}","dedica la empresa, negocio o institución.",,,doc_2020.pdf p.136,ficha_variable
2020,trabajos,tipoact2,C (1),8,Actividades de caza y captura de animales,"{1,...,9}","dedica la empresa, negocio o institución.",,,doc_2020.pdf p.136,ficha_variable
2020,trabajos,tipoact2,C (1),9,Actividades de pesca nóicpircseD .0202 y,"{1,...,9}","dedica la empresa, negocio o institución.",,,doc_2020.pdf p.136,ficha_variable
2020,trabajos,tipoact3,C (1),1,Industrial,"{1,...,9}","la empresa, negocio o institución.",,,doc_2020.pdf p.137,ficha_variable
2020,trabajos,tipoact3,C (1),2,Comercial,"{1,...,9}","la empresa, negocio o institución.",,,doc_2020.pdf p.137,ficha_variable
2020,trabajos,tipoact3,C (1),3,De servicios,"{1,...,9}","la empresa, negocio o institución.",,,doc_2020.pdf p.137,ficha_variable
2020,trabajos,tipoact3,C (1),4,Actividades agrícolas,"{1,...,9}","la empresa, negocio o institución.",,,doc_2020.pdf p.137,ficha_variable
2020,trabajos,tipoact3,C (1),5,Actividades de cría y explotación de animales,"{1,...,9}","la empresa, negocio o institución.",,,doc_2020.pdf p.137,ficha_variable
2020,trabajos,tipoact3,C (1),6,Actividades de recolección,"{1,...,9}","la empresa, negocio o institución.",,,doc_2020.pdf p.137,ficha_variable
2020,trabajos,tipoact3,C (1),7,Reforestación y tala de árboles,"{1,...,9}","la empresa, negocio o institución.",,,doc_2020.pdf p.137,ficha_variable
2020,trabajos,tipoact3,C (1),8,Actividades de caza y captura de animales,"{1,...,9}","la empresa, negocio o institución.",,,doc_2020.pdf p.137,ficha_variable
2020,trabajos,tipoact3,C (1),9,Actividades de pesca,"{1,...,9}","la empresa, negocio o institución.",,,doc_2020.pdf p.137,ficha_variable
2020,trabajos,tipoact4,C (1),1,Industrial,"{1,...,9}","la empresa, negocio o institución.",,,doc_2020.pdf p.137,ficha_variable
2020,trabajos,tipoact4,C (1),2,Comercial,"{1,...,9}","la empresa, negocio o institución.",,,doc_2020.pdf p.137,ficha_variable
2020,trabajos,tipoact4,C (1),3,De servicios,"{1,...,9}","la empresa, negocio o institución.",,,doc_2020.pdf p.137,ficha_variable
2020,trabajos,tipoact4,C (1),4,Actividades agrícolas,"{1,...,9}","la empresa, negocio o institución.",,,doc_2020.pdf p.137,ficha_variable
2020,trabajos,tipoact4,C (1),5,Actividades de cría y explotación de animales,"{1,...,9}","la empresa, negocio o institución.",,,doc_2020.pdf p.137,ficha_variable
2020,trabajos,tipoact4,C (1),6,Actividades de recolección,"{1,...,9}","la empresa, negocio o institución.",,,doc_2020.pdf p.137,ficha_variable
2020,trabajos,tipoact4,C (1),7,Reforestación y tala de árboles,"{1,...,9}","la empresa, negocio o institución.",,,doc_2020.pdf p.137,ficha_variable
2020,trabajos,tipoact4,C (1),8,Actividades de caza y captura de animales,"{1,...,9}","la empresa, negocio o institución.",,,doc_2020.pdf p.137,ficha_variable
2020,trabajos,tipoact4,C (1),9,Actividades de pesca,"{1,...,9}","la empresa, negocio o institución.",,,doc_2020.pdf p.137,ficha_variable
2020,trabajos,tipocontr,C (1),1,Es temporal o por obra determinada,"{1,2}",tuvo.,,,doc_2020.pdf p.129,ficha_variable
2020,trabajos,tipocontr,C (1),2,"Es de base, planta o por tiempo Indeterminado","{1,2}",tuvo.,,,doc_2020.pdf p.129,ficha_variable
2020,trabajos,trapais,C (1),1,Sí,"{1,2}",El trabajo que tuvo fue dentro del país.,,,doc_2020.pdf p.127,ficha_variable
2020,trabajos,trapais,C (1),2,No,"{1,2}",El trabajo que tuvo fue dentro del país.,,,doc_2020.pdf p.127,ficha_variable
2020,viviendas,aire_acond,C (1),1,Sí,"{1,2}",Aire acondicionado.,,,doc_2020.pdf p.44,ficha_variable
2020,viviendas,aire_acond,C (1),2,No,"{1,2}",Aire acondicionado.,,,doc_2020.pdf p.44,ficha_variable
2020,viviendas,antigua_ne,C (1),1,No sabe,{1},No sabe la antigüedad de la vivienda ¿Cuántos años hace que se construyó esta,,,doc_2020.pdf p.36,ficha_variable
2020,viviendas,biodigest,C (1),1,Sí,"{1,2}",servicio sanitario.,,,doc_2020.pdf p.38,ficha_variable
2020,viviendas,biodigest,C (1),2,No,"{1,2}",servicio sanitario.,,,doc_2020.pdf p.38,ficha_variable
2020,viviendas,bomba_agua,C (1),1,Sí,"{1,2}",Bomba de agua.,,,doc_2020.pdf p.44,ficha_variable
2020,viviendas,bomba_agua,C (1),2,No,"{1,2}",Bomba de agua.,,,doc_2020.pdf p.44,ficha_variable
2020,viviendas,calefacc,C (1),1,Sí,"{1,2}",Calefacción.,,,doc_2020.pdf p.44,ficha_variable
2020,viviendas,calefacc,C (1),2,No,"{1,2}",Calefacción.,,,doc_2020.pdf p.44,ficha_variable
2020,viviendas,calent_gas,C (1),1,Sí,"{1,2}",Calentador de gas u otros.,,,doc_2020.pdf p.43,ficha_variable
2020,viviendas,calent_gas,C (1),2,No nóicpircseD .0202 y,"{1,2}",Calentador de gas u otros.,,,doc_2020.pdf p.43,ficha_variable
2020,viviendas,calent_sol,C (1),1,Sí,"{1,2}",Calentador de agua solar.,,,doc_2020.pdf p.43,ficha_variable
2020,viviendas,calent_sol,C (1),2,No,"{1,2}",Calentador de agua solar.,,,doc_2020.pdf p.43,ficha_variable
2020,viviendas,cisterna,C (1),1,Sí,"{1,2}",Cisterna o aljibe.,,,doc_2020.pdf p.43,ficha_variable
2020,viviendas,cisterna,C (1),2,No,"{1,2}",Cisterna o aljibe.,,,doc_2020.pdf p.43,ficha_variable
2020,viviendas,cocina,C (1),1,Sí,"{1,2}","calentar alimentos, aunque también tenga otros usos.",,,doc_2020.pdf p.36,ficha_variable
2020,viviendas,cocina,C (1),2,No,"{1,2}","calentar alimentos, aunque también tenga otros usos.",,,doc_2020.pdf p.36,ficha_variable
2020,viviendas,cocina_dor,C (1),1,Sí,"{1,2}",para dormir.,,,doc_2020.pdf p.36,ficha_variable
2020,viviendas,cocina_dor,C (1),2,No,"{1,2}",para dormir.,,,doc_2020.pdf p.36,ficha_variable
2020,viviendas,combustible,C (1),&,No especificado,"{1,...,6}",calentar alimentos en la vivienda.,,,doc_2020.pdf p.39,ficha_variable
2020,viviendas,combustible,C (1),1,Leña,"{1,...,6}",calentar alimentos en la vivienda.,,,doc_2020.pdf p.39,ficha_variable
2020,viviendas,combustible,C (1),2,Carbón,"{1,...,6}",calentar alimentos en la vivienda.,,,doc_2020.pdf p.39,ficha_variable
2020,viviendas,combustible,C (1),3,Gas de tanque,"{1,...,6}",calentar alimentos en la vivienda.,,,doc_2020.pdf p.39,ficha_variable
2020,viviendas,combustible,C (1),4,Gas natural o de tubería,"{1,...,6}",calentar alimentos en la vivienda.,,,doc_2020.pdf p.39,ficha_variable
2020,viviendas,combustible,C (1),5,Electricidad,"{1,...,6}",calentar alimentos en la vivienda.,,,doc_2020.pdf p.39,ficha_variable
2020,viviendas,combustible,C (1),6,Otro combustible,"{1,...,6}",calentar alimentos en la vivienda.,,,doc_2020.pdf p.39,ficha_variable
2020,viviendas,disp_agua,C (1),1,Agua entubada dentro de la vivienda,"{1,...,7}","sea que se cuente o no, con agua entubada de la red pública.",,,doc_2020.pdf p.37,ficha_variable
2020,viviendas,disp_agua,C (1),2,"Agua entubada fuera de la vivienda, pero dentro del terreno","{1,...,7}","sea que se cuente o no, con agua entubada de la red pública.",,,doc_2020.pdf p.37,ficha_variable
2020,viviendas,disp_agua,C (1),3,Agua entubada de llave pública (o hidrante),"{1,...,7}","sea que se cuente o no, con agua entubada de la red pública.",,,doc_2020.pdf p.37,ficha_variable
2020,viviendas,disp_agua,C (1),4,Captadores de agua de lluvia,"{1,...,7}","sea que se cuente o no, con agua entubada de la red pública.",,,doc_2020.pdf p.37,ficha_variable
2020,viviendas,disp_agua,C (1),5,Agua entubada que acarrean de otra vivienda,"{1,...,7}","sea que se cuente o no, con agua entubada de la red pública.",,,doc_2020.pdf p.37,ficha_variable
2020,viviendas,disp_agua,C (1),6,Agua de pipa,"{1,...,7}","sea que se cuente o no, con agua entubada de la red pública.",,,doc_2020.pdf p.37,ficha_variable
2020,viviendas,disp_agua,C (1),7,"Agua de un pozo, río, lago, arroyo u otra","{1,...,7}","sea que se cuente o no, con agua entubada de la red pública.",,,doc_2020.pdf p.37,ficha_variable
2020,viviendas,disp_elect,C (1),1,Del servicio público,"{1,...,5}",en la vivienda.,,,doc_2020.pdf p.39,ficha_variable
2020,viviendas,disp_elect,C (1),2,De una planta particular,"{1,...,5}",en la vivienda.,,,doc_2020.pdf p.39,ficha_variable
2020,viviendas,disp_elect,C (1),3,De panel solar,"{1,...,5}",en la vivienda.,,,doc_2020.pdf p.39,ficha_variable
2020,viviendas,disp_elect,C (1),4,De otra fuente,"{1,...,5}",en la vivienda.,,,doc_2020.pdf p.39,ficha_variable
2020,viviendas,disp_elect,C (1),5,No tiene luz eléctrica,"{1,...,5}",en la vivienda.,,,doc_2020.pdf p.39,ficha_variable
2020,viviendas,dotac_agua,C (1),&,No especificado,"{1,...,5}",agua entubada que proviene de la red pública.,,,doc_2020.pdf p.37,ficha_variable
2020,viviendas,dotac_agua,C (1),1,Diario,"{1,...,5}",agua entubada que proviene de la red pública.,,,doc_2020.pdf p.37,ficha_variable
2020,viviendas,dotac_agua,C (1),2,Cada tercer día,"{1,...,5}",agua entubada que proviene de la red pública.,,,doc_2020.pdf p.37,ficha_variable
2020,viviendas,dotac_agua,C (1),3,Dos veces por semana,"{1,...,5}",agua entubada que proviene de la red pública.,,,doc_2020.pdf p.37,ficha_variable
2020,viviendas,dotac_agua,C (1),4,Una vez por semana,"{1,...,5}",agua entubada que proviene de la red pública.,,,doc_2020.pdf p.37,ficha_variable
2020,viviendas,dotac_agua,C (1),5,De vez en cuando,"{1,...,5}",agua entubada que proviene de la red pública.,,,doc_2020.pdf p.37,ficha_variable
2020,viviendas,drenaje,C (1),1,La red pública,"{1,...,5}",desalojar de la vivienda los desechos humanos ¿Esta vivienda tiene drenaje o desagüe conectado y las aguas utilizadas.,,,doc_2020.pdf p.38,ficha_variable
2020,viviendas,drenaje,C (1),2,Una fosa séptica,"{1,...,5}",desalojar de la vivienda los desechos humanos ¿Esta vivienda tiene drenaje o desagüe conectado y las aguas utilizadas.,,,doc_2020.pdf p.38,ficha_variable
2020,viviendas,drenaje,C (1),3,Una tubería que va a dar a una barranca o grieta,"{1,...,5}",desalojar de la vivienda los desechos humanos ¿Esta vivienda tiene drenaje o desagüe conectado y las aguas utilizadas.,,,doc_2020.pdf p.38,ficha_variable
2020,viviendas,drenaje,C (1),4,"Una tubería que va a dar a un río, lago o mar","{1,...,5}",desalojar de la vivienda los desechos humanos ¿Esta vivienda tiene drenaje o desagüe conectado y las aguas utilizadas.,,,doc_2020.pdf p.38,ficha_variable
2020,viviendas,drenaje,C (1),5,No tiene drenaje,"{1,...,5}",desalojar de la vivienda los desechos humanos ¿Esta vivienda tiene drenaje o desagüe conectado y las aguas utilizadas.,,,doc_2020.pdf p.38,ficha_variable
2020,viviendas,eli_basura,C (1),1,La recoge un camión o carrito de basura,"{1,...,8}",Formas de eliminar la basura de la vivienda.,,,doc_2020.pdf p.40,ficha_variable
2020,viviendas,eli_basura,C (1),2,La tiran en el basurero público,"{1,...,8}",Formas de eliminar la basura de la vivienda.,,,doc_2020.pdf p.40,ficha_variable
2020,viviendas,eli_basura,C (1),3,La tiran en un contenedor o depósito,"{1,...,8}",Formas de eliminar la basura de la vivienda.,,,doc_2020.pdf p.40,ficha_variable
2020,viviendas,eli_basura,C (1),4,La queman,"{1,...,8}",Formas de eliminar la basura de la vivienda.,,,doc_2020.pdf p.40,ficha_variable
2020,viviendas,eli_basura,C (1),5,La entierran,"{1,...,8}",Formas de eliminar la basura de la vivienda.,,,doc_2020.pdf p.40,ficha_variable
2020,viviendas,eli_basura,C (1),6,La tiran en un terreno baldío o calle,"{1,...,8}",Formas de eliminar la basura de la vivienda.,,,doc_2020.pdf p.40,ficha_variable
2020,viviendas,eli_basura,C (1),7,La tiran en barranca o grieta,"{1,...,8}",Formas de eliminar la basura de la vivienda.,,,doc_2020.pdf p.40,ficha_variable
2020,viviendas,eli_basura,C (1),8,"La tiran al río, lago o mar","{1,...,8}",Formas de eliminar la basura de la vivienda.,,,doc_2020.pdf p.40,ficha_variable
2020,viviendas,escrituras,C (1),1,A nombre del dueño,"{1,...,4}",Escrituras o título de propiedad de la vivienda. ¿Esta vivienda cuenta con escrituras o título de,,,doc_2020.pdf p.42,ficha_variable
2020,viviendas,escrituras,C (1),2,A nombre de otra persona,"{1,...,4}",Escrituras o título de propiedad de la vivienda. ¿Esta vivienda cuenta con escrituras o título de,,,doc_2020.pdf p.42,ficha_variable
2020,viviendas,escrituras,C (1),3,No tiene escrituras,"{1,...,4}",Escrituras o título de propiedad de la vivienda. ¿Esta vivienda cuenta con escrituras o título de,,,doc_2020.pdf p.42,ficha_variable
2020,viviendas,escrituras,C (1),4,No sabe,"{1,...,4}",Escrituras o título de propiedad de la vivienda. ¿Esta vivienda cuenta con escrituras o título de,,,doc_2020.pdf p.42,ficha_variable
2020,viviendas,est_socio,C (1),1,Bajo,"{1,...,4}",equipamiento de las mismas expresadas por medio de 24 indicadores construidos con información del Censo de Población y Vivienda 2010. Esta estratificación se realizó por medio,,1,doc_2020.pdf p.46,ficha_variable
2020,viviendas,est_socio,C (1),2,Medio bajo,"{1,...,4}",equipamiento de las mismas expresadas por medio de 24 indicadores construidos con información del Censo de Población y Vivienda 2010. Esta estratificación se realizó por medio,,2,doc_2020.pdf p.46,ficha_variable
2020,viviendas,est_socio,C (1),3,Medio alto,"{1,...,4}",equipamiento de las mismas expresadas por medio de 24 indicadores construidos con información del Censo de Población y Vivienda 2010. Esta estratificación se realizó por medio,,3,doc_2020.pdf p.46,ficha_variable
2020,viviendas,est_socio,C (1),4,Alto,"{1,...,4}",equipamiento de las mismas expresadas por medio de 24 indicadores construidos con información del Censo de Población y Vivienda 2010. Esta estratificación se realizó por medio,,4,doc_2020.pdf p.46,ficha_variable
2020,viviendas,estufa_chi,C (1),1,Sí,,al cocinar.,,,doc_2020.pdf p.40,ficha_variable
2020,viviendas,estufa_chi,C (1),2,No,,al cocinar.,,,doc_2020.pdf p.40,ficha_variable
2020,viviendas,excusado,C (1),1,Sí,"{1,2}","para el desalojo de los desechos humanos. ¿Tienen excusado, retrete, sanitario, letrina u hoyo",,,doc_2020.pdf p.37,ficha_variable
2020,viviendas,excusado,C (1),2,No nóicpircseD .0202 y,"{1,2}","para el desalojo de los desechos humanos. ¿Tienen excusado, retrete, sanitario, letrina u hoyo",,,doc_2020.pdf p.37,ficha_variable
2020,viviendas,fregadero,C (1),1,Sí,"{1,2}",Fregadero o tarja.,,,doc_2020.pdf p.42,ficha_variable
2020,viviendas,fregadero,C (1),2,No nóicpircseD .0202 y,"{1,2}",Fregadero o tarja.,,,doc_2020.pdf p.42,ficha_variable
2020,viviendas,hog_dueno1,C (1),&,No especificado,Sección y/o apartado Sección I,vivienda.,,,doc_2020.pdf p.42,ficha_variable
2020,viviendas,hog_dueno2,C (1),&,No especificado,Sección y/o apartado Sección I,de la vivienda.,,,doc_2020.pdf p.42,ficha_variable
2020,viviendas,lavadero,C (1),1,Sí,"{1,2}",Lavadero.,,,doc_2020.pdf p.42,ficha_variable
2020,viviendas,lavadero,C (1),2,No,"{1,2}",Lavadero.,,,doc_2020.pdf p.42,ficha_variable
2020,viviendas,mat_pared,C (1),1,Material de desecho,"{1,...,8}",vivienda.,,,doc_2020.pdf p.35,ficha_variable
2020,viviendas,mat_pared,C (1),2,Lámina de cartón,"{1,...,8}",vivienda.,,,doc_2020.pdf p.35,ficha_variable
2020,viviendas,mat_pared,C (1),3,Lámina de asbesto o metálica,"{1,...,8}",vivienda.,,,doc_2020.pdf p.35,ficha_variable
2020,viviendas,mat_pared,C (1),4,Carrizo bambú o palma,"{1,...,8}",vivienda.,,,doc_2020.pdf p.35,ficha_variable
2020,viviendas,mat_pared,C (1),5,Embarro o bajareque,"{1,...,8}",vivienda.,,,doc_2020.pdf p.35,ficha_variable
2020,viviendas,mat_pared,C (1),6,Madera,"{1,...,8}",vivienda.,,,doc_2020.pdf p.35,ficha_variable
2020,viviendas,mat_pared,C (1),7,Adobe,"{1,...,8}",vivienda.,,,doc_2020.pdf p.35,ficha_variable
2020,viviendas,mat_pared,C (1),8,"Tabique, ladrillo, block, piedra, cantera, cemento o concreto","{1,...,8}",vivienda.,,,doc_2020.pdf p.35,ficha_variable
2020,viviendas,mat_pisos,C (1),&,No especificado,"{1,...,3}",Material predominante en el piso de la vivienda. ¿De qué material es la mayor parte del piso de esta,,,doc_2020.pdf p.36,ficha_variable
2020,viviendas,mat_pisos,C (1),1,Tierra,"{1,...,3}",Material predominante en el piso de la vivienda. ¿De qué material es la mayor parte del piso de esta,,,doc_2020.pdf p.36,ficha_variable
2020,viviendas,mat_pisos,C (1),2,Cemento o firme,"{1,...,3}",Material predominante en el piso de la vivienda. ¿De qué material es la mayor parte del piso de esta,,,doc_2020.pdf p.36,ficha_variable
2020,viviendas,mat_pisos,C (1),3,"Madera, mosaico u otro recubrimiento","{1,...,3}",Material predominante en el piso de la vivienda. ¿De qué material es la mayor parte del piso de esta,,,doc_2020.pdf p.36,ficha_variable
2020,viviendas,mat_techos,C (2),01,Material de desecho,"{01,...,10}",vivienda.,,,doc_2020.pdf p.35,ficha_variable
2020,viviendas,mat_techos,C (2),02,Lámina de cartón nóicpircseD .0202 y,"{01,...,10}",vivienda.,,,doc_2020.pdf p.35,ficha_variable
2020,viviendas,mat_techos,C (2),03,Lámina metálica,"{01,...,10}",vivienda.,,,doc_2020.pdf p.35,ficha_variable
2020,viviendas,mat_techos,C (2),04,Lámina de asbesto,"{01,...,10}",vivienda.,,,doc_2020.pdf p.35,ficha_variable
2020,viviendas,mat_techos,C (2),05,Lámina de fibrocemento ondulada (techo fijo),"{01,...,10}",vivienda.,,,doc_2020.pdf p.35,ficha_variable
2020,viviendas,mat_techos,C (2),06,Palma o paja,"{01,...,10}",vivienda.,,,doc_2020.pdf p.35,ficha_variable
2020,viviendas,mat_techos,C (2),07,Madera o tejamanil,"{01,...,10}",vivienda.,,,doc_2020.pdf p.35,ficha_variable
2020,viviendas,mat_techos,C (2),08,Terrado con viguería,"{01,...,10}",vivienda.,,,doc_2020.pdf p.35,ficha_variable
2020,viviendas,mat_techos,C (2),09,Teja,"{01,...,10}",vivienda.,,,doc_2020.pdf p.35,ficha_variable
2020,viviendas,mat_techos,C (2),10,Losa de concreto o viguetas con bovedilla,"{01,...,10}",vivienda.,,,doc_2020.pdf p.35,ficha_variable
2020,viviendas,medidor_luz,C (1),1,Sí,"{1,2}",Medidor de luz.,,,doc_2020.pdf p.44,ficha_variable
2020,viviendas,medidor_luz,C (1),2,No,"{1,2}",Medidor de luz.,,,doc_2020.pdf p.44,ficha_variable
2020,viviendas,mes_1,C (2),07,Julio,"{07,…,10}",Primer mes pasado a la entrevista.,,,doc_2020.pdf p.114,ficha_variable
2020,viviendas,mes_1,C (2),08,Agosto,"{07,…,10}",Primer mes pasado a la entrevista.,,,doc_2020.pdf p.114,ficha_variable
2020,viviendas,mes_1,C (2),09,Septiembre,"{07,…,10}",Primer mes pasado a la entrevista.,,,doc_2020.pdf p.114,ficha_variable
2020,viviendas,mes_1,C (2),10,Octubre,"{07,…,10}",Primer mes pasado a la entrevista.,,,doc_2020.pdf p.114,ficha_variable
2020,viviendas,mes_2,C (2),06,Junio,"{06,…,09}",Segundo mes pasado a la entrevista.,,,doc_2020.pdf p.114,ficha_variable
2020,viviendas,mes_2,C (2),07,Julio,"{06,…,09}",Segundo mes pasado a la entrevista.,,,doc_2020.pdf p.114,ficha_variable
2020,viviendas,mes_2,C (2),08,Agosto,"{06,…,09}",Segundo mes pasado a la entrevista.,,,doc_2020.pdf p.114,ficha_variable
2020,viviendas,mes_2,C (2),09,Septiembre,"{06,…,09}",Segundo mes pasado a la entrevista.,,,doc_2020.pdf p.114,ficha_variable
2020,viviendas,mes_3,C (2),05,Mayo,"{05,…,08}",Tercer mes pasado a la entrevista.,,,doc_2020.pdf p.114,ficha_variable
2020,viviendas,mes_3,C (2),06,Junio,"{05,…,08}",Tercer mes pasado a la entrevista.,,,doc_2020.pdf p.114,ficha_variable
2020,viviendas,mes_3,C (2),07,Julio,"{05,…,08}",Tercer mes pasado a la entrevista.,,,doc_2020.pdf p.114,ficha_variable
2020,viviendas,mes_3,C (2),08,Agosto,"{05,…,08}",Tercer mes pasado a la entrevista.,,,doc_2020.pdf p.114,ficha_variable
2020,viviendas,mes_4,C (2),04,Abril,"{04,…,07}",Cuarto mes pasado a la entrevista.,,,doc_2020.pdf p.114,ficha_variable
2020,viviendas,mes_4,C (2),05,Mayo,"{04,…,07}",Cuarto mes pasado a la entrevista.,,,doc_2020.pdf p.114,ficha_variable
2020,viviendas,mes_4,C (2),06,Junio,"{04,…,07}",Cuarto mes pasado a la entrevista.,,,doc_2020.pdf p.114,ficha_variable
2020,viviendas,mes_4,C (2),07,Julio,"{04,…,07}",Cuarto mes pasado a la entrevista.,,,doc_2020.pdf p.114,ficha_variable
2020,viviendas,mes_5,C (2),03,Marzo,"{03,…,06}",Quinto mes pasado a la entrevista.,,,doc_2020.pdf p.114,ficha_variable
2020,viviendas,mes_5,C (2),04,Abril nóicpircseD .0202 y,"{03,…,06}",Quinto mes pasado a la entrevista.,,,doc_2020.pdf p.114,ficha_variable
2020,viviendas,mes_5,C (2),05,Mayo,"{03,…,06}",Quinto mes pasado a la entrevista.,,,doc_2020.pdf p.114,ficha_variable
2020,viviendas,mes_5,C (2),06,Junio,"{03,…,06}",Quinto mes pasado a la entrevista.,,,doc_2020.pdf p.114,ficha_variable
2020,viviendas,mes_6,C (2),02,Febrero,"{02,…,05}",Sexto mes pasado a la entrevista.,,,doc_2020.pdf p.115,ficha_variable
2020,viviendas,mes_6,C (2),03,Marzo,"{02,…,05}",Sexto mes pasado a la entrevista.,,,doc_2020.pdf p.115,ficha_variable
2020,viviendas,mes_6,C (2),04,Abril,"{02,…,05}",Sexto mes pasado a la entrevista.,,,doc_2020.pdf p.115,ficha_variable
2020,viviendas,mes_6,C (2),05,Mayo,"{02,…,05}",Sexto mes pasado a la entrevista.,,,doc_2020.pdf p.115,ficha_variable
2020,viviendas,num_dueno1,C (2),&,No especificado,Sección y/o apartado Sección I,vivienda.,,,doc_2020.pdf p.41,ficha_variable
2020,viviendas,num_dueno2,C (2),&,No especificado,Sección y/o apartado Sección I,de la vivienda.,,,doc_2020.pdf p.42,ficha_variable
2020,viviendas,pago_mesp,C (1),1,Sí,"{1,2}",Pago por la vivienda el mes pasado.,,,doc_2020.pdf p.41,ficha_variable
2020,viviendas,pago_mesp,C (1),2,No,"{1,2}",Pago por la vivienda el mes pasado.,,,doc_2020.pdf p.41,ficha_variable
2020,viviendas,pileta,C (1),1,Sí,"{1,2}","Pileta, tanque o depósito de agua. ¿Esta vivienda tiene pileta, tanque o depósito de",,,doc_2020.pdf p.43,ficha_variable
2020,viviendas,pileta,C (1),2,No,"{1,2}","Pileta, tanque o depósito de agua. ¿Esta vivienda tiene pileta, tanque o depósito de",,,doc_2020.pdf p.43,ficha_variable
2020,viviendas,procaptar,N (1),0,No aplica,"{0,1}","anuales acumuladas iguales o mayores a 1 500 mm, y que además se encuentran dentro de la Cruzada Nacional Contra el Hambre, para las cuales el apoyo del programa es de hasta el 100% para la instalación de un sistema de",,,doc_2020.pdf p.47,ficha_variable
2020,viviendas,procaptar,N (1),1,Vivienda con precipitación pluvial mayor o igual a 1500 mm,"{0,1}","anuales acumuladas iguales o mayores a 1 500 mm, y que además se encuentran dentro de la Cruzada Nacional Contra el Hambre, para las cuales el apoyo del programa es de hasta el 100% para la instalación de un sistema de",,,doc_2020.pdf p.47,ficha_variable
2020,viviendas,regadera,C (1),1,Sí,"{1,2}",Regadera.,,,doc_2020.pdf p.43,ficha_variable
2020,viviendas,regadera,C (1),2,No,"{1,2}",Regadera.,,,doc_2020.pdf p.43,ficha_variable
2020,viviendas,sanit_agua,C (1),&,No especificado,"{1,...,3}",sin conexión de agua.,,,doc_2020.pdf p.38,ficha_variable
2020,viviendas,sanit_agua,C (1),1,Tiene descarga directa de agua,"{1,...,3}",sin conexión de agua.,,,doc_2020.pdf p.38,ficha_variable
2020,viviendas,sanit_agua,C (1),2,Le echan agua con cubeta,"{1,...,3}",sin conexión de agua.,,,doc_2020.pdf p.38,ficha_variable
2020,viviendas,sanit_agua,C (1),3,No se le puede echar agua,"{1,...,3}",sin conexión de agua.,,,doc_2020.pdf p.38,ficha_variable
2020,viviendas,tam_loc,C (1),1,Localidades con 100 000 y más habitantes,"{1,...,4}",habitantes.,,1,doc_2020.pdf p.45,ficha_variable
2020,viviendas,tam_loc,C (1),2,Localidades con 15 000 a 99 999 habitantes,"{1,...,4}",habitantes.,,2,doc_2020.pdf p.45,ficha_variable
2020,viviendas,tam_loc,C (1),3,Localidades con 2 500 a 14 999 habitantes,"{1,...,4}",habitantes.,,3,doc_2020.pdf p.45,ficha_variable
2020,viviendas,tam_loc,C (1),4,Localidades con menos de 2 500 habitantes,"{1,...,4}",habitantes.,,4,doc_2020.pdf p.45,ficha_variable
2020,viviendas,tanque_gas,C (1),1,Sí,"{1,2}",Tanque de gas estacionario.,,,doc_2020.pdf p.44,ficha_variable
2020,viviendas,tanque_gas,C (1),2,No,"{1,2}",Tanque de gas estacionario.,,,doc_2020.pdf p.44,ficha_variable
2020,viviendas,tenencia,C (1),1,Es rentada,"{1,...,6}",ocupantes.,,,doc_2020.pdf p.40,ficha_variable
2020,viviendas,tenencia,C (1),2,Es prestada,"{1,...,6}",ocupantes.,,,doc_2020.pdf p.40,ficha_variable
2020,viviendas,tenencia,C (1),3,Es propia pero la están pagando,"{1,...,6}",ocupantes.,,,doc_2020.pdf p.40,ficha_variable
2020,viviendas,tenencia,C (1),4,Es propia,"{1,...,6}",ocupantes.,,,doc_2020.pdf p.40,ficha_variable
2020,viviendas,tenencia,C (1),5,Está intestada o en litigio,"{1,...,6}",ocupantes.,,,doc_2020.pdf p.40,ficha_variable
2020,viviendas,tenencia,C (1),6,Otra situación,"{1,...,6}",ocupantes.,,,doc_2020.pdf p.40,ficha_variable
2020,viviendas,tinaco_azo,C (1),1,Sí,"{1,2}",Tinaco en la azotea.,,,doc_2020.pdf p.43,ficha_variable
2020,viviendas,tinaco_azo,C (1),2,No,"{1,2}",Tinaco en la azotea.,,,doc_2020.pdf p.43,ficha_variable
2020,viviendas,tipo_adqui,C (1),1,La compró hecha,"{1,...,4}",adquirirla.,,,doc_2020.pdf p.41,ficha_variable
2020,viviendas,tipo_adqui,C (1),2,La mandó construir,"{1,...,4}",adquirirla.,,,doc_2020.pdf p.41,ficha_variable
2020,viviendas,tipo_adqui,C (1),3,La construyó él mismo,"{1,...,4}",adquirirla.,,,doc_2020.pdf p.41,ficha_variable
2020,viviendas,tipo_adqui,C (1),4,La obtuvo de otra manera,"{1,...,4}",adquirirla.,,,doc_2020.pdf p.41,ficha_variable
2020,viviendas,tipo_finan,C (1),&,No especificado,"{1,...,5}","para pagar, construir, ampliar, o modifica la vivienda.",,,doc_2020.pdf p.41,ficha_variable
2020,viviendas,tipo_finan,C (1),1,"Le dió crédito el INFONAVIT, FOVISSSTE o FONHAPO","{1,...,5}","para pagar, construir, ampliar, o modifica la vivienda.",,,doc_2020.pdf p.41,ficha_variable
2020,viviendas,tipo_finan,C (1),2,"Le dió crédito un banco, sofol o caja de ahorro","{1,...,5}","para pagar, construir, ampliar, o modifica la vivienda.",,,doc_2020.pdf p.41,ficha_variable
2020,viviendas,tipo_finan,C (1),3,Le dió crédito otra institución,"{1,...,5}","para pagar, construir, ampliar, o modifica la vivienda.",,,doc_2020.pdf p.41,ficha_variable
2020,viviendas,tipo_finan,C (1),4,"Le prestó un familiar, amigo o prestamista","{1,...,5}","para pagar, construir, ampliar, o modifica la vivienda.",,,doc_2020.pdf p.41,ficha_variable
2020,viviendas,tipo_finan,C (1),5,Usó sus propios recursos,"{1,...,5}","para pagar, construir, ampliar, o modifica la vivienda.",,,doc_2020.pdf p.41,ficha_variable
2020,viviendas,tipo_viv,C (1),&,No especificado,"{1,...,5}",Clase de vivienda particular.,,,doc_2020.pdf p.35,ficha_variable
2020,viviendas,tipo_viv,C (1),1,Casa independiente,"{1,...,5}",Clase de vivienda particular.,,,doc_2020.pdf p.35,ficha_variable
2020,viviendas,tipo_viv,C (1),2,Departamento en edificio,"{1,...,5}",Clase de vivienda particular.,,,doc_2020.pdf p.35,ficha_variable
2020,viviendas,tipo_viv,C (1),3,Vivienda en vecindad,"{1,...,5}",Clase de vivienda particular.,,,doc_2020.pdf p.35,ficha_variable
2020,viviendas,tipo_viv,C (1),4,Vivienda en cuarto de azotea,"{1,...,5}",Clase de vivienda particular.,,,doc_2020.pdf p.35,ficha_variable
2020,viviendas,tipo_viv,C (1),5,Local no construido para habitación,"{1,...,5}",Clase de vivienda particular.,,,doc_2020.pdf p.35,ficha_variable
2020,viviendas,uso_compar,C (1),1,Sí,"{1,2}",los habitantes de otra vivienda.,,,doc_2020.pdf p.38,ficha_variable
2020,viviendas,uso_compar,C (1),2,No,"{1,2}",los habitantes de otra vivienda.,,,doc_2020.pdf p.38,ficha_variable
2020,viviendas,viv_usada,C (1),1,Sí,"{1,2}",Estado de la vivienda al momento de adquirirla.,,,doc_2020.pdf p.41,ficha_variable
2020,viviendas,viv_usada,C (1),2,No,"{1,2}",Estado de la vivienda al momento de adquirirla.,,,doc_2020.pdf p.41,ficha_variable
2022,concentradohogar,clase_hog,C (1),1,Unipersonal,"{1,...,5} parentesco (tabla Poblacion): Jefe: contar los",familiar primario; ampliado: hogar formado por 2 (Si Jefe = 1 y (Esposa > 0 o Hijos > 0) y Parientes el jefe(a) y su grupo familiar primario más otros = 0 y NoParientes = 0)CLASE_HOG = 3 (Si Jefe = 1 grupos familiares u otros parientes; compuesto: y (Esposa > 0 o Hijos > 0 o Parientes > 0) y hogar formado por un hogar nuclear o ampliado NoParientes = 0) CLASE_HOG = 4 (Si Jefe = 1 y con personas sin parentesco con el jefe(a); (Esposa > 0 o Hijos > 0 o Parientes > 0) y corresidente: hogar formado ,,,doc_2022.pdf p.191,ficha_variable
2022,concentradohogar,clase_hog,C (1),2,Nuclear,"{1,...,5} parentesco (tabla Poblacion): Jefe: contar los",familiar primario; ampliado: hogar formado por 2 (Si Jefe = 1 y (Esposa > 0 o Hijos > 0) y Parientes el jefe(a) y su grupo familiar primario más otros = 0 y NoParientes = 0)CLASE_HOG = 3 (Si Jefe = 1 grupos familiares u otros parientes; compuesto: y (Esposa > 0 o Hijos > 0 o Parientes > 0) y hogar formado por un hogar nuclear o ampliado NoParientes = 0) CLASE_HOG = 4 (Si Jefe = 1 y con personas sin parentesco con el jefe(a); (Esposa > 0 o Hijos > 0 o Parientes > 0) y corresidente: hogar formado ,,,doc_2022.pdf p.191,ficha_variable
2022,concentradohogar,clase_hog,C (1),3,Ampliado,"{1,...,5} parentesco (tabla Poblacion): Jefe: contar los",familiar primario; ampliado: hogar formado por 2 (Si Jefe = 1 y (Esposa > 0 o Hijos > 0) y Parientes el jefe(a) y su grupo familiar primario más otros = 0 y NoParientes = 0)CLASE_HOG = 3 (Si Jefe = 1 grupos familiares u otros parientes; compuesto: y (Esposa > 0 o Hijos > 0 o Parientes > 0) y hogar formado por un hogar nuclear o ampliado NoParientes = 0) CLASE_HOG = 4 (Si Jefe = 1 y con personas sin parentesco con el jefe(a); (Esposa > 0 o Hijos > 0 o Parientes > 0) y corresidente: hogar formado ,,,doc_2022.pdf p.191,ficha_variable
2022,concentradohogar,clase_hog,C (1),4,Compuesto,"{1,...,5} parentesco (tabla Poblacion): Jefe: contar los",familiar primario; ampliado: hogar formado por 2 (Si Jefe = 1 y (Esposa > 0 o Hijos > 0) y Parientes el jefe(a) y su grupo familiar primario más otros = 0 y NoParientes = 0)CLASE_HOG = 3 (Si Jefe = 1 grupos familiares u otros parientes; compuesto: y (Esposa > 0 o Hijos > 0 o Parientes > 0) y hogar formado por un hogar nuclear o ampliado NoParientes = 0) CLASE_HOG = 4 (Si Jefe = 1 y con personas sin parentesco con el jefe(a); (Esposa > 0 o Hijos > 0 o Parientes > 0) y corresidente: hogar formado ,,,doc_2022.pdf p.191,ficha_variable
2022,concentradohogar,clase_hog,C (1),5,Corresidente nóicpircseD .2202 y,"{1,...,5} parentesco (tabla Poblacion): Jefe: contar los",familiar primario; ampliado: hogar formado por 2 (Si Jefe = 1 y (Esposa > 0 o Hijos > 0) y Parientes el jefe(a) y su grupo familiar primario más otros = 0 y NoParientes = 0)CLASE_HOG = 3 (Si Jefe = 1 grupos familiares u otros parientes; compuesto: y (Esposa > 0 o Hijos > 0 o Parientes > 0) y hogar formado por un hogar nuclear o ampliado NoParientes = 0) CLASE_HOG = 4 (Si Jefe = 1 y con personas sin parentesco con el jefe(a); (Esposa > 0 o Hijos > 0 o Parientes > 0) y corresidente: hogar formado ,,,doc_2022.pdf p.191,ficha_variable
2022,concentradohogar,educa_jefe,C (2),01,Sin instrucción,"{01,...,11} educa_jefe = 02 (Si nivelaprob = 1)",Educación formal del jefe del hogar. o ((nivelaprob = 5 o nivelaprob = 6) y antec_esc = 3) educa_jefe = 09 (Si nivelaprob = 7 y gradoaprob < 4) educa_jefe = 10 (Si nivelaprob = 7 y gradoaprob >= 4) o ((nivelaprob = 5 o nivelaprob = 6) y antec_esc = 4) educa_jefe = 11 (Si nivelaprob = 8 o nivelaprob = 9) o ((nivelaprob = 5 o nivelaprob = 6) y antec_esc = 5).,,,doc_2022.pdf p.192,ficha_variable
2022,concentradohogar,educa_jefe,C (2),02,Preescolar,"{01,...,11} educa_jefe = 02 (Si nivelaprob = 1)",Educación formal del jefe del hogar. o ((nivelaprob = 5 o nivelaprob = 6) y antec_esc = 3) educa_jefe = 09 (Si nivelaprob = 7 y gradoaprob < 4) educa_jefe = 10 (Si nivelaprob = 7 y gradoaprob >= 4) o ((nivelaprob = 5 o nivelaprob = 6) y antec_esc = 4) educa_jefe = 11 (Si nivelaprob = 8 o nivelaprob = 9) o ((nivelaprob = 5 o nivelaprob = 6) y antec_esc = 5).,,,doc_2022.pdf p.192,ficha_variable
2022,concentradohogar,educa_jefe,C (2),03,Primaria incompleta,"{01,...,11} educa_jefe = 02 (Si nivelaprob = 1)",Educación formal del jefe del hogar. o ((nivelaprob = 5 o nivelaprob = 6) y antec_esc = 3) educa_jefe = 09 (Si nivelaprob = 7 y gradoaprob < 4) educa_jefe = 10 (Si nivelaprob = 7 y gradoaprob >= 4) o ((nivelaprob = 5 o nivelaprob = 6) y antec_esc = 4) educa_jefe = 11 (Si nivelaprob = 8 o nivelaprob = 9) o ((nivelaprob = 5 o nivelaprob = 6) y antec_esc = 5).,,,doc_2022.pdf p.192,ficha_variable
2022,concentradohogar,educa_jefe,C (2),04,Primaria completa,"{01,...,11} educa_jefe = 02 (Si nivelaprob = 1)",Educación formal del jefe del hogar. o ((nivelaprob = 5 o nivelaprob = 6) y antec_esc = 3) educa_jefe = 09 (Si nivelaprob = 7 y gradoaprob < 4) educa_jefe = 10 (Si nivelaprob = 7 y gradoaprob >= 4) o ((nivelaprob = 5 o nivelaprob = 6) y antec_esc = 4) educa_jefe = 11 (Si nivelaprob = 8 o nivelaprob = 9) o ((nivelaprob = 5 o nivelaprob = 6) y antec_esc = 5).,,,doc_2022.pdf p.192,ficha_variable
2022,concentradohogar,educa_jefe,C (2),05,Secundaria incompleta,"{01,...,11} educa_jefe = 02 (Si nivelaprob = 1)",Educación formal del jefe del hogar. o ((nivelaprob = 5 o nivelaprob = 6) y antec_esc = 3) educa_jefe = 09 (Si nivelaprob = 7 y gradoaprob < 4) educa_jefe = 10 (Si nivelaprob = 7 y gradoaprob >= 4) o ((nivelaprob = 5 o nivelaprob = 6) y antec_esc = 4) educa_jefe = 11 (Si nivelaprob = 8 o nivelaprob = 9) o ((nivelaprob = 5 o nivelaprob = 6) y antec_esc = 5).,,,doc_2022.pdf p.192,ficha_variable
2022,concentradohogar,educa_jefe,C (2),06,Secundaria completa,"{01,...,11} educa_jefe = 02 (Si nivelaprob = 1)",Educación formal del jefe del hogar. o ((nivelaprob = 5 o nivelaprob = 6) y antec_esc = 3) educa_jefe = 09 (Si nivelaprob = 7 y gradoaprob < 4) educa_jefe = 10 (Si nivelaprob = 7 y gradoaprob >= 4) o ((nivelaprob = 5 o nivelaprob = 6) y antec_esc = 4) educa_jefe = 11 (Si nivelaprob = 8 o nivelaprob = 9) o ((nivelaprob = 5 o nivelaprob = 6) y antec_esc = 5).,,,doc_2022.pdf p.192,ficha_variable
2022,concentradohogar,educa_jefe,C (2),07,Preparatoria incompleta,"{01,...,11} educa_jefe = 02 (Si nivelaprob = 1)",Educación formal del jefe del hogar. o ((nivelaprob = 5 o nivelaprob = 6) y antec_esc = 3) educa_jefe = 09 (Si nivelaprob = 7 y gradoaprob < 4) educa_jefe = 10 (Si nivelaprob = 7 y gradoaprob >= 4) o ((nivelaprob = 5 o nivelaprob = 6) y antec_esc = 4) educa_jefe = 11 (Si nivelaprob = 8 o nivelaprob = 9) o ((nivelaprob = 5 o nivelaprob = 6) y antec_esc = 5).,,,doc_2022.pdf p.192,ficha_variable
2022,concentradohogar,educa_jefe,C (2),08,Preparatoria completa,"{01,...,11} educa_jefe = 02 (Si nivelaprob = 1)",Educación formal del jefe del hogar. o ((nivelaprob = 5 o nivelaprob = 6) y antec_esc = 3) educa_jefe = 09 (Si nivelaprob = 7 y gradoaprob < 4) educa_jefe = 10 (Si nivelaprob = 7 y gradoaprob >= 4) o ((nivelaprob = 5 o nivelaprob = 6) y antec_esc = 4) educa_jefe = 11 (Si nivelaprob = 8 o nivelaprob = 9) o ((nivelaprob = 5 o nivelaprob = 6) y antec_esc = 5).,,,doc_2022.pdf p.192,ficha_variable
2022,concentradohogar,educa_jefe,C (2),09,Profesional incompleta,"{01,...,11} educa_jefe = 02 (Si nivelaprob = 1)",Educación formal del jefe del hogar. o ((nivelaprob = 5 o nivelaprob = 6) y antec_esc = 3) educa_jefe = 09 (Si nivelaprob = 7 y gradoaprob < 4) educa_jefe = 10 (Si nivelaprob = 7 y gradoaprob >= 4) o ((nivelaprob = 5 o nivelaprob = 6) y antec_esc = 4) educa_jefe = 11 (Si nivelaprob = 8 o nivelaprob = 9) o ((nivelaprob = 5 o nivelaprob = 6) y antec_esc = 5).,,,doc_2022.pdf p.192,ficha_variable
2022,concentradohogar,educa_jefe,C (2),10,Profesional completa,"{01,...,11} educa_jefe = 02 (Si nivelaprob = 1)",Educación formal del jefe del hogar. o ((nivelaprob = 5 o nivelaprob = 6) y antec_esc = 3) educa_jefe = 09 (Si nivelaprob = 7 y gradoaprob < 4) educa_jefe = 10 (Si nivelaprob = 7 y gradoaprob >= 4) o ((nivelaprob = 5 o nivelaprob = 6) y antec_esc = 4) educa_jefe = 11 (Si nivelaprob = 8 o nivelaprob = 9) o ((nivelaprob = 5 o nivelaprob = 6) y antec_esc = 5).,,,doc_2022.pdf p.192,ficha_variable
2022,concentradohogar,educa_jefe,C (2),11,Posgrado,"{01,...,11} educa_jefe = 02 (Si nivelaprob = 1)",Educación formal del jefe del hogar. o ((nivelaprob = 5 o nivelaprob = 6) y antec_esc = 3) educa_jefe = 09 (Si nivelaprob = 7 y gradoaprob < 4) educa_jefe = 10 (Si nivelaprob = 7 y gradoaprob >= 4) o ((nivelaprob = 5 o nivelaprob = 6) y antec_esc = 4) educa_jefe = 11 (Si nivelaprob = 8 o nivelaprob = 9) o ((nivelaprob = 5 o nivelaprob = 6) y antec_esc = 5).,,,doc_2022.pdf p.192,ficha_variable
2022,concentradohogar,est_socio,C (1),1,Bajo nóicpircseD .2202 y,"{1,...,4}",equipamiento de las mismas expresadas por medio de 24 indicadores construidos con información del Censo de Población y Vivienda 2010. Esta estratificación se realizó por medio de métodos estadísticos multivariados.,,1,doc_2022.pdf p.190,ficha_variable
2022,concentradohogar,est_socio,C (1),2,Medio bajo,"{1,...,4}",equipamiento de las mismas expresadas por medio de 24 indicadores construidos con información del Censo de Población y Vivienda 2010. Esta estratificación se realizó por medio de métodos estadísticos multivariados.,,2,doc_2022.pdf p.190,ficha_variable
2022,concentradohogar,est_socio,C (1),3,Medio alto,"{1,...,4}",equipamiento de las mismas expresadas por medio de 24 indicadores construidos con información del Censo de Población y Vivienda 2010. Esta estratificación se realizó por medio de métodos estadísticos multivariados.,,3,doc_2022.pdf p.190,ficha_variable
2022,concentradohogar,est_socio,C (1),4,Alto,"{1,...,4}",equipamiento de las mismas expresadas por medio de 24 indicadores construidos con información del Censo de Población y Vivienda 2010. Esta estratificación se realizó por medio de métodos estadísticos multivariados.,,4,doc_2022.pdf p.190,ficha_variable
2022,concentradohogar,sexo_jefe,C (1),1,Hombre,"{1,2}",hogar en hombre o mujer.,,,doc_2022.pdf p.192,ficha_variable
2022,concentradohogar,sexo_jefe,C (1),2,Mujer,"{1,2}",hogar en hombre o mujer.,,,doc_2022.pdf p.192,ficha_variable
2022,concentradohogar,tam_loc,C (1),1,Localidades con 100 000 y más habitantes,"{1,...,4}",habitantes.,,1,doc_2022.pdf p.190,ficha_variable
2022,concentradohogar,tam_loc,C (1),2,Localidades con 15 000 a 99 999 habitantes,"{1,...,4}",habitantes.,,2,doc_2022.pdf p.190,ficha_variable
2022,concentradohogar,tam_loc,C (1),3,Localidades con 2 500 a 14 999 habitantes,"{1,...,4}",habitantes.,,3,doc_2022.pdf p.190,ficha_variable
2022,concentradohogar,tam_loc,C (1),4,Localidades con menos de 2 500 habitantes,"{1,...,4}",habitantes.,,4,doc_2022.pdf p.190,ficha_variable
2022,hogares,acc_alim1,C (1),1,Sí,"{1,2}","Alguna vez por falta de dinero o recursos, se vio En los últimos tres meses, por falta de dinero o en la preocupación que la comida se acabara.",,,doc_2022.pdf p.48,ficha_variable
2022,hogares,acc_alim1,C (1),2,No nóicpircseD .2202 y,"{1,2}","Alguna vez por falta de dinero o recursos, se vio En los últimos tres meses, por falta de dinero o en la preocupación que la comida se acabara.",,,doc_2022.pdf p.48,ficha_variable
2022,hogares,acc_alim10,C (1),1,Sí,"{1,2}",menor no tuvo alimentación sana y variada.,,,doc_2022.pdf p.50,ficha_variable
2022,hogares,acc_alim10,C (1),2,No,"{1,2}",menor no tuvo alimentación sana y variada.,,,doc_2022.pdf p.50,ficha_variable
2022,hogares,acc_alim11,C (1),1,Sí,"{1,2}",menor tuvo una alimentación poco variada.,,,doc_2022.pdf p.50,ficha_variable
2022,hogares,acc_alim11,C (1),2,No,"{1,2}",menor tuvo una alimentación poco variada.,,,doc_2022.pdf p.50,ficha_variable
2022,hogares,acc_alim12,C (1),1,Sí,"{1,2}","Alguna vez por falta de dinero o recursos algún En los últimos tres meses, por falta de dinero o menor tuvo una reducida alimentación.",,,doc_2022.pdf p.51,ficha_variable
2022,hogares,acc_alim12,C (1),2,No,"{1,2}","Alguna vez por falta de dinero o recursos algún En los últimos tres meses, por falta de dinero o menor tuvo una reducida alimentación.",,,doc_2022.pdf p.51,ficha_variable
2022,hogares,acc_alim13,C (1),1,Sí,"{1,2}",menor recibió menos cantidad de alimentos.,,,doc_2022.pdf p.51,ficha_variable
2022,hogares,acc_alim13,C (1),2,No,"{1,2}",menor recibió menos cantidad de alimentos.,,,doc_2022.pdf p.51,ficha_variable
2022,hogares,acc_alim14,C (1),1,Sí,"{1,2}","Alguna vez por falta de dinero o recursos algún En los últimos tres meses, por falta de dinero o menor sintió hambre pero no comió.",,,doc_2022.pdf p.51,ficha_variable
2022,hogares,acc_alim14,C (1),2,No,"{1,2}","Alguna vez por falta de dinero o recursos algún En los últimos tres meses, por falta de dinero o menor sintió hambre pero no comió.",,,doc_2022.pdf p.51,ficha_variable
2022,hogares,acc_alim15,C (1),1,Sí,"{1,2}","Alguna vez por falta de dinero o recursos algún En los últimos tres meses, por falta de dinero o menor se acostó con hambre.",,,doc_2022.pdf p.51,ficha_variable
2022,hogares,acc_alim15,C (1),2,No,"{1,2}","Alguna vez por falta de dinero o recursos algún En los últimos tres meses, por falta de dinero o menor se acostó con hambre.",,,doc_2022.pdf p.51,ficha_variable
2022,hogares,acc_alim16,C (1),1,Sí,"{1,2}",menor dejó de comer todo un día.,,,doc_2022.pdf p.51,ficha_variable
2022,hogares,acc_alim16,C (1),2,No,"{1,2}",menor dejó de comer todo un día.,,,doc_2022.pdf p.51,ficha_variable
2022,hogares,acc_alim18,C (1),1,Igual,"{1,...,3}",Relación del consumo regular de alimentos con ¿Considera usted que el consumo que reportó fue lo reportado durante la semana de entrevista.,,,doc_2022.pdf p.53,ficha_variable
2022,hogares,acc_alim18,C (1),2,Mayor,"{1,...,3}",Relación del consumo regular de alimentos con ¿Considera usted que el consumo que reportó fue lo reportado durante la semana de entrevista.,,,doc_2022.pdf p.53,ficha_variable
2022,hogares,acc_alim18,C (1),3,Menor nóicpircseD .2202 y,"{1,...,3}",Relación del consumo regular de alimentos con ¿Considera usted que el consumo que reportó fue lo reportado durante la semana de entrevista.,,,doc_2022.pdf p.53,ficha_variable
2022,hogares,acc_alim2,C (1),1,Sí,"{1,2}",quedaron sin comida.,,,doc_2022.pdf p.49,ficha_variable
2022,hogares,acc_alim2,C (1),2,No,"{1,2}",quedaron sin comida.,,,doc_2022.pdf p.49,ficha_variable
2022,hogares,acc_alim3,C (1),1,Sí,"{1,2}","Alguna vez por falta de dinero o recursos no En los últimos tres meses, ¿alguna vez se quedaron obtuvieron una alimentación sana y variada.",,,doc_2022.pdf p.49,ficha_variable
2022,hogares,acc_alim3,C (1),2,No,"{1,2}","Alguna vez por falta de dinero o recursos no En los últimos tres meses, ¿alguna vez se quedaron obtuvieron una alimentación sana y variada.",,,doc_2022.pdf p.49,ficha_variable
2022,hogares,acc_alim4,C (1),1,Sí,"{1,2}",adulto no obtuvo una alimentación sana y recursos ¿alguna vez usted o algún adulto en su variada.,,,doc_2022.pdf p.49,ficha_variable
2022,hogares,acc_alim4,C (1),2,No,"{1,2}",adulto no obtuvo una alimentación sana y recursos ¿alguna vez usted o algún adulto en su variada.,,,doc_2022.pdf p.49,ficha_variable
2022,hogares,acc_alim5,C (1),1,Sí,"{1,2}","Alguna vez por falta de dinero o recursos algún En los últimos tres meses, por falta de dinero o adulto no tuvo desayuno, comida o cena.",,,doc_2022.pdf p.49,ficha_variable
2022,hogares,acc_alim5,C (1),2,No,"{1,2}","Alguna vez por falta de dinero o recursos algún En los últimos tres meses, por falta de dinero o adulto no tuvo desayuno, comida o cena.",,,doc_2022.pdf p.49,ficha_variable
2022,hogares,acc_alim6,C (1),1,Sí,"{1,2}",adulto comió menos de lo pensado.,,,doc_2022.pdf p.49,ficha_variable
2022,hogares,acc_alim6,C (1),2,No nóicpircseD .2202 y,"{1,2}",adulto comió menos de lo pensado.,,,doc_2022.pdf p.49,ficha_variable
2022,hogares,acc_alim7,C (1),1,Sí,"{1,2}","Alguna vez por falta de dinero o recursos algún En los últimos tres meses, por falta de dinero o adulto sintió hambre pero no comió.",,,doc_2022.pdf p.50,ficha_variable
2022,hogares,acc_alim7,C (1),2,No,"{1,2}","Alguna vez por falta de dinero o recursos algún En los últimos tres meses, por falta de dinero o adulto sintió hambre pero no comió.",,,doc_2022.pdf p.50,ficha_variable
2022,hogares,acc_alim8,C (1),1,Sí,"{1,2}",adulto comió solo una vez o dejó de comer un recursos ¿alguna vez usted o algún adulto en su día.,,,doc_2022.pdf p.50,ficha_variable
2022,hogares,acc_alim8,C (1),2,No,"{1,2}",adulto comió solo una vez o dejó de comer un recursos ¿alguna vez usted o algún adulto en su día.,,,doc_2022.pdf p.50,ficha_variable
2022,hogares,acc_alim9,C (1),1,Sí,"{1,2}",adulto tuvo que mendigar o mandar a niños a recursos ¿alguna vez tuvieron que hacer algo que trabajar.,,,doc_2022.pdf p.50,ficha_variable
2022,hogares,acc_alim9,C (1),2,No,"{1,2}",adulto tuvo que mendigar o mandar a niños a recursos ¿alguna vez tuvieron que hacer algo que trabajar.,,,doc_2022.pdf p.50,ficha_variable
2022,hogares,anio_aspir,C (2),&,No especificado,"{00,...,23,50,...,99}",Año de adquisición de la última aspiradora.,,,doc_2022.pdf p.61,ficha_variable
2022,hogares,anio_auto,C (2),&,No especificado,"{00,...,23,50,...,99}",Año de adquisición del último automóvil.,,,doc_2022.pdf p.54,ficha_variable
2022,hogares,anio_bici,C (2),&,No especificado,"{00,...,23,50,...,99}",Año de adquisición de la última bicicleta. ¿En qué año adquirió su última bicicleta que se,,,doc_2022.pdf p.55,ficha_variable
2022,hogares,anio_canoa,C (2),&,No especificado,"{00,...,23,50,...,99}",trajinera u otros vehículos para navegar.,,,doc_2022.pdf p.56,ficha_variable
2022,hogares,anio_carret,C (2),&,No especificado,"{00,...,23,50,...,99}","Año de adquisición de la última carreta. ¿En qué año adquirió su última carreta, calandria u",,,doc_2022.pdf p.56,ficha_variable
2022,hogares,anio_compu,C (2),&,No especificado,"{00,...,23,50,...,99}",Año de adquisición de la última computadora.,,,doc_2022.pdf p.61,ficha_variable
2022,hogares,anio_dvd,C (2),&,No especificado,"{00,...,23,50,...,99}",(reproductor de discos de video).,,,doc_2022.pdf p.58,ficha_variable
2022,hogares,anio_ester,C (2),&,No especificado,"{00,...,23,50,...,99}",minicomponente.,,,doc_2022.pdf p.57,ficha_variable
2022,hogares,anio_estuf,C (2),&,No especificado,"{00,...,23,50,...,99}",eléctrica.,,,doc_2022.pdf p.59,ficha_variable
2022,hogares,anio_grab,C (2),&,No especificado,"{00,...,23,50,...,99}",Año de adquisición de la última grabadora.,,,doc_2022.pdf p.57,ficha_variable
2022,hogares,anio_impre,C (2),&,No especificado,"{00,...,23,50,...,99}",Año de adquisición de la última impresora.,,,doc_2022.pdf p.61,ficha_variable
2022,hogares,anio_juego,C (2),&,No especificado,"{00,...,23,50,...,99}","Año de adquisición del último videojuego. ¿En qué año adquirió su último videojuegos: Wii,",,,doc_2022.pdf p.61,ficha_variable
2022,hogares,anio_lavad,C (2),&,No especificado,"{00,...,23,50,...,99}",Año de adquisición de la última lavadora.,,,doc_2022.pdf p.60,ficha_variable
2022,hogares,anio_licua,C (2),&,No especificado,"{00,...,23,50,...,99}",Año de adquisición de la última licuadora.,,,doc_2022.pdf p.58,ficha_variable
2022,hogares,anio_maqui,C (2),&,No especificado,"{00,...,23,50,...,99}",coser.,,,doc_2022.pdf p.60,ficha_variable
2022,hogares,anio_micro,C (2),&,No especificado,"{00,...,23,50,...,99}",microondas.,,,doc_2022.pdf p.59,ficha_variable
2022,hogares,anio_moto,C (2),&,No especificado,"{00,...,23,50,...,99}",motoneta.,,,doc_2022.pdf p.55,ficha_variable
2022,hogares,anio_otro,C (2),&,No especificado,"{00,...,23,50,...,99}",tipo.,,,doc_2022.pdf p.56,ficha_variable
2022,hogares,anio_pickup,C (2),&,No especificado,"{00,...,23,50,...,99}",caja.,,,doc_2022.pdf p.55,ficha_variable
2022,hogares,anio_planc,C (2),&,No especificado,"{00,...,23,50,...,99}",eléctrica.,,,doc_2022.pdf p.60,ficha_variable
2022,hogares,anio_radio,C (2),&,No especificado,"{00,...,23,50,...,99}",Año de adquisición del último radio.,,,doc_2022.pdf p.57,ficha_variable
2022,hogares,anio_refri,C (2),&,No especificado,"{00,...,23,50,...,99}",Año de adquisición del último refrigerador.,,,doc_2022.pdf p.59,ficha_variable
2022,hogares,anio_tosta,C (2),&,No especificado,"{00,...,23,50,...,99}",Año de adquisición del último tostador eléctrico.,,,doc_2022.pdf p.59,ficha_variable
2022,hogares,anio_trici,C (2),&,No especificado,"{00,...,23,50,...,99}",Año de adquisición del último triciclo. ¿En qué año adquirió su último triciclo de carga,,,doc_2022.pdf p.56,ficha_variable
2022,hogares,anio_tva,C (2),&,No especificado,"{00,...,23,50,...,99}",analógico.,,,doc_2022.pdf p.57,ficha_variable
2022,hogares,anio_tvd,C (2),&,No especificado,"{00,...,23,50,...,99}",Año de adquisición del último televisor digital.,,,doc_2022.pdf p.58,ficha_variable
2022,hogares,anio_van,C (2),&,No especificado,"{00,...,23,50,...,99}",cerrada o con cabina.,,,doc_2022.pdf p.55,ficha_variable
2022,hogares,anio_venti,C (2),&,No especificado,"{00,...,23,50,...,99}",Año de adquisición del último ventilador.,,,doc_2022.pdf p.60,ficha_variable
2022,hogares,anio_video,C (2),&,No especificado,"{00,...,23,50,...,99}",Año de adquisición de la última videocasetera.,,,doc_2022.pdf p.58,ficha_variable
2022,hogares,autocons,C (1),1,Sí,"{1,2}","obtuvo de un negocio que es de su propiedad, durante la semana de referencia.",,,doc_2022.pdf p.65,ficha_variable
2022,hogares,autocons,C (1),2,No,"{1,2}","obtuvo de un negocio que es de su propiedad, durante la semana de referencia.",,,doc_2022.pdf p.65,ficha_variable
2022,hogares,bene_licon,C (1),1,Sí,"{1,2}","Beneficiario en el hogar del Programa de Actualmente, ¿usted o algún integrante del hogar es Abasto Social de Leche (Liconsa).",,,doc_2022.pdf p.67,ficha_variable
2022,hogares,bene_licon,C (1),2,No,"{1,2}","Beneficiario en el hogar del Programa de Actualmente, ¿usted o algún integrante del hogar es Abasto Social de Leche (Liconsa).",,,doc_2022.pdf p.67,ficha_variable
2022,hogares,celular,C (1),1,Sí,"{1,2}",móvil aunque sea un solo integrante del hogar.,,,doc_2022.pdf p.54,ficha_variable
2022,hogares,celular,C (1),2,No,"{1,2}",móvil aunque sea un solo integrante del hogar.,,,doc_2022.pdf p.54,ficha_variable
2022,hogares,cond_dicon,C (1),1,Sí,"{1,2}",Venta condicionada en tienda Diconsa. ¿Les condicionan la venta de artículos alimentarios,,,doc_2022.pdf p.68,ficha_variable
2022,hogares,cond_dicon,C (1),2,No nóicpircseD .2202 y,"{1,2}",Venta condicionada en tienda Diconsa. ¿Les condicionan la venta de artículos alimentarios,,,doc_2022.pdf p.68,ficha_variable
2022,hogares,cond_licon,C (1),1,Sí,"{1,2}",Compra condicionada por Liconsa. ¿Les condicionan el otorgamiento de leche Liconsa,,,doc_2022.pdf p.67,ficha_variable
2022,hogares,cond_licon,C (1),2,No nóicpircseD .2202 y,"{1,2}",Compra condicionada por Liconsa. ¿Les condicionan el otorgamiento de leche Liconsa,,,doc_2022.pdf p.67,ficha_variable
2022,hogares,conex_inte,C (1),1,Sí,"{1,2}",Hogares que cuentan con el servicio de internet.,,,doc_2022.pdf p.54,ficha_variable
2022,hogares,conex_inte,C (1),2,No,"{1,2}",Hogares que cuentan con el servicio de internet.,,,doc_2022.pdf p.54,ficha_variable
2022,hogares,consumo,C (1),1,Sí,"{1,2}","el desayuno, la comida o la cena o para la cada ... ¿las realizó en alguno de los días en los que despensa, en alguno de los días de la semana",,,doc_2022.pdf p.64,ficha_variable
2022,hogares,consumo,C (1),2,No,"{1,2}","el desayuno, la comida o la cena o para la cada ... ¿las realizó en alguno de los días en los que despensa, en alguno de los días de la semana",,,doc_2022.pdf p.64,ficha_variable
2022,hogares,diconsa,C (1),1,Sí,"{1,...,3}",Tienda de Diconsa en la colonia o localidad.,,,doc_2022.pdf p.68,ficha_variable
2022,hogares,diconsa,C (1),2,No,"{1,...,3}",Tienda de Diconsa en la colonia o localidad.,,,doc_2022.pdf p.68,ficha_variable
2022,hogares,diconsa,C (1),3,No sabe,"{1,...,3}",Tienda de Diconsa en la colonia o localidad.,,,doc_2022.pdf p.68,ficha_variable
2022,hogares,embarazo_g,C (1),1,Sí,"{1,2}","profesionales o no, así como los medicamentos recetados, análisis clínicos, etcétera.",,,doc_2022.pdf p.66,ficha_variable
2022,hogares,embarazo_g,C (1),2,No,"{1,2}","profesionales o no, así como los medicamentos recetados, análisis clínicos, etcétera.",,,doc_2022.pdf p.66,ficha_variable
2022,hogares,er_aparato,C (1),1,Aparato físico,{1},Medio por el cual se escucha la radio.,,,doc_2022.pdf p.62,ficha_variable
2022,hogares,er_aplicac,C (1),4,Aplicación,{4},Medio por el cual se escucha la radio.,,,doc_2022.pdf p.62,ficha_variable
2022,hogares,er_celular,C (1),2,Teléfono celular,{2},Medio por el cual se escucha la radio.,,,doc_2022.pdf p.62,ficha_variable
2022,hogares,er_compu,C (1),3,Computadora,{3},Medio por el cual se escucha la radio.,,,doc_2022.pdf p.62,ficha_variable
2022,hogares,er_otro,C (1),6,Otro nóicpircseD .2202 y,{6},Medio por el cual se escucha la radio.,,,doc_2022.pdf p.62,ficha_variable
2022,hogares,er_tv,C (1),5,Televisión,{5},Medio por el cual se escucha la radio.,,,doc_2022.pdf p.62,ficha_variable
2022,hogares,esc_radio,C (1),1,Sí,"{1,2}",En su hogar escuchan la radio.,,,doc_2022.pdf p.61,ficha_variable
2022,hogares,esc_radio,C (1),2,No,"{1,2}",En su hogar escuchan la radio.,,,doc_2022.pdf p.61,ficha_variable
2022,hogares,frec_dicon,C(1),1,Siempre,"{1,...,3}",Frecuencia de compra en tienda Diconsa. ¿Con qué frecuencia usted o algún integrante del,,1,doc_2022.pdf p.68,ficha_variable
2022,hogares,frec_dicon,C(1),2,A veces,"{1,...,3}",Frecuencia de compra en tienda Diconsa. ¿Con qué frecuencia usted o algún integrante del,,2,doc_2022.pdf p.68,ficha_variable
2022,hogares,frec_dicon,C(1),3,Nunca,"{1,...,3}",Frecuencia de compra en tienda Diconsa. ¿Con qué frecuencia usted o algún integrante del,,3,doc_2022.pdf p.68,ficha_variable
2022,hogares,habito_1,C (1),1,Cada mes,{1},Frecuencia con la que realiza las compras de ¿Cada cuándo realizan las compras en alimentos y alimentos y bebidas.,,,doc_2022.pdf p.63,ficha_variable
2022,hogares,habito_2,C (1),2,Cada 15 días,{2},Frecuencia con la que realiza las compras de ¿Cada cuándo realizan las compras en alimentos y alimentos y bebidas.,,,doc_2022.pdf p.63,ficha_variable
2022,hogares,habito_3,C (1),3,Cada 8 días nóicpircseD .2202 y,{3},Frecuencia con la que realiza las compras de ¿Cada cuándo realizan las compras en alimentos y alimentos y bebidas.,,,doc_2022.pdf p.63,ficha_variable
2022,hogares,habito_4,C (1),4,Cada tercer día,{4},Frecuencia con la que realiza las compras de ¿Cada cuándo realizan las compras en alimentos y alimentos y bebidas.,,,doc_2022.pdf p.64,ficha_variable
2022,hogares,habito_5,C (1),5,Diariamente,{5},Frecuencia con la que realiza las compras de ¿Cada cuándo realizan las compras en alimentos y alimentos y bebidas.,,,doc_2022.pdf p.64,ficha_variable
2022,hogares,habito_6,C (1),6,Otros,{6},Algún otro intervalo de frecuencia con que haga ¿Cada cuándo realizan las compras en alimentos y las compras.,,,doc_2022.pdf p.64,ficha_variable
2022,hogares,lts_licon,C (1),1,4 litros,"{1,...,7}",compra a la semana.,,,doc_2022.pdf p.68,ficha_variable
2022,hogares,lts_licon,C (1),2,8 litros,"{1,...,7}",compra a la semana.,,,doc_2022.pdf p.68,ficha_variable
2022,hogares,lts_licon,C (1),3,12 litros,"{1,...,7}",compra a la semana.,,,doc_2022.pdf p.68,ficha_variable
2022,hogares,lts_licon,C (1),4,16 litros,"{1,...,7}",compra a la semana.,,,doc_2022.pdf p.68,ficha_variable
2022,hogares,lts_licon,C (1),5,20 litros,"{1,...,7}",compra a la semana.,,,doc_2022.pdf p.68,ficha_variable
2022,hogares,lts_licon,C (1),6,24 litros,"{1,...,7}",compra a la semana.,,,doc_2022.pdf p.68,ficha_variable
2022,hogares,lts_licon,C (1),7,Otro,"{1,...,7}",compra a la semana.,,,doc_2022.pdf p.68,ficha_variable
2022,hogares,negcua,C (1),1,Sí,"{1,2}","negocio que se de dedique a procesar, vender o propiedad del hogar que se dedique a elaborar, prestar un servicio.",,,doc_2022.pdf p.67,ficha_variable
2022,hogares,negcua,C (1),2,No,"{1,2}","negocio que se de dedique a procesar, vender o propiedad del hogar que se dedique a elaborar, prestar un servicio.",,,doc_2022.pdf p.67,ficha_variable
2022,hogares,num_aspir,N (2),&,No especificado,Sección y/o apartado Sección V,hogar.,,,doc_2022.pdf p.60,ficha_variable
2022,hogares,num_compu,N (2),&,No especificado,Sección y/o apartado Sección V,hogar.,,,doc_2022.pdf p.61,ficha_variable
2022,hogares,num_dvd,N (2),&,No especificado,Sección y/o apartado Sección V,discos de video) con los que cuenta el hogar.,,,doc_2022.pdf p.58,ficha_variable
2022,hogares,num_ester,N (2),&,No especificado,Sección y/o apartado Sección V,minicomponentes con los que cuenta el hogar.,,,doc_2022.pdf p.56,ficha_variable
2022,hogares,num_estuf,N (2),&,No especificado,Sección y/o apartado Sección V,que cuenta el hogar.,,,doc_2022.pdf p.59,ficha_variable
2022,hogares,num_grab,N (2),&,No especificado,Sección y/o apartado Sección V,hogar.,,,doc_2022.pdf p.57,ficha_variable
2022,hogares,num_impre,N (2),&,No especificado,Sección y/o apartado Sección V,hogar.,,,doc_2022.pdf p.61,ficha_variable
2022,hogares,num_juego,N (2),&,No especificado,Sección y/o apartado Sección V,otros) con los que cuenta el hogar.,,,doc_2022.pdf p.61,ficha_variable
2022,hogares,num_lavad,N (2),&,No especificado,Sección y/o apartado Sección V,hogar.,,,doc_2022.pdf p.59,ficha_variable
2022,hogares,num_licua,N (2),&,No especificado,Sección y/o apartado Sección V,hogar.,,,doc_2022.pdf p.58,ficha_variable
2022,hogares,num_maqui,N (2),&,No especificado,Sección y/o apartado Sección V,cuenta el hogar.,,,doc_2022.pdf p.60,ficha_variable
2022,hogares,num_micro,N (2),&,No especificado,Sección y/o apartado Sección V,cuenta el hogar.,,,doc_2022.pdf p.59,ficha_variable
2022,hogares,num_planc,N (2),&,No especificado,Sección y/o apartado Sección V,cuenta el hogar.,,,doc_2022.pdf p.60,ficha_variable
2022,hogares,num_radio,N (2),&,No especificado,Sección y/o apartado Sección V,Número de radios con los que cuenta el hogar.,,,doc_2022.pdf p.57,ficha_variable
2022,hogares,num_refri,N (2),&,No especificado,Sección y/o apartado Sección V,hogar.,,,doc_2022.pdf p.59,ficha_variable
2022,hogares,num_tosta,N (2),&,No especificado,Sección y/o apartado Sección V,hogar.,,,doc_2022.pdf p.58,ficha_variable
2022,hogares,num_tva,N (2),&,No especificado,Sección y/o apartado Sección V,cuenta el hogar.,,,doc_2022.pdf p.57,ficha_variable
2022,hogares,num_tvd,N (2),&,No especificado,Sección y/o apartado Sección V,cuenta el hogar.,,,doc_2022.pdf p.57,ficha_variable
2022,hogares,num_venti,N (2),&,No especificado,Sección y/o apartado Sección V,hogar.,,,doc_2022.pdf p.60,ficha_variable
2022,hogares,num_video,N (2),&,No especificado,Sección y/o apartado Sección V,el hogar.,,,doc_2022.pdf p.58,ficha_variable
2022,hogares,pago_dicon,C (1),1,50 pesos,"{1,...,5,7}",Diconsa.,,,doc_2022.pdf p.69,ficha_variable
2022,hogares,pago_dicon,C (1),2,100 pesos,"{1,...,5,7}",Diconsa.,,,doc_2022.pdf p.69,ficha_variable
2022,hogares,pago_dicon,C (1),3,150 pesos,"{1,...,5,7}",Diconsa.,,,doc_2022.pdf p.69,ficha_variable
2022,hogares,pago_dicon,C (1),4,200 pesos,"{1,...,5,7}",Diconsa.,,,doc_2022.pdf p.69,ficha_variable
2022,hogares,pago_dicon,C (1),5,250 pesos,"{1,...,5,7}",Diconsa.,,,doc_2022.pdf p.69,ficha_variable
2022,hogares,pago_dicon,C (1),7,Otro,"{1,...,5,7}",Diconsa.,,,doc_2022.pdf p.69,ficha_variable
2022,hogares,pagotarjet,C (1),1,Sí,"{1,2}",integrante del hogar para la adquisición de tabaco o alimentos y bebidas consumidos,,,doc_2022.pdf p.65,ficha_variable
2022,hogares,pagotarjet,C (1),2,No,"{1,2}",integrante del hogar para la adquisición de tabaco o alimentos y bebidas consumidos,,,doc_2022.pdf p.65,ficha_variable
2022,hogares,parto_g,C (1),1,Sí,"{1,2}","así como los medicamentos recetados, análisis Durante los meses _______a _________, ¿el hogar clínicos, etcétera.",,,doc_2022.pdf p.66,ficha_variable
2022,hogares,parto_g,C (1),2,No,"{1,2}","así como los medicamentos recetados, análisis Durante los meses _______a _________, ¿el hogar clínicos, etcétera.",,,doc_2022.pdf p.66,ficha_variable
2022,hogares,recib_tvd,C (1),1,Sí,"{1,2}",Federal.,,,doc_2022.pdf p.63,ficha_variable
2022,hogares,recib_tvd,C (1),2,No,"{1,2}",Federal.,,,doc_2022.pdf p.63,ficha_variable
2022,hogares,regalodado,C (1),1,Sí,"{1,2}",Gasto en regalos a personas ajenas al hogar. ¿Compró algún artículo o pagó algún servicio para,,,doc_2022.pdf p.65,ficha_variable
2022,hogares,regalodado,C (1),2,No,"{1,2}",Gasto en regalos a personas ajenas al hogar. ¿Compró algún artículo o pagó algún servicio para,,,doc_2022.pdf p.65,ficha_variable
2022,hogares,regalos,C (1),1,Sí,"{1,2}","para su consumo final y privado, que fueron recibidos como regalo de personas que",,,doc_2022.pdf p.66,ficha_variable
2022,hogares,regalos,C (1),2,No,"{1,2}","para su consumo final y privado, que fueron recibidos como regalo de personas que",,,doc_2022.pdf p.66,ficha_variable
2022,hogares,regalotar,C (1),1,Sí,"{1,2}",pagado con tarjeta de crédito bancaria o comercial.,,,doc_2022.pdf p.65,ficha_variable
2022,hogares,regalotar,C (1),2,No,"{1,2}",pagado con tarjeta de crédito bancaria o comercial.,,,doc_2022.pdf p.65,ficha_variable
2022,hogares,remunera,C (1),1,Sí,"{1,2}",y servicios de consumo final y privado que reciben los trabajadores subordinados.,,,doc_2022.pdf p.66,ficha_variable
2022,hogares,remunera,C (1),2,No,"{1,2}",y servicios de consumo final y privado que reciben los trabajadores subordinados.,,,doc_2022.pdf p.66,ficha_variable
2022,hogares,tarjeta,C (1),1,Sí,"{1,2}","monto en dinero (crédito) como una forma de ¿Alguna de las personas que conforman su hogar financiamiento por parte de la institución, que es",,,doc_2022.pdf p.64,ficha_variable
2022,hogares,tarjeta,C (1),2,No,"{1,2}","monto en dinero (crédito) como una forma de ¿Alguna de las personas que conforman su hogar financiamiento por parte de la institución, que es",,,doc_2022.pdf p.64,ficha_variable
2022,hogares,telefono,C (1),1,Sí,"{1,2}",con instalación alámbrica o satelital (antena).,,,doc_2022.pdf p.54,ficha_variable
2022,hogares,telefono,C (1),2,No,"{1,2}",con instalación alámbrica o satelital (antena).,,,doc_2022.pdf p.54,ficha_variable
2022,hogares,transferen,C (1),1,Sí,"{1,2}","puedan disfrutar de ciertos artículos o servicios, esta ayuda consiste en que el organismo absorbe parte o el total del valor del bien o",,,doc_2022.pdf p.66,ficha_variable
2022,hogares,transferen,C (1),2,No,"{1,2}","puedan disfrutar de ciertos artículos o servicios, esta ayuda consiste en que el organismo absorbe parte o el total del valor del bien o",,,doc_2022.pdf p.66,ficha_variable
2022,hogares,tv_paga,C (1),1,Sí,"{1,2}","televisión por pago, considerando que el servicio está en funcionamiento.",,,doc_2022.pdf p.54,ficha_variable
2022,hogares,tv_paga,C (1),2,No,"{1,2}","televisión por pago, considerando que el servicio está en funcionamiento.",,,doc_2022.pdf p.54,ficha_variable
2022,ingresos,clave,C (4),2,Las claves correspondientes al ingreso por negocio propio se construyen durante el proceso validación de la base de datos. No se encuentran en el cuestionario. nóicpircseD .2202 y,Catálogo de ingresos,persona.,catalogo_ingresos,,doc_2022.pdf p.241,catalogo_externo_pdf
2022,ingresos,clave,C (4),COMO,SOCIEDADES,Catálogo de ingresos,persona.,catalogo_ingresos,,doc_2022.pdf p.240,catalogo_externo_pdf
2022,ingresos,clave,C (4),OTROS,INGRESOS,Catálogo de ingresos,persona.,catalogo_ingresos,,doc_2022.pdf p.241,catalogo_externo_pdf
2022,ingresos,clave,C (4),P001,"Sueldos, salarios o jornal",Catálogo de ingresos,persona.,catalogo_ingresos,,doc_2022.pdf p.240,catalogo_externo_pdf
2022,ingresos,clave,C (4),P002,Destajo,Catálogo de ingresos,persona.,catalogo_ingresos,,doc_2022.pdf p.240,catalogo_externo_pdf
2022,ingresos,clave,C (4),P003,Comisiones y propinas,Catálogo de ingresos,persona.,catalogo_ingresos,,doc_2022.pdf p.240,catalogo_externo_pdf
2022,ingresos,clave,C (4),P004,Horas extras,Catálogo de ingresos,persona.,catalogo_ingresos,,doc_2022.pdf p.240,catalogo_externo_pdf
2022,ingresos,clave,C (4),P005,"Incentivos, gratificaciones o premios",Catálogo de ingresos,persona.,catalogo_ingresos,,doc_2022.pdf p.240,catalogo_externo_pdf
2022,ingresos,clave,C (4),P006,"Bono, percepción adicional o sobresueldo",Catálogo de ingresos,persona.,catalogo_ingresos,,doc_2022.pdf p.240,catalogo_externo_pdf
2022,ingresos,clave,C (4),P007,Primas vacacionales y otras prestaciones en dinero,Catálogo de ingresos,persona.,catalogo_ingresos,,doc_2022.pdf p.240,catalogo_externo_pdf
2022,ingresos,clave,C (4),P008,Reparto de utilidades del ejercicio 2021,Catálogo de ingresos,persona.,catalogo_ingresos,,doc_2022.pdf p.240,catalogo_externo_pdf
2022,ingresos,clave,C (4),P009,Aguinaldo del ejercicio 2021,Catálogo de ingresos,persona.,catalogo_ingresos,,doc_2022.pdf p.240,catalogo_externo_pdf
2022,ingresos,clave,C (4),P011,Sueldos o salarios,Catálogo de ingresos,persona.,catalogo_ingresos,,doc_2022.pdf p.240,catalogo_externo_pdf
2022,ingresos,clave,C (4),P012,Ganancias/utilidades,Catálogo de ingresos,persona.,catalogo_ingresos,,doc_2022.pdf p.240,catalogo_externo_pdf
2022,ingresos,clave,C (4),P013,Otros ingresos,Catálogo de ingresos,persona.,catalogo_ingresos,,doc_2022.pdf p.240,catalogo_externo_pdf
2022,ingresos,clave,C (4),P014,Monto recibido en el trabajo secundario,Catálogo de ingresos,persona.,catalogo_ingresos,,doc_2022.pdf p.240,catalogo_externo_pdf
2022,ingresos,clave,C (4),P015,Reparto de utilidades del ejercicio 2021,Catálogo de ingresos,persona.,catalogo_ingresos,,doc_2022.pdf p.240,catalogo_externo_pdf
2022,ingresos,clave,C (4),P016,Aguinaldo del ejercicio 2021,Catálogo de ingresos,persona.,catalogo_ingresos,,doc_2022.pdf p.240,catalogo_externo_pdf
2022,ingresos,clave,C (4),P018,Sueldos o salarios,Catálogo de ingresos,persona.,catalogo_ingresos,,doc_2022.pdf p.240,catalogo_externo_pdf
2022,ingresos,clave,C (4),P019,Ganancias/utilidades,Catálogo de ingresos,persona.,catalogo_ingresos,,doc_2022.pdf p.240,catalogo_externo_pdf
2022,ingresos,clave,C (4),P020,Otros ingresos,Catálogo de ingresos,persona.,catalogo_ingresos,,doc_2022.pdf p.240,catalogo_externo_pdf
2022,ingresos,clave,C (4),P021,Total de ingresos,Catálogo de ingresos,persona.,catalogo_ingresos,,doc_2022.pdf p.240,catalogo_externo_pdf
2022,ingresos,clave,C (4),P022,Total de ingresos de trabajos realizados en los cinco meses anteriores al mes pasado,Catálogo de ingresos,persona.,catalogo_ingresos,,doc_2022.pdf p.240,catalogo_externo_pdf
2022,ingresos,clave,C (4),P023,"Alquiler de tierras y terrenos, dentro y fuera del país",Catálogo de ingresos,persona.,catalogo_ingresos,,doc_2022.pdf p.240,catalogo_externo_pdf
2022,ingresos,clave,C (4),P024,"Alquiler de casas, edificios, locales y otros inmuebles que están dentro del país",Catálogo de ingresos,persona.,catalogo_ingresos,,doc_2022.pdf p.240,catalogo_externo_pdf
2022,ingresos,clave,C (4),P025,"Alquiler de casas, edificios, locales y otros inmuebles que están fuera del país",Catálogo de ingresos,persona.,catalogo_ingresos,,doc_2022.pdf p.240,catalogo_externo_pdf
2022,ingresos,clave,C (4),P026,Intereses provenientes de inversiones a plazo fijo,Catálogo de ingresos,persona.,catalogo_ingresos,,doc_2022.pdf p.240,catalogo_externo_pdf
2022,ingresos,clave,C (4),P027,Intereses provenientes de cuentas de ahorro,Catálogo de ingresos,persona.,catalogo_ingresos,,doc_2022.pdf p.240,catalogo_externo_pdf
2022,ingresos,clave,C (4),P028,Intereses provenientes de préstamos a terceros,Catálogo de ingresos,persona.,catalogo_ingresos,,doc_2022.pdf p.240,catalogo_externo_pdf
2022,ingresos,clave,C (4),P029,Rendimientos provenientes de bonos o cédulas,Catálogo de ingresos,persona.,catalogo_ingresos,,doc_2022.pdf p.240,catalogo_externo_pdf
2022,ingresos,clave,C (4),P030,"Alquiler de marcas, patentes y derechos de autor",Catálogo de ingresos,persona.,catalogo_ingresos,,doc_2022.pdf p.240,catalogo_externo_pdf
2022,ingresos,clave,C (4),P031,Otros ingresos por renta de la propiedad no considerados en los anteriores,Catálogo de ingresos,persona.,catalogo_ingresos,,doc_2022.pdf p.240,catalogo_externo_pdf
2022,ingresos,clave,C (4),P032,Jubilaciones y/o pensiones originadas dentro del país,Catálogo de ingresos,persona.,catalogo_ingresos,,doc_2022.pdf p.240,catalogo_externo_pdf
2022,ingresos,clave,C (4),P033,Jubilaciones y/o pensiones provenientes de otro(s) país(es),Catálogo de ingresos,persona.,catalogo_ingresos,,doc_2022.pdf p.240,catalogo_externo_pdf
2022,ingresos,clave,C (4),P034,Indemnizaciones recibidas de seguros contra riesgos a terceros,Catálogo de ingresos,persona.,catalogo_ingresos,,doc_2022.pdf p.240,catalogo_externo_pdf
2022,ingresos,clave,C (4),P035,Indemnizaciones por accidentes de trabajo,Catálogo de ingresos,persona.,catalogo_ingresos,,doc_2022.pdf p.240,catalogo_externo_pdf
2022,ingresos,clave,C (4),P036,Indemnizaciones por despido y retiro voluntario,Catálogo de ingresos,persona.,catalogo_ingresos,,doc_2022.pdf p.240,catalogo_externo_pdf
2022,ingresos,clave,C (4),P037,Becas provenientes de instituciones privadas o de organismos no gubernamentales,Catálogo de ingresos,persona.,catalogo_ingresos,,doc_2022.pdf p.240,catalogo_externo_pdf
2022,ingresos,clave,C (4),P038,Becas provenientes del gobierno,Catálogo de ingresos,persona.,catalogo_ingresos,,doc_2022.pdf p.240,catalogo_externo_pdf
2022,ingresos,clave,C (4),P039,Donativos provenientes de organizaciones no gubernamentales,Catálogo de ingresos,persona.,catalogo_ingresos,,doc_2022.pdf p.240,catalogo_externo_pdf
2022,ingresos,clave,C (4),P040,Donativos en dinero provenientes de otros hogares,Catálogo de ingresos,persona.,catalogo_ingresos,,doc_2022.pdf p.240,catalogo_externo_pdf
2022,ingresos,clave,C (4),P041,Ingresos provenientes de otros países nóicpircseD .2202 y,Catálogo de ingresos,persona.,catalogo_ingresos,,doc_2022.pdf p.240,catalogo_externo_pdf
2022,ingresos,clave,C (4),P043,Beneficio de PROCAMPO / ProAgro Productivo / Producción para el Bienestar,Catálogo de ingresos,persona.,catalogo_ingresos,,doc_2022.pdf p.241,catalogo_externo_pdf
2022,ingresos,clave,C (4),P045,Beneficio de otros programas para adultos mayores,Catálogo de ingresos,persona.,catalogo_ingresos,,doc_2022.pdf p.241,catalogo_externo_pdf
2022,ingresos,clave,C (4),P048,Beneficios de otros programas sociales,Catálogo de ingresos,persona.,catalogo_ingresos,,doc_2022.pdf p.241,catalogo_externo_pdf
2022,ingresos,clave,C (4),P049,Total de ingresos no considerados en los anteriores,Catálogo de ingresos,persona.,catalogo_ingresos,,doc_2022.pdf p.241,catalogo_externo_pdf
2022,ingresos,clave,C (4),P050,Ingresos anuales por rendimientos de acciones que posea de alguna empresa en la que no trabajó,Catálogo de ingresos,persona.,catalogo_ingresos,,doc_2022.pdf p.241,catalogo_externo_pdf
2022,ingresos,clave,C (4),P051,"Retiro de inversiones, ahorros, tandas, cajas de ahorro etcétera",Catálogo de ingresos,persona.,catalogo_ingresos,,doc_2022.pdf p.241,catalogo_externo_pdf
2022,ingresos,clave,C (4),P052,Pagos recibidos de préstamos que usted hizo a personas ajenas al hogar,Catálogo de ingresos,persona.,catalogo_ingresos,,doc_2022.pdf p.241,catalogo_externo_pdf
2022,ingresos,clave,C (4),P053,"Préstamos recibidos de personas ajenas al hogar o instituciones, se excluyen préstamos hipotecarios",Catálogo de ingresos,persona.,catalogo_ingresos,,doc_2022.pdf p.241,catalogo_externo_pdf
2022,ingresos,clave,C (4),P054,"Venta de monedas, metales preciosos, joyas y obras de arte, etcétera",Catálogo de ingresos,persona.,catalogo_ingresos,,doc_2022.pdf p.241,catalogo_externo_pdf
2022,ingresos,clave,C (4),P055,"Venta de acciones, bonos y cédulas",Catálogo de ingresos,persona.,catalogo_ingresos,,doc_2022.pdf p.241,catalogo_externo_pdf
2022,ingresos,clave,C (4),P056,"Venta de marcas, patentes y derechos de autor",Catálogo de ingresos,persona.,catalogo_ingresos,,doc_2022.pdf p.241,catalogo_externo_pdf
2022,ingresos,clave,C (4),P057,"Herencias, dotes y legados",Catálogo de ingresos,persona.,catalogo_ingresos,,doc_2022.pdf p.241,catalogo_externo_pdf
2022,ingresos,clave,C (4),P058,Loterías y juegos de azar,Catálogo de ingresos,persona.,catalogo_ingresos,,doc_2022.pdf p.241,catalogo_externo_pdf
2022,ingresos,clave,C (4),P059,"Venta de casas, condominios, etcétera, que están dentro y fuera del país",Catálogo de ingresos,persona.,catalogo_ingresos,,doc_2022.pdf p.241,catalogo_externo_pdf
2022,ingresos,clave,C (4),P060,Venta de terrenos que están dentro y fuera del país,Catálogo de ingresos,persona.,catalogo_ingresos,,doc_2022.pdf p.241,catalogo_externo_pdf
2022,ingresos,clave,C (4),P061,"Venta de maquinaria, equipos, animales de producción, vehículos, etcétera, utilizados en el negocio",Catálogo de ingresos,persona.,catalogo_ingresos,,doc_2022.pdf p.241,catalogo_externo_pdf
2022,ingresos,clave,C (4),P062,Venta de vehículos,Catálogo de ingresos,persona.,catalogo_ingresos,,doc_2022.pdf p.241,catalogo_externo_pdf
2022,ingresos,clave,C (4),P063,"Venta de aparatos eléctricos de segunda mano, etcétera",Catálogo de ingresos,persona.,catalogo_ingresos,,doc_2022.pdf p.241,catalogo_externo_pdf
2022,ingresos,clave,C (4),P064,"Préstamos hipotecarios por bienes inmuebles: casas, terrenos, edificios y locales",Catálogo de ingresos,persona.,catalogo_ingresos,,doc_2022.pdf p.241,catalogo_externo_pdf
2022,ingresos,clave,C (4),P065,Seguros de vida,Catálogo de ingresos,persona.,catalogo_ingresos,,doc_2022.pdf p.241,catalogo_externo_pdf
2022,ingresos,clave,C (4),P066,Otras percepciones financieras y de capital no consideradas en las anteriores INGRESOS POR TRABAJO DE PERSONAS MENORES DE 12 AÑOS,Catálogo de ingresos,persona.,catalogo_ingresos,,doc_2022.pdf p.241,catalogo_externo_pdf
2022,ingresos,clave,C (4),P067,Ingreso por trabajo de personas menores de 12 años INGRESOS POR NEGOCIO PROPIO2,Catálogo de ingresos,persona.,catalogo_ingresos,,doc_2022.pdf p.241,catalogo_externo_pdf
2022,ingresos,clave,C (4),P068,Por negocios con tipo de actividad industrial,Catálogo de ingresos,persona.,catalogo_ingresos,,doc_2022.pdf p.241,catalogo_externo_pdf
2022,ingresos,clave,C (4),P069,Por negocios con tipo de actividad comercial,Catálogo de ingresos,persona.,catalogo_ingresos,,doc_2022.pdf p.241,catalogo_externo_pdf
2022,ingresos,clave,C (4),P070,Por negocios prestadores de servicios,Catálogo de ingresos,persona.,catalogo_ingresos,,doc_2022.pdf p.241,catalogo_externo_pdf
2022,ingresos,clave,C (4),P071,Por negocios con actividades agrícolas,Catálogo de ingresos,persona.,catalogo_ingresos,,doc_2022.pdf p.241,catalogo_externo_pdf
2022,ingresos,clave,C (4),P072,Por negocios con actividades de cría y explotación de animales,Catálogo de ingresos,persona.,catalogo_ingresos,,doc_2022.pdf p.241,catalogo_externo_pdf
2022,ingresos,clave,C (4),P073,"Por negocios con actividades de recolección, reforestación y tala de árboles",Catálogo de ingresos,persona.,catalogo_ingresos,,doc_2022.pdf p.241,catalogo_externo_pdf
2022,ingresos,clave,C (4),P074,"Por negocios con actividades de pesca, caza y captura de animales",Catálogo de ingresos,persona.,catalogo_ingresos,,doc_2022.pdf p.241,catalogo_externo_pdf
2022,ingresos,clave,C (4),P075,Por negocios con tipo de actividad industrial,Catálogo de ingresos,persona.,catalogo_ingresos,,doc_2022.pdf p.241,catalogo_externo_pdf
2022,ingresos,clave,C (4),P076,Por negocios con tipo de actividad comercial,Catálogo de ingresos,persona.,catalogo_ingresos,,doc_2022.pdf p.241,catalogo_externo_pdf
2022,ingresos,clave,C (4),P077,Por negocios prestadores de servicios,Catálogo de ingresos,persona.,catalogo_ingresos,,doc_2022.pdf p.241,catalogo_externo_pdf
2022,ingresos,clave,C (4),P078,Por negocios con actividades agrícolas,Catálogo de ingresos,persona.,catalogo_ingresos,,doc_2022.pdf p.241,catalogo_externo_pdf
2022,ingresos,clave,C (4),P079,Por negocios con actividades de cría y explotación de animales,Catálogo de ingresos,persona.,catalogo_ingresos,,doc_2022.pdf p.241,catalogo_externo_pdf
2022,ingresos,clave,C (4),P080,"Por negocios con actividades de recolección, reforestación y tala de árboles",Catálogo de ingresos,persona.,catalogo_ingresos,,doc_2022.pdf p.241,catalogo_externo_pdf
2022,ingresos,clave,C (4),P081,"Por negocios con actividades de pesca, caza y captura de animales",Catálogo de ingresos,persona.,catalogo_ingresos,,doc_2022.pdf p.241,catalogo_externo_pdf
2022,ingresos,clave,C (4),P101,Beca Bienestar para las Familias de Educación Básica (PROSPERA),Catálogo de ingresos,persona.,catalogo_ingresos,,doc_2022.pdf p.241,catalogo_externo_pdf
2022,ingresos,clave,C (4),P102,Beca Benito Juárez para Jóvenes de Educación Media Superior,Catálogo de ingresos,persona.,catalogo_ingresos,,doc_2022.pdf p.241,catalogo_externo_pdf
2022,ingresos,clave,C (4),P103,Beca Jóvenes Escribiendo el Futuro de Educación Superior,Catálogo de ingresos,persona.,catalogo_ingresos,,doc_2022.pdf p.241,catalogo_externo_pdf
2022,ingresos,clave,C (4),P104,Programa para el Bienestar de las Personas Adultas Mayores,Catálogo de ingresos,persona.,catalogo_ingresos,,doc_2022.pdf p.241,catalogo_externo_pdf
2022,ingresos,clave,C (4),P105,Pensión para el Bienestar de Personas con Discapacidad,Catálogo de ingresos,persona.,catalogo_ingresos,,doc_2022.pdf p.241,catalogo_externo_pdf
2022,ingresos,clave,C (4),P106,Apoyo para el Bienestar de los Hijos de Madres Trabajadoras,Catálogo de ingresos,persona.,catalogo_ingresos,,doc_2022.pdf p.241,catalogo_externo_pdf
2022,ingresos,clave,C (4),P107,Seguro de vida para Jefas de Familia,Catálogo de ingresos,persona.,catalogo_ingresos,,doc_2022.pdf p.241,catalogo_externo_pdf
2022,ingresos,clave,C (4),P108,Programa Jóvenes Construyendo el Futuro,Catálogo de ingresos,persona.,catalogo_ingresos,,doc_2022.pdf p.241,catalogo_externo_pdf
2022,ingresos,mes_1,,07,Julio,"{07,…,10}",Primer mes pasado a la entrevista.,,,doc_2022.pdf p.120,ficha_variable
2022,ingresos,mes_1,,08,Agosto,"{07,…,10}",Primer mes pasado a la entrevista.,,,doc_2022.pdf p.120,ficha_variable
2022,ingresos,mes_1,,09,Septiembre,"{07,…,10}",Primer mes pasado a la entrevista.,,,doc_2022.pdf p.120,ficha_variable
2022,ingresos,mes_1,,10,Octubre,"{07,…,10}",Primer mes pasado a la entrevista.,,,doc_2022.pdf p.120,ficha_variable
2022,ingresos,mes_2,C (2),06,Junio,"{06,…,09}",Segundo mes pasado a la entrevista.,,,doc_2022.pdf p.121,ficha_variable
2022,ingresos,mes_2,C (2),07,Julio,"{06,…,09}",Segundo mes pasado a la entrevista.,,,doc_2022.pdf p.121,ficha_variable
2022,ingresos,mes_2,C (2),08,Agosto,"{06,…,09}",Segundo mes pasado a la entrevista.,,,doc_2022.pdf p.121,ficha_variable
2022,ingresos,mes_2,C (2),09,Septiembre,"{06,…,09}",Segundo mes pasado a la entrevista.,,,doc_2022.pdf p.121,ficha_variable
2022,ingresos,mes_3,C (2),05,Mayo,"{05,…,08}",Tercer mes pasado a la entrevista.,,,doc_2022.pdf p.121,ficha_variable
2022,ingresos,mes_3,C (2),06,Junio,"{05,…,08}",Tercer mes pasado a la entrevista.,,,doc_2022.pdf p.121,ficha_variable
2022,ingresos,mes_3,C (2),07,Julio,"{05,…,08}",Tercer mes pasado a la entrevista.,,,doc_2022.pdf p.121,ficha_variable
2022,ingresos,mes_3,C (2),08,Agosto,"{05,…,08}",Tercer mes pasado a la entrevista.,,,doc_2022.pdf p.121,ficha_variable
2022,ingresos,mes_4,C (2),04,Abril,"{04,…,07}",Cuarto mes pasado a la entrevista.,,,doc_2022.pdf p.121,ficha_variable
2022,ingresos,mes_4,C (2),05,Mayo,"{04,…,07}",Cuarto mes pasado a la entrevista.,,,doc_2022.pdf p.121,ficha_variable
2022,ingresos,mes_4,C (2),06,Junio,"{04,…,07}",Cuarto mes pasado a la entrevista.,,,doc_2022.pdf p.121,ficha_variable
2022,ingresos,mes_4,C (2),07,Julio,"{04,…,07}",Cuarto mes pasado a la entrevista.,,,doc_2022.pdf p.121,ficha_variable
2022,ingresos,mes_5,C (2),03,Marzo,"{03,…,06}",Quinto mes pasado a la entrevista.,,,doc_2022.pdf p.122,ficha_variable
2022,ingresos,mes_5,C (2),04,Abril,"{03,…,06}",Quinto mes pasado a la entrevista.,,,doc_2022.pdf p.122,ficha_variable
2022,ingresos,mes_5,C (2),05,Mayo,"{03,…,06}",Quinto mes pasado a la entrevista.,,,doc_2022.pdf p.122,ficha_variable
2022,ingresos,mes_5,C (2),06,Junio,"{03,…,06}",Quinto mes pasado a la entrevista.,,,doc_2022.pdf p.122,ficha_variable
2022,ingresos,mes_6,C (2),02,Febrero,"{02,…,05}",Sexto mes pasado a la entrevista.,,,doc_2022.pdf p.122,ficha_variable
2022,ingresos,mes_6,C (2),03,Marzo,"{02,…,05}",Sexto mes pasado a la entrevista.,,,doc_2022.pdf p.122,ficha_variable
2022,ingresos,mes_6,C (2),04,Abril,"{02,…,05}",Sexto mes pasado a la entrevista.,,,doc_2022.pdf p.122,ficha_variable
2022,ingresos,mes_6,C (2),05,Mayo,"{02,…,05}",Sexto mes pasado a la entrevista.,,,doc_2022.pdf p.122,ficha_variable
2022,poblacion,act_pnea1,C (1),1,Estuvo buscando trabajo,"{1,...,6}",económicamente activas.,,,doc_2022.pdf p.105,ficha_variable
2022,poblacion,act_pnea1,C (1),2,Es pensionado o jubilado,"{1,...,6}",económicamente activas.,,,doc_2022.pdf p.105,ficha_variable
2022,poblacion,act_pnea1,C (1),3,Se dedicó a los quehaceres del hogar,"{1,...,6}",económicamente activas.,,,doc_2022.pdf p.105,ficha_variable
2022,poblacion,act_pnea1,C (1),4,Se dedicó a estudiar,"{1,...,6}",económicamente activas.,,,doc_2022.pdf p.105,ficha_variable
2022,poblacion,act_pnea1,C (1),5,Es una persona con alguna limitación física o mental que le impide trabajar por el resto de su vida,"{1,...,6}",económicamente activas.,,,doc_2022.pdf p.105,ficha_variable
2022,poblacion,act_pnea1,C (1),6,Está en otra situación diferente a las anteriores,"{1,...,6}",económicamente activas.,,,doc_2022.pdf p.105,ficha_variable
2022,poblacion,act_pnea2,C (1),2,Es pensionado o jubilado,"{2,...,5}",económicamente activas.,,,doc_2022.pdf p.105,ficha_variable
2022,poblacion,act_pnea2,C (1),3,Se dedicó a los quehaceres del hogar,"{2,...,5}",económicamente activas.,,,doc_2022.pdf p.105,ficha_variable
2022,poblacion,act_pnea2,C (1),4,Se dedicó a estudiar,"{2,...,5}",económicamente activas.,,,doc_2022.pdf p.105,ficha_variable
2022,poblacion,act_pnea2,C (1),5,Es una persona con alguna limitación física o mental que le impide trabajar por el resto de su vida,"{2,...,5}",económicamente activas.,,,doc_2022.pdf p.105,ficha_variable
2022,poblacion,alfabetism,C (1),1,Sí,"{1,2}",más años según sepan leer y escribir un recado.,,,doc_2022.pdf p.76,ficha_variable
2022,poblacion,alfabetism,C (1),2,No,"{1,2}",más años según sepan leer y escribir un recado.,,,doc_2022.pdf p.76,ficha_variable
2022,poblacion,antec_esc,C (1),1,Primaria nóicpircseD .2202 y,"{1,...,5}","Normal), dentro del Sistema Educativo ¿Qué estudios le pidieron a (NOMBRE) para Nacional.",,,doc_2022.pdf p.79,ficha_variable
2022,poblacion,antec_esc,C (1),2,Secundaria,"{1,...,5}","Normal), dentro del Sistema Educativo ¿Qué estudios le pidieron a (NOMBRE) para Nacional.",,,doc_2022.pdf p.79,ficha_variable
2022,poblacion,antec_esc,C (1),3,Preparatoria o bachillerato,"{1,...,5}","Normal), dentro del Sistema Educativo ¿Qué estudios le pidieron a (NOMBRE) para Nacional.",,,doc_2022.pdf p.79,ficha_variable
2022,poblacion,antec_esc,C (1),4,Licenciatura o profesional,"{1,...,5}","Normal), dentro del Sistema Educativo ¿Qué estudios le pidieron a (NOMBRE) para Nacional.",,,doc_2022.pdf p.79,ficha_variable
2022,poblacion,antec_esc,C (1),5,Maestría,"{1,...,5}","Normal), dentro del Sistema Educativo ¿Qué estudios le pidieron a (NOMBRE) para Nacional.",,,doc_2022.pdf p.79,ficha_variable
2022,poblacion,asis_esc,C (1),1,Sí,"{1,2}","establecimiento de enseñanza escolar del Sistema Educativo Nacional (SEN), en cualquier",,,doc_2022.pdf p.76,ficha_variable
2022,poblacion,asis_esc,C (1),2,No nóicpircseD .2202 y,"{1,2}","establecimiento de enseñanza escolar del Sistema Educativo Nacional (SEN), en cualquier",,,doc_2022.pdf p.76,ficha_variable
2022,poblacion,atemed,C (1),1,Sí,"{1,2}",alguna institución que proporciona atención ¿Está usted afiliado o inscrito para recibir atención médica.,,,doc_2022.pdf p.86,ficha_variable
2022,poblacion,atemed,C (1),2,No,"{1,2}",alguna institución que proporciona atención ¿Está usted afiliado o inscrito para recibir atención médica.,,,doc_2022.pdf p.86,ficha_variable
2022,poblacion,aten_sal,C (1),1,Sí,"{1,2}",salud que les haya impedido realizar sus actividades diarias.,,,doc_2022.pdf p.90,ficha_variable
2022,poblacion,aten_sal,C (1),2,No,"{1,2}",salud que les haya impedido realizar sus actividades diarias.,,,doc_2022.pdf p.90,ficha_variable
2022,poblacion,c_futuro,C (1),1,Sí,"{1,2}",construyendo el futuro.,,,doc_2022.pdf p.105,ficha_variable
2022,poblacion,c_futuro,C (1),2,No,"{1,2}",construyendo el futuro.,,,doc_2022.pdf p.105,ficha_variable
2022,poblacion,cau_acti,C (1),&,No especificado,"{1,...,6}",diarias por problemas emocionales o mentales La dificultad de (NOMBRE) para (OPCIÓN EN,,,doc_2022.pdf p.75,ficha_variable
2022,poblacion,cau_acti,C (1),1,Por una enfermedad,"{1,...,6}",diarias por problemas emocionales o mentales La dificultad de (NOMBRE) para (OPCIÓN EN,,,doc_2022.pdf p.75,ficha_variable
2022,poblacion,cau_acti,C (1),2,Por edad avanzada,"{1,...,6}",diarias por problemas emocionales o mentales La dificultad de (NOMBRE) para (OPCIÓN EN,,,doc_2022.pdf p.75,ficha_variable
2022,poblacion,cau_acti,C (1),3,Porque nació así,"{1,...,6}",diarias por problemas emocionales o mentales La dificultad de (NOMBRE) para (OPCIÓN EN,,,doc_2022.pdf p.75,ficha_variable
2022,poblacion,cau_acti,C (1),4,Por un accidente,"{1,...,6}",diarias por problemas emocionales o mentales La dificultad de (NOMBRE) para (OPCIÓN EN,,,doc_2022.pdf p.75,ficha_variable
2022,poblacion,cau_acti,C (1),5,Por violencia,"{1,...,6}",diarias por problemas emocionales o mentales La dificultad de (NOMBRE) para (OPCIÓN EN,,,doc_2022.pdf p.75,ficha_variable
2022,poblacion,cau_acti,C (1),6,Por otra causa,"{1,...,6}",diarias por problemas emocionales o mentales La dificultad de (NOMBRE) para (OPCIÓN EN,,,doc_2022.pdf p.75,ficha_variable
2022,poblacion,cau_apren,C (1),&,No especificado,"{1,...,6}","integrante del hogar para aprender, recordar o La dificultad de (NOMBRE) para (OPCIÓN EN concentrarse.",,,doc_2022.pdf p.74,ficha_variable
2022,poblacion,cau_apren,C (1),1,Por una enfermedad,"{1,...,6}","integrante del hogar para aprender, recordar o La dificultad de (NOMBRE) para (OPCIÓN EN concentrarse.",,,doc_2022.pdf p.74,ficha_variable
2022,poblacion,cau_apren,C (1),2,Por edad avanzada,"{1,...,6}","integrante del hogar para aprender, recordar o La dificultad de (NOMBRE) para (OPCIÓN EN concentrarse.",,,doc_2022.pdf p.74,ficha_variable
2022,poblacion,cau_apren,C (1),3,Porque nació así,"{1,...,6}","integrante del hogar para aprender, recordar o La dificultad de (NOMBRE) para (OPCIÓN EN concentrarse.",,,doc_2022.pdf p.74,ficha_variable
2022,poblacion,cau_apren,C (1),4,Por un accidente,"{1,...,6}","integrante del hogar para aprender, recordar o La dificultad de (NOMBRE) para (OPCIÓN EN concentrarse.",,,doc_2022.pdf p.74,ficha_variable
2022,poblacion,cau_apren,C (1),5,Por violencia,"{1,...,6}","integrante del hogar para aprender, recordar o La dificultad de (NOMBRE) para (OPCIÓN EN concentrarse.",,,doc_2022.pdf p.74,ficha_variable
2022,poblacion,cau_apren,C (1),6,Por otra causa,"{1,...,6}","integrante del hogar para aprender, recordar o La dificultad de (NOMBRE) para (OPCIÓN EN concentrarse.",,,doc_2022.pdf p.74,ficha_variable
2022,poblacion,cau_brazo,C (1),&,No especificado,"{1,...,6}",integrante del hogar para mover o usar brazos o La dificultad de (NOMBRE) para (OPCIÓN EN manos.,,,doc_2022.pdf p.74,ficha_variable
2022,poblacion,cau_brazo,C (1),1,Por una enfermedad,"{1,...,6}",integrante del hogar para mover o usar brazos o La dificultad de (NOMBRE) para (OPCIÓN EN manos.,,,doc_2022.pdf p.74,ficha_variable
2022,poblacion,cau_brazo,C (1),2,Por edad avanzada,"{1,...,6}",integrante del hogar para mover o usar brazos o La dificultad de (NOMBRE) para (OPCIÓN EN manos.,,,doc_2022.pdf p.74,ficha_variable
2022,poblacion,cau_brazo,C (1),3,Porque nació así,"{1,...,6}",integrante del hogar para mover o usar brazos o La dificultad de (NOMBRE) para (OPCIÓN EN manos.,,,doc_2022.pdf p.74,ficha_variable
2022,poblacion,cau_brazo,C (1),4,Por un accidente,"{1,...,6}",integrante del hogar para mover o usar brazos o La dificultad de (NOMBRE) para (OPCIÓN EN manos.,,,doc_2022.pdf p.74,ficha_variable
2022,poblacion,cau_brazo,C (1),5,Por violencia,"{1,...,6}",integrante del hogar para mover o usar brazos o La dificultad de (NOMBRE) para (OPCIÓN EN manos.,,,doc_2022.pdf p.74,ficha_variable
2022,poblacion,cau_brazo,C (1),6,Por otra causa,"{1,...,6}",integrante del hogar para mover o usar brazos o La dificultad de (NOMBRE) para (OPCIÓN EN manos.,,,doc_2022.pdf p.74,ficha_variable
2022,poblacion,cau_camin,C (1),&,No especificado,"{1,...,6}","integrante del hogar para caminar, subir o bajar La dificultad de (NOMBRE) para (OPCIÓN EN usando sus piernas.",,,doc_2022.pdf p.73,ficha_variable
2022,poblacion,cau_camin,C (1),1,Por una enfermedad,"{1,...,6}","integrante del hogar para caminar, subir o bajar La dificultad de (NOMBRE) para (OPCIÓN EN usando sus piernas.",,,doc_2022.pdf p.73,ficha_variable
2022,poblacion,cau_camin,C (1),2,Por edad avanzada,"{1,...,6}","integrante del hogar para caminar, subir o bajar La dificultad de (NOMBRE) para (OPCIÓN EN usando sus piernas.",,,doc_2022.pdf p.73,ficha_variable
2022,poblacion,cau_camin,C (1),3,Porque nació así,"{1,...,6}","integrante del hogar para caminar, subir o bajar La dificultad de (NOMBRE) para (OPCIÓN EN usando sus piernas.",,,doc_2022.pdf p.73,ficha_variable
2022,poblacion,cau_camin,C (1),4,Por un accidente,"{1,...,6}","integrante del hogar para caminar, subir o bajar La dificultad de (NOMBRE) para (OPCIÓN EN usando sus piernas.",,,doc_2022.pdf p.73,ficha_variable
2022,poblacion,cau_camin,C (1),5,Por violencia,"{1,...,6}","integrante del hogar para caminar, subir o bajar La dificultad de (NOMBRE) para (OPCIÓN EN usando sus piernas.",,,doc_2022.pdf p.73,ficha_variable
2022,poblacion,cau_habla,C (1),&,No especificado,"{1,...,6}",integrante del hogar para hablar o comunicarse.,,,doc_2022.pdf p.75,ficha_variable
2022,poblacion,cau_habla,C (1),1,Por una enfermedad,"{1,...,6}",integrante del hogar para hablar o comunicarse.,,,doc_2022.pdf p.75,ficha_variable
2022,poblacion,cau_habla,C (1),2,Por edad avanzada,"{1,...,6}",integrante del hogar para hablar o comunicarse.,,,doc_2022.pdf p.75,ficha_variable
2022,poblacion,cau_habla,C (1),3,Porque nació así,"{1,...,6}",integrante del hogar para hablar o comunicarse.,,,doc_2022.pdf p.75,ficha_variable
2022,poblacion,cau_habla,C (1),4,Por un accidente,"{1,...,6}",integrante del hogar para hablar o comunicarse.,,,doc_2022.pdf p.75,ficha_variable
2022,poblacion,cau_habla,C (1),5,Por violencia,"{1,...,6}",integrante del hogar para hablar o comunicarse.,,,doc_2022.pdf p.75,ficha_variable
2022,poblacion,cau_habla,C (1),6,Por otra causa,"{1,...,6}",integrante del hogar para hablar o comunicarse.,,,doc_2022.pdf p.75,ficha_variable
2022,poblacion,cau_oir,C (1),&,No especificado,"{1,...,6}",integrante de hogar para escuchar (aunque use La dificultad de (NOMBRE) para (OPCIÓN EN aparato auditivo).,,,doc_2022.pdf p.74,ficha_variable
2022,poblacion,cau_oir,C (1),1,Por una enfermedad,"{1,...,6}",integrante de hogar para escuchar (aunque use La dificultad de (NOMBRE) para (OPCIÓN EN aparato auditivo).,,,doc_2022.pdf p.74,ficha_variable
2022,poblacion,cau_oir,C (1),2,Por edad avanzada,"{1,...,6}",integrante de hogar para escuchar (aunque use La dificultad de (NOMBRE) para (OPCIÓN EN aparato auditivo).,,,doc_2022.pdf p.74,ficha_variable
2022,poblacion,cau_oir,C (1),3,Porque nació así,"{1,...,6}",integrante de hogar para escuchar (aunque use La dificultad de (NOMBRE) para (OPCIÓN EN aparato auditivo).,,,doc_2022.pdf p.74,ficha_variable
2022,poblacion,cau_oir,C (1),4,Por un accidente,"{1,...,6}",integrante de hogar para escuchar (aunque use La dificultad de (NOMBRE) para (OPCIÓN EN aparato auditivo).,,,doc_2022.pdf p.74,ficha_variable
2022,poblacion,cau_oir,C (1),5,Por violencia,"{1,...,6}",integrante de hogar para escuchar (aunque use La dificultad de (NOMBRE) para (OPCIÓN EN aparato auditivo).,,,doc_2022.pdf p.74,ficha_variable
2022,poblacion,cau_oir,C (1),6,Por otra causa,"{1,...,6}",integrante de hogar para escuchar (aunque use La dificultad de (NOMBRE) para (OPCIÓN EN aparato auditivo).,,,doc_2022.pdf p.74,ficha_variable
2022,poblacion,cau_ver,C (1),&,No especificado,"{1,...,6}",integrante del hogar para ver (aunque use La dificultad de (NOMBRE) para (OPCIÓN EN lentes).,,,doc_2022.pdf p.73,ficha_variable
2022,poblacion,cau_ver,C (1),1,Por una enfermedad,"{1,...,6}",integrante del hogar para ver (aunque use La dificultad de (NOMBRE) para (OPCIÓN EN lentes).,,,doc_2022.pdf p.73,ficha_variable
2022,poblacion,cau_ver,C (1),2,Por edad avanzada,"{1,...,6}",integrante del hogar para ver (aunque use La dificultad de (NOMBRE) para (OPCIÓN EN lentes).,,,doc_2022.pdf p.73,ficha_variable
2022,poblacion,cau_ver,C (1),3,Porque nació así,"{1,...,6}",integrante del hogar para ver (aunque use La dificultad de (NOMBRE) para (OPCIÓN EN lentes).,,,doc_2022.pdf p.73,ficha_variable
2022,poblacion,cau_ver,C (1),4,Por un accidente nóicpircseD .2202 y,"{1,...,6}",integrante del hogar para ver (aunque use La dificultad de (NOMBRE) para (OPCIÓN EN lentes).,,,doc_2022.pdf p.73,ficha_variable
2022,poblacion,cau_ver,C (1),5,Por violencia,"{1,...,6}",integrante del hogar para ver (aunque use La dificultad de (NOMBRE) para (OPCIÓN EN lentes).,,,doc_2022.pdf p.73,ficha_variable
2022,poblacion,cau_ver,C (1),6,Por otra causa,"{1,...,6}",integrante del hogar para ver (aunque use La dificultad de (NOMBRE) para (OPCIÓN EN lentes).,,,doc_2022.pdf p.73,ficha_variable
2022,poblacion,cau_vest,C (1),&,No especificado,"{1,...,6}","integrante del hogar para bañarse, vestirse o La dificultad de (NOMBRE) para (OPCIÓN EN comer.",,,doc_2022.pdf p.74,ficha_variable
2022,poblacion,cau_vest,C (1),1,Por una enfermedad,"{1,...,6}","integrante del hogar para bañarse, vestirse o La dificultad de (NOMBRE) para (OPCIÓN EN comer.",,,doc_2022.pdf p.74,ficha_variable
2022,poblacion,cau_vest,C (1),2,Por edad avanzada,"{1,...,6}","integrante del hogar para bañarse, vestirse o La dificultad de (NOMBRE) para (OPCIÓN EN comer.",,,doc_2022.pdf p.74,ficha_variable
2022,poblacion,cau_vest,C (1),3,Porque nació así,"{1,...,6}","integrante del hogar para bañarse, vestirse o La dificultad de (NOMBRE) para (OPCIÓN EN comer.",,,doc_2022.pdf p.74,ficha_variable
2022,poblacion,cau_vest,C (1),4,Por un accidente,"{1,...,6}","integrante del hogar para bañarse, vestirse o La dificultad de (NOMBRE) para (OPCIÓN EN comer.",,,doc_2022.pdf p.74,ficha_variable
2022,poblacion,cau_vest,C (1),5,Por violencia,"{1,...,6}","integrante del hogar para bañarse, vestirse o La dificultad de (NOMBRE) para (OPCIÓN EN comer.",,,doc_2022.pdf p.74,ficha_variable
2022,poblacion,cau_vest,C (1),6,Por otra causa,"{1,...,6}","integrante del hogar para bañarse, vestirse o La dificultad de (NOMBRE) para (OPCIÓN EN comer.",,,doc_2022.pdf p.74,ficha_variable
2022,poblacion,comprenind,C (1),1,Sí,"{1,2}",lengua indígena.,,,doc_2022.pdf p.76,ficha_variable
2022,poblacion,comprenind,C (1),2,No,"{1,2}",lengua indígena.,,,doc_2022.pdf p.76,ficha_variable
2022,poblacion,conyuge_id,C (2),&,No especificado,"{01,...,50}",del hogar de 12 o más años.,,,doc_2022.pdf p.80,ficha_variable
2022,poblacion,ct_futuro,C (1),1,Trabajo principal,"{1,…,3,8,9}",ingreso recibido por el programa Jóvenes ¿Declaró el ingreso de este programa Construyendo el Futuro.,,,doc_2022.pdf p.105,ficha_variable
2022,poblacion,ct_futuro,C (1),2,Trabajo secundario,"{1,…,3,8,9}",ingreso recibido por el programa Jóvenes ¿Declaró el ingreso de este programa Construyendo el Futuro.,,,doc_2022.pdf p.105,ficha_variable
2022,poblacion,ct_futuro,C (1),3,Otros trabajos del mes pasado,"{1,…,3,8,9}",ingreso recibido por el programa Jóvenes ¿Declaró el ingreso de este programa Construyendo el Futuro.,,,doc_2022.pdf p.105,ficha_variable
2022,poblacion,ct_futuro,C (1),8,Trabajos realizados antes del mes pasado,"{1,…,3,8,9}",ingreso recibido por el programa Jóvenes ¿Declaró el ingreso de este programa Construyendo el Futuro.,,,doc_2022.pdf p.105,ficha_variable
2022,poblacion,ct_futuro,C (1),9,"Sí tiene programa, pero no lo declaró como el trabajo nóicpircseD .2202 y","{1,…,3,8,9}",ingreso recibido por el programa Jóvenes ¿Declaró el ingreso de este programa Construyendo el Futuro.,,,doc_2022.pdf p.105,ficha_variable
2022,poblacion,diabetes,C (1),1,Sí,"{1,2}",¿En los últimos doce meses le han tomado alguna médicos preventivos asociados a la diabetes.,,,doc_2022.pdf p.102,ficha_variable
2022,poblacion,diabetes,C (1),2,No,"{1,2}",¿En los últimos doce meses le han tomado alguna médicos preventivos asociados a la diabetes.,,,doc_2022.pdf p.102,ficha_variable
2022,poblacion,disc_acti,C (1),&,No especificado,"{1,...,4}","hogar para realizar actividades diarias por Por algún problema de nacimiento o de salud, problemas emocionales o mentales (con ¿cuánta dificultad tiene (NOMBRE) para realizar sus autonomía e independencia).",,&,doc_2022.pdf p.73,ficha_variable
2022,poblacion,disc_acti,C (1),1,No puede hacerlo,"{1,...,4}","hogar para realizar actividades diarias por Por algún problema de nacimiento o de salud, problemas emocionales o mentales (con ¿cuánta dificultad tiene (NOMBRE) para realizar sus autonomía e independencia).",,1,doc_2022.pdf p.73,ficha_variable
2022,poblacion,disc_acti,C (1),2,Lo hace con mucha dificultad,"{1,...,4}","hogar para realizar actividades diarias por Por algún problema de nacimiento o de salud, problemas emocionales o mentales (con ¿cuánta dificultad tiene (NOMBRE) para realizar sus autonomía e independencia).",,2,doc_2022.pdf p.73,ficha_variable
2022,poblacion,disc_acti,C (1),3,Lo hace con poca dificultad,"{1,...,4}","hogar para realizar actividades diarias por Por algún problema de nacimiento o de salud, problemas emocionales o mentales (con ¿cuánta dificultad tiene (NOMBRE) para realizar sus autonomía e independencia).",,3,doc_2022.pdf p.73,ficha_variable
2022,poblacion,disc_acti,C (1),4,No tiene dificultad,"{1,...,4}","hogar para realizar actividades diarias por Por algún problema de nacimiento o de salud, problemas emocionales o mentales (con ¿cuánta dificultad tiene (NOMBRE) para realizar sus autonomía e independencia).",,4,doc_2022.pdf p.73,ficha_variable
2022,poblacion,disc_apren,C (1),&,No especificado,"{1,...,4}","hogar para aprender, recordar o concentrarse. Por algún problema de nacimiento o de salud,",,&,doc_2022.pdf p.72,ficha_variable
2022,poblacion,disc_apren,C (1),1,No puede hacerlo,"{1,...,4}","hogar para aprender, recordar o concentrarse. Por algún problema de nacimiento o de salud,",,1,doc_2022.pdf p.72,ficha_variable
2022,poblacion,disc_apren,C (1),2,Lo hace con mucha dificultad,"{1,...,4}","hogar para aprender, recordar o concentrarse. Por algún problema de nacimiento o de salud,",,2,doc_2022.pdf p.72,ficha_variable
2022,poblacion,disc_apren,C (1),3,Lo hace con poca dificultad,"{1,...,4}","hogar para aprender, recordar o concentrarse. Por algún problema de nacimiento o de salud,",,3,doc_2022.pdf p.72,ficha_variable
2022,poblacion,disc_apren,C (1),4,No tiene dificultad,"{1,...,4}","hogar para aprender, recordar o concentrarse. Por algún problema de nacimiento o de salud,",,4,doc_2022.pdf p.72,ficha_variable
2022,poblacion,disc_brazo,C (1),&,No especificado,"{1,...,4}","Discapacidad que presenta algún integrante del Por algún problema de nacimiento o de salud, hogar para mover o usar brazos o manos.",,&,doc_2022.pdf p.72,ficha_variable
2022,poblacion,disc_brazo,C (1),1,No puede hacerlo,"{1,...,4}","Discapacidad que presenta algún integrante del Por algún problema de nacimiento o de salud, hogar para mover o usar brazos o manos.",,1,doc_2022.pdf p.72,ficha_variable
2022,poblacion,disc_brazo,C (1),2,Lo hace con mucha dificultad,"{1,...,4}","Discapacidad que presenta algún integrante del Por algún problema de nacimiento o de salud, hogar para mover o usar brazos o manos.",,2,doc_2022.pdf p.72,ficha_variable
2022,poblacion,disc_brazo,C (1),3,Lo hace con poca dificultad,"{1,...,4}","Discapacidad que presenta algún integrante del Por algún problema de nacimiento o de salud, hogar para mover o usar brazos o manos.",,3,doc_2022.pdf p.72,ficha_variable
2022,poblacion,disc_brazo,C (1),4,No tiene dificultad,"{1,...,4}","Discapacidad que presenta algún integrante del Por algún problema de nacimiento o de salud, hogar para mover o usar brazos o manos.",,4,doc_2022.pdf p.72,ficha_variable
2022,poblacion,disc_camin,C (1),&,No especificado,"{1,...,4}","hogar para caminar, subir o bajar usando sus Por algún problema de nacimiento o de salud, piernas.",,&,doc_2022.pdf p.71,ficha_variable
2022,poblacion,disc_camin,C (1),1,No puede hacerlo,"{1,...,4}","hogar para caminar, subir o bajar usando sus Por algún problema de nacimiento o de salud, piernas.",,1,doc_2022.pdf p.71,ficha_variable
2022,poblacion,disc_camin,C (1),2,Lo hace con mucha dificultad,"{1,...,4}","hogar para caminar, subir o bajar usando sus Por algún problema de nacimiento o de salud, piernas.",,2,doc_2022.pdf p.71,ficha_variable
2022,poblacion,disc_camin,C (1),3,Lo hace con poca dificultad,"{1,...,4}","hogar para caminar, subir o bajar usando sus Por algún problema de nacimiento o de salud, piernas.",,3,doc_2022.pdf p.71,ficha_variable
2022,poblacion,disc_camin,C (1),4,No tiene dificultad,"{1,...,4}","hogar para caminar, subir o bajar usando sus Por algún problema de nacimiento o de salud, piernas.",,4,doc_2022.pdf p.71,ficha_variable
2022,poblacion,disc_habla,C (1),&,No especificado,"{1,...,4}","Por algún problema de nacimiento o de salud, hogar para hablar o comunicarse.",,&,doc_2022.pdf p.73,ficha_variable
2022,poblacion,disc_habla,C (1),1,No puede hacerlo,"{1,...,4}","Por algún problema de nacimiento o de salud, hogar para hablar o comunicarse.",,1,doc_2022.pdf p.73,ficha_variable
2022,poblacion,disc_habla,C (1),2,Lo hace con mucha dificultad,"{1,...,4}","Por algún problema de nacimiento o de salud, hogar para hablar o comunicarse.",,2,doc_2022.pdf p.73,ficha_variable
2022,poblacion,disc_habla,C (1),3,Lo hace con poca dificultad,"{1,...,4}","Por algún problema de nacimiento o de salud, hogar para hablar o comunicarse.",,3,doc_2022.pdf p.73,ficha_variable
2022,poblacion,disc_habla,C (1),4,No tiene dificultad,"{1,...,4}","Por algún problema de nacimiento o de salud, hogar para hablar o comunicarse.",,4,doc_2022.pdf p.73,ficha_variable
2022,poblacion,disc_oir,C (1),&,No especificado,"{1,...,4}","hogar para escuchar (aunque use aparato Por algún problema de nacimiento o de salud, auditivo).",,&,doc_2022.pdf p.72,ficha_variable
2022,poblacion,disc_oir,C (1),1,No puede hacerlo,"{1,...,4}","hogar para escuchar (aunque use aparato Por algún problema de nacimiento o de salud, auditivo).",,1,doc_2022.pdf p.72,ficha_variable
2022,poblacion,disc_oir,C (1),2,Lo hace con mucha dificultad,"{1,...,4}","hogar para escuchar (aunque use aparato Por algún problema de nacimiento o de salud, auditivo).",,2,doc_2022.pdf p.72,ficha_variable
2022,poblacion,disc_oir,C (1),3,Lo hace con poca dificultad,"{1,...,4}","hogar para escuchar (aunque use aparato Por algún problema de nacimiento o de salud, auditivo).",,3,doc_2022.pdf p.72,ficha_variable
2022,poblacion,disc_oir,C (1),4,No tiene dificultad,"{1,...,4}","hogar para escuchar (aunque use aparato Por algún problema de nacimiento o de salud, auditivo).",,4,doc_2022.pdf p.72,ficha_variable
2022,poblacion,disc_ver,C (1),&,No especificado,"{1,...,4}",hogar para ver (aunque use lentes).,,&,doc_2022.pdf p.71,ficha_variable
2022,poblacion,disc_ver,C (1),1,No puede hacerlo,"{1,...,4}",hogar para ver (aunque use lentes).,,1,doc_2022.pdf p.71,ficha_variable
2022,poblacion,disc_ver,C (1),2,Lo hace con mucha dificultad,"{1,...,4}",hogar para ver (aunque use lentes).,,2,doc_2022.pdf p.71,ficha_variable
2022,poblacion,disc_ver,C (1),3,Lo hace con poca dificultad,"{1,...,4}",hogar para ver (aunque use lentes).,,3,doc_2022.pdf p.71,ficha_variable
2022,poblacion,disc_ver,C (1),4,No tiene dificultad,"{1,...,4}",hogar para ver (aunque use lentes).,,4,doc_2022.pdf p.71,ficha_variable
2022,poblacion,disc_vest,C (1),&,No especificado,"{1,...,4}","Discapacidad que presenta algún integrante del Por algún problema de nacimiento o de salud, hogar para bañarse, vestirse o comer.",,&,doc_2022.pdf p.72,ficha_variable
2022,poblacion,disc_vest,C (1),1,No puede hacerlo,"{1,...,4}","Discapacidad que presenta algún integrante del Por algún problema de nacimiento o de salud, hogar para bañarse, vestirse o comer.",,1,doc_2022.pdf p.72,ficha_variable
2022,poblacion,disc_vest,C (1),2,Lo hace con mucha dificultad,"{1,...,4}","Discapacidad que presenta algún integrante del Por algún problema de nacimiento o de salud, hogar para bañarse, vestirse o comer.",,2,doc_2022.pdf p.72,ficha_variable
2022,poblacion,disc_vest,C (1),3,Lo hace con poca dificultad,"{1,...,4}","Discapacidad que presenta algún integrante del Por algún problema de nacimiento o de salud, hogar para bañarse, vestirse o comer.",,3,doc_2022.pdf p.72,ficha_variable
2022,poblacion,disc_vest,C (1),4,No tiene dificultad,"{1,...,4}","Discapacidad que presenta algún integrante del Por algún problema de nacimiento o de salud, hogar para bañarse, vestirse o comer.",,4,doc_2022.pdf p.72,ficha_variable
2022,poblacion,edo_conyug,C (1),1,Vive con su pareja o en unión libre,"{1,...,6}",o más años.,,,doc_2022.pdf p.80,ficha_variable
2022,poblacion,edo_conyug,C (1),2,Está casado(a),"{1,...,6}",o más años.,,,doc_2022.pdf p.80,ficha_variable
2022,poblacion,edo_conyug,C (1),3,Está separado(a),"{1,...,6}",o más años.,,,doc_2022.pdf p.80,ficha_variable
2022,poblacion,edo_conyug,C (1),4,Está divorciado(a),"{1,...,6}",o más años.,,,doc_2022.pdf p.80,ficha_variable
2022,poblacion,edo_conyug,C (1),5,Es viudo(a),"{1,...,6}",o más años.,,,doc_2022.pdf p.80,ficha_variable
2022,poblacion,edo_conyug,C (1),6,Está soltero(a),"{1,...,6}",o más años.,,,doc_2022.pdf p.80,ficha_variable
2022,poblacion,etnia,C (1),1,Sí,"{1,2}",su cultura se consideran indígenas.,,,doc_2022.pdf p.76,ficha_variable
2022,poblacion,etnia,C (1),2,No,"{1,2}",su cultura se consideran indígenas.,,,doc_2022.pdf p.76,ficha_variable
2022,poblacion,forma_b,C (1),1,Solo en dinero,"{1,...,5}",Forma en la que se recibió la beca escolar.,,,doc_2022.pdf p.78,ficha_variable
2022,poblacion,forma_b,C (1),2,Solo en artículos,"{1,...,5}",Forma en la que se recibió la beca escolar.,,,doc_2022.pdf p.78,ficha_variable
2022,poblacion,forma_b,C (1),3,En dinero y en artículos,"{1,...,5}",Forma en la que se recibió la beca escolar.,,,doc_2022.pdf p.78,ficha_variable
2022,poblacion,forma_b,C (1),4,No paga colegiatura,"{1,...,5}",Forma en la que se recibió la beca escolar.,,,doc_2022.pdf p.78,ficha_variable
2022,poblacion,forma_b,C (1),5,Solo paga parte de la colegiatura,"{1,...,5}",Forma en la que se recibió la beca escolar.,,,doc_2022.pdf p.78,ficha_variable
2022,poblacion,forma_c,C (1),&,No especificado,"{1,...,3}",Forma en la que se recibió el crédito educativo.,,,doc_2022.pdf p.79,ficha_variable
2022,poblacion,forma_c,C (1),1,Solo en dinero,"{1,...,3}",Forma en la que se recibió el crédito educativo.,,,doc_2022.pdf p.79,ficha_variable
2022,poblacion,forma_c,C (1),2,No paga colegiatura,"{1,...,3}",Forma en la que se recibió el crédito educativo.,,,doc_2022.pdf p.79,ficha_variable
2022,poblacion,forma_c,C (1),3,Solo paga parte de la colegiatura,"{1,...,3}",Forma en la que se recibió el crédito educativo.,,,doc_2022.pdf p.79,ficha_variable
2022,poblacion,grado,C (1),1,Primer año,"{1,...,6}",del hogar de 3 o más años dentro del Sistema Educativo Nacional.,,1,doc_2022.pdf p.77,ficha_variable
2022,poblacion,grado,C (1),2,Segundo año,"{1,...,6}",del hogar de 3 o más años dentro del Sistema Educativo Nacional.,,2,doc_2022.pdf p.77,ficha_variable
2022,poblacion,grado,C (1),3,Tercer año,"{1,...,6}",del hogar de 3 o más años dentro del Sistema Educativo Nacional.,,3,doc_2022.pdf p.77,ficha_variable
2022,poblacion,grado,C (1),4,Cuarto año,"{1,...,6}",del hogar de 3 o más años dentro del Sistema Educativo Nacional.,,4,doc_2022.pdf p.77,ficha_variable
2022,poblacion,grado,C (1),5,Quinto año,"{1,...,6}",del hogar de 3 o más años dentro del Sistema Educativo Nacional.,,5,doc_2022.pdf p.77,ficha_variable
2022,poblacion,grado,C (1),6,Sexto año,"{1,...,6}",del hogar de 3 o más años dentro del Sistema Educativo Nacional.,,6,doc_2022.pdf p.77,ficha_variable
2022,poblacion,gradoaprob,C (1),0,Ninguno,"{0,...,6}",integrante del hogar de 3 o más años dentro del Sistema Educativo Nacional. ¿Hasta qué año o grado aprobó (NOMBRE) en la,,0,doc_2022.pdf p.79,ficha_variable
2022,poblacion,gradoaprob,C (1),1,Primer año,"{0,...,6}",integrante del hogar de 3 o más años dentro del Sistema Educativo Nacional. ¿Hasta qué año o grado aprobó (NOMBRE) en la,,1,doc_2022.pdf p.79,ficha_variable
2022,poblacion,gradoaprob,C (1),2,Segundo año,"{0,...,6}",integrante del hogar de 3 o más años dentro del Sistema Educativo Nacional. ¿Hasta qué año o grado aprobó (NOMBRE) en la,,2,doc_2022.pdf p.79,ficha_variable
2022,poblacion,gradoaprob,C (1),3,Tercer año,"{0,...,6}",integrante del hogar de 3 o más años dentro del Sistema Educativo Nacional. ¿Hasta qué año o grado aprobó (NOMBRE) en la,,3,doc_2022.pdf p.79,ficha_variable
2022,poblacion,gradoaprob,C (1),4,Cuarto año,"{0,...,6}",integrante del hogar de 3 o más años dentro del Sistema Educativo Nacional. ¿Hasta qué año o grado aprobó (NOMBRE) en la,,4,doc_2022.pdf p.79,ficha_variable
2022,poblacion,gradoaprob,C (1),5,Quinto año,"{0,...,6}",integrante del hogar de 3 o más años dentro del Sistema Educativo Nacional. ¿Hasta qué año o grado aprobó (NOMBRE) en la,,5,doc_2022.pdf p.79,ficha_variable
2022,poblacion,gradoaprob,C (1),6,Sexto año,"{0,...,6}",integrante del hogar de 3 o más años dentro del Sistema Educativo Nacional. ¿Hasta qué año o grado aprobó (NOMBRE) en la,,6,doc_2022.pdf p.79,ficha_variable
2022,poblacion,hablaesp,C (1),1,Sí,"{1,2}",lengua indígena o dialecto que también habla español.,,,doc_2022.pdf p.76,ficha_variable
2022,poblacion,hablaesp,C (1),2,No,"{1,2}",lengua indígena o dialecto que también habla español.,,,doc_2022.pdf p.76,ficha_variable
2022,poblacion,hablaind,C (1),1,Sí,"{1,2}",lengua indígena o dialecto.,,,doc_2022.pdf p.75,ficha_variable
2022,poblacion,hablaind,C (1),2,No,"{1,2}",lengua indígena o dialecto.,,,doc_2022.pdf p.75,ficha_variable
2022,poblacion,inscr_1,C (1),1,Prestación en el trabajo nóicpircseD .2202 y,{1},personas a las instituciones de salud o que les otorgan alguna pensión.,,,doc_2022.pdf p.87,ficha_variable
2022,poblacion,inscr_2,C (1),2,Jubilación o invalidez,{2},personas a las instituciones de salud o que les otorgan alguna pensión.,,,doc_2022.pdf p.88,ficha_variable
2022,poblacion,inscr_3,C (1),3,Algún familiar en el hogar,{3},personas a las instituciones de salud o que les otorgan alguna pensión.,,,doc_2022.pdf p.88,ficha_variable
2022,poblacion,inscr_4,C (1),4,Muerte del asegurado,{4},personas a las instituciones de salud o que les otorgan alguna pensión.,,,doc_2022.pdf p.88,ficha_variable
2022,poblacion,inscr_5,C (1),5,Ser estudiante,{5},personas a las instituciones de salud o que les otorgan alguna pensión.,,,doc_2022.pdf p.88,ficha_variable
2022,poblacion,inscr_6,C (1),6,Contratación propia,{6},personas a las instituciones de salud o que les otorgan alguna pensión.,,,doc_2022.pdf p.88,ficha_variable
2022,poblacion,inscr_7,C (1),7,Algún familiar de otro hogar nóicpircseD .2202 y,{7},personas a las instituciones de salud o que les otorgan alguna pensión.,,,doc_2022.pdf p.88,ficha_variable
2022,poblacion,inscr_8,C (1),8,No sabe,{8},personas a las instituciones de salud o que les otorgan alguna pensión.,,,doc_2022.pdf p.89,ficha_variable
2022,poblacion,inst_1,C (1),1,En el IMSS nóicpircseD .2202 y,{1},la persona que está afiliada o inscrita.,,,doc_2022.pdf p.86,ficha_variable
2022,poblacion,inst_2,C (1),2,En el ISSSTE,{2},la persona que está afiliada o inscrita.,,,doc_2022.pdf p.87,ficha_variable
2022,poblacion,inst_3,C (1),3,En el ISSSTE estatal,{3},la persona que está afiliada o inscrita.,,,doc_2022.pdf p.87,ficha_variable
2022,poblacion,inst_4,C (1),4,"Por PEMEX, la defensa o la Marina",{4},la persona que está afiliada o inscrita.,,,doc_2022.pdf p.87,ficha_variable
2022,poblacion,inst_5,C (1),5,IMSS Prospera/IMSS Bienestar,{5},la persona que está afiliada o inscrita.,,,doc_2022.pdf p.87,ficha_variable
2022,poblacion,inst_6,,6,Otro,{6},la persona que está afiliada o inscrita.,,,doc_2022.pdf p.87,ficha_variable
2022,poblacion,lenguaind,C (4),0111,Paipai,Catálogo de lengua indígena,residentes de la vivienda de 3 años o más.,catalogo_lengua_indigena,,doc_2022.pdf p.259,catalogo_externo_pdf
2022,poblacion,lenguaind,C (4),0113,Cucapá,Catálogo de lengua indígena,residentes de la vivienda de 3 años o más.,catalogo_lengua_indigena,,doc_2022.pdf p.259,catalogo_externo_pdf
2022,poblacion,lenguaind,C (4),0115,Kumiai,Catálogo de lengua indígena,residentes de la vivienda de 3 años o más.,catalogo_lengua_indigena,,doc_2022.pdf p.259,catalogo_externo_pdf
2022,poblacion,lenguaind,C (4),0131,Chontal de Oaxaca,Catálogo de lengua indígena,residentes de la vivienda de 3 años o más.,catalogo_lengua_indigena,,doc_2022.pdf p.259,catalogo_externo_pdf
2022,poblacion,lenguaind,C (4),0200,Chinanteco,Catálogo de lengua indígena,residentes de la vivienda de 3 años o más.,catalogo_lengua_indigena,,doc_2022.pdf p.259,catalogo_externo_pdf
2022,poblacion,lenguaind,C (4),0211,Chinanteco de Ojitlán,Catálogo de lengua indígena,residentes de la vivienda de 3 años o más.,catalogo_lengua_indigena,,doc_2022.pdf p.259,catalogo_externo_pdf
2022,poblacion,lenguaind,C (4),0212,Chinanteco de Usila,Catálogo de lengua indígena,residentes de la vivienda de 3 años o más.,catalogo_lengua_indigena,,doc_2022.pdf p.259,catalogo_externo_pdf
2022,poblacion,lenguaind,C (4),0221,Chinanteco de Quiotepec,Catálogo de lengua indígena,residentes de la vivienda de 3 años o más.,catalogo_lengua_indigena,,doc_2022.pdf p.259,catalogo_externo_pdf
2022,poblacion,lenguaind,C (4),0222,Chinanteco de Yolox,Catálogo de lengua indígena,residentes de la vivienda de 3 años o más.,catalogo_lengua_indigena,,doc_2022.pdf p.259,catalogo_externo_pdf
2022,poblacion,lenguaind,C (4),0232,Chinanteco de Valle Nacional,Catálogo de lengua indígena,residentes de la vivienda de 3 años o más.,catalogo_lengua_indigena,,doc_2022.pdf p.259,catalogo_externo_pdf
2022,poblacion,lenguaind,C (4),0241,Chinanteco de Lalana,Catálogo de lengua indígena,residentes de la vivienda de 3 años o más.,catalogo_lengua_indigena,,doc_2022.pdf p.259,catalogo_externo_pdf
2022,poblacion,lenguaind,C (4),0311,Pame,Catálogo de lengua indígena,residentes de la vivienda de 3 años o más.,catalogo_lengua_indigena,,doc_2022.pdf p.259,catalogo_externo_pdf
2022,poblacion,lenguaind,C (4),0321,Chichimeca Jonaz,Catálogo de lengua indígena,residentes de la vivienda de 3 años o más.,catalogo_lengua_indigena,,doc_2022.pdf p.259,catalogo_externo_pdf
2022,poblacion,lenguaind,C (4),0331,Otomí,Catálogo de lengua indígena,residentes de la vivienda de 3 años o más.,catalogo_lengua_indigena,,doc_2022.pdf p.259,catalogo_externo_pdf
2022,poblacion,lenguaind,C (4),0332,Mazahua,Catálogo de lengua indígena,residentes de la vivienda de 3 años o más.,catalogo_lengua_indigena,,doc_2022.pdf p.259,catalogo_externo_pdf
2022,poblacion,lenguaind,C (4),0400,Zapoteco,Catálogo de lengua indígena,residentes de la vivienda de 3 años o más.,catalogo_lengua_indigena,,doc_2022.pdf p.259,catalogo_externo_pdf
2022,poblacion,lenguaind,C (4),0411,Zapoteco de Ixtlán,Catálogo de lengua indígena,residentes de la vivienda de 3 años o más.,catalogo_lengua_indigena,,doc_2022.pdf p.259,catalogo_externo_pdf
2022,poblacion,lenguaind,C (4),0412,Zapoteco Vijano,Catálogo de lengua indígena,residentes de la vivienda de 3 años o más.,catalogo_lengua_indigena,,doc_2022.pdf p.259,catalogo_externo_pdf
2022,poblacion,lenguaind,C (4),0413,Zapoteco del Rincón,Catálogo de lengua indígena,residentes de la vivienda de 3 años o más.,catalogo_lengua_indigena,,doc_2022.pdf p.259,catalogo_externo_pdf
2022,poblacion,lenguaind,C (4),0421,Zapoteco Vallista,Catálogo de lengua indígena,residentes de la vivienda de 3 años o más.,catalogo_lengua_indigena,,doc_2022.pdf p.259,catalogo_externo_pdf
2022,poblacion,lenguaind,C (4),0422,Zapoteco del Istmo,Catálogo de lengua indígena,residentes de la vivienda de 3 años o más.,catalogo_lengua_indigena,,doc_2022.pdf p.259,catalogo_externo_pdf
2022,poblacion,lenguaind,C (4),0431,Zapoteco de Cuixtla,Catálogo de lengua indígena,residentes de la vivienda de 3 años o más.,catalogo_lengua_indigena,,doc_2022.pdf p.259,catalogo_externo_pdf
2022,poblacion,lenguaind,C (4),0432,Solteco,Catálogo de lengua indígena,residentes de la vivienda de 3 años o más.,catalogo_lengua_indigena,,doc_2022.pdf p.259,catalogo_externo_pdf
2022,poblacion,lenguaind,C (4),0433,Zapoteco Sureño,Catálogo de lengua indígena,residentes de la vivienda de 3 años o más.,catalogo_lengua_indigena,,doc_2022.pdf p.259,catalogo_externo_pdf
2022,poblacion,lenguaind,C (4),0441,Chatino,Catálogo de lengua indígena,residentes de la vivienda de 3 años o más.,catalogo_lengua_indigena,,doc_2022.pdf p.259,catalogo_externo_pdf
2022,poblacion,lenguaind,C (4),0450,Mixteco,Catálogo de lengua indígena,residentes de la vivienda de 3 años o más.,catalogo_lengua_indigena,,doc_2022.pdf p.259,catalogo_externo_pdf
2022,poblacion,lenguaind,C (4),0451,Mixteco de la Costa,Catálogo de lengua indígena,residentes de la vivienda de 3 años o más.,catalogo_lengua_indigena,,doc_2022.pdf p.259,catalogo_externo_pdf
2022,poblacion,lenguaind,C (4),0452,Mixteco de la Mixteca Alta,Catálogo de lengua indígena,residentes de la vivienda de 3 años o más.,catalogo_lengua_indigena,,doc_2022.pdf p.259,catalogo_externo_pdf
2022,poblacion,lenguaind,C (4),0453,Mixteco de la Mixteca Baja,Catálogo de lengua indígena,residentes de la vivienda de 3 años o más.,catalogo_lengua_indigena,,doc_2022.pdf p.259,catalogo_externo_pdf
2022,poblacion,lenguaind,C (4),0454,Mixteco de la Zona Mazateca,Catálogo de lengua indígena,residentes de la vivienda de 3 años o más.,catalogo_lengua_indigena,,doc_2022.pdf p.259,catalogo_externo_pdf
2022,poblacion,lenguaind,C (4),0455,Mixteco de Puebla,Catálogo de lengua indígena,residentes de la vivienda de 3 años o más.,catalogo_lengua_indigena,,doc_2022.pdf p.259,catalogo_externo_pdf
2022,poblacion,lenguaind,C (4),0456,Tacuate,Catálogo de lengua indígena,residentes de la vivienda de 3 años o más.,catalogo_lengua_indigena,,doc_2022.pdf p.259,catalogo_externo_pdf
2022,poblacion,lenguaind,C (4),0461,Cuicateco,Catálogo de lengua indígena,residentes de la vivienda de 3 años o más.,catalogo_lengua_indigena,,doc_2022.pdf p.259,catalogo_externo_pdf
2022,poblacion,lenguaind,C (4),0471,Triqui,Catálogo de lengua indígena,residentes de la vivienda de 3 años o más.,catalogo_lengua_indigena,,doc_2022.pdf p.259,catalogo_externo_pdf
2022,poblacion,lenguaind,C (4),0481,Amuzgo,Catálogo de lengua indígena,residentes de la vivienda de 3 años o más.,catalogo_lengua_indigena,,doc_2022.pdf p.259,catalogo_externo_pdf
2022,poblacion,lenguaind,C (4),0482,Amuzgo de Guerrero,Catálogo de lengua indígena,residentes de la vivienda de 3 años o más.,catalogo_lengua_indigena,,doc_2022.pdf p.259,catalogo_externo_pdf
2022,poblacion,lenguaind,C (4),0483,Amuzgo de Oaxaca,Catálogo de lengua indígena,residentes de la vivienda de 3 años o más.,catalogo_lengua_indigena,,doc_2022.pdf p.259,catalogo_externo_pdf
2022,poblacion,lenguaind,C (4),0491,Mazateco,Catálogo de lengua indígena,residentes de la vivienda de 3 años o más.,catalogo_lengua_indigena,,doc_2022.pdf p.259,catalogo_externo_pdf
2022,poblacion,lenguaind,C (4),0492,Chocho (CHOCHOLTECO),Catálogo de lengua indígena,residentes de la vivienda de 3 años o más.,catalogo_lengua_indigena,,doc_2022.pdf p.259,catalogo_externo_pdf
2022,poblacion,lenguaind,C (4),0494,Popoloca,Catálogo de lengua indígena,residentes de la vivienda de 3 años o más.,catalogo_lengua_indigena,,doc_2022.pdf p.259,catalogo_externo_pdf
2022,poblacion,lenguaind,C (4),0511,Huave,Catálogo de lengua indígena,residentes de la vivienda de 3 años o más.,catalogo_lengua_indigena,,doc_2022.pdf p.259,catalogo_externo_pdf
2022,poblacion,lenguaind,C (4),0611,Tlapaneco,Catálogo de lengua indígena,residentes de la vivienda de 3 años o más.,catalogo_lengua_indigena,,doc_2022.pdf p.259,catalogo_externo_pdf
2022,poblacion,lenguaind,C (4),0711,Totonaca (TOTONACO),Catálogo de lengua indígena,residentes de la vivienda de 3 años o más.,catalogo_lengua_indigena,,doc_2022.pdf p.259,catalogo_externo_pdf
2022,poblacion,lenguaind,C (4),0712,Tepehua,Catálogo de lengua indígena,residentes de la vivienda de 3 años o más.,catalogo_lengua_indigena,,doc_2022.pdf p.259,catalogo_externo_pdf
2022,poblacion,lenguaind,C (4),0800,Popoluca nóicpircseD .2202 y,Catálogo de lengua indígena,residentes de la vivienda de 3 años o más.,catalogo_lengua_indigena,,doc_2022.pdf p.259,catalogo_externo_pdf
2022,poblacion,lenguaind,C (4),0811,Mixe,Catálogo de lengua indígena,residentes de la vivienda de 3 años o más.,catalogo_lengua_indigena,,doc_2022.pdf p.260,catalogo_externo_pdf
2022,poblacion,lenguaind,C (4),0812,Popoluca de Oluta,Catálogo de lengua indígena,residentes de la vivienda de 3 años o más.,catalogo_lengua_indigena,,doc_2022.pdf p.260,catalogo_externo_pdf
2022,poblacion,lenguaind,C (4),0821,Popoluca de la Sierra,Catálogo de lengua indígena,residentes de la vivienda de 3 años o más.,catalogo_lengua_indigena,,doc_2022.pdf p.260,catalogo_externo_pdf
2022,poblacion,lenguaind,C (4),0823,Zoque,Catálogo de lengua indígena,residentes de la vivienda de 3 años o más.,catalogo_lengua_indigena,,doc_2022.pdf p.260,catalogo_externo_pdf
2022,poblacion,lenguaind,C (4),0911,Huasteco,Catálogo de lengua indígena,residentes de la vivienda de 3 años o más.,catalogo_lengua_indigena,,doc_2022.pdf p.260,catalogo_externo_pdf
2022,poblacion,lenguaind,C (4),0921,Lacandón,Catálogo de lengua indígena,residentes de la vivienda de 3 años o más.,catalogo_lengua_indigena,,doc_2022.pdf p.260,catalogo_externo_pdf
2022,poblacion,lenguaind,C (4),0922,Maya,Catálogo de lengua indígena,residentes de la vivienda de 3 años o más.,catalogo_lengua_indigena,,doc_2022.pdf p.260,catalogo_externo_pdf
2022,poblacion,lenguaind,C (4),0931,Chol (CH´OL),Catálogo de lengua indígena,residentes de la vivienda de 3 años o más.,catalogo_lengua_indigena,,doc_2022.pdf p.260,catalogo_externo_pdf
2022,poblacion,lenguaind,C (4),0932,Chontal de Tabasco,Catálogo de lengua indígena,residentes de la vivienda de 3 años o más.,catalogo_lengua_indigena,,doc_2022.pdf p.260,catalogo_externo_pdf
2022,poblacion,lenguaind,C (4),0933,Tzeltal (TSELTAL),Catálogo de lengua indígena,residentes de la vivienda de 3 años o más.,catalogo_lengua_indigena,,doc_2022.pdf p.260,catalogo_externo_pdf
2022,poblacion,lenguaind,C (4),0934,Tzotzil (TSOTSIL),Catálogo de lengua indígena,residentes de la vivienda de 3 años o más.,catalogo_lengua_indigena,,doc_2022.pdf p.260,catalogo_externo_pdf
2022,poblacion,lenguaind,C (4),0935,Tojolabal,Catálogo de lengua indígena,residentes de la vivienda de 3 años o más.,catalogo_lengua_indigena,,doc_2022.pdf p.260,catalogo_externo_pdf
2022,poblacion,lenguaind,C (4),0936,Chuj,Catálogo de lengua indígena,residentes de la vivienda de 3 años o más.,catalogo_lengua_indigena,,doc_2022.pdf p.260,catalogo_externo_pdf
2022,poblacion,lenguaind,C (4),0941,Mame (MAM),Catálogo de lengua indígena,residentes de la vivienda de 3 años o más.,catalogo_lengua_indigena,,doc_2022.pdf p.260,catalogo_externo_pdf
2022,poblacion,lenguaind,C (4),0942,Ixil,Catálogo de lengua indígena,residentes de la vivienda de 3 años o más.,catalogo_lengua_indigena,,doc_2022.pdf p.260,catalogo_externo_pdf
2022,poblacion,lenguaind,C (4),0961,Kanjobal (Q´ANJOB´AL),Catálogo de lengua indígena,residentes de la vivienda de 3 años o más.,catalogo_lengua_indigena,,doc_2022.pdf p.260,catalogo_externo_pdf
2022,poblacion,lenguaind,C (4),0971,Quiché (K´ICHE´),Catálogo de lengua indígena,residentes de la vivienda de 3 años o más.,catalogo_lengua_indigena,,doc_2022.pdf p.260,catalogo_externo_pdf
2022,poblacion,lenguaind,C (4),0972,Cakchiquel (KAQCHIKEL),Catálogo de lengua indígena,residentes de la vivienda de 3 años o más.,catalogo_lengua_indigena,,doc_2022.pdf p.260,catalogo_externo_pdf
2022,poblacion,lenguaind,C (4),0981,Kekchi (Q´EQCHI´),Catálogo de lengua indígena,residentes de la vivienda de 3 años o más.,catalogo_lengua_indigena,,doc_2022.pdf p.260,catalogo_externo_pdf
2022,poblacion,lenguaind,C (4),1011,Pima,Catálogo de lengua indígena,residentes de la vivienda de 3 años o más.,catalogo_lengua_indigena,,doc_2022.pdf p.260,catalogo_externo_pdf
2022,poblacion,lenguaind,C (4),1012,Pápago,Catálogo de lengua indígena,residentes de la vivienda de 3 años o más.,catalogo_lengua_indigena,,doc_2022.pdf p.260,catalogo_externo_pdf
2022,poblacion,lenguaind,C (4),1013,Tepehuano,Catálogo de lengua indígena,residentes de la vivienda de 3 años o más.,catalogo_lengua_indigena,,doc_2022.pdf p.260,catalogo_externo_pdf
2022,poblacion,lenguaind,C (4),1014,Tepehuano de Chihuahua (TEPEHUANO del Norte),Catálogo de lengua indígena,residentes de la vivienda de 3 años o más.,catalogo_lengua_indigena,,doc_2022.pdf p.260,catalogo_externo_pdf
2022,poblacion,lenguaind,C (4),1015,Tepehuano de Durango (TEPEHUANO del Sur),Catálogo de lengua indígena,residentes de la vivienda de 3 años o más.,catalogo_lengua_indigena,,doc_2022.pdf p.260,catalogo_externo_pdf
2022,poblacion,lenguaind,C (4),1021,Tarahumara,Catálogo de lengua indígena,residentes de la vivienda de 3 años o más.,catalogo_lengua_indigena,,doc_2022.pdf p.260,catalogo_externo_pdf
2022,poblacion,lenguaind,C (4),1022,Mayo,Catálogo de lengua indígena,residentes de la vivienda de 3 años o más.,catalogo_lengua_indigena,,doc_2022.pdf p.260,catalogo_externo_pdf
2022,poblacion,lenguaind,C (4),1023,Yaqui,Catálogo de lengua indígena,residentes de la vivienda de 3 años o más.,catalogo_lengua_indigena,,doc_2022.pdf p.260,catalogo_externo_pdf
2022,poblacion,lenguaind,C (4),1024,Guarijío,Catálogo de lengua indígena,residentes de la vivienda de 3 años o más.,catalogo_lengua_indigena,,doc_2022.pdf p.260,catalogo_externo_pdf
2022,poblacion,lenguaind,C (4),1031,Cora,Catálogo de lengua indígena,residentes de la vivienda de 3 años o más.,catalogo_lengua_indigena,,doc_2022.pdf p.260,catalogo_externo_pdf
2022,poblacion,lenguaind,C (4),1032,Huichol,Catálogo de lengua indígena,residentes de la vivienda de 3 años o más.,catalogo_lengua_indigena,,doc_2022.pdf p.260,catalogo_externo_pdf
2022,poblacion,lenguaind,C (4),1041,Náhuatl,Catálogo de lengua indígena,residentes de la vivienda de 3 años o más.,catalogo_lengua_indigena,,doc_2022.pdf p.260,catalogo_externo_pdf
2022,poblacion,lenguaind,C (4),1111,Purépecha (TARASCO),Catálogo de lengua indígena,residentes de la vivienda de 3 años o más.,catalogo_lengua_indigena,,doc_2022.pdf p.260,catalogo_externo_pdf
2022,poblacion,lenguaind,C (4),1311,Chontal,Catálogo de lengua indígena,residentes de la vivienda de 3 años o más.,catalogo_lengua_indigena,,doc_2022.pdf p.260,catalogo_externo_pdf
2022,poblacion,lenguaind,C (4),1999,Lengua no especificada,Catálogo de lengua indígena,residentes de la vivienda de 3 años o más.,catalogo_lengua_indigena,,doc_2022.pdf p.260,catalogo_externo_pdf
2022,poblacion,lenguaind,C (4),5024,Chiapaneco,Catálogo de lengua indígena,residentes de la vivienda de 3 años o más.,catalogo_lengua_indigena,,doc_2022.pdf p.260,catalogo_externo_pdf
2022,poblacion,lenguaind,C (4),5025,Chicomucelteco,Catálogo de lengua indígena,residentes de la vivienda de 3 años o más.,catalogo_lengua_indigena,,doc_2022.pdf p.260,catalogo_externo_pdf
2022,poblacion,lenguaind,C (4),5050,Guachichil,Catálogo de lengua indígena,residentes de la vivienda de 3 años o más.,catalogo_lengua_indigena,,doc_2022.pdf p.260,catalogo_externo_pdf
2022,poblacion,lenguaind,C (4),5053,Guaycura,Catálogo de lengua indígena,residentes de la vivienda de 3 años o más.,catalogo_lengua_indigena,,doc_2022.pdf p.260,catalogo_externo_pdf
2022,poblacion,lenguaind,C (4),5098,Teco (TEKO),Catálogo de lengua indígena,residentes de la vivienda de 3 años o más.,catalogo_lengua_indigena,,doc_2022.pdf p.260,catalogo_externo_pdf
2022,poblacion,lenguaind,C (4),5513,Aymara,Catálogo de lengua indígena,residentes de la vivienda de 3 años o más.,catalogo_lengua_indigena,,doc_2022.pdf p.260,catalogo_externo_pdf
2022,poblacion,lenguaind,C (4),5544,Guaymi,Catálogo de lengua indígena,residentes de la vivienda de 3 años o más.,catalogo_lengua_indigena,,doc_2022.pdf p.260,catalogo_externo_pdf
2022,poblacion,lenguaind,C (4),5551,Quechua,Catálogo de lengua indígena,residentes de la vivienda de 3 años o más.,catalogo_lengua_indigena,,doc_2022.pdf p.260,catalogo_externo_pdf
2022,poblacion,lenguaind,C (4),5556,Mayu,Catálogo de lengua indígena,residentes de la vivienda de 3 años o más.,catalogo_lengua_indigena,,doc_2022.pdf p.260,catalogo_externo_pdf
2022,poblacion,lenguaind,C (4),5603,Otras lenguas indígenas de América,Catálogo de lengua indígena,residentes de la vivienda de 3 años o más.,catalogo_lengua_indigena,,doc_2022.pdf p.260,catalogo_externo_pdf
2022,poblacion,lenguaind,C (4),9999,Lengua indígena no especificada nóicpircseD .2202 y,Catálogo de lengua indígena,residentes de la vivienda de 3 años o más.,catalogo_lengua_indigena,,doc_2022.pdf p.260,catalogo_externo_pdf
2022,poblacion,madre_hog,C (1),1,Sí,"{1,2}",hogar.,,,doc_2022.pdf p.70,ficha_variable
2022,poblacion,madre_hog,C (1),2,No,"{1,2}",hogar.,,,doc_2022.pdf p.70,ficha_variable
2022,poblacion,madre_id,C (2),&,No especificado,Sección y/o apartado Sección III,Número de renglón correspondiente a la madre.,,,doc_2022.pdf p.71,ficha_variable
2022,poblacion,motivo_aus,C (2),01,Huelga o paro laboral,"{01,...,13}",hogar no trabajó el mes pasado.,,,doc_2022.pdf p.104,ficha_variable
2022,poblacion,motivo_aus,C (2),02,Paro técnico,"{01,...,13}",hogar no trabajó el mes pasado.,,,doc_2022.pdf p.104,ficha_variable
2022,poblacion,motivo_aus,C (2),03,Suspensión temporal de sus funciones,"{01,...,13}",hogar no trabajó el mes pasado.,,,doc_2022.pdf p.104,ficha_variable
2022,poblacion,motivo_aus,C (2),04,Asistencia a cursos de capacitación,"{01,...,13}",hogar no trabajó el mes pasado.,,,doc_2022.pdf p.104,ficha_variable
2022,poblacion,motivo_aus,C (2),05,Vacaciones,"{01,...,13}",hogar no trabajó el mes pasado.,,,doc_2022.pdf p.104,ficha_variable
2022,poblacion,motivo_aus,C (2),06,"Permiso, enfermedad o arreglo de asuntos personales","{01,...,13}",hogar no trabajó el mes pasado.,,,doc_2022.pdf p.104,ficha_variable
2022,poblacion,motivo_aus,C (2),07,Falta de vehículo o descompostura de máquina,"{01,...,13}",hogar no trabajó el mes pasado.,,,doc_2022.pdf p.104,ficha_variable
2022,poblacion,motivo_aus,C (2),08,"Falta de materias primas, financiamiento o clientes","{01,...,13}",hogar no trabajó el mes pasado.,,,doc_2022.pdf p.104,ficha_variable
2022,poblacion,motivo_aus,C (2),09,Mal tiempo o fenómeno natural,"{01,...,13}",hogar no trabajó el mes pasado.,,,doc_2022.pdf p.104,ficha_variable
2022,poblacion,motivo_aus,C (2),10,Término de temporada de trabajo o cultivo,"{01,...,13}",hogar no trabajó el mes pasado.,,,doc_2022.pdf p.104,ficha_variable
2022,poblacion,motivo_aus,C (2),11,Comenzará un trabajo o negocio nuevo,"{01,...,13}",hogar no trabajó el mes pasado.,,,doc_2022.pdf p.104,ficha_variable
2022,poblacion,motivo_aus,C (2),12,Otra razón,"{01,...,13}",hogar no trabajó el mes pasado.,,,doc_2022.pdf p.104,ficha_variable
2022,poblacion,motivo_aus,C (2),13,Ninguna de las anteriores nóicpircseD .2202 y,"{01,...,13}",hogar no trabajó el mes pasado.,,,doc_2022.pdf p.104,ficha_variable
2022,poblacion,nivel,C (1),01,Preescolar,"{01,...,13}",hogar de 3 o más años dentro del Sistema Educativo Nacional.,,01,doc_2022.pdf p.77,ficha_variable
2022,poblacion,nivel,C (1),02,Estancias infantiles,"{01,...,13}",hogar de 3 o más años dentro del Sistema Educativo Nacional.,,02,doc_2022.pdf p.77,ficha_variable
2022,poblacion,nivel,C (1),03,"Guarderías públicas (IMSS, ISSSTE, SEDENA, SEMAR, PEMEX)","{01,...,13}",hogar de 3 o más años dentro del Sistema Educativo Nacional.,,03,doc_2022.pdf p.77,ficha_variable
2022,poblacion,nivel,C (1),04,Centro de Desarrollo Infantil (CENDI) o Centro Asistencial de Desarrollo Infantil (CADI),"{01,...,13}",hogar de 3 o más años dentro del Sistema Educativo Nacional.,,04,doc_2022.pdf p.77,ficha_variable
2022,poblacion,nivel,C (1),05,Otras guarderías,"{01,...,13}",hogar de 3 o más años dentro del Sistema Educativo Nacional.,,05,doc_2022.pdf p.77,ficha_variable
2022,poblacion,nivel,C (1),06,Primaria,"{01,...,13}",hogar de 3 o más años dentro del Sistema Educativo Nacional.,,06,doc_2022.pdf p.77,ficha_variable
2022,poblacion,nivel,C (1),07,Secundaria,"{01,...,13}",hogar de 3 o más años dentro del Sistema Educativo Nacional.,,07,doc_2022.pdf p.77,ficha_variable
2022,poblacion,nivel,C (1),08,Carrera técnica con secundaria terminada,"{01,...,13}",hogar de 3 o más años dentro del Sistema Educativo Nacional.,,08,doc_2022.pdf p.77,ficha_variable
2022,poblacion,nivel,C (1),09,Preparatoria o bachillerato,"{01,...,13}",hogar de 3 o más años dentro del Sistema Educativo Nacional.,,09,doc_2022.pdf p.77,ficha_variable
2022,poblacion,nivel,C (1),10,Carrera técnica con preparatoria terminada,"{01,...,13}",hogar de 3 o más años dentro del Sistema Educativo Nacional.,,10,doc_2022.pdf p.77,ficha_variable
2022,poblacion,nivel,C (1),11,Normal,"{01,...,13}",hogar de 3 o más años dentro del Sistema Educativo Nacional.,,11,doc_2022.pdf p.77,ficha_variable
2022,poblacion,nivel,C (1),12,Profesional,"{01,...,13}",hogar de 3 o más años dentro del Sistema Educativo Nacional.,,12,doc_2022.pdf p.77,ficha_variable
2022,poblacion,nivel,C (1),13,Maestría o doctorado,"{01,...,13}",hogar de 3 o más años dentro del Sistema Educativo Nacional.,,13,doc_2022.pdf p.77,ficha_variable
2022,poblacion,nivelaprob,C (1),0,Ninguno,"{0,...,9}",integrante del hogar de 3 o más años dentro del ¿Hasta qué año o grado aprobó (NOMBRE) en la Sistema Educativo Nacional.,,0,doc_2022.pdf p.79,ficha_variable
2022,poblacion,nivelaprob,C (1),1,Preescolar,"{0,...,9}",integrante del hogar de 3 o más años dentro del ¿Hasta qué año o grado aprobó (NOMBRE) en la Sistema Educativo Nacional.,,1,doc_2022.pdf p.79,ficha_variable
2022,poblacion,nivelaprob,C (1),2,Primaria,"{0,...,9}",integrante del hogar de 3 o más años dentro del ¿Hasta qué año o grado aprobó (NOMBRE) en la Sistema Educativo Nacional.,,2,doc_2022.pdf p.79,ficha_variable
2022,poblacion,nivelaprob,C (1),3,Secundaria,"{0,...,9}",integrante del hogar de 3 o más años dentro del ¿Hasta qué año o grado aprobó (NOMBRE) en la Sistema Educativo Nacional.,,3,doc_2022.pdf p.79,ficha_variable
2022,poblacion,nivelaprob,C (1),4,Preparatoria o bachillerato,"{0,...,9}",integrante del hogar de 3 o más años dentro del ¿Hasta qué año o grado aprobó (NOMBRE) en la Sistema Educativo Nacional.,,4,doc_2022.pdf p.79,ficha_variable
2022,poblacion,nivelaprob,C (1),5,Normal,"{0,...,9}",integrante del hogar de 3 o más años dentro del ¿Hasta qué año o grado aprobó (NOMBRE) en la Sistema Educativo Nacional.,,5,doc_2022.pdf p.79,ficha_variable
2022,poblacion,nivelaprob,C (1),6,Carrera técnica o comercial,"{0,...,9}",integrante del hogar de 3 o más años dentro del ¿Hasta qué año o grado aprobó (NOMBRE) en la Sistema Educativo Nacional.,,6,doc_2022.pdf p.79,ficha_variable
2022,poblacion,nivelaprob,C (1),7,Profesional,"{0,...,9}",integrante del hogar de 3 o más años dentro del ¿Hasta qué año o grado aprobó (NOMBRE) en la Sistema Educativo Nacional.,,7,doc_2022.pdf p.79,ficha_variable
2022,poblacion,nivelaprob,C (1),8,Maestría,"{0,...,9}",integrante del hogar de 3 o más años dentro del ¿Hasta qué año o grado aprobó (NOMBRE) en la Sistema Educativo Nacional.,,8,doc_2022.pdf p.79,ficha_variable
2022,poblacion,nivelaprob,C (1),9,Doctorado,"{0,...,9}",integrante del hogar de 3 o más años dentro del ¿Hasta qué año o grado aprobó (NOMBRE) en la Sistema Educativo Nacional.,,9,doc_2022.pdf p.79,ficha_variable
2022,poblacion,noatenc_1,C (2),01,No hay donde atenderse,{01},cuando lo requiere.,,,doc_2022.pdf p.94,ficha_variable
2022,poblacion,noatenc_10,C (2),10,La unidad médica no estaba abierta,{10},cuando lo requiere.,,,doc_2022.pdf p.96,ficha_variable
2022,poblacion,noatenc_11,C (2),11,No había médico en la unidad,{11},cuando lo requiere.,,,doc_2022.pdf p.96,ficha_variable
2022,poblacion,noatenc_12,C (2),12,Se lo impidió un integrante del hogar,{12},cuando lo requiere.,,,doc_2022.pdf p.96,ficha_variable
2022,poblacion,noatenc_13,C (2),13,No tuvo tiempo,{13},cuando lo requiere.,,,doc_2022.pdf p.97,ficha_variable
2022,poblacion,noatenc_14,C (2),14,No hubo quién lo llevara,{14},cuando lo requiere.,,,doc_2022.pdf p.97,ficha_variable
2022,poblacion,noatenc_15,C (2),15,No quiso o no era necesario,{15},cuando lo requiere.,,,doc_2022.pdf p.97,ficha_variable
2022,poblacion,noatenc_16,C (2),16,Se automedicó o autorecetó,{16},cuando lo requiere.,,,doc_2022.pdf p.97,ficha_variable
2022,poblacion,noatenc_2,C (2),02,No tenía dinero,{02},cuando lo requiere.,,,doc_2022.pdf p.94,ficha_variable
2022,poblacion,noatenc_3,C (2),03,La clínica u hospital queda lejos,{03},cuando lo requiere.,,,doc_2022.pdf p.95,ficha_variable
2022,poblacion,noatenc_4,C (2),04,No lo(la) atienden aunque vaya a la unidad médica,{04},cuando lo requiere.,,,doc_2022.pdf p.95,ficha_variable
2022,poblacion,noatenc_5,C (2),05,No le tiene confianza al personal de la unidad médica,{05},cuando lo requiere.,,,doc_2022.pdf p.95,ficha_variable
2022,poblacion,noatenc_6,C (2),06,Lo(la) trataron mal donde se atiende,{06},cuando lo requiere.,,,doc_2022.pdf p.95,ficha_variable
2022,poblacion,noatenc_7,C (2),07,No hablan la misma lengua que usted,{07},cuando lo requiere.,,,doc_2022.pdf p.95,ficha_variable
2022,poblacion,noatenc_8,C (2),08,Hay que esperar mucho para ser atendido(a),{08},cuando lo requiere.,,,doc_2022.pdf p.96,ficha_variable
2022,poblacion,noatenc_9,C (2),09,No le dan el medicamento que necesita,{09},cuando lo requiere.,,,doc_2022.pdf p.96,ficha_variable
2022,poblacion,norecib_1,C (2),01,Centros de salud (secretaría de salud),{01},recibió.,,,doc_2022.pdf p.97,ficha_variable
2022,poblacion,norecib_10,C (2),10,"Curandero, hierbero, comadrona, brujo, etcétera",{10},recibió.,,,doc_2022.pdf p.99,ficha_variable
2022,poblacion,norecib_11,C (2),11,Otro,{11},recibió.,,,doc_2022.pdf p.99,ficha_variable
2022,poblacion,norecib_12,C (2),12,Instituto de salud para el bienestar (INSABI),{12},recibió.,,,doc_2022.pdf p.100,ficha_variable
2022,poblacion,norecib_2,C (2),02,Hospital o instituto (secretaría de salud),{02},recibió.,,,doc_2022.pdf p.98,ficha_variable
2022,poblacion,norecib_3,C (2),03,Seguro Social o IMSS,{03},recibió.,,,doc_2022.pdf p.98,ficha_variable
2022,poblacion,norecib_4,C (2),04,IMSS Prospera/IMSS Bienestar,{04},recibió.,,,doc_2022.pdf p.98,ficha_variable
2022,poblacion,norecib_5,C (2),05,ISSSTE,{05},recibió.,,,doc_2022.pdf p.98,ficha_variable
2022,poblacion,norecib_6,C (2),06,ISSSTE estatal,{06},recibió.,,,doc_2022.pdf p.98,ficha_variable
2022,poblacion,norecib_7,C (2),07,"Otro servicio médico público (PEMEX, Defensa, Marina, DIF, INI)",{07},recibió.,,,doc_2022.pdf p.99,ficha_variable
2022,poblacion,norecib_8,C (2),08,Consultorios y hospitales privados,{08},recibió.,,,doc_2022.pdf p.99,ficha_variable
2022,poblacion,norecib_9,C (2),09,Consultorio de farmacias,,recibió.,,,doc_2022.pdf p.99,ficha_variable
2022,poblacion,num_trabaj,C (1),1,Solo 1,"{1,2}",hogar realizaron durante el mes pasado.,,,doc_2022.pdf p.105,ficha_variable
2022,poblacion,num_trabaj,C (1),2,Dos o más,"{1,2}",hogar realizaron durante el mes pasado.,,,doc_2022.pdf p.105,ficha_variable
2022,poblacion,otorg_b,C (1),1,El programa Becas Benito Juárez (antes PROSPERA),"{1,...,5}",escolar.,,,doc_2022.pdf p.78,ficha_variable
2022,poblacion,otorg_b,C (1),2,Su escuela pública o de gobierno,"{1,...,5}",escolar.,,,doc_2022.pdf p.78,ficha_variable
2022,poblacion,otorg_b,C (1),3,Su escuela privada o de paga,"{1,...,5}",escolar.,,,doc_2022.pdf p.78,ficha_variable
2022,poblacion,otorg_b,C (1),4,Un organismo de gobierno,"{1,...,5}",escolar.,,,doc_2022.pdf p.78,ficha_variable
2022,poblacion,otorg_b,C (1),5,Una institución privada,"{1,...,5}",escolar.,,,doc_2022.pdf p.78,ficha_variable
2022,poblacion,otorg_c,C (1),1,Su escuela pública o de gobierno,"{1,...,4}",educativo.,,,doc_2022.pdf p.78,ficha_variable
2022,poblacion,otorg_c,C (1),2,Su escuela privada o de paga,"{1,...,4}",educativo.,,,doc_2022.pdf p.78,ficha_variable
2022,poblacion,otorg_c,C (1),3,Un organismo de gobierno,"{1,...,4}",educativo.,,,doc_2022.pdf p.78,ficha_variable
2022,poblacion,otorg_c,C (1),4,Una institución privada nóicpircseD .2202 y,"{1,...,4}",educativo.,,,doc_2022.pdf p.78,ficha_variable
2022,poblacion,padre_hog,C (1),1,Sí,"{1,2}",Identifican al padre de las personas del hogar.,,,doc_2022.pdf p.71,ficha_variable
2022,poblacion,padre_hog,C (1),2,No,"{1,2}",Identifican al padre de las personas del hogar.,,,doc_2022.pdf p.71,ficha_variable
2022,poblacion,padre_id,C (2),&,No especificado,Sección y/o apartado Sección III,Número de renglón correspondiente al padre.,,,doc_2022.pdf p.71,ficha_variable
2022,poblacion,pagoaten_1,C (1),1,Consulta,{1},"Pago de atención médica. En aquella ocasión, ¿tuvo que pagar por algunos de",,,doc_2022.pdf p.93,ficha_variable
2022,poblacion,pagoaten_2,,2,Medicamentos,{2},"Pago de atención médica. En aquella ocasión, ¿tuvo que pagar por algunos de",,,doc_2022.pdf p.93,ficha_variable
2022,poblacion,pagoaten_3,C (1),3,Estudios de laboratorio,{3},"Pago de atención médica. En aquella ocasión, ¿tuvo que pagar por algunos de",,,doc_2022.pdf p.93,ficha_variable
2022,poblacion,pagoaten_4,C (1),4,Hospitalización,{4},"Pago de atención médica. En aquella ocasión, ¿tuvo que pagar por algunos de",,,doc_2022.pdf p.93,ficha_variable
2022,poblacion,pagoaten_5,C (1),5,Instrumental médico,{5},"Pago de atención médica. En aquella ocasión, ¿tuvo que pagar por algunos de",,,doc_2022.pdf p.94,ficha_variable
2022,poblacion,pagoaten_6,C (1),6,Otro,{6},"Pago de atención médica. En aquella ocasión, ¿tuvo que pagar por algunos de",,,doc_2022.pdf p.94,ficha_variable
2022,poblacion,pagoaten_7,,7,No pagó nada,{7},"Pago de atención médica. En aquella ocasión, ¿tuvo que pagar por algunos de",,,doc_2022.pdf p.94,ficha_variable
2022,poblacion,pareja_hog,C (1),1,Sí,"{1,2}","años. En este hogar, ¿vive la pareja o esposa(o) de",,,doc_2022.pdf p.80,ficha_variable
2022,poblacion,pareja_hog,C (1),2,No,"{1,2}","años. En este hogar, ¿vive la pareja o esposa(o) de",,,doc_2022.pdf p.80,ficha_variable
2022,poblacion,parentesco,C (3),101,Jefe(a),Catálogo de parentesco,"conyugal, por consanguinidad, adopción,",catalogo_parentesco,,doc_2022.pdf p.209,catalogo_externo_pdf
2022,poblacion,parentesco,C (3),201,"Esposo(a), compañero(a), cónyuge, pareja, marido, mujer, señor(a), consorte",Catálogo de parentesco,"conyugal, por consanguinidad, adopción,",catalogo_parentesco,,doc_2022.pdf p.209,catalogo_externo_pdf
2022,poblacion,parentesco,C (3),202,Concubino(a),Catálogo de parentesco,"conyugal, por consanguinidad, adopción,",catalogo_parentesco,,doc_2022.pdf p.209,catalogo_externo_pdf
2022,poblacion,parentesco,C (3),203,Amasio(a),Catálogo de parentesco,"conyugal, por consanguinidad, adopción,",catalogo_parentesco,,doc_2022.pdf p.209,catalogo_externo_pdf
2022,poblacion,parentesco,C (3),204,"Querido(a), amante",Catálogo de parentesco,"conyugal, por consanguinidad, adopción,",catalogo_parentesco,,doc_2022.pdf p.209,catalogo_externo_pdf
2022,poblacion,parentesco,C (3),205,Pareja del mismo sexo,Catálogo de parentesco,"conyugal, por consanguinidad, adopción,",catalogo_parentesco,,doc_2022.pdf p.209,catalogo_externo_pdf
2022,poblacion,parentesco,C (3),301,"Hijo(a), hijo(a) consanguíneo, hijo(a) reconocido",Catálogo de parentesco,"conyugal, por consanguinidad, adopción,",catalogo_parentesco,,doc_2022.pdf p.209,catalogo_externo_pdf
2022,poblacion,parentesco,C (3),302,Hijo(a) adoptivo(a),Catálogo de parentesco,"conyugal, por consanguinidad, adopción,",catalogo_parentesco,,doc_2022.pdf p.209,catalogo_externo_pdf
2022,poblacion,parentesco,C (3),303,"Hijastro(a), entenado(a)",Catálogo de parentesco,"conyugal, por consanguinidad, adopción,",catalogo_parentesco,,doc_2022.pdf p.209,catalogo_externo_pdf
2022,poblacion,parentesco,C (3),304,Hijo(a) de crianza,Catálogo de parentesco,"conyugal, por consanguinidad, adopción,",catalogo_parentesco,,doc_2022.pdf p.209,catalogo_externo_pdf
2022,poblacion,parentesco,C (3),305,Hijo(a) recogido(a),Catálogo de parentesco,"conyugal, por consanguinidad, adopción,",catalogo_parentesco,,doc_2022.pdf p.209,catalogo_externo_pdf
2022,poblacion,parentesco,C (3),401,Trabajador(a) doméstico(a),Catálogo de parentesco,"conyugal, por consanguinidad, adopción,",catalogo_parentesco,,doc_2022.pdf p.209,catalogo_externo_pdf
2022,poblacion,parentesco,C (3),402,Recamarero(a),Catálogo de parentesco,"conyugal, por consanguinidad, adopción,",catalogo_parentesco,,doc_2022.pdf p.209,catalogo_externo_pdf
2022,poblacion,parentesco,C (3),403,Cocinero(a),Catálogo de parentesco,"conyugal, por consanguinidad, adopción,",catalogo_parentesco,,doc_2022.pdf p.209,catalogo_externo_pdf
2022,poblacion,parentesco,C (3),404,Lavandera(o),Catálogo de parentesco,"conyugal, por consanguinidad, adopción,",catalogo_parentesco,,doc_2022.pdf p.209,catalogo_externo_pdf
2022,poblacion,parentesco,C (3),405,"Nana, niñera, nodriza",Catálogo de parentesco,"conyugal, por consanguinidad, adopción,",catalogo_parentesco,,doc_2022.pdf p.209,catalogo_externo_pdf
2022,poblacion,parentesco,C (3),406,Mozo,Catálogo de parentesco,"conyugal, por consanguinidad, adopción,",catalogo_parentesco,,doc_2022.pdf p.209,catalogo_externo_pdf
2022,poblacion,parentesco,C (3),407,Jardinero(a),Catálogo de parentesco,"conyugal, por consanguinidad, adopción,",catalogo_parentesco,,doc_2022.pdf p.209,catalogo_externo_pdf
2022,poblacion,parentesco,C (3),408,"Velador, vigilante",Catálogo de parentesco,"conyugal, por consanguinidad, adopción,",catalogo_parentesco,,doc_2022.pdf p.209,catalogo_externo_pdf
2022,poblacion,parentesco,C (3),409,Portero(a),Catálogo de parentesco,"conyugal, por consanguinidad, adopción,",catalogo_parentesco,,doc_2022.pdf p.209,catalogo_externo_pdf
2022,poblacion,parentesco,C (3),410,Chofer,Catálogo de parentesco,"conyugal, por consanguinidad, adopción,",catalogo_parentesco,,doc_2022.pdf p.209,catalogo_externo_pdf
2022,poblacion,parentesco,C (3),411,Ama de llaves,Catálogo de parentesco,"conyugal, por consanguinidad, adopción,",catalogo_parentesco,,doc_2022.pdf p.209,catalogo_externo_pdf
2022,poblacion,parentesco,C (3),412,Mayordomo,Catálogo de parentesco,"conyugal, por consanguinidad, adopción,",catalogo_parentesco,,doc_2022.pdf p.209,catalogo_externo_pdf
2022,poblacion,parentesco,C (3),413,"Dama de compañía, acompañante",Catálogo de parentesco,"conyugal, por consanguinidad, adopción,",catalogo_parentesco,,doc_2022.pdf p.209,catalogo_externo_pdf
2022,poblacion,parentesco,C (3),421,Esposo(a) del(la) trabajador(a) doméstico(a),Catálogo de parentesco,"conyugal, por consanguinidad, adopción,",catalogo_parentesco,,doc_2022.pdf p.209,catalogo_externo_pdf
2022,poblacion,parentesco,C (3),431,Hijo(a) del(la) trabajador(a) doméstico(a),Catálogo de parentesco,"conyugal, por consanguinidad, adopción,",catalogo_parentesco,,doc_2022.pdf p.209,catalogo_externo_pdf
2022,poblacion,parentesco,C (3),441,"Madre, padre del(la) trabajador(a) doméstico(a)",Catálogo de parentesco,"conyugal, por consanguinidad, adopción,",catalogo_parentesco,,doc_2022.pdf p.209,catalogo_externo_pdf
2022,poblacion,parentesco,C (3),451,Nieto(a) del(la) trabajador(a) doméstico(a),Catálogo de parentesco,"conyugal, por consanguinidad, adopción,",catalogo_parentesco,,doc_2022.pdf p.209,catalogo_externo_pdf
2022,poblacion,parentesco,C (3),461,Otro pariente del(la) trabajador(a) doméstico(a),Catálogo de parentesco,"conyugal, por consanguinidad, adopción,",catalogo_parentesco,,doc_2022.pdf p.209,catalogo_externo_pdf
2022,poblacion,parentesco,C (3),501,No tiene parentesco,Catálogo de parentesco,"conyugal, por consanguinidad, adopción,",catalogo_parentesco,,doc_2022.pdf p.209,catalogo_externo_pdf
2022,poblacion,parentesco,C (3),502,Tutor(a),Catálogo de parentesco,"conyugal, por consanguinidad, adopción,",catalogo_parentesco,,doc_2022.pdf p.209,catalogo_externo_pdf
2022,poblacion,parentesco,C (3),503,"Tutelado(a), pupilo(a), alumno(a)",Catálogo de parentesco,"conyugal, por consanguinidad, adopción,",catalogo_parentesco,,doc_2022.pdf p.209,catalogo_externo_pdf
2022,poblacion,parentesco,C (3),601,"Madre, padre",Catálogo de parentesco,"conyugal, por consanguinidad, adopción,",catalogo_parentesco,,doc_2022.pdf p.209,catalogo_externo_pdf
2022,poblacion,parentesco,C (3),602,"Padrastro, madrastra",Catálogo de parentesco,"conyugal, por consanguinidad, adopción,",catalogo_parentesco,,doc_2022.pdf p.209,catalogo_externo_pdf
2022,poblacion,parentesco,C (3),603,Hermano(a),Catálogo de parentesco,"conyugal, por consanguinidad, adopción,",catalogo_parentesco,,doc_2022.pdf p.209,catalogo_externo_pdf
2022,poblacion,parentesco,C (3),604,Medio(a) hermano(a),Catálogo de parentesco,"conyugal, por consanguinidad, adopción,",catalogo_parentesco,,doc_2022.pdf p.209,catalogo_externo_pdf
2022,poblacion,parentesco,C (3),605,Hermanastro(a),Catálogo de parentesco,"conyugal, por consanguinidad, adopción,",catalogo_parentesco,,doc_2022.pdf p.209,catalogo_externo_pdf
2022,poblacion,parentesco,C (3),606,Abuelo(a),Catálogo de parentesco,"conyugal, por consanguinidad, adopción,",catalogo_parentesco,,doc_2022.pdf p.209,catalogo_externo_pdf
2022,poblacion,parentesco,C (3),607,Bisabuelo(a),Catálogo de parentesco,"conyugal, por consanguinidad, adopción,",catalogo_parentesco,,doc_2022.pdf p.209,catalogo_externo_pdf
2022,poblacion,parentesco,C (3),608,Tatarabuelo(a),Catálogo de parentesco,"conyugal, por consanguinidad, adopción,",catalogo_parentesco,,doc_2022.pdf p.209,catalogo_externo_pdf
2022,poblacion,parentesco,C (3),609,Nieto(a),Catálogo de parentesco,"conyugal, por consanguinidad, adopción,",catalogo_parentesco,,doc_2022.pdf p.209,catalogo_externo_pdf
2022,poblacion,parentesco,C (3),610,Bisnieto(a),Catálogo de parentesco,"conyugal, por consanguinidad, adopción,",catalogo_parentesco,,doc_2022.pdf p.209,catalogo_externo_pdf
2022,poblacion,parentesco,C (3),611,Tataranieto(a),Catálogo de parentesco,"conyugal, por consanguinidad, adopción,",catalogo_parentesco,,doc_2022.pdf p.209,catalogo_externo_pdf
2022,poblacion,parentesco,C (3),612,Tío(a),Catálogo de parentesco,"conyugal, por consanguinidad, adopción,",catalogo_parentesco,,doc_2022.pdf p.209,catalogo_externo_pdf
2022,poblacion,parentesco,C (3),613,Sobrino(a),Catálogo de parentesco,"conyugal, por consanguinidad, adopción,",catalogo_parentesco,,doc_2022.pdf p.209,catalogo_externo_pdf
2022,poblacion,parentesco,C (3),614,Primo(a) nóicpircseD .2202 y,Catálogo de parentesco,"conyugal, por consanguinidad, adopción,",catalogo_parentesco,,doc_2022.pdf p.209,catalogo_externo_pdf
2022,poblacion,parentesco,C (3),615,Suegro(a),Catálogo de parentesco,"conyugal, por consanguinidad, adopción,",catalogo_parentesco,,doc_2022.pdf p.210,catalogo_externo_pdf
2022,poblacion,parentesco,C (3),616,Consuegro(a),Catálogo de parentesco,"conyugal, por consanguinidad, adopción,",catalogo_parentesco,,doc_2022.pdf p.210,catalogo_externo_pdf
2022,poblacion,parentesco,C (3),617,"Nuera, yerno",Catálogo de parentesco,"conyugal, por consanguinidad, adopción,",catalogo_parentesco,,doc_2022.pdf p.210,catalogo_externo_pdf
2022,poblacion,parentesco,C (3),618,Cuñado(a),Catálogo de parentesco,"conyugal, por consanguinidad, adopción,",catalogo_parentesco,,doc_2022.pdf p.210,catalogo_externo_pdf
2022,poblacion,parentesco,C (3),619,Concuño(a),Catálogo de parentesco,"conyugal, por consanguinidad, adopción,",catalogo_parentesco,,doc_2022.pdf p.210,catalogo_externo_pdf
2022,poblacion,parentesco,C (3),620,"Padrino, madrina",Catálogo de parentesco,"conyugal, por consanguinidad, adopción,",catalogo_parentesco,,doc_2022.pdf p.210,catalogo_externo_pdf
2022,poblacion,parentesco,C (3),621,Ahijado(a),Catálogo de parentesco,"conyugal, por consanguinidad, adopción,",catalogo_parentesco,,doc_2022.pdf p.210,catalogo_externo_pdf
2022,poblacion,parentesco,C (3),622,"Compadre, comadre",Catálogo de parentesco,"conyugal, por consanguinidad, adopción,",catalogo_parentesco,,doc_2022.pdf p.210,catalogo_externo_pdf
2022,poblacion,parentesco,C (3),623,"Familiar, otro parentesco",Catálogo de parentesco,"conyugal, por consanguinidad, adopción,",catalogo_parentesco,,doc_2022.pdf p.210,catalogo_externo_pdf
2022,poblacion,parentesco,C (3),701,"Huésped, abonado(a), pensionista",Catálogo de parentesco,"conyugal, por consanguinidad, adopción,",catalogo_parentesco,,doc_2022.pdf p.210,catalogo_externo_pdf
2022,poblacion,parentesco,C (3),711,Esposo(a) del(la) huésped,Catálogo de parentesco,"conyugal, por consanguinidad, adopción,",catalogo_parentesco,,doc_2022.pdf p.210,catalogo_externo_pdf
2022,poblacion,parentesco,C (3),712,Hijo(a) del(la) huésped,Catálogo de parentesco,"conyugal, por consanguinidad, adopción,",catalogo_parentesco,,doc_2022.pdf p.210,catalogo_externo_pdf
2022,poblacion,parentesco,C (3),713,Madre o padre del(la) huésped,Catálogo de parentesco,"conyugal, por consanguinidad, adopción,",catalogo_parentesco,,doc_2022.pdf p.210,catalogo_externo_pdf
2022,poblacion,parentesco,C (3),714,Nieto(a) pariente del(la) huésped,Catálogo de parentesco,"conyugal, por consanguinidad, adopción,",catalogo_parentesco,,doc_2022.pdf p.210,catalogo_externo_pdf
2022,poblacion,parentesco,C (3),715,Otro(a) pariente del(la) huésped,Catálogo de parentesco,"conyugal, por consanguinidad, adopción,",catalogo_parentesco,,doc_2022.pdf p.210,catalogo_externo_pdf
2022,poblacion,parentesco,C (3),999,Parentesco no especificado nóicpircseD .2202 y,Catálogo de parentesco,"conyugal, por consanguinidad, adopción,",catalogo_parentesco,,doc_2022.pdf p.210,catalogo_externo_pdf
2022,poblacion,peso,C (1),1,Sí,"{1,2}",cuidado de la salud o de vigilancia del,,,doc_2022.pdf p.102,ficha_variable
2022,poblacion,peso,C (1),2,No,"{1,2}",cuidado de la salud o de vigilancia del,,,doc_2022.pdf p.102,ficha_variable
2022,poblacion,pop_insabi,C (1),1,Sí,"{1,2}","gastos médicos de bolsillo y mejorar las Actualmente, ¿se encuentra usted afiliado o inscrito condiciones de salud o tiene derecho a los",,,doc_2022.pdf p.86,ficha_variable
2022,poblacion,pop_insabi,C (1),2,No,"{1,2}","gastos médicos de bolsillo y mejorar las Actualmente, ¿se encuentra usted afiliado o inscrito condiciones de salud o tiene derecho a los",,,doc_2022.pdf p.86,ficha_variable
2022,poblacion,pres_alta,C (1),1,Sí,"{1,2}",médicos preventivos asociados a problemas ¿En los últimos doce meses le han medido a usted cardiacos.,,,doc_2022.pdf p.102,ficha_variable
2022,poblacion,pres_alta,C (1),2,No,"{1,2}",médicos preventivos asociados a problemas ¿En los últimos doce meses le han medido a usted cardiacos.,,,doc_2022.pdf p.102,ficha_variable
2022,poblacion,prob_anio,C (4),&,No especificado,Sección y/o apartado,"Fecha de la última vez que tuvo problemas de ¿Cuándo fue la última vez que sufrió algún dolor, salud.",,,doc_2022.pdf p.89,ficha_variable
2022,poblacion,prob_mes,C (2),&,No especificado,"{01,...,12}",salud.,,,doc_2022.pdf p.89,ficha_variable
2022,poblacion,prob_mes,C (2),01,Enero,"{01,...,12}",salud.,,,doc_2022.pdf p.89,ficha_variable
2022,poblacion,prob_mes,C (2),02,Febrero,"{01,...,12}",salud.,,,doc_2022.pdf p.89,ficha_variable
2022,poblacion,prob_mes,C (2),03,Marzo,"{01,...,12}",salud.,,,doc_2022.pdf p.89,ficha_variable
2022,poblacion,prob_mes,C (2),04,Abril,"{01,...,12}",salud.,,,doc_2022.pdf p.89,ficha_variable
2022,poblacion,prob_mes,C (2),05,Mayo,"{01,...,12}",salud.,,,doc_2022.pdf p.89,ficha_variable
2022,poblacion,prob_mes,C (2),06,Junio,"{01,...,12}",salud.,,,doc_2022.pdf p.89,ficha_variable
2022,poblacion,prob_mes,C (2),07,Julio,"{01,...,12}",salud.,,,doc_2022.pdf p.89,ficha_variable
2022,poblacion,prob_mes,C (2),08,Agosto,"{01,...,12}",salud.,,,doc_2022.pdf p.89,ficha_variable
2022,poblacion,prob_mes,C (2),09,Septiembre,"{01,...,12}",salud.,,,doc_2022.pdf p.89,ficha_variable
2022,poblacion,prob_mes,C (2),10,Octubre,"{01,...,12}",salud.,,,doc_2022.pdf p.89,ficha_variable
2022,poblacion,prob_mes,C (2),11,Noviembre,"{01,...,12}",salud.,,,doc_2022.pdf p.89,ficha_variable
2022,poblacion,prob_mes,C (2),12,Diciembre,"{01,...,12}",salud.,,,doc_2022.pdf p.89,ficha_variable
2022,poblacion,prob_sal,,1,Sí,"{1,2}",salud que les haya impedido realizar sus actividades diarias.,,,doc_2022.pdf p.89,ficha_variable
2022,poblacion,prob_sal,,2,No,"{1,2}",salud que les haya impedido realizar sus actividades diarias.,,,doc_2022.pdf p.89,ficha_variable
2022,poblacion,razon_1,C (2),01,No tenía dinero,{01},Motivo por el cual no lo atendieron.,,,doc_2022.pdf p.100,ficha_variable
2022,poblacion,razon_10,C (2),10,El personal de la unidad le dijo que no era necesario que se atendiera,{10},Motivo por el cual no lo atendieron.,,,doc_2022.pdf p.102,ficha_variable
2022,poblacion,razon_11,C (2),11,Otro,{11},Motivo por el cual no lo atendieron.,,,doc_2022.pdf p.102,ficha_variable
2022,poblacion,razon_2,C (2),02,No entendía su lengua,,Motivo por el cual no lo atendieron.,,,doc_2022.pdf p.100,ficha_variable
2022,poblacion,razon_3,C (2),03,No quisieron,{03},Motivo por el cual no lo atendieron.,,,doc_2022.pdf p.100,ficha_variable
2022,poblacion,razon_4,C (2),04,Dijeron que no era necesario,{04},Motivo por el cual no lo atendieron.,,,doc_2022.pdf p.100,ficha_variable
2022,poblacion,razon_5,C (2),05,No tenían tiempo,{05},Motivo por el cual no lo atendieron.,,,doc_2022.pdf p.101,ficha_variable
2022,poblacion,razon_6,C (2),06,La unidad médica estaba cerrada,{06},Motivo por el cual no lo atendieron.,,,doc_2022.pdf p.101,ficha_variable
2022,poblacion,razon_7,C (2),07,Le dieron cita hasta mucho tiempo después,,Motivo por el cual no lo atendieron.,,,doc_2022.pdf p.101,ficha_variable
2022,poblacion,razon_8,C (2),08,No había médico en la unidad,{08},Motivo por el cual no lo atendieron.,,,doc_2022.pdf p.101,ficha_variable
2022,poblacion,razon_9,C (2),09,No le dieron ninguna razón,{09},Motivo por el cual no lo atendieron.,,,doc_2022.pdf p.101,ficha_variable
2022,poblacion,redsoc_1,C (1),1,Imposible conseguirla,"{1,...,5}",personas podrían conseguir ayuda para ¿Cree usted que si necesitara pedir ayuda para conseguir un trabajo.,,,doc_2022.pdf p.81,ficha_variable
2022,poblacion,redsoc_1,C (1),2,Difícil conseguirla,"{1,...,5}",personas podrían conseguir ayuda para ¿Cree usted que si necesitara pedir ayuda para conseguir un trabajo.,,,doc_2022.pdf p.81,ficha_variable
2022,poblacion,redsoc_1,C (1),3,Fácil conseguirla,"{1,...,5}",personas podrían conseguir ayuda para ¿Cree usted que si necesitara pedir ayuda para conseguir un trabajo.,,,doc_2022.pdf p.81,ficha_variable
2022,poblacion,redsoc_1,C (1),4,Muy fácil conseguirla,"{1,...,5}",personas podrían conseguir ayuda para ¿Cree usted que si necesitara pedir ayuda para conseguir un trabajo.,,,doc_2022.pdf p.81,ficha_variable
2022,poblacion,redsoc_1,C (1),5,Ni fácil ni difícil conseguirla (espontánea),"{1,...,5}",personas podrían conseguir ayuda para ¿Cree usted que si necesitara pedir ayuda para conseguir un trabajo.,,,doc_2022.pdf p.81,ficha_variable
2022,poblacion,redsoc_2,C (1),1,Imposible conseguirla,"{1,...,5}",personas podrían conseguir ayuda para que ¿Cree usted que si necesitara pedir ayuda para que lo(a) cuiden en una enfermedad.,,,doc_2022.pdf p.81,ficha_variable
2022,poblacion,redsoc_2,C (1),2,Difícil conseguirla,"{1,...,5}",personas podrían conseguir ayuda para que ¿Cree usted que si necesitara pedir ayuda para que lo(a) cuiden en una enfermedad.,,,doc_2022.pdf p.81,ficha_variable
2022,poblacion,redsoc_2,C (1),3,Fácil conseguirla,"{1,...,5}",personas podrían conseguir ayuda para que ¿Cree usted que si necesitara pedir ayuda para que lo(a) cuiden en una enfermedad.,,,doc_2022.pdf p.81,ficha_variable
2022,poblacion,redsoc_2,C (1),4,Muy fácil conseguirla,"{1,...,5}",personas podrían conseguir ayuda para que ¿Cree usted que si necesitara pedir ayuda para que lo(a) cuiden en una enfermedad.,,,doc_2022.pdf p.81,ficha_variable
2022,poblacion,redsoc_2,C (1),5,Ni fácil ni difícil conseguirla (espontánea),"{1,...,5}",personas podrían conseguir ayuda para que ¿Cree usted que si necesitara pedir ayuda para que lo(a) cuiden en una enfermedad.,,,doc_2022.pdf p.81,ficha_variable
2022,poblacion,redsoc_3,C (1),1,Imposible conseguirla,"{1,...,5}",¿Cree usted que si necesitara pedirle a alguien la cantidad de dinero que ingresa al hogar en un,,,doc_2022.pdf p.81,ficha_variable
2022,poblacion,redsoc_3,C (1),2,Difícil conseguirla,"{1,...,5}",¿Cree usted que si necesitara pedirle a alguien la cantidad de dinero que ingresa al hogar en un,,,doc_2022.pdf p.81,ficha_variable
2022,poblacion,redsoc_3,C (1),3,Fácil conseguirla,"{1,...,5}",¿Cree usted que si necesitara pedirle a alguien la cantidad de dinero que ingresa al hogar en un,,,doc_2022.pdf p.81,ficha_variable
2022,poblacion,redsoc_3,C (1),4,Muy fácil conseguirla,"{1,...,5}",¿Cree usted que si necesitara pedirle a alguien la cantidad de dinero que ingresa al hogar en un,,,doc_2022.pdf p.81,ficha_variable
2022,poblacion,redsoc_3,C (1),5,Ni fácil ni difícil conseguirla (espontánea) nóicpircseD .2202 y,"{1,...,5}",¿Cree usted que si necesitara pedirle a alguien la cantidad de dinero que ingresa al hogar en un,,,doc_2022.pdf p.81,ficha_variable
2022,poblacion,redsoc_4,C (1),1,Imposible conseguirla,"{1,...,5}",personas podrían conseguir ayuda para que ¿Cree usted que si necesitara pedir ayuda para que lo(a) acompañen al doctor.,,,doc_2022.pdf p.82,ficha_variable
2022,poblacion,redsoc_4,C (1),2,Difícil conseguirla,"{1,...,5}",personas podrían conseguir ayuda para que ¿Cree usted que si necesitara pedir ayuda para que lo(a) acompañen al doctor.,,,doc_2022.pdf p.82,ficha_variable
2022,poblacion,redsoc_4,C (1),3,Fácil conseguirla,"{1,...,5}",personas podrían conseguir ayuda para que ¿Cree usted que si necesitara pedir ayuda para que lo(a) acompañen al doctor.,,,doc_2022.pdf p.82,ficha_variable
2022,poblacion,redsoc_4,C (1),4,Muy fácil conseguirla,"{1,...,5}",personas podrían conseguir ayuda para que ¿Cree usted que si necesitara pedir ayuda para que lo(a) acompañen al doctor.,,,doc_2022.pdf p.82,ficha_variable
2022,poblacion,redsoc_4,C (1),5,Ni fácil ni difícil conseguirla (espontánea),"{1,...,5}",personas podrían conseguir ayuda para que ¿Cree usted que si necesitara pedir ayuda para que lo(a) acompañen al doctor.,,,doc_2022.pdf p.82,ficha_variable
2022,poblacion,redsoc_5,C (1),1,Imposible conseguirla,"{1,...,5}",personas podrían conseguir cooperación para ¿Cree usted que si necesitara pedir cooperación realizar mejoras en su colonia o localidad.,,,doc_2022.pdf p.82,ficha_variable
2022,poblacion,redsoc_5,C (1),2,Difícil conseguirla,"{1,...,5}",personas podrían conseguir cooperación para ¿Cree usted que si necesitara pedir cooperación realizar mejoras en su colonia o localidad.,,,doc_2022.pdf p.82,ficha_variable
2022,poblacion,redsoc_5,C (1),3,Fácil conseguirla,"{1,...,5}",personas podrían conseguir cooperación para ¿Cree usted que si necesitara pedir cooperación realizar mejoras en su colonia o localidad.,,,doc_2022.pdf p.82,ficha_variable
2022,poblacion,redsoc_5,C (1),4,Muy fácil conseguirla,"{1,...,5}",personas podrían conseguir cooperación para ¿Cree usted que si necesitara pedir cooperación realizar mejoras en su colonia o localidad.,,,doc_2022.pdf p.82,ficha_variable
2022,poblacion,redsoc_5,C (1),5,Ni fácil ni difícil conseguirla (espontánea),"{1,...,5}",personas podrían conseguir cooperación para ¿Cree usted que si necesitara pedir cooperación realizar mejoras en su colonia o localidad.,,,doc_2022.pdf p.82,ficha_variable
2022,poblacion,redsoc_6,C (1),1,Imposible conseguirla,"{1,...,5}",personas podrían conseguir ayuda para que ¿Cree usted que si necesitara pedir ayuda para que cuiden a los(as) niños(as) en este hogar.,,,doc_2022.pdf p.82,ficha_variable
2022,poblacion,redsoc_6,C (1),2,Difícil conseguirla,"{1,...,5}",personas podrían conseguir ayuda para que ¿Cree usted que si necesitara pedir ayuda para que cuiden a los(as) niños(as) en este hogar.,,,doc_2022.pdf p.82,ficha_variable
2022,poblacion,redsoc_6,C (1),3,Fácil conseguirla,"{1,...,5}",personas podrían conseguir ayuda para que ¿Cree usted que si necesitara pedir ayuda para que cuiden a los(as) niños(as) en este hogar.,,,doc_2022.pdf p.82,ficha_variable
2022,poblacion,redsoc_6,C (1),4,Muy fácil conseguirla,"{1,...,5}",personas podrían conseguir ayuda para que ¿Cree usted que si necesitara pedir ayuda para que cuiden a los(as) niños(as) en este hogar.,,,doc_2022.pdf p.82,ficha_variable
2022,poblacion,redsoc_6,C (1),5,Ni fácil ni difícil conseguirla (espontánea),"{1,...,5}",personas podrían conseguir ayuda para que ¿Cree usted que si necesitara pedir ayuda para que cuiden a los(as) niños(as) en este hogar.,,,doc_2022.pdf p.82,ficha_variable
2022,poblacion,residencia,C (2),01,Aguascalientes,Catálogo de residencia,"hogar, 5 años antes del momento de la ¿Hace 5 años, en octubre de 2005, en qué estado de entrevista.",catalogo_residencia,,doc_2022.pdf p.211,catalogo_externo_pdf
2022,poblacion,residencia,C (2),02,Baja California,Catálogo de residencia,"hogar, 5 años antes del momento de la ¿Hace 5 años, en octubre de 2005, en qué estado de entrevista.",catalogo_residencia,,doc_2022.pdf p.211,catalogo_externo_pdf
2022,poblacion,residencia,C (2),03,Baja California Sur,Catálogo de residencia,"hogar, 5 años antes del momento de la ¿Hace 5 años, en octubre de 2005, en qué estado de entrevista.",catalogo_residencia,,doc_2022.pdf p.211,catalogo_externo_pdf
2022,poblacion,residencia,C (2),04,Campeche,Catálogo de residencia,"hogar, 5 años antes del momento de la ¿Hace 5 años, en octubre de 2005, en qué estado de entrevista.",catalogo_residencia,,doc_2022.pdf p.211,catalogo_externo_pdf
2022,poblacion,residencia,C (2),05,Coahuila de Zaragoza,Catálogo de residencia,"hogar, 5 años antes del momento de la ¿Hace 5 años, en octubre de 2005, en qué estado de entrevista.",catalogo_residencia,,doc_2022.pdf p.211,catalogo_externo_pdf
2022,poblacion,residencia,C (2),06,Colima,Catálogo de residencia,"hogar, 5 años antes del momento de la ¿Hace 5 años, en octubre de 2005, en qué estado de entrevista.",catalogo_residencia,,doc_2022.pdf p.211,catalogo_externo_pdf
2022,poblacion,residencia,C (2),07,Chiapas,Catálogo de residencia,"hogar, 5 años antes del momento de la ¿Hace 5 años, en octubre de 2005, en qué estado de entrevista.",catalogo_residencia,,doc_2022.pdf p.211,catalogo_externo_pdf
2022,poblacion,residencia,C (2),08,Chihuahua,Catálogo de residencia,"hogar, 5 años antes del momento de la ¿Hace 5 años, en octubre de 2005, en qué estado de entrevista.",catalogo_residencia,,doc_2022.pdf p.211,catalogo_externo_pdf
2022,poblacion,residencia,C (2),09,Ciudad de México,Catálogo de residencia,"hogar, 5 años antes del momento de la ¿Hace 5 años, en octubre de 2005, en qué estado de entrevista.",catalogo_residencia,,doc_2022.pdf p.211,catalogo_externo_pdf
2022,poblacion,residencia,C (2),10,Durango,Catálogo de residencia,"hogar, 5 años antes del momento de la ¿Hace 5 años, en octubre de 2005, en qué estado de entrevista.",catalogo_residencia,,doc_2022.pdf p.211,catalogo_externo_pdf
2022,poblacion,residencia,C (2),11,Guanajuato,Catálogo de residencia,"hogar, 5 años antes del momento de la ¿Hace 5 años, en octubre de 2005, en qué estado de entrevista.",catalogo_residencia,,doc_2022.pdf p.211,catalogo_externo_pdf
2022,poblacion,residencia,C (2),12,Guerrero,Catálogo de residencia,"hogar, 5 años antes del momento de la ¿Hace 5 años, en octubre de 2005, en qué estado de entrevista.",catalogo_residencia,,doc_2022.pdf p.211,catalogo_externo_pdf
2022,poblacion,residencia,C (2),13,Hidalgo,Catálogo de residencia,"hogar, 5 años antes del momento de la ¿Hace 5 años, en octubre de 2005, en qué estado de entrevista.",catalogo_residencia,,doc_2022.pdf p.211,catalogo_externo_pdf
2022,poblacion,residencia,C (2),14,Jalisco,Catálogo de residencia,"hogar, 5 años antes del momento de la ¿Hace 5 años, en octubre de 2005, en qué estado de entrevista.",catalogo_residencia,,doc_2022.pdf p.211,catalogo_externo_pdf
2022,poblacion,residencia,C (2),15,México,Catálogo de residencia,"hogar, 5 años antes del momento de la ¿Hace 5 años, en octubre de 2005, en qué estado de entrevista.",catalogo_residencia,,doc_2022.pdf p.211,catalogo_externo_pdf
2022,poblacion,residencia,C (2),16,Michoacán de Ocampo,Catálogo de residencia,"hogar, 5 años antes del momento de la ¿Hace 5 años, en octubre de 2005, en qué estado de entrevista.",catalogo_residencia,,doc_2022.pdf p.211,catalogo_externo_pdf
2022,poblacion,residencia,C (2),17,Morelos,Catálogo de residencia,"hogar, 5 años antes del momento de la ¿Hace 5 años, en octubre de 2005, en qué estado de entrevista.",catalogo_residencia,,doc_2022.pdf p.211,catalogo_externo_pdf
2022,poblacion,residencia,C (2),18,Nayarit,Catálogo de residencia,"hogar, 5 años antes del momento de la ¿Hace 5 años, en octubre de 2005, en qué estado de entrevista.",catalogo_residencia,,doc_2022.pdf p.211,catalogo_externo_pdf
2022,poblacion,residencia,C (2),19,Nuevo León,Catálogo de residencia,"hogar, 5 años antes del momento de la ¿Hace 5 años, en octubre de 2005, en qué estado de entrevista.",catalogo_residencia,,doc_2022.pdf p.211,catalogo_externo_pdf
2022,poblacion,residencia,C (2),20,Oaxaca,Catálogo de residencia,"hogar, 5 años antes del momento de la ¿Hace 5 años, en octubre de 2005, en qué estado de entrevista.",catalogo_residencia,,doc_2022.pdf p.211,catalogo_externo_pdf
2022,poblacion,residencia,C (2),21,Puebla,Catálogo de residencia,"hogar, 5 años antes del momento de la ¿Hace 5 años, en octubre de 2005, en qué estado de entrevista.",catalogo_residencia,,doc_2022.pdf p.211,catalogo_externo_pdf
2022,poblacion,residencia,C (2),22,Querétaro,Catálogo de residencia,"hogar, 5 años antes del momento de la ¿Hace 5 años, en octubre de 2005, en qué estado de entrevista.",catalogo_residencia,,doc_2022.pdf p.211,catalogo_externo_pdf
2022,poblacion,residencia,C (2),23,Quintana Roo,Catálogo de residencia,"hogar, 5 años antes del momento de la ¿Hace 5 años, en octubre de 2005, en qué estado de entrevista.",catalogo_residencia,,doc_2022.pdf p.211,catalogo_externo_pdf
2022,poblacion,residencia,C (2),24,San Luis Potosí,Catálogo de residencia,"hogar, 5 años antes del momento de la ¿Hace 5 años, en octubre de 2005, en qué estado de entrevista.",catalogo_residencia,,doc_2022.pdf p.211,catalogo_externo_pdf
2022,poblacion,residencia,C (2),25,Sinaloa,Catálogo de residencia,"hogar, 5 años antes del momento de la ¿Hace 5 años, en octubre de 2005, en qué estado de entrevista.",catalogo_residencia,,doc_2022.pdf p.211,catalogo_externo_pdf
2022,poblacion,residencia,C (2),26,Sonora,Catálogo de residencia,"hogar, 5 años antes del momento de la ¿Hace 5 años, en octubre de 2005, en qué estado de entrevista.",catalogo_residencia,,doc_2022.pdf p.211,catalogo_externo_pdf
2022,poblacion,residencia,C (2),27,Tabasco,Catálogo de residencia,"hogar, 5 años antes del momento de la ¿Hace 5 años, en octubre de 2005, en qué estado de entrevista.",catalogo_residencia,,doc_2022.pdf p.211,catalogo_externo_pdf
2022,poblacion,residencia,C (2),28,Tamaulipas,Catálogo de residencia,"hogar, 5 años antes del momento de la ¿Hace 5 años, en octubre de 2005, en qué estado de entrevista.",catalogo_residencia,,doc_2022.pdf p.211,catalogo_externo_pdf
2022,poblacion,residencia,C (2),29,Tlaxcala,Catálogo de residencia,"hogar, 5 años antes del momento de la ¿Hace 5 años, en octubre de 2005, en qué estado de entrevista.",catalogo_residencia,,doc_2022.pdf p.211,catalogo_externo_pdf
2022,poblacion,residencia,C (2),30,Veracruz de Ignacio de la Llave,Catálogo de residencia,"hogar, 5 años antes del momento de la ¿Hace 5 años, en octubre de 2005, en qué estado de entrevista.",catalogo_residencia,,doc_2022.pdf p.211,catalogo_externo_pdf
2022,poblacion,residencia,C (2),31,Yucatán,Catálogo de residencia,"hogar, 5 años antes del momento de la ¿Hace 5 años, en octubre de 2005, en qué estado de entrevista.",catalogo_residencia,,doc_2022.pdf p.211,catalogo_externo_pdf
2022,poblacion,residencia,C (2),32,Zacatecas,Catálogo de residencia,"hogar, 5 años antes del momento de la ¿Hace 5 años, en octubre de 2005, en qué estado de entrevista.",catalogo_residencia,,doc_2022.pdf p.211,catalogo_externo_pdf
2022,poblacion,residencia,C (2),33,Estados Unidos de América,Catálogo de residencia,"hogar, 5 años antes del momento de la ¿Hace 5 años, en octubre de 2005, en qué estado de entrevista.",catalogo_residencia,,doc_2022.pdf p.211,catalogo_externo_pdf
2022,poblacion,residencia,C (2),34,Otro país nóicpircseD .2202 y,Catálogo de residencia,"hogar, 5 años antes del momento de la ¿Hace 5 años, en octubre de 2005, en qué estado de entrevista.",catalogo_residencia,,doc_2022.pdf p.211,catalogo_externo_pdf
2022,poblacion,segsoc,C (1),1,Sí,"{1,2}",productiva a fin de gozar de los beneficios de esta. Pueden ser instituciones nacionales y/o ¿Alguna vez ha contribuido o cotizado para alguna,,,doc_2022.pdf p.80,ficha_variable
2022,poblacion,segsoc,C (1),2,No nóicpircseD .2202 y,"{1,2}",productiva a fin de gozar de los beneficios de esta. Pueden ser instituciones nacionales y/o ¿Alguna vez ha contribuido o cotizado para alguna,,,doc_2022.pdf p.80,ficha_variable
2022,poblacion,segvol_1,C (1),1,"SAR, AFORE o fondo de pensiones",{1},contratado voluntariamente.,,,doc_2022.pdf p.103,ficha_variable
2022,poblacion,segvol_2,C (1),2,Seguro privado de gastos médicos,{2},contratado voluntariamente.,,,doc_2022.pdf p.103,ficha_variable
2022,poblacion,segvol_3,C (1),3,Seguro de vida,{3},contratado voluntariamente.,,,doc_2022.pdf p.103,ficha_variable
2022,poblacion,segvol_4,C (1),4,Seguro de invalidez,{4},contratado voluntariamente.,,,doc_2022.pdf p.103,ficha_variable
2022,poblacion,segvol_5,C (1),5,Otro tipo de seguro,{5},contratado voluntariamente.,,,doc_2022.pdf p.103,ficha_variable
2022,poblacion,segvol_6,C (1),6,Ninguno de los anteriores,{6},contratado voluntariamente.,,,doc_2022.pdf p.103,ficha_variable
2022,poblacion,segvol_7,C (1),7,No sabe,{7},contratado voluntariamente.,,,doc_2022.pdf p.103,ficha_variable
2022,poblacion,servmed_1,C (2),01,Centros de salud (secretaría de salud),{01},para recibir atención médica.,,,doc_2022.pdf p.90,ficha_variable
2022,poblacion,servmed_10,C (2),10,"Curandero, hierbero, comadrona, brujo, etcétera",{10},para recibir atención médica.,,,doc_2022.pdf p.92,ficha_variable
2022,poblacion,servmed_11,C (2),11,Otro,{11},para recibir atención médica.,,,doc_2022.pdf p.92,ficha_variable
2022,poblacion,servmed_12,C (2),12,Instituto de salud para el bienestar (INSABI),{12},para recibir atención médica.,,,doc_2022.pdf p.92,ficha_variable
2022,poblacion,servmed_2,,02,Hospital o instituto (secretaría de salud),{02},para recibir atención médica.,,,doc_2022.pdf p.90,ficha_variable
2022,poblacion,servmed_3,C (2),03,Seguro Social o IMSS,{03},para recibir atención médica.,,,doc_2022.pdf p.90,ficha_variable
2022,poblacion,servmed_4,C (2),04,IMSS Prospera/IMSS Bienestar,{04},para recibir atención médica.,,,doc_2022.pdf p.90,ficha_variable
2022,poblacion,servmed_5,C (2),05,ISSSTE,{05},para recibir atención médica.,,,doc_2022.pdf p.91,ficha_variable
2022,poblacion,servmed_6,C (2),06,ISSSTE estatal,{06},para recibir atención médica.,,,doc_2022.pdf p.91,ficha_variable
2022,poblacion,servmed_7,C (2),07,"Otro servicio médico público (PEMEX, Defensa, Marina, DIF, INI)",{07},para recibir atención médica.,,,doc_2022.pdf p.91,ficha_variable
2022,poblacion,servmed_8,C (2),08,Consultorios y hospitales privados,{08},para recibir atención médica.,,,doc_2022.pdf p.91,ficha_variable
2022,poblacion,servmed_9,C (2),09,Consultorio de farmacias,{09},para recibir atención médica.,,,doc_2022.pdf p.91,ficha_variable
2022,poblacion,sexo,C (1),1,Hombre,"{1,2}",en hombres o mujeres.,,,doc_2022.pdf p.70,ficha_variable
2022,poblacion,sexo,C (1),2,Mujer,"{1,2}",en hombres o mujeres.,,,doc_2022.pdf p.70,ficha_variable
2022,poblacion,tiene_b,C (1),1,Sí,"{1,2}",los integrantes del hogar que asisten a la ¿Le otorgaron beca a (NOMBRE) para este año escuela.,,,doc_2022.pdf p.77,ficha_variable
2022,poblacion,tiene_b,C (1),2,No,"{1,2}",los integrantes del hogar que asisten a la ¿Le otorgaron beca a (NOMBRE) para este año escuela.,,,doc_2022.pdf p.77,ficha_variable
2022,poblacion,tiene_c,C (1),1,Sí,"{1,2}","materiales, etcétera. Quien lo recibe está comprometido a pagarlo en parte o en su ¿Le otorgaron crédito educativo a (NOMBRE) para",,,doc_2022.pdf p.78,ficha_variable
2022,poblacion,tiene_c,C (1),2,No,"{1,2}","materiales, etcétera. Quien lo recibe está comprometido a pagarlo en parte o en su ¿Le otorgaron crédito educativo a (NOMBRE) para",,,doc_2022.pdf p.78,ficha_variable
2022,poblacion,tipoesc,C (1),1,Pública o de gobierno,"{1,...,3}","Educativo Nacional según sea pública, privada",,,doc_2022.pdf p.77,ficha_variable
2022,poblacion,tipoesc,C (1),2,Privada o de paga,"{1,...,3}","Educativo Nacional según sea pública, privada",,,doc_2022.pdf p.77,ficha_variable
2022,poblacion,tipoesc,C (1),3,De otro tipo,"{1,...,3}","Educativo Nacional según sea pública, privada",,,doc_2022.pdf p.77,ficha_variable
2022,poblacion,trabajo_mp,C (1),1,Trabajó el mes pasado,"{1,2}","referencia, que permite clasificarla como parte de la Población Económicamente Activa (PEA) Durante el mes pasado________________, ¿usted o como parte de la Población No",,,doc_2022.pdf p.104,ficha_variable
2022,poblacion,trabajo_mp,C (1),2,No trabajó el mes pasado,"{1,2}","referencia, que permite clasificarla como parte de la Población Económicamente Activa (PEA) Durante el mes pasado________________, ¿usted o como parte de la Población No",,,doc_2022.pdf p.104,ficha_variable
2022,poblacion,usotiempo1,C (1),8,No recuerda,"{8,9}",No recuerda haber trabajado. Durante la semana pasada ¿cuánto tiempo dedicó a,,,doc_2022.pdf p.83,ficha_variable
2022,poblacion,usotiempo1,C (1),9,No lo hizo,"{8,9}",No recuerda haber trabajado. Durante la semana pasada ¿cuánto tiempo dedicó a,,,doc_2022.pdf p.83,ficha_variable
2022,poblacion,usotiempo2,C (1),8,No recuerda,"{8,9}",No recuerda haber dedicado tiempo para Durante la semana pasada ¿cuánto tiempo dedicó a estudiar.,,,doc_2022.pdf p.83,ficha_variable
2022,poblacion,usotiempo2,C (1),9,No lo hizo,"{8,9}",No recuerda haber dedicado tiempo para Durante la semana pasada ¿cuánto tiempo dedicó a estudiar.,,,doc_2022.pdf p.83,ficha_variable
2022,poblacion,usotiempo3,C (1),8,No recuerda,"{8,9}",realizar trabajo comunitario o voluntario.,,,doc_2022.pdf p.83,ficha_variable
2022,poblacion,usotiempo3,C (1),9,No lo hizo nóicpircseD .2202 y,"{8,9}",realizar trabajo comunitario o voluntario.,,,doc_2022.pdf p.83,ficha_variable
2022,poblacion,usotiempo4,C (1),8,No recuerda,"{8,9}","cuidar, atender sin pago y de manera exclusiva Durante la semana pasada ¿cuánto tiempo dedicó a a niños, ancianos, enfermos, discapacitados.",,,doc_2022.pdf p.84,ficha_variable
2022,poblacion,usotiempo4,C (1),9,No lo hizo,"{8,9}","cuidar, atender sin pago y de manera exclusiva Durante la semana pasada ¿cuánto tiempo dedicó a a niños, ancianos, enfermos, discapacitados.",,,doc_2022.pdf p.84,ficha_variable
2022,poblacion,usotiempo5,C (1),8,No recuerda,"{8,9}","dar mantenimiento a su vivienda, muebles, Durante la semana pasada ¿cuánto tiempo dedicó a aparatos domésticos o vehículos.",,,doc_2022.pdf p.84,ficha_variable
2022,poblacion,usotiempo5,C (1),9,No lo hizo nóicpircseD .2202 y,"{8,9}","dar mantenimiento a su vivienda, muebles, Durante la semana pasada ¿cuánto tiempo dedicó a aparatos domésticos o vehículos.",,,doc_2022.pdf p.84,ficha_variable
2022,poblacion,usotiempo6,C (1),8,No recuerda,"{8,9}",quehaceres del hogar.,,,doc_2022.pdf p.85,ficha_variable
2022,poblacion,usotiempo6,C (1),9,No lo hizo,"{8,9}",quehaceres del hogar.,,,doc_2022.pdf p.85,ficha_variable
2022,poblacion,usotiempo7,C (1),8,No recuerda,"{8,9}",acarrear agua o leña.,,,doc_2022.pdf p.85,ficha_variable
2022,poblacion,usotiempo7,C (1),9,No lo hizo,"{8,9}",acarrear agua o leña.,,,doc_2022.pdf p.85,ficha_variable
2022,poblacion,usotiempo8,C (1),8,No recuerda,"{8,9}",realizar actividades de su gusto.,,,doc_2022.pdf p.86,ficha_variable
2022,poblacion,usotiempo8,C (1),9,No lo hizo,"{8,9}",realizar actividades de su gusto.,,,doc_2022.pdf p.86,ficha_variable
2022,trabajos,clas_emp,C (1),1,"De tipo independiente, personal o familiar","{1,...,4}","a las unidades económicas privadas que no se ubican bajo la modalidad de negocios privados, para canalizarlas a una secuencia propia de",,,doc_2022.pdf p.137,ficha_variable
2022,trabajos,clas_emp,C (1),2,Una compañía o empresa del sector privado,"{1,...,4}","a las unidades económicas privadas que no se ubican bajo la modalidad de negocios privados, para canalizarlas a una secuencia propia de",,,doc_2022.pdf p.137,ficha_variable
2022,trabajos,clas_emp,C (1),3,Una institución de gobierno,"{1,...,4}","a las unidades económicas privadas que no se ubican bajo la modalidad de negocios privados, para canalizarlas a una secuencia propia de",,,doc_2022.pdf p.137,ficha_variable
2022,trabajos,clas_emp,C (1),4,Una institución no administrada por el gobierno,"{1,...,4}","a las unidades económicas privadas que no se ubican bajo la modalidad de negocios privados, para canalizarlas a una secuencia propia de",,,doc_2022.pdf p.137,ficha_variable
2022,trabajos,conf_pers,C (1),1,Sí,"{1,2}",actividad principal durante el periodo de ¿El personal empleado es el mismo que utilizó en la referencia.,,,doc_2022.pdf p.140,ficha_variable
2022,trabajos,conf_pers,C (1),2,No,"{1,2}",actividad principal durante el periodo de ¿El personal empleado es el mismo que utilizó en la referencia.,,,doc_2022.pdf p.140,ficha_variable
2022,trabajos,contrato,C (1),1,Sí,"{1,2}",Existencia de un contrato laboral por escrito.,,,doc_2022.pdf p.131,ficha_variable
2022,trabajos,contrato,C (1),2,No,"{1,2}",Existencia de un contrato laboral por escrito.,,,doc_2022.pdf p.131,ficha_variable
2022,trabajos,id_trabajo,C (1),1,Trabajo principal,"{1,2}",Identificador del trabajo.,,,doc_2022.pdf p.130,ficha_variable
2022,trabajos,id_trabajo,C (1),2,Trabajo secundario,"{1,2}",Identificador del trabajo.,,,doc_2022.pdf p.130,ficha_variable
2022,trabajos,indep,C (1),1,Sí,"{1,2}","El trabajo que tuvo fue por su cuenta. Entonces, ¿se dedicó a un negocio o actividad por su",,,doc_2022.pdf p.131,ficha_variable
2022,trabajos,indep,C (1),2,No,"{1,2}","El trabajo que tuvo fue por su cuenta. Entonces, ¿se dedicó a un negocio o actividad por su",,,doc_2022.pdf p.131,ficha_variable
2022,trabajos,lugar,C (1),1,Sí,"{1,2}","misma unidad económica, en la que se ¿Esta(s) actividad(es) la(s) realizó en el mismo lugar desarrolla la actividad principal.",,,doc_2022.pdf p.140,ficha_variable
2022,trabajos,lugar,C (1),2,No,"{1,2}","misma unidad económica, en la que se ¿Esta(s) actividad(es) la(s) realizó en el mismo lugar desarrolla la actividad principal.",,,doc_2022.pdf p.140,ficha_variable
2022,trabajos,medtrab_1,C (1),1,Servicios médicos del seguro social IMSS,{1},servicios médicos del seguro social.,,,doc_2022.pdf p.141,ficha_variable
2022,trabajos,medtrab_2,C (1),2,Servicios médicos del ISSSTE,{2},servicios médicos del ISSSTE.,,,doc_2022.pdf p.141,ficha_variable
2022,trabajos,medtrab_3,C (1),3,Servicio médicos del ISSSTE estatal,{3},servicios médicos del ISSSTE estatal.,,,doc_2022.pdf p.141,ficha_variable
2022,trabajos,medtrab_4,C (1),4,"Servicios médicos de PEMEX, del ejército o de la marina",{4},"servicios médicos de PEMEX, del ejército o de ¿En este trabajo le dieron las siguientes la marina.",,,doc_2022.pdf p.141,ficha_variable
2022,trabajos,medtrab_5,C (1),5,Servicios médicos de universidades,{5},servicios médicos de universidades.,,,doc_2022.pdf p.141,ficha_variable
2022,trabajos,medtrab_6,C (1),6,Servicios médicos privados,{6},servicios médicos privados.,,,doc_2022.pdf p.142,ficha_variable
2022,trabajos,medtrab_7,C (1),7,No tiene servicio médico en este trabajo,{7},En el trabajo no cuentan con servicios médicos. ¿En este trabajo le dieron las siguientes,,,doc_2022.pdf p.142,ficha_variable
2022,trabajos,no_ing,C (2),01,Pago en especie,"{01,...,13,99)","económicas, no percibieron ingresos",,,doc_2022.pdf p.137,ficha_variable
2022,trabajos,no_ing,C (2),02,No le han pagado,"{01,...,13,99)","económicas, no percibieron ingresos",,,doc_2022.pdf p.137,ficha_variable
2022,trabajos,no_ing,C (2),03,Está contratado pero no ha iniciado sus actividades,"{01,...,13,99)","económicas, no percibieron ingresos",,,doc_2022.pdf p.137,ficha_variable
2022,trabajos,no_ing,C (2),04,"Incapacidad temporal (enfermedad, accidente, etcétera)","{01,...,13,99)","económicas, no percibieron ingresos",,,doc_2022.pdf p.137,ficha_variable
2022,trabajos,no_ing,C (2),05,"Falta de trabajo (cierre temporal de la empresa, negocio o comercio pero sin haber sido despedido)","{01,...,13,99)","económicas, no percibieron ingresos",,,doc_2022.pdf p.137,ficha_variable
2022,trabajos,no_ing,C (2),06,Conflicto laboral o huelga de subordinados nóicpircseD .2202 y,"{01,...,13,99)","económicas, no percibieron ingresos",,,doc_2022.pdf p.137,ficha_variable
2022,trabajos,no_ing,C (2),07,Escasez de materiales y reparación del equipo para la producción o venta de subordinados,"{01,...,13,99)","económicas, no percibieron ingresos",,,doc_2022.pdf p.137,ficha_variable
2022,trabajos,no_ing,C (2),08,Está esperando continuar con las labores agrícolas,"{01,...,13,99)","económicas, no percibieron ingresos",,,doc_2022.pdf p.137,ficha_variable
2022,trabajos,no_ing,C (2),09,Conflicto laboral o huelga de independientes,"{01,...,13,99)","económicas, no percibieron ingresos",,,doc_2022.pdf p.137,ficha_variable
2022,trabajos,no_ing,C (2),10,Inicio de labores y no hay gastos ni ingresos,"{01,...,13,99)","económicas, no percibieron ingresos",,,doc_2022.pdf p.137,ficha_variable
2022,trabajos,no_ing,C (2),11,Escasez de materiales y reparación del equipo para la producción o venta de independientes,"{01,...,13,99)","económicas, no percibieron ingresos",,,doc_2022.pdf p.137,ficha_variable
2022,trabajos,no_ing,C (2),12,No ha tenido utilidades en el periodo de referencia,"{01,...,13,99)","económicas, no percibieron ingresos",,,doc_2022.pdf p.137,ficha_variable
2022,trabajos,no_ing,C (2),13,El negocio obtuvo pérdidas,"{01,...,13,99)","económicas, no percibieron ingresos",,,doc_2022.pdf p.137,ficha_variable
2022,trabajos,no_ing,C (2),99,Otras causas no consideradas en las anteriores,"{01,...,13,99)","económicas, no percibieron ingresos",,,doc_2022.pdf p.137,ficha_variable
2022,trabajos,otra_act,C (1),1,Sí,"{1,2}","durante el periodo de referencia, tanto en el Además de la actividad mencionada, el mes pasado, trabajo principal como en el secundario.",,,doc_2022.pdf p.139,ficha_variable
2022,trabajos,otra_act,C (1),2,No,"{1,2}","durante el periodo de referencia, tanto en el Además de la actividad mencionada, el mes pasado, trabajo principal como en el secundario.",,,doc_2022.pdf p.139,ficha_variable
2022,trabajos,pago,C (1),1,Recibe un pago,"{1,...,3}",Forma de pago en su trabajo.,,,doc_2022.pdf p.131,ficha_variable
2022,trabajos,pago,C (1),2,Es un trabajador(a) sin pago en un negocio del hogar,"{1,...,3}",Forma de pago en su trabajo.,,,doc_2022.pdf p.131,ficha_variable
2022,trabajos,pago,C (1),3,Es un trabajador(a) sin pago en un negocio que no es del hogar,"{1,...,3}",Forma de pago en su trabajo.,,,doc_2022.pdf p.131,ficha_variable
2022,trabajos,personal,C (1),1,Sí,"{1,2}",cargo.,,,doc_2022.pdf p.131,ficha_variable
2022,trabajos,personal,C (1),2,No,"{1,2}",cargo.,,,doc_2022.pdf p.131,ficha_variable
2022,trabajos,pres_1,C (2),01,"Incapacidad en caso de enfermedad, accidente o maternidad",{01},"incapacidad en caso de enfermedad, accidente ¿En este trabajo le dieron las siguientes o maternidad.",,,doc_2022.pdf p.132,ficha_variable
2022,trabajos,pres_10,C (2),10,Préstamos personales y/o caja de ahorro,{10},préstamos personales y/o caja de ahorro.,,,doc_2022.pdf p.134,ficha_variable
2022,trabajos,pres_11,C (2),11,Prima vacacional,{11},prima vacacional.,,,doc_2022.pdf p.134,ficha_variable
2022,trabajos,pres_12,C (2),12,Becas y apoyos educativos,{12},becas y apoyos educativos.,,,doc_2022.pdf p.134,ficha_variable
2022,trabajos,pres_13,C (2),13,Servicio de comedor,{13},servicio de comedor.,,,doc_2022.pdf p.134,ficha_variable
2022,trabajos,pres_14,C (2),14,Crédito FONACOT,{14},crédito FONACOT.,,,doc_2022.pdf p.135,ficha_variable
2022,trabajos,pres_15,C (2),15,Ayuda de despensas,{15},ayuda de despensas.,,,doc_2022.pdf p.135,ficha_variable
2022,trabajos,pres_16,C (2),16,"Ayuda o exención en el pago de luz, agua, teléfono, etcétera",{16},"ayuda o exención en el pago de luz, agua, ¿En este trabajo le dieron las siguientes teléfono, etcétera.",,,doc_2022.pdf p.135,ficha_variable
2022,trabajos,pres_17,C (2),17,Pensión en caso de invalidez,{17},¿En este trabajo le dieron las siguientes pensión en caso de invalidez.,,,doc_2022.pdf p.135,ficha_variable
2022,trabajos,pres_18,C (2),18,Pensión para sus familiares en caso de fallecimiento,{18},pensión para sus familiares en caso de ¿En este trabajo le dieron las siguientes fallecimiento.,,,doc_2022.pdf p.135,ficha_variable
2022,trabajos,pres_19,C (2),19,Otras prestaciones,{19},prestaciones.,,,doc_2022.pdf p.136,ficha_variable
2022,trabajos,pres_2,C (2),02,Aguinaldo,{02},aguinaldo.,,,doc_2022.pdf p.132,ficha_variable
2022,trabajos,pres_20,C (2),20,Otras prestaciones,{20},En el trabajo que tuvo no le dieron prestaciones. ¿En este trabajo le dieron las siguientes,,,doc_2022.pdf p.136,ficha_variable
2022,trabajos,pres_3,C (2),03,Vacaciones con goce de sueldo,{03},vacaciones con goce de sueldo.,,,doc_2022.pdf p.132,ficha_variable
2022,trabajos,pres_4,C (2),04,Reparto de utilidades,{04},reparto de utilidades.,,,doc_2022.pdf p.132,ficha_variable
2022,trabajos,pres_5,C (2),05,Crédito de vivienda,{05},crédito de vivienda.,,,doc_2022.pdf p.133,ficha_variable
2022,trabajos,pres_6,C (2),06,Guarderías y estancias infantiles,{06},guarderías y estancias infantiles.,,,doc_2022.pdf p.133,ficha_variable
2022,trabajos,pres_7,C (2),07,Tiempo para cuidados maternos o paternos,{07},tiempo para cuidados maternos o paternos.,,,doc_2022.pdf p.133,ficha_variable
2022,trabajos,pres_8,C (2),08,SAR o AFORE,{08},SAR o AFORE.,,,doc_2022.pdf p.133,ficha_variable
2022,trabajos,pres_9,C (2),09,Seguro de vida,{09},seguro de vida.,,,doc_2022.pdf p.133,ficha_variable
2022,trabajos,socios,C (1),1,Sí,"{1,2}",también sea(n) dueño(s) del negocio.,,,doc_2022.pdf p.138,ficha_variable
2022,trabajos,socios,C (1),2,No,"{1,2}",también sea(n) dueño(s) del negocio.,,,doc_2022.pdf p.138,ficha_variable
2022,trabajos,subor,C (1),1,Sí,"{1,2}",En el trabajo que tuvo fue subordinado.,,,doc_2022.pdf p.130,ficha_variable
2022,trabajos,subor,C (1),2,No,"{1,2}",En el trabajo que tuvo fue subordinado.,,,doc_2022.pdf p.130,ficha_variable
2022,trabajos,tam_emp,C (2),01,De 1 persona,"{01,...,12}","de trabajadores, donde desempeñó su trabajo Durante el mes pasado, ¿cuántas personas principal el integrante del hogar, el mes pasado.",,,doc_2022.pdf p.137,ficha_variable
2022,trabajos,tam_emp,C (2),02,De 2 a 5 personas,"{01,...,12}","de trabajadores, donde desempeñó su trabajo Durante el mes pasado, ¿cuántas personas principal el integrante del hogar, el mes pasado.",,,doc_2022.pdf p.137,ficha_variable
2022,trabajos,tam_emp,C (2),03,De 6 a 10 personas,"{01,...,12}","de trabajadores, donde desempeñó su trabajo Durante el mes pasado, ¿cuántas personas principal el integrante del hogar, el mes pasado.",,,doc_2022.pdf p.137,ficha_variable
2022,trabajos,tam_emp,C (2),04,De 11 a 15 personas,"{01,...,12}","de trabajadores, donde desempeñó su trabajo Durante el mes pasado, ¿cuántas personas principal el integrante del hogar, el mes pasado.",,,doc_2022.pdf p.137,ficha_variable
2022,trabajos,tam_emp,C (2),05,De 16 a 20 personas,"{01,...,12}","de trabajadores, donde desempeñó su trabajo Durante el mes pasado, ¿cuántas personas principal el integrante del hogar, el mes pasado.",,,doc_2022.pdf p.137,ficha_variable
2022,trabajos,tam_emp,C (2),06,De 21 a 30 personas,"{01,...,12}","de trabajadores, donde desempeñó su trabajo Durante el mes pasado, ¿cuántas personas principal el integrante del hogar, el mes pasado.",,,doc_2022.pdf p.137,ficha_variable
2022,trabajos,tam_emp,C (2),07,De 31 a 50 personas,"{01,...,12}","de trabajadores, donde desempeñó su trabajo Durante el mes pasado, ¿cuántas personas principal el integrante del hogar, el mes pasado.",,,doc_2022.pdf p.137,ficha_variable
2022,trabajos,tam_emp,C (2),08,De 51 a 100 personas,"{01,...,12}","de trabajadores, donde desempeñó su trabajo Durante el mes pasado, ¿cuántas personas principal el integrante del hogar, el mes pasado.",,,doc_2022.pdf p.137,ficha_variable
2022,trabajos,tam_emp,C (2),09,De 101 a 250 personas,"{01,...,12}","de trabajadores, donde desempeñó su trabajo Durante el mes pasado, ¿cuántas personas principal el integrante del hogar, el mes pasado.",,,doc_2022.pdf p.137,ficha_variable
2022,trabajos,tam_emp,C (2),10,De 251 a 500 personas,"{01,...,12}","de trabajadores, donde desempeñó su trabajo Durante el mes pasado, ¿cuántas personas principal el integrante del hogar, el mes pasado.",,,doc_2022.pdf p.137,ficha_variable
2022,trabajos,tam_emp,C (2),11,De 501 a más personas,"{01,...,12}","de trabajadores, donde desempeñó su trabajo Durante el mes pasado, ¿cuántas personas principal el integrante del hogar, el mes pasado.",,,doc_2022.pdf p.137,ficha_variable
2022,trabajos,tam_emp,C (2),12,No sabe,"{01,...,12}","de trabajadores, donde desempeñó su trabajo Durante el mes pasado, ¿cuántas personas principal el integrante del hogar, el mes pasado.",,,doc_2022.pdf p.137,ficha_variable
2022,trabajos,tiene_suel,C (1),1,Sí,"{1,2}","años, por el desempeño del trabajo que realizó ¿En este trabajo usted recibió o tuvo asignado un el mes pasado.",,,doc_2022.pdf p.138,ficha_variable
2022,trabajos,tiene_suel,C (1),2,No,"{1,2}","años, por el desempeño del trabajo que realizó ¿En este trabajo usted recibió o tuvo asignado un el mes pasado.",,,doc_2022.pdf p.138,ficha_variable
2022,trabajos,tipoact,C (1),1,Industrial,"{1,...,9}","empresa, negocio o institución.",,,doc_2022.pdf p.138,ficha_variable
2022,trabajos,tipoact,C (1),2,Comercial,"{1,...,9}","empresa, negocio o institución.",,,doc_2022.pdf p.138,ficha_variable
2022,trabajos,tipoact,C (1),3,De servicios,"{1,...,9}","empresa, negocio o institución.",,,doc_2022.pdf p.138,ficha_variable
2022,trabajos,tipoact,C (1),4,Actividades agrícolas,"{1,...,9}","empresa, negocio o institución.",,,doc_2022.pdf p.138,ficha_variable
2022,trabajos,tipoact,C (1),5,Actividades de cría y explotación de animales,"{1,...,9}","empresa, negocio o institución.",,,doc_2022.pdf p.138,ficha_variable
2022,trabajos,tipoact,C (1),6,Actividades de recolección,"{1,...,9}","empresa, negocio o institución.",,,doc_2022.pdf p.138,ficha_variable
2022,trabajos,tipoact,C (1),7,Reforestación y tala de árboles,"{1,...,9}","empresa, negocio o institución.",,,doc_2022.pdf p.138,ficha_variable
2022,trabajos,tipoact,C (1),8,Actividades de caza y captura de animales,"{1,...,9}","empresa, negocio o institución.",,,doc_2022.pdf p.138,ficha_variable
2022,trabajos,tipoact,C (1),9,Actividades de pesca,"{1,...,9}","empresa, negocio o institución.",,,doc_2022.pdf p.138,ficha_variable
2022,trabajos,tipoact2,C (1),1,Industrial,"{1,...,9}","dedica la empresa, negocio o institución.",,,doc_2022.pdf p.139,ficha_variable
2022,trabajos,tipoact2,C (1),2,Comercial,"{1,...,9}","dedica la empresa, negocio o institución.",,,doc_2022.pdf p.139,ficha_variable
2022,trabajos,tipoact2,C (1),3,De servicios,"{1,...,9}","dedica la empresa, negocio o institución.",,,doc_2022.pdf p.139,ficha_variable
2022,trabajos,tipoact2,C (1),4,Actividades agrícolas,"{1,...,9}","dedica la empresa, negocio o institución.",,,doc_2022.pdf p.139,ficha_variable
2022,trabajos,tipoact2,C (1),5,Actividades de cría y explotación de animales,"{1,...,9}","dedica la empresa, negocio o institución.",,,doc_2022.pdf p.139,ficha_variable
2022,trabajos,tipoact2,C (1),6,Actividades de recolección,"{1,...,9}","dedica la empresa, negocio o institución.",,,doc_2022.pdf p.139,ficha_variable
2022,trabajos,tipoact2,C (1),7,Reforestación y tala de árboles,"{1,...,9}","dedica la empresa, negocio o institución.",,,doc_2022.pdf p.139,ficha_variable
2022,trabajos,tipoact2,C (1),8,Actividades de caza y captura de animales,"{1,...,9}","dedica la empresa, negocio o institución.",,,doc_2022.pdf p.139,ficha_variable
2022,trabajos,tipoact2,C (1),9,Actividades de pesca nóicpircseD .2202 y,"{1,...,9}","dedica la empresa, negocio o institución.",,,doc_2022.pdf p.139,ficha_variable
2022,trabajos,tipoact3,C (1),1,Industrial,"{1,...,9}","la empresa, negocio o institución.",,,doc_2022.pdf p.140,ficha_variable
2022,trabajos,tipoact3,C (1),2,Comercial,"{1,...,9}","la empresa, negocio o institución.",,,doc_2022.pdf p.140,ficha_variable
2022,trabajos,tipoact3,C (1),3,De servicios,"{1,...,9}","la empresa, negocio o institución.",,,doc_2022.pdf p.140,ficha_variable
2022,trabajos,tipoact3,C (1),4,Actividades agrícolas,"{1,...,9}","la empresa, negocio o institución.",,,doc_2022.pdf p.140,ficha_variable
2022,trabajos,tipoact3,C (1),5,Actividades de cría y explotación de animales,"{1,...,9}","la empresa, negocio o institución.",,,doc_2022.pdf p.140,ficha_variable
2022,trabajos,tipoact3,C (1),6,Actividades de recolección,"{1,...,9}","la empresa, negocio o institución.",,,doc_2022.pdf p.140,ficha_variable
2022,trabajos,tipoact3,C (1),7,Reforestación y tala de árboles,"{1,...,9}","la empresa, negocio o institución.",,,doc_2022.pdf p.140,ficha_variable
2022,trabajos,tipoact3,C (1),8,Actividades de caza y captura de animales,"{1,...,9}","la empresa, negocio o institución.",,,doc_2022.pdf p.140,ficha_variable
2022,trabajos,tipoact3,C (1),9,Actividades de pesca,"{1,...,9}","la empresa, negocio o institución.",,,doc_2022.pdf p.140,ficha_variable
2022,trabajos,tipoact4,C (1),1,Industrial,"{1,...,9}","la empresa, negocio o institución.",,,doc_2022.pdf p.140,ficha_variable
2022,trabajos,tipoact4,C (1),2,Comercial,"{1,...,9}","la empresa, negocio o institución.",,,doc_2022.pdf p.140,ficha_variable
2022,trabajos,tipoact4,C (1),3,De servicios,"{1,...,9}","la empresa, negocio o institución.",,,doc_2022.pdf p.140,ficha_variable
2022,trabajos,tipoact4,C (1),4,Actividades agrícolas,"{1,...,9}","la empresa, negocio o institución.",,,doc_2022.pdf p.140,ficha_variable
2022,trabajos,tipoact4,C (1),5,Actividades de cría y explotación de animales,"{1,...,9}","la empresa, negocio o institución.",,,doc_2022.pdf p.140,ficha_variable
2022,trabajos,tipoact4,C (1),6,Actividades de recolección,"{1,...,9}","la empresa, negocio o institución.",,,doc_2022.pdf p.140,ficha_variable
2022,trabajos,tipoact4,C (1),7,Reforestación y tala de árboles,"{1,...,9}","la empresa, negocio o institución.",,,doc_2022.pdf p.140,ficha_variable
2022,trabajos,tipoact4,C (1),8,Actividades de caza y captura de animales,"{1,...,9}","la empresa, negocio o institución.",,,doc_2022.pdf p.140,ficha_variable
2022,trabajos,tipoact4,C (1),9,Actividades de pesca,"{1,...,9}","la empresa, negocio o institución.",,,doc_2022.pdf p.140,ficha_variable
2022,trabajos,tipocontr,C (1),1,Es temporal o por obra determinada,"{1,2}",tuvo.,,,doc_2022.pdf p.132,ficha_variable
2022,trabajos,tipocontr,C (1),2,"Es de base, planta o por tiempo Indeterminado","{1,2}",tuvo.,,,doc_2022.pdf p.132,ficha_variable
2022,trabajos,trapais,C (1),1,Sí,"{1,2}",El trabajo que tuvo fue dentro del país.,,,doc_2022.pdf p.130,ficha_variable
2022,trabajos,trapais,C (1),2,No,"{1,2}",El trabajo que tuvo fue dentro del país.,,,doc_2022.pdf p.130,ficha_variable
2022,viviendas,aire_acond,C (1),1,Sí,"{1,2}",Aire acondicionado.,,,doc_2022.pdf p.44,ficha_variable
2022,viviendas,aire_acond,C (1),2,No,"{1,2}",Aire acondicionado.,,,doc_2022.pdf p.44,ficha_variable
2022,viviendas,antigua_ne,C (1),1,No sabe,{1},No sabe la antigüedad de la vivienda ¿Cuántos años hace que se construyó esta,,,doc_2022.pdf p.36,ficha_variable
2022,viviendas,biodigest,C (1),1,Sí,"{1,2}",servicio sanitario.,,,doc_2022.pdf p.38,ficha_variable
2022,viviendas,biodigest,C (1),2,No,"{1,2}",servicio sanitario.,,,doc_2022.pdf p.38,ficha_variable
2022,viviendas,bomba_agua,C (1),1,Sí,"{1,2}",Bomba de agua.,,,doc_2022.pdf p.44,ficha_variable
2022,viviendas,bomba_agua,C (1),2,No,"{1,2}",Bomba de agua.,,,doc_2022.pdf p.44,ficha_variable
2022,viviendas,calefacc,C (1),1,Sí,"{1,2}",Calefacción.,,,doc_2022.pdf p.44,ficha_variable
2022,viviendas,calefacc,C (1),2,No,"{1,2}",Calefacción.,,,doc_2022.pdf p.44,ficha_variable
2022,viviendas,calent_gas,C (1),1,Sí,"{1,2}",Calentador de gas u otros.,,,doc_2022.pdf p.43,ficha_variable
2022,viviendas,calent_gas,C (1),2,No nóicpircseD .2202 y,"{1,2}",Calentador de gas u otros.,,,doc_2022.pdf p.43,ficha_variable
2022,viviendas,calent_sol,C (1),1,Sí,"{1,2}",Calentador de agua solar.,,,doc_2022.pdf p.43,ficha_variable
2022,viviendas,calent_sol,C (1),2,No,"{1,2}",Calentador de agua solar.,,,doc_2022.pdf p.43,ficha_variable
2022,viviendas,cisterna,C (1),1,Sí,"{1,2}",Cisterna o aljibe.,,,doc_2022.pdf p.43,ficha_variable
2022,viviendas,cisterna,C (1),2,No,"{1,2}",Cisterna o aljibe.,,,doc_2022.pdf p.43,ficha_variable
2022,viviendas,cocina,C (1),1,Sí,"{1,2}","calentar alimentos, aunque también tenga otros usos.",,,doc_2022.pdf p.36,ficha_variable
2022,viviendas,cocina,C (1),2,No,"{1,2}","calentar alimentos, aunque también tenga otros usos.",,,doc_2022.pdf p.36,ficha_variable
2022,viviendas,cocina_dor,C (1),1,Sí,"{1,2}",para dormir.,,,doc_2022.pdf p.36,ficha_variable
2022,viviendas,cocina_dor,C (1),2,No,"{1,2}",para dormir.,,,doc_2022.pdf p.36,ficha_variable
2022,viviendas,combustible,C (1),&,No especificado,"{1,...,6}",calentar alimentos en la vivienda.,,,doc_2022.pdf p.39,ficha_variable
2022,viviendas,combustible,C (1),1,Leña,"{1,...,6}",calentar alimentos en la vivienda.,,,doc_2022.pdf p.39,ficha_variable
2022,viviendas,combustible,C (1),2,Carbón,"{1,...,6}",calentar alimentos en la vivienda.,,,doc_2022.pdf p.39,ficha_variable
2022,viviendas,combustible,C (1),3,Gas de tanque,"{1,...,6}",calentar alimentos en la vivienda.,,,doc_2022.pdf p.39,ficha_variable
2022,viviendas,combustible,C (1),4,Gas natural o de tubería,"{1,...,6}",calentar alimentos en la vivienda.,,,doc_2022.pdf p.39,ficha_variable
2022,viviendas,combustible,C (1),5,Electricidad,"{1,...,6}",calentar alimentos en la vivienda.,,,doc_2022.pdf p.39,ficha_variable
2022,viviendas,combustible,C (1),6,Otro combustible,"{1,...,6}",calentar alimentos en la vivienda.,,,doc_2022.pdf p.39,ficha_variable
2022,viviendas,disp_agua,C (1),1,Agua entubada dentro de la vivienda,"{1,...,7}","sea que se cuente o no, con agua entubada de la red pública.",,,doc_2022.pdf p.37,ficha_variable
2022,viviendas,disp_agua,C (1),2,"Agua entubada fuera de la vivienda, pero dentro del terreno","{1,...,7}","sea que se cuente o no, con agua entubada de la red pública.",,,doc_2022.pdf p.37,ficha_variable
2022,viviendas,disp_agua,C (1),3,Agua entubada de llave pública (o hidrante),"{1,...,7}","sea que se cuente o no, con agua entubada de la red pública.",,,doc_2022.pdf p.37,ficha_variable
2022,viviendas,disp_agua,C (1),4,Captadores de agua de lluvia,"{1,...,7}","sea que se cuente o no, con agua entubada de la red pública.",,,doc_2022.pdf p.37,ficha_variable
2022,viviendas,disp_agua,C (1),5,Agua entubada que acarrean de otra vivienda,"{1,...,7}","sea que se cuente o no, con agua entubada de la red pública.",,,doc_2022.pdf p.37,ficha_variable
2022,viviendas,disp_agua,C (1),6,Agua de pipa,"{1,...,7}","sea que se cuente o no, con agua entubada de la red pública.",,,doc_2022.pdf p.37,ficha_variable
2022,viviendas,disp_agua,C (1),7,"Agua de un pozo, río, lago, arroyo u otra","{1,...,7}","sea que se cuente o no, con agua entubada de la red pública.",,,doc_2022.pdf p.37,ficha_variable
2022,viviendas,disp_elect,C (1),1,Del servicio público,"{1,...,5}",en la vivienda.,,,doc_2022.pdf p.39,ficha_variable
2022,viviendas,disp_elect,C (1),2,De una planta particular,"{1,...,5}",en la vivienda.,,,doc_2022.pdf p.39,ficha_variable
2022,viviendas,disp_elect,C (1),3,De panel solar,"{1,...,5}",en la vivienda.,,,doc_2022.pdf p.39,ficha_variable
2022,viviendas,disp_elect,C (1),4,De otra fuente,"{1,...,5}",en la vivienda.,,,doc_2022.pdf p.39,ficha_variable
2022,viviendas,disp_elect,C (1),5,No tiene luz eléctrica,"{1,...,5}",en la vivienda.,,,doc_2022.pdf p.39,ficha_variable
2022,viviendas,dotac_agua,C (1),&,No especificado,"{1,...,5}",agua entubada que proviene de la red pública.,,,doc_2022.pdf p.37,ficha_variable
2022,viviendas,dotac_agua,C (1),1,Diario,"{1,...,5}",agua entubada que proviene de la red pública.,,,doc_2022.pdf p.37,ficha_variable
2022,viviendas,dotac_agua,C (1),2,Cada tercer día,"{1,...,5}",agua entubada que proviene de la red pública.,,,doc_2022.pdf p.37,ficha_variable
2022,viviendas,dotac_agua,C (1),3,Dos veces por semana,"{1,...,5}",agua entubada que proviene de la red pública.,,,doc_2022.pdf p.37,ficha_variable
2022,viviendas,dotac_agua,C (1),4,Una vez por semana,"{1,...,5}",agua entubada que proviene de la red pública.,,,doc_2022.pdf p.37,ficha_variable
2022,viviendas,dotac_agua,C (1),5,De vez en cuando,"{1,...,5}",agua entubada que proviene de la red pública.,,,doc_2022.pdf p.37,ficha_variable
2022,viviendas,drenaje,C (1),1,La red pública,"{1,...,5}",desalojar de la vivienda los desechos humanos ¿Esta vivienda tiene drenaje o desagüe conectado y las aguas utilizadas.,,,doc_2022.pdf p.38,ficha_variable
2022,viviendas,drenaje,C (1),2,Una fosa séptica,"{1,...,5}",desalojar de la vivienda los desechos humanos ¿Esta vivienda tiene drenaje o desagüe conectado y las aguas utilizadas.,,,doc_2022.pdf p.38,ficha_variable
2022,viviendas,drenaje,C (1),3,Una tubería que va a dar a una barranca o grieta,"{1,...,5}",desalojar de la vivienda los desechos humanos ¿Esta vivienda tiene drenaje o desagüe conectado y las aguas utilizadas.,,,doc_2022.pdf p.38,ficha_variable
2022,viviendas,drenaje,C (1),4,"Una tubería que va a dar a un río, lago o mar","{1,...,5}",desalojar de la vivienda los desechos humanos ¿Esta vivienda tiene drenaje o desagüe conectado y las aguas utilizadas.,,,doc_2022.pdf p.38,ficha_variable
2022,viviendas,drenaje,C (1),5,No tiene drenaje,"{1,...,5}",desalojar de la vivienda los desechos humanos ¿Esta vivienda tiene drenaje o desagüe conectado y las aguas utilizadas.,,,doc_2022.pdf p.38,ficha_variable
2022,viviendas,eli_basura,C (1),1,La recoge un camión o carrito de basura,"{1,...,8}",Formas de eliminar la basura de la vivienda.,,,doc_2022.pdf p.40,ficha_variable
2022,viviendas,eli_basura,C (1),2,La tiran en el basurero público,"{1,...,8}",Formas de eliminar la basura de la vivienda.,,,doc_2022.pdf p.40,ficha_variable
2022,viviendas,eli_basura,C (1),3,La tiran en un contenedor o depósito,"{1,...,8}",Formas de eliminar la basura de la vivienda.,,,doc_2022.pdf p.40,ficha_variable
2022,viviendas,eli_basura,C (1),4,La queman,"{1,...,8}",Formas de eliminar la basura de la vivienda.,,,doc_2022.pdf p.40,ficha_variable
2022,viviendas,eli_basura,C (1),5,La entierran,"{1,...,8}",Formas de eliminar la basura de la vivienda.,,,doc_2022.pdf p.40,ficha_variable
2022,viviendas,eli_basura,C (1),6,La tiran en un terreno baldío o calle,"{1,...,8}",Formas de eliminar la basura de la vivienda.,,,doc_2022.pdf p.40,ficha_variable
2022,viviendas,eli_basura,C (1),7,La tiran en barranca o grieta,"{1,...,8}",Formas de eliminar la basura de la vivienda.,,,doc_2022.pdf p.40,ficha_variable
2022,viviendas,eli_basura,C (1),8,"La tiran al río, lago o mar","{1,...,8}",Formas de eliminar la basura de la vivienda.,,,doc_2022.pdf p.40,ficha_variable
2022,viviendas,escrituras,C (1),1,A nombre del dueño,"{1,...,4}",Escrituras o título de propiedad de la vivienda. ¿Esta vivienda cuenta con escrituras o título de,,,doc_2022.pdf p.42,ficha_variable
2022,viviendas,escrituras,C (1),2,A nombre de otra persona,"{1,...,4}",Escrituras o título de propiedad de la vivienda. ¿Esta vivienda cuenta con escrituras o título de,,,doc_2022.pdf p.42,ficha_variable
2022,viviendas,escrituras,C (1),3,No tiene escrituras,"{1,...,4}",Escrituras o título de propiedad de la vivienda. ¿Esta vivienda cuenta con escrituras o título de,,,doc_2022.pdf p.42,ficha_variable
2022,viviendas,escrituras,C (1),4,No sabe,"{1,...,4}",Escrituras o título de propiedad de la vivienda. ¿Esta vivienda cuenta con escrituras o título de,,,doc_2022.pdf p.42,ficha_variable
2022,viviendas,est_socio,C (1),1,Bajo,"{1,...,4}",equipamiento de las mismas expresadas por medio de 24 indicadores construidos con información del Censo de Población y Vivienda 2010. Esta estratificación se realizó por medio,,1,doc_2022.pdf p.46,ficha_variable
2022,viviendas,est_socio,C (1),2,Medio bajo,"{1,...,4}",equipamiento de las mismas expresadas por medio de 24 indicadores construidos con información del Censo de Población y Vivienda 2010. Esta estratificación se realizó por medio,,2,doc_2022.pdf p.46,ficha_variable
2022,viviendas,est_socio,C (1),3,Medio alto,"{1,...,4}",equipamiento de las mismas expresadas por medio de 24 indicadores construidos con información del Censo de Población y Vivienda 2010. Esta estratificación se realizó por medio,,3,doc_2022.pdf p.46,ficha_variable
2022,viviendas,est_socio,C (1),4,Alto,"{1,...,4}",equipamiento de las mismas expresadas por medio de 24 indicadores construidos con información del Censo de Población y Vivienda 2010. Esta estratificación se realizó por medio,,4,doc_2022.pdf p.46,ficha_variable
2022,viviendas,estufa_chi,C (1),1,Sí,,al cocinar.,,,doc_2022.pdf p.40,ficha_variable
2022,viviendas,estufa_chi,C (1),2,No,,al cocinar.,,,doc_2022.pdf p.40,ficha_variable
2022,viviendas,excusado,C (1),1,Sí,"{1,2}","para el desalojo de los desechos humanos. ¿Tienen excusado, retrete, sanitario, letrina u hoyo",,,doc_2022.pdf p.37,ficha_variable
2022,viviendas,excusado,C (1),2,No nóicpircseD .2202 y,"{1,2}","para el desalojo de los desechos humanos. ¿Tienen excusado, retrete, sanitario, letrina u hoyo",,,doc_2022.pdf p.37,ficha_variable
2022,viviendas,fregadero,C (1),1,Sí,"{1,2}",Fregadero o tarja.,,,doc_2022.pdf p.42,ficha_variable
2022,viviendas,fregadero,C (1),2,No nóicpircseD .2202 y,"{1,2}",Fregadero o tarja.,,,doc_2022.pdf p.42,ficha_variable
2022,viviendas,hog_dueno1,C (1),&,No especificado,Sección y/o apartado Sección I,vivienda.,,,doc_2022.pdf p.42,ficha_variable
2022,viviendas,hog_dueno2,C (1),&,No especificado,Sección y/o apartado Sección I,de la vivienda.,,,doc_2022.pdf p.42,ficha_variable
2022,viviendas,lavadero,C (1),1,Sí,"{1,2}",Lavadero.,,,doc_2022.pdf p.42,ficha_variable
2022,viviendas,lavadero,C (1),2,No,"{1,2}",Lavadero.,,,doc_2022.pdf p.42,ficha_variable
2022,viviendas,mat_pared,C (1),1,Material de desecho,"{1,...,8}",vivienda.,,,doc_2022.pdf p.35,ficha_variable
2022,viviendas,mat_pared,C (1),2,Lámina de cartón,"{1,...,8}",vivienda.,,,doc_2022.pdf p.35,ficha_variable
2022,viviendas,mat_pared,C (1),3,Lámina de asbesto o metálica,"{1,...,8}",vivienda.,,,doc_2022.pdf p.35,ficha_variable
2022,viviendas,mat_pared,C (1),4,Carrizo bambú o palma,"{1,...,8}",vivienda.,,,doc_2022.pdf p.35,ficha_variable
2022,viviendas,mat_pared,C (1),5,Embarro o bajareque,"{1,...,8}",vivienda.,,,doc_2022.pdf p.35,ficha_variable
2022,viviendas,mat_pared,C (1),6,Madera,"{1,...,8}",vivienda.,,,doc_2022.pdf p.35,ficha_variable
2022,viviendas,mat_pared,C (1),7,Adobe,"{1,...,8}",vivienda.,,,doc_2022.pdf p.35,ficha_variable
2022,viviendas,mat_pared,C (1),8,"Tabique, ladrillo, block, piedra, cantera, cemento o concreto","{1,...,8}",vivienda.,,,doc_2022.pdf p.35,ficha_variable
2022,viviendas,mat_pisos,C (1),&,No especificado,"{1,...,3}",Material predominante en el piso de la vivienda. ¿De qué material es la mayor parte del piso de esta,,,doc_2022.pdf p.36,ficha_variable
2022,viviendas,mat_pisos,C (1),1,Tierra,"{1,...,3}",Material predominante en el piso de la vivienda. ¿De qué material es la mayor parte del piso de esta,,,doc_2022.pdf p.36,ficha_variable
2022,viviendas,mat_pisos,C (1),2,Cemento o firme,"{1,...,3}",Material predominante en el piso de la vivienda. ¿De qué material es la mayor parte del piso de esta,,,doc_2022.pdf p.36,ficha_variable
2022,viviendas,mat_pisos,C (1),3,"Madera, mosaico u otro recubrimiento","{1,...,3}",Material predominante en el piso de la vivienda. ¿De qué material es la mayor parte del piso de esta,,,doc_2022.pdf p.36,ficha_variable
2022,viviendas,mat_techos,C (2),01,Material de desecho,"{01,...,10}",vivienda. ¿De qué material es la mayor parte del techo de esta,,,doc_2022.pdf p.35,ficha_variable
2022,viviendas,mat_techos,C (2),02,Lámina de cartón nóicpircseD .2202 y,"{01,...,10}",vivienda. ¿De qué material es la mayor parte del techo de esta,,,doc_2022.pdf p.35,ficha_variable
2022,viviendas,mat_techos,C (2),03,Lámina metálica,"{01,...,10}",vivienda. ¿De qué material es la mayor parte del techo de esta,,,doc_2022.pdf p.35,ficha_variable
2022,viviendas,mat_techos,C (2),04,Lámina de asbesto,"{01,...,10}",vivienda. ¿De qué material es la mayor parte del techo de esta,,,doc_2022.pdf p.35,ficha_variable
2022,viviendas,mat_techos,C (2),05,Lámina de fibrocemento ondulada (techo fijo),"{01,...,10}",vivienda. ¿De qué material es la mayor parte del techo de esta,,,doc_2022.pdf p.35,ficha_variable
2022,viviendas,mat_techos,C (2),06,Palma o paja,"{01,...,10}",vivienda. ¿De qué material es la mayor parte del techo de esta,,,doc_2022.pdf p.35,ficha_variable
2022,viviendas,mat_techos,C (2),07,Madera o tejamanil,"{01,...,10}",vivienda. ¿De qué material es la mayor parte del techo de esta,,,doc_2022.pdf p.35,ficha_variable
2022,viviendas,mat_techos,C (2),08,Terrado con viguería,"{01,...,10}",vivienda. ¿De qué material es la mayor parte del techo de esta,,,doc_2022.pdf p.35,ficha_variable
2022,viviendas,mat_techos,C (2),09,Teja,"{01,...,10}",vivienda. ¿De qué material es la mayor parte del techo de esta,,,doc_2022.pdf p.35,ficha_variable
2022,viviendas,mat_techos,C (2),10,Losa de concreto o viguetas con bovedilla,"{01,...,10}",vivienda. ¿De qué material es la mayor parte del techo de esta,,,doc_2022.pdf p.35,ficha_variable
2022,viviendas,medidor_luz,C (1),1,Sí,"{1,2}",Medidor de luz.,,,doc_2022.pdf p.44,ficha_variable
2022,viviendas,medidor_luz,C (1),2,No,"{1,2}",Medidor de luz.,,,doc_2022.pdf p.44,ficha_variable
2022,viviendas,mes_1,C (2),07,Julio,"{07,…,10}",Un mes previo a la entrevista.,,,doc_2022.pdf p.116,ficha_variable
2022,viviendas,mes_1,C (2),08,Agosto,"{07,…,10}",Un mes previo a la entrevista.,,,doc_2022.pdf p.116,ficha_variable
2022,viviendas,mes_1,C (2),09,Septiembre,"{07,…,10}",Un mes previo a la entrevista.,,,doc_2022.pdf p.116,ficha_variable
2022,viviendas,mes_1,C (2),10,Octubre,"{07,…,10}",Un mes previo a la entrevista.,,,doc_2022.pdf p.116,ficha_variable
2022,viviendas,mes_2,C (2),06,Junio,"{06,…,09}",Dos meses previos a la entrevista.,,,doc_2022.pdf p.116,ficha_variable
2022,viviendas,mes_2,C (2),07,Julio,"{06,…,09}",Dos meses previos a la entrevista.,,,doc_2022.pdf p.116,ficha_variable
2022,viviendas,mes_2,C (2),08,Agosto,"{06,…,09}",Dos meses previos a la entrevista.,,,doc_2022.pdf p.116,ficha_variable
2022,viviendas,mes_2,C (2),09,Septiembre,"{06,…,09}",Dos meses previos a la entrevista.,,,doc_2022.pdf p.116,ficha_variable
2022,viviendas,mes_3,C (2),05,Mayo,"{05,…,08}",Tres meses previos a la entrevista.,,,doc_2022.pdf p.116,ficha_variable
2022,viviendas,mes_3,C (2),06,Junio,"{05,…,08}",Tres meses previos a la entrevista.,,,doc_2022.pdf p.116,ficha_variable
2022,viviendas,mes_3,C (2),07,Julio,"{05,…,08}",Tres meses previos a la entrevista.,,,doc_2022.pdf p.116,ficha_variable
2022,viviendas,mes_3,C (2),08,Agosto,"{05,…,08}",Tres meses previos a la entrevista.,,,doc_2022.pdf p.116,ficha_variable
2022,viviendas,mes_4,C (2),04,Abril,"{04,…,07}",Cuatro meses previos a la entrevista.,,,doc_2022.pdf p.116,ficha_variable
2022,viviendas,mes_4,C (2),05,Mayo,"{04,…,07}",Cuatro meses previos a la entrevista.,,,doc_2022.pdf p.116,ficha_variable
2022,viviendas,mes_4,C (2),06,Junio,"{04,…,07}",Cuatro meses previos a la entrevista.,,,doc_2022.pdf p.116,ficha_variable
2022,viviendas,mes_4,C (2),07,Julio,"{04,…,07}",Cuatro meses previos a la entrevista.,,,doc_2022.pdf p.116,ficha_variable
2022,viviendas,mes_5,C (2),03,Marzo,"{03,…,06}",Cinco meses previos a la entrevista.,,,doc_2022.pdf p.116,ficha_variable
2022,viviendas,mes_5,C (2),04,Abril nóicpircseD .2202 y,"{03,…,06}",Cinco meses previos a la entrevista.,,,doc_2022.pdf p.116,ficha_variable
2022,viviendas,mes_5,C (2),05,Mayo,"{03,…,06}",Cinco meses previos a la entrevista.,,,doc_2022.pdf p.116,ficha_variable
2022,viviendas,mes_5,C (2),06,Junio,"{03,…,06}",Cinco meses previos a la entrevista.,,,doc_2022.pdf p.116,ficha_variable
2022,viviendas,mes_6,C (2),02,Febrero,"{02,…,05}",Seis meses previos a la entrevista.,,,doc_2022.pdf p.117,ficha_variable
2022,viviendas,mes_6,C (2),03,Marzo,"{02,…,05}",Seis meses previos a la entrevista.,,,doc_2022.pdf p.117,ficha_variable
2022,viviendas,mes_6,C (2),04,Abril,"{02,…,05}",Seis meses previos a la entrevista.,,,doc_2022.pdf p.117,ficha_variable
2022,viviendas,mes_6,C (2),05,Mayo,"{02,…,05}",Seis meses previos a la entrevista.,,,doc_2022.pdf p.117,ficha_variable
2022,viviendas,num_dueno1,C (2),&,No especificado,Sección y/o apartado Sección I,vivienda.,,,doc_2022.pdf p.41,ficha_variable
2022,viviendas,num_dueno2,C (2),&,No especificado,Sección y/o apartado Sección I,de la vivienda.,,,doc_2022.pdf p.42,ficha_variable
2022,viviendas,pago_mesp,C (1),1,Sí,"{1,2}",Pagó por la vivienda el mes pasado.,,,doc_2022.pdf p.41,ficha_variable
2022,viviendas,pago_mesp,C (1),2,No,"{1,2}",Pagó por la vivienda el mes pasado.,,,doc_2022.pdf p.41,ficha_variable
2022,viviendas,pileta,C (1),1,Sí,"{1,2}","Pileta, tanque o depósito de agua. ¿Esta vivienda tiene pileta, tanque o depósito de",,,doc_2022.pdf p.43,ficha_variable
2022,viviendas,pileta,C (1),2,No,"{1,2}","Pileta, tanque o depósito de agua. ¿Esta vivienda tiene pileta, tanque o depósito de",,,doc_2022.pdf p.43,ficha_variable
2022,viviendas,procaptar,N (1),0,No aplica,"{0,1}","anuales acumuladas iguales o mayores a 1 500 mm, y que además se encuentran dentro de la Cruzada Nacional Contra el Hambre, por lo cual el apoyo del programa es de hasta el 100% para la instalación de un sistema de captación",,,doc_2022.pdf p.47,ficha_variable
2022,viviendas,procaptar,N (1),1,Vivienda con precipitación pluvial mayor o igual a 1500 mm,"{0,1}","anuales acumuladas iguales o mayores a 1 500 mm, y que además se encuentran dentro de la Cruzada Nacional Contra el Hambre, por lo cual el apoyo del programa es de hasta el 100% para la instalación de un sistema de captación",,,doc_2022.pdf p.47,ficha_variable
2022,viviendas,regadera,C (1),1,Sí,"{1,2}",Regadera.,,,doc_2022.pdf p.43,ficha_variable
2022,viviendas,regadera,C (1),2,No,"{1,2}",Regadera.,,,doc_2022.pdf p.43,ficha_variable
2022,viviendas,sanit_agua,C (1),&,No especificado,"{1,...,3}",sin conexión de agua.,,,doc_2022.pdf p.38,ficha_variable
2022,viviendas,sanit_agua,C (1),1,Tiene descarga directa de agua,"{1,...,3}",sin conexión de agua.,,,doc_2022.pdf p.38,ficha_variable
2022,viviendas,sanit_agua,C (1),2,Le echan agua con cubeta,"{1,...,3}",sin conexión de agua.,,,doc_2022.pdf p.38,ficha_variable
2022,viviendas,sanit_agua,C (1),3,No se le puede echar agua,"{1,...,3}",sin conexión de agua.,,,doc_2022.pdf p.38,ficha_variable
2022,viviendas,tam_loc,C (1),1,Localidades con 100 000 y más habitantes,"{1,...,4}",habitantes.,,1,doc_2022.pdf p.45,ficha_variable
2022,viviendas,tam_loc,C (1),2,Localidades con 15 000 a 99 999 habitantes,"{1,...,4}",habitantes.,,2,doc_2022.pdf p.45,ficha_variable
2022,viviendas,tam_loc,C (1),3,Localidades con 2 500 a 14 999 habitantes,"{1,...,4}",habitantes.,,3,doc_2022.pdf p.45,ficha_variable
2022,viviendas,tam_loc,C (1),4,Localidades con menos de 2 500 habitantes,"{1,...,4}",habitantes.,,4,doc_2022.pdf p.45,ficha_variable
2022,viviendas,tanque_gas,C (1),1,Sí,"{1,2}",Tanque de gas estacionario.,,,doc_2022.pdf p.44,ficha_variable
2022,viviendas,tanque_gas,C (1),2,No,"{1,2}",Tanque de gas estacionario.,,,doc_2022.pdf p.44,ficha_variable
2022,viviendas,tenencia,C (1),1,Es rentada,"{1,...,6}",ocupantes.,,,doc_2022.pdf p.40,ficha_variable
2022,viviendas,tenencia,C (1),2,Es prestada,"{1,...,6}",ocupantes.,,,doc_2022.pdf p.40,ficha_variable
2022,viviendas,tenencia,C (1),3,Es propia pero la están pagando,"{1,...,6}",ocupantes.,,,doc_2022.pdf p.40,ficha_variable
2022,viviendas,tenencia,C (1),4,Es propia,"{1,...,6}",ocupantes.,,,doc_2022.pdf p.40,ficha_variable
2022,viviendas,tenencia,C (1),5,Está intestada o en litigio,"{1,...,6}",ocupantes.,,,doc_2022.pdf p.40,ficha_variable
2022,viviendas,tenencia,C (1),6,Otra situación,"{1,...,6}",ocupantes.,,,doc_2022.pdf p.40,ficha_variable
2022,viviendas,tinaco_azo,C (1),1,Sí,"{1,2}",Tinaco en la azotea.,,,doc_2022.pdf p.43,ficha_variable
2022,viviendas,tinaco_azo,C (1),2,No,"{1,2}",Tinaco en la azotea.,,,doc_2022.pdf p.43,ficha_variable
2022,viviendas,tipo_adqui,C (1),1,La compró hecha,"{1,...,4}",adquirirla.,,,doc_2022.pdf p.41,ficha_variable
2022,viviendas,tipo_adqui,C (1),2,La mandó construir,"{1,...,4}",adquirirla.,,,doc_2022.pdf p.41,ficha_variable
2022,viviendas,tipo_adqui,C (1),3,La construyó él mismo,"{1,...,4}",adquirirla.,,,doc_2022.pdf p.41,ficha_variable
2022,viviendas,tipo_adqui,C (1),4,La obtuvo de otra manera,"{1,...,4}",adquirirla.,,,doc_2022.pdf p.41,ficha_variable
2022,viviendas,tipo_finan,C (1),&,No especificado,"{1,...,5}","para pagar, construir, ampliar o modificar la vivienda.",,,doc_2022.pdf p.41,ficha_variable
2022,viviendas,tipo_finan,C (1),1,"Le dio crédito el INFONAVIT, FOVISSSTE o FONHAPO","{1,...,5}","para pagar, construir, ampliar o modificar la vivienda.",,,doc_2022.pdf p.41,ficha_variable
2022,viviendas,tipo_finan,C (1),2,"Le dio crédito un banco, SOFOL o caja de ahorro","{1,...,5}","para pagar, construir, ampliar o modificar la vivienda.",,,doc_2022.pdf p.41,ficha_variable
2022,viviendas,tipo_finan,C (1),3,Le dio crédito otra institución,"{1,...,5}","para pagar, construir, ampliar o modificar la vivienda.",,,doc_2022.pdf p.41,ficha_variable
2022,viviendas,tipo_finan,C (1),4,"Le prestó un familiar, amigo o prestamista","{1,...,5}","para pagar, construir, ampliar o modificar la vivienda.",,,doc_2022.pdf p.41,ficha_variable
2022,viviendas,tipo_finan,C (1),5,Usó sus propios recursos,"{1,...,5}","para pagar, construir, ampliar o modificar la vivienda.",,,doc_2022.pdf p.41,ficha_variable
2022,viviendas,tipo_viv,C (1),&,No especificado,"{1,...,5}",Clase de vivienda particular.,,,doc_2022.pdf p.35,ficha_variable
2022,viviendas,tipo_viv,C (1),1,Casa independiente,"{1,...,5}",Clase de vivienda particular.,,,doc_2022.pdf p.35,ficha_variable
2022,viviendas,tipo_viv,C (1),2,Departamento en edificio,"{1,...,5}",Clase de vivienda particular.,,,doc_2022.pdf p.35,ficha_variable
2022,viviendas,tipo_viv,C (1),3,Vivienda en vecindad,"{1,...,5}",Clase de vivienda particular.,,,doc_2022.pdf p.35,ficha_variable
2022,viviendas,tipo_viv,C (1),4,Vivienda en cuarto de azotea,"{1,...,5}",Clase de vivienda particular.,,,doc_2022.pdf p.35,ficha_variable
2022,viviendas,tipo_viv,C (1),5,Local no construido para habitación,"{1,...,5}",Clase de vivienda particular.,,,doc_2022.pdf p.35,ficha_variable
2022,viviendas,uso_compar,C (1),1,Sí,"{1,2}",los habitantes de otra vivienda.,,,doc_2022.pdf p.38,ficha_variable
2022,viviendas,uso_compar,C (1),2,No,"{1,2}",los habitantes de otra vivienda.,,,doc_2022.pdf p.38,ficha_variable
2022,viviendas,viv_usada,C (1),1,Sí,"{1,2}",Estado de la vivienda al momento de adquirirla.,,,doc_2022.pdf p.41,ficha_variable
2022,viviendas,viv_usada,C (1),2,No,"{1,2}",Estado de la vivienda al momento de adquirirla.,,,doc_2022.pdf p.41,ficha_variable
2024,concentradohogar,clase_hog,C (1),1,Unipersonal,"{1,..., 5} clave de parentesco (tabla Poblacion):",constituido por un solo grupo familiar primario; CLASE_HOG = 1 (Si Jefe = 1 y Esposa = 0 y Hijos = ampliado: hogar formado por el(la) jefe(a) y su 0 y Parientes = 0 y NoParientes = 0) grupo familiar primario más otros grupos CLASE_HOG = 2 (Si Jefe = 1 y (Esposa > 0 o Hijos familiares u otros parientes; compuesto: hogar > 0) y Parientes = 0 y NoParientes = 0) formado por un hogar nuclear o ampliado con CLASE_HOG = 3 (Si Jefe = 1 y (Esposa > 0 o Hijos personas sin parentesco con el(la) jefe(a); > ,,,doc_2024.pdf p.217,ficha_variable
2024,concentradohogar,clase_hog,C (1),2,Nuclear,"{1,..., 5} clave de parentesco (tabla Poblacion):",constituido por un solo grupo familiar primario; CLASE_HOG = 1 (Si Jefe = 1 y Esposa = 0 y Hijos = ampliado: hogar formado por el(la) jefe(a) y su 0 y Parientes = 0 y NoParientes = 0) grupo familiar primario más otros grupos CLASE_HOG = 2 (Si Jefe = 1 y (Esposa > 0 o Hijos familiares u otros parientes; compuesto: hogar > 0) y Parientes = 0 y NoParientes = 0) formado por un hogar nuclear o ampliado con CLASE_HOG = 3 (Si Jefe = 1 y (Esposa > 0 o Hijos personas sin parentesco con el(la) jefe(a); > ,,,doc_2024.pdf p.217,ficha_variable
2024,concentradohogar,clase_hog,C (1),3,Ampliado,"{1,..., 5} clave de parentesco (tabla Poblacion):",constituido por un solo grupo familiar primario; CLASE_HOG = 1 (Si Jefe = 1 y Esposa = 0 y Hijos = ampliado: hogar formado por el(la) jefe(a) y su 0 y Parientes = 0 y NoParientes = 0) grupo familiar primario más otros grupos CLASE_HOG = 2 (Si Jefe = 1 y (Esposa > 0 o Hijos familiares u otros parientes; compuesto: hogar > 0) y Parientes = 0 y NoParientes = 0) formado por un hogar nuclear o ampliado con CLASE_HOG = 3 (Si Jefe = 1 y (Esposa > 0 o Hijos personas sin parentesco con el(la) jefe(a); > ,,,doc_2024.pdf p.217,ficha_variable
2024,concentradohogar,clase_hog,C (1),4,Compuesto,"{1,..., 5} clave de parentesco (tabla Poblacion):",constituido por un solo grupo familiar primario; CLASE_HOG = 1 (Si Jefe = 1 y Esposa = 0 y Hijos = ampliado: hogar formado por el(la) jefe(a) y su 0 y Parientes = 0 y NoParientes = 0) grupo familiar primario más otros grupos CLASE_HOG = 2 (Si Jefe = 1 y (Esposa > 0 o Hijos familiares u otros parientes; compuesto: hogar > 0) y Parientes = 0 y NoParientes = 0) formado por un hogar nuclear o ampliado con CLASE_HOG = 3 (Si Jefe = 1 y (Esposa > 0 o Hijos personas sin parentesco con el(la) jefe(a); > ,,,doc_2024.pdf p.217,ficha_variable
2024,concentradohogar,clase_hog,C (1),5,Corresidente,"{1,..., 5} clave de parentesco (tabla Poblacion):",constituido por un solo grupo familiar primario; CLASE_HOG = 1 (Si Jefe = 1 y Esposa = 0 y Hijos = ampliado: hogar formado por el(la) jefe(a) y su 0 y Parientes = 0 y NoParientes = 0) grupo familiar primario más otros grupos CLASE_HOG = 2 (Si Jefe = 1 y (Esposa > 0 o Hijos familiares u otros parientes; compuesto: hogar > 0) y Parientes = 0 y NoParientes = 0) formado por un hogar nuclear o ampliado con CLASE_HOG = 3 (Si Jefe = 1 y (Esposa > 0 o Hijos personas sin parentesco con el(la) jefe(a); > ,,,doc_2024.pdf p.217,ficha_variable
2024,concentradohogar,educa_jefe,C (2),01,Sin instrucción,"{01,..., 11} educa_jefe = 02 (Si nivelaprob = 01)",Educación formal del jefe del hogar. educa_jefe = 08 (Si nivelaprob = 04 y gradoaprob = 3) o ((nivelaprob = 05 o nivelaprob = 06) y antec_esc = 3) educa_jefe = 09 (Si nivelaprob = 07 y gradoaprob < 4) educa_jefe = 10 (Si nivelaprob = 07 y gradoaprob >= 4) o ((nivelaprob = 05 o nivelaprob = 06) y antec_esc = 4) educa_jefe = 11 (Si nivelaprob = 08 o nivelaprob = 09 o nivelaprob = 10) o ((nivelaprob = 05 o nivelaprob = 06) y antec_esc = 5).,,,doc_2024.pdf p.218,ficha_variable
2024,concentradohogar,educa_jefe,C (2),02,Preescolar,"{01,..., 11} educa_jefe = 02 (Si nivelaprob = 01)",Educación formal del jefe del hogar. educa_jefe = 08 (Si nivelaprob = 04 y gradoaprob = 3) o ((nivelaprob = 05 o nivelaprob = 06) y antec_esc = 3) educa_jefe = 09 (Si nivelaprob = 07 y gradoaprob < 4) educa_jefe = 10 (Si nivelaprob = 07 y gradoaprob >= 4) o ((nivelaprob = 05 o nivelaprob = 06) y antec_esc = 4) educa_jefe = 11 (Si nivelaprob = 08 o nivelaprob = 09 o nivelaprob = 10) o ((nivelaprob = 05 o nivelaprob = 06) y antec_esc = 5).,,,doc_2024.pdf p.218,ficha_variable
2024,concentradohogar,educa_jefe,C (2),03,Primaria incompleta,"{01,..., 11} educa_jefe = 02 (Si nivelaprob = 01)",Educación formal del jefe del hogar. educa_jefe = 08 (Si nivelaprob = 04 y gradoaprob = 3) o ((nivelaprob = 05 o nivelaprob = 06) y antec_esc = 3) educa_jefe = 09 (Si nivelaprob = 07 y gradoaprob < 4) educa_jefe = 10 (Si nivelaprob = 07 y gradoaprob >= 4) o ((nivelaprob = 05 o nivelaprob = 06) y antec_esc = 4) educa_jefe = 11 (Si nivelaprob = 08 o nivelaprob = 09 o nivelaprob = 10) o ((nivelaprob = 05 o nivelaprob = 06) y antec_esc = 5).,,,doc_2024.pdf p.218,ficha_variable
2024,concentradohogar,educa_jefe,C (2),04,Primaria completa,"{01,..., 11} educa_jefe = 02 (Si nivelaprob = 01)",Educación formal del jefe del hogar. educa_jefe = 08 (Si nivelaprob = 04 y gradoaprob = 3) o ((nivelaprob = 05 o nivelaprob = 06) y antec_esc = 3) educa_jefe = 09 (Si nivelaprob = 07 y gradoaprob < 4) educa_jefe = 10 (Si nivelaprob = 07 y gradoaprob >= 4) o ((nivelaprob = 05 o nivelaprob = 06) y antec_esc = 4) educa_jefe = 11 (Si nivelaprob = 08 o nivelaprob = 09 o nivelaprob = 10) o ((nivelaprob = 05 o nivelaprob = 06) y antec_esc = 5).,,,doc_2024.pdf p.218,ficha_variable
2024,concentradohogar,educa_jefe,C (2),05,Secundaria incompleta,"{01,..., 11} educa_jefe = 02 (Si nivelaprob = 01)",Educación formal del jefe del hogar. educa_jefe = 08 (Si nivelaprob = 04 y gradoaprob = 3) o ((nivelaprob = 05 o nivelaprob = 06) y antec_esc = 3) educa_jefe = 09 (Si nivelaprob = 07 y gradoaprob < 4) educa_jefe = 10 (Si nivelaprob = 07 y gradoaprob >= 4) o ((nivelaprob = 05 o nivelaprob = 06) y antec_esc = 4) educa_jefe = 11 (Si nivelaprob = 08 o nivelaprob = 09 o nivelaprob = 10) o ((nivelaprob = 05 o nivelaprob = 06) y antec_esc = 5).,,,doc_2024.pdf p.218,ficha_variable
2024,concentradohogar,educa_jefe,C (2),06,Secundaria completa,"{01,..., 11} educa_jefe = 02 (Si nivelaprob = 01)",Educación formal del jefe del hogar. educa_jefe = 08 (Si nivelaprob = 04 y gradoaprob = 3) o ((nivelaprob = 05 o nivelaprob = 06) y antec_esc = 3) educa_jefe = 09 (Si nivelaprob = 07 y gradoaprob < 4) educa_jefe = 10 (Si nivelaprob = 07 y gradoaprob >= 4) o ((nivelaprob = 05 o nivelaprob = 06) y antec_esc = 4) educa_jefe = 11 (Si nivelaprob = 08 o nivelaprob = 09 o nivelaprob = 10) o ((nivelaprob = 05 o nivelaprob = 06) y antec_esc = 5).,,,doc_2024.pdf p.218,ficha_variable
2024,concentradohogar,educa_jefe,C (2),07,Preparatoria incompleta,"{01,..., 11} educa_jefe = 02 (Si nivelaprob = 01)",Educación formal del jefe del hogar. educa_jefe = 08 (Si nivelaprob = 04 y gradoaprob = 3) o ((nivelaprob = 05 o nivelaprob = 06) y antec_esc = 3) educa_jefe = 09 (Si nivelaprob = 07 y gradoaprob < 4) educa_jefe = 10 (Si nivelaprob = 07 y gradoaprob >= 4) o ((nivelaprob = 05 o nivelaprob = 06) y antec_esc = 4) educa_jefe = 11 (Si nivelaprob = 08 o nivelaprob = 09 o nivelaprob = 10) o ((nivelaprob = 05 o nivelaprob = 06) y antec_esc = 5).,,,doc_2024.pdf p.218,ficha_variable
2024,concentradohogar,educa_jefe,C (2),08,Preparatoria completa,"{01,..., 11} educa_jefe = 02 (Si nivelaprob = 01)",Educación formal del jefe del hogar. educa_jefe = 08 (Si nivelaprob = 04 y gradoaprob = 3) o ((nivelaprob = 05 o nivelaprob = 06) y antec_esc = 3) educa_jefe = 09 (Si nivelaprob = 07 y gradoaprob < 4) educa_jefe = 10 (Si nivelaprob = 07 y gradoaprob >= 4) o ((nivelaprob = 05 o nivelaprob = 06) y antec_esc = 4) educa_jefe = 11 (Si nivelaprob = 08 o nivelaprob = 09 o nivelaprob = 10) o ((nivelaprob = 05 o nivelaprob = 06) y antec_esc = 5).,,,doc_2024.pdf p.218,ficha_variable
2024,concentradohogar,educa_jefe,C (2),09,Profesional incompleta,"{01,..., 11} educa_jefe = 02 (Si nivelaprob = 01)",Educación formal del jefe del hogar. educa_jefe = 08 (Si nivelaprob = 04 y gradoaprob = 3) o ((nivelaprob = 05 o nivelaprob = 06) y antec_esc = 3) educa_jefe = 09 (Si nivelaprob = 07 y gradoaprob < 4) educa_jefe = 10 (Si nivelaprob = 07 y gradoaprob >= 4) o ((nivelaprob = 05 o nivelaprob = 06) y antec_esc = 4) educa_jefe = 11 (Si nivelaprob = 08 o nivelaprob = 09 o nivelaprob = 10) o ((nivelaprob = 05 o nivelaprob = 06) y antec_esc = 5).,,,doc_2024.pdf p.218,ficha_variable
2024,concentradohogar,educa_jefe,C (2),10,Profesional completa,"{01,..., 11} educa_jefe = 02 (Si nivelaprob = 01)",Educación formal del jefe del hogar. educa_jefe = 08 (Si nivelaprob = 04 y gradoaprob = 3) o ((nivelaprob = 05 o nivelaprob = 06) y antec_esc = 3) educa_jefe = 09 (Si nivelaprob = 07 y gradoaprob < 4) educa_jefe = 10 (Si nivelaprob = 07 y gradoaprob >= 4) o ((nivelaprob = 05 o nivelaprob = 06) y antec_esc = 4) educa_jefe = 11 (Si nivelaprob = 08 o nivelaprob = 09 o nivelaprob = 10) o ((nivelaprob = 05 o nivelaprob = 06) y antec_esc = 5).,,,doc_2024.pdf p.218,ficha_variable
2024,concentradohogar,educa_jefe,C (2),11,Posgrado,"{01,..., 11} educa_jefe = 02 (Si nivelaprob = 01)",Educación formal del jefe del hogar. educa_jefe = 08 (Si nivelaprob = 04 y gradoaprob = 3) o ((nivelaprob = 05 o nivelaprob = 06) y antec_esc = 3) educa_jefe = 09 (Si nivelaprob = 07 y gradoaprob < 4) educa_jefe = 10 (Si nivelaprob = 07 y gradoaprob >= 4) o ((nivelaprob = 05 o nivelaprob = 06) y antec_esc = 4) educa_jefe = 11 (Si nivelaprob = 08 o nivelaprob = 09 o nivelaprob = 10) o ((nivelaprob = 05 o nivelaprob = 06) y antec_esc = 5).,,,doc_2024.pdf p.218,ficha_variable
2024,concentradohogar,est_socio,C (1),1,Bajo,"{1,..., 4}",equipamiento de las mismas expresadas por medio de 34 indicadores construidos con información del Censo de Población y Vivienda 2010. Esta estratificación se realizó por medio de métodos estadísticos multivariados.,,1,doc_2024.pdf p.216,ficha_variable
2024,concentradohogar,est_socio,C (1),2,Medio bajo,"{1,..., 4}",equipamiento de las mismas expresadas por medio de 34 indicadores construidos con información del Censo de Población y Vivienda 2010. Esta estratificación se realizó por medio de métodos estadísticos multivariados.,,2,doc_2024.pdf p.216,ficha_variable
2024,concentradohogar,est_socio,C (1),3,Medio alto,"{1,..., 4}",equipamiento de las mismas expresadas por medio de 34 indicadores construidos con información del Censo de Población y Vivienda 2010. Esta estratificación se realizó por medio de métodos estadísticos multivariados.,,3,doc_2024.pdf p.216,ficha_variable
2024,concentradohogar,est_socio,C (1),4,Alto,"{1,..., 4}",equipamiento de las mismas expresadas por medio de 34 indicadores construidos con información del Censo de Población y Vivienda 2010. Esta estratificación se realizó por medio de métodos estadísticos multivariados.,,4,doc_2024.pdf p.216,ficha_variable
2024,concentradohogar,sexo_jefe,C (1),1,Hombre,"{1, 2}",hogar en hombre o mujer.,,,doc_2024.pdf p.217,ficha_variable
2024,concentradohogar,sexo_jefe,C (1),2,Mujer,"{1, 2}",hogar en hombre o mujer.,,,doc_2024.pdf p.217,ficha_variable
2024,concentradohogar,tam_loc,C (1),1,Localidades con 100 000 y más habitantes,"{1,..., 4}",habitantes.,,1,doc_2024.pdf p.215,ficha_variable
2024,concentradohogar,tam_loc,C (1),2,Localidades con 15 000 a 99 999 habitantes,"{1,..., 4}",habitantes.,,2,doc_2024.pdf p.215,ficha_variable
2024,concentradohogar,tam_loc,C (1),3,Localidades con 2 500 a 14 999 habitantes,"{1,..., 4}",habitantes.,,3,doc_2024.pdf p.215,ficha_variable
2024,concentradohogar,tam_loc,C (1),4,Localidades con menos de 2 500 habitantes,"{1,..., 4}",habitantes.,,4,doc_2024.pdf p.215,ficha_variable
2024,hogares,acc_alim1,C (1),1,Sí,"{1, 2}","vio en la preocupación que la comida se En los últimos tres meses, por falta de dinero o acabara.",,,doc_2024.pdf p.54,ficha_variable
2024,hogares,acc_alim1,C (1),2,No,"{1, 2}","vio en la preocupación que la comida se En los últimos tres meses, por falta de dinero o acabara.",,,doc_2024.pdf p.54,ficha_variable
2024,hogares,acc_alim10,C (1),1,Sí,"{1, 2}",menor no tuvo alimentación sana y variada. recursos ¿alguna vez algún menor de 18 años en su,,,doc_2024.pdf p.56,ficha_variable
2024,hogares,acc_alim10,C (1),2,No,"{1, 2}",menor no tuvo alimentación sana y variada. recursos ¿alguna vez algún menor de 18 años en su,,,doc_2024.pdf p.56,ficha_variable
2024,hogares,acc_alim11,C (1),1,Sí,"{1, 2}",menor tuvo una alimentación poco variada. recursos ¿alguna vez algún menor de 18 años en su,,,doc_2024.pdf p.56,ficha_variable
2024,hogares,acc_alim11,C (1),2,No,"{1, 2}",menor tuvo una alimentación poco variada. recursos ¿alguna vez algún menor de 18 años en su,,,doc_2024.pdf p.56,ficha_variable
2024,hogares,acc_alim12,C (1),1,Sí,"{1, 2}","En los últimos tres meses, por falta de dinero o menor tuvo una reducida alimentación.",,,doc_2024.pdf p.56,ficha_variable
2024,hogares,acc_alim12,C (1),2,No,"{1, 2}","En los últimos tres meses, por falta de dinero o menor tuvo una reducida alimentación.",,,doc_2024.pdf p.56,ficha_variable
2024,hogares,acc_alim13,C (1),1,Sí,"{1, 2}",menor recibió menos cantidad de alimentos. recursos ¿alguna vez tuvieron que disminuir la,,,doc_2024.pdf p.56,ficha_variable
2024,hogares,acc_alim13,C (1),2,No nóicpircseD .4202 y,"{1, 2}",menor recibió menos cantidad de alimentos. recursos ¿alguna vez tuvieron que disminuir la,,,doc_2024.pdf p.56,ficha_variable
2024,hogares,acc_alim14,C (1),1,Sí,"{1, 2}","En los últimos tres meses, por falta de dinero o menor sintió hambre pero no comió.",,,doc_2024.pdf p.57,ficha_variable
2024,hogares,acc_alim14,C (1),2,No,"{1, 2}","En los últimos tres meses, por falta de dinero o menor sintió hambre pero no comió.",,,doc_2024.pdf p.57,ficha_variable
2024,hogares,acc_alim15,C (1),1,Sí,"{1, 2}","En los últimos tres meses, por falta de dinero o menor se acostó con hambre.",,,doc_2024.pdf p.57,ficha_variable
2024,hogares,acc_alim15,C (1),2,No,"{1, 2}","En los últimos tres meses, por falta de dinero o menor se acostó con hambre.",,,doc_2024.pdf p.57,ficha_variable
2024,hogares,acc_alim16,C (1),1,Sí,"{1, 2}",menor dejó de comer todo un día. recursos ¿alguna vez algún menor de 18 años en su,,,doc_2024.pdf p.57,ficha_variable
2024,hogares,acc_alim16,C (1),2,No,"{1, 2}",menor dejó de comer todo un día. recursos ¿alguna vez algún menor de 18 años en su,,,doc_2024.pdf p.57,ficha_variable
2024,hogares,acc_alim18,C (1),1,Igual,"{1,..., 3}",Relación del consumo regular de alimentos con ¿Considera usted que el consumo que reportó fue lo reportado durante la semana de entrevista.,,,doc_2024.pdf p.59,ficha_variable
2024,hogares,acc_alim18,C (1),2,Mayor,"{1,..., 3}",Relación del consumo regular de alimentos con ¿Considera usted que el consumo que reportó fue lo reportado durante la semana de entrevista.,,,doc_2024.pdf p.59,ficha_variable
2024,hogares,acc_alim18,C (1),3,Menor,"{1,..., 3}",Relación del consumo regular de alimentos con ¿Considera usted que el consumo que reportó fue lo reportado durante la semana de entrevista.,,,doc_2024.pdf p.59,ficha_variable
2024,hogares,acc_alim2,C (1),1,Sí,"{1, 2}","quedaron sin comida. En los últimos tres meses, por falta de dinero o",,,doc_2024.pdf p.54,ficha_variable
2024,hogares,acc_alim2,C (1),2,No,"{1, 2}","quedaron sin comida. En los últimos tres meses, por falta de dinero o",,,doc_2024.pdf p.54,ficha_variable
2024,hogares,acc_alim3,C (1),1,Sí,"{1, 2}","En los últimos tres meses, ¿alguna vez se quedaron obtuvieron una alimentación sana y variada.",,,doc_2024.pdf p.54,ficha_variable
2024,hogares,acc_alim3,C (1),2,No,"{1, 2}","En los últimos tres meses, ¿alguna vez se quedaron obtuvieron una alimentación sana y variada.",,,doc_2024.pdf p.54,ficha_variable
2024,hogares,acc_alim4,C (1),1,Sí,"{1, 2}","alguna persona adulta no obtuvo una recursos, ¿alguna vez usted o alguna persona alimentación sana y variada.",,,doc_2024.pdf p.54,ficha_variable
2024,hogares,acc_alim4,C (1),2,No,"{1, 2}","alguna persona adulta no obtuvo una recursos, ¿alguna vez usted o alguna persona alimentación sana y variada.",,,doc_2024.pdf p.54,ficha_variable
2024,hogares,acc_alim5,C (1),1,Sí,"{1, 2}","alguna persona adulta no tuvo desayuno, En los últimos tres meses, por falta de dinero o comida o cena.",,,doc_2024.pdf p.54,ficha_variable
2024,hogares,acc_alim5,C (1),2,No,"{1, 2}","alguna persona adulta no tuvo desayuno, En los últimos tres meses, por falta de dinero o comida o cena.",,,doc_2024.pdf p.54,ficha_variable
2024,hogares,acc_alim6,C (1),1,Sí,"{1, 2}",alguna persona adulta comió menos de lo recursos ¿alguna vez usted o alguna persona adulta pensado.,,,doc_2024.pdf p.55,ficha_variable
2024,hogares,acc_alim6,C (1),2,No,"{1, 2}",alguna persona adulta comió menos de lo recursos ¿alguna vez usted o alguna persona adulta pensado.,,,doc_2024.pdf p.55,ficha_variable
2024,hogares,acc_alim7,C (1),1,Sí,"{1, 2}","alguna persona adulta sintió hambre pero no En los últimos tres meses, por falta de dinero o comió.",,,doc_2024.pdf p.55,ficha_variable
2024,hogares,acc_alim7,C (1),2,No,"{1, 2}","alguna persona adulta sintió hambre pero no En los últimos tres meses, por falta de dinero o comió.",,,doc_2024.pdf p.55,ficha_variable
2024,hogares,acc_alim8,C (1),1,Sí,"{1, 2}",alguna persona adulta comió solo una vez o recursos ¿alguna vez usted o alguna persona adulta dejó de comer un día.,,,doc_2024.pdf p.55,ficha_variable
2024,hogares,acc_alim8,C (1),2,No,"{1, 2}",alguna persona adulta comió solo una vez o recursos ¿alguna vez usted o alguna persona adulta dejó de comer un día.,,,doc_2024.pdf p.55,ficha_variable
2024,hogares,acc_alim9,C (1),1,Sí,"{1, 2}",familiar tuvo que mendigar o mandar a niños a recursos ¿alguna vez tuvieron que hacer algo que trabajar.,,,doc_2024.pdf p.55,ficha_variable
2024,hogares,acc_alim9,C (1),2,No nóicpircseD .4202 y,"{1, 2}",familiar tuvo que mendigar o mandar a niños a recursos ¿alguna vez tuvieron que hacer algo que trabajar.,,,doc_2024.pdf p.55,ficha_variable
2024,hogares,af_cultivo,C (1),1,Sí,"{1, 2}","climáticos. Respecto al fenómeno climático referido, ¿cómo les",,,doc_2024.pdf p.71,ficha_variable
2024,hogares,af_cultivo,C (1),2,No,"{1, 2}","climáticos. Respecto al fenómeno climático referido, ¿cómo les",,,doc_2024.pdf p.71,ficha_variable
2024,hogares,af_empleo,C (1),1,Sí,"{1, 2}","empleo o se quedó sin trabajo por un tiempo Respecto al fenómeno climático referido, ¿cómo les ante fenómenos climáticos.",,,doc_2024.pdf p.71,ficha_variable
2024,hogares,af_empleo,C (1),2,No,"{1, 2}","empleo o se quedó sin trabajo por un tiempo Respecto al fenómeno climático referido, ¿cómo les ante fenómenos climáticos.",,,doc_2024.pdf p.71,ficha_variable
2024,hogares,af_negocio,C (1),1,Sí,"{1, 2}","Daño a su negocio ante fenómenos climáticos. Respecto al fenómeno climático referido, ¿cómo les",,,doc_2024.pdf p.71,ficha_variable
2024,hogares,af_negocio,C (1),2,No,"{1, 2}","Daño a su negocio ante fenómenos climáticos. Respecto al fenómeno climático referido, ¿cómo les",,,doc_2024.pdf p.71,ficha_variable
2024,hogares,af_otro,C (1),1,Sí,"{1, 2}","Otra afectación ante fenómenos climáticos. Respecto al fenómeno climático referido, ¿cómo les",,,doc_2024.pdf p.72,ficha_variable
2024,hogares,af_otro,C (1),2,No,"{1, 2}","Otra afectación ante fenómenos climáticos. Respecto al fenómeno climático referido, ¿cómo les",,,doc_2024.pdf p.72,ficha_variable
2024,hogares,af_salud,C (1),1,Sí,"{1, 2}","fenómenos climáticos. Respecto al fenómeno climático referido, ¿cómo les",,,doc_2024.pdf p.71,ficha_variable
2024,hogares,af_salud,C (1),2,No,"{1, 2}","fenómenos climáticos. Respecto al fenómeno climático referido, ¿cómo les",,,doc_2024.pdf p.71,ficha_variable
2024,hogares,af_trabajo,C (1),1,Sí,"{1, 2}","ante fenómenos climáticos. Respecto al fenómeno climático referido, ¿cómo les",,,doc_2024.pdf p.71,ficha_variable
2024,hogares,af_trabajo,C (1),2,No,"{1, 2}","ante fenómenos climáticos. Respecto al fenómeno climático referido, ¿cómo les",,,doc_2024.pdf p.71,ficha_variable
2024,hogares,af_viv,C (1),1,Sí,"{1, 2}","climáticos. Respecto al fenómeno climático referido, ¿cómo les",,,doc_2024.pdf p.70,ficha_variable
2024,hogares,af_viv,C (1),2,No,"{1, 2}","climáticos. Respecto al fenómeno climático referido, ¿cómo les",,,doc_2024.pdf p.70,ficha_variable
2024,hogares,anio_aspir,C (2),&,No especificado,"{00,..., 24, 51,..., 99}",Año de adquisición de la última aspiradora.,,,doc_2024.pdf p.67,ficha_variable
2024,hogares,anio_auto,C (2),&,No especificado,"{00,..., 24, 51,..., 99}",Año de adquisición del último automóvil.,,,doc_2024.pdf p.60,ficha_variable
2024,hogares,anio_bici,C (2),&,No especificado,"{00,..., 24, 51,..., 99}",Año de adquisición de la última bicicleta. ¿En qué año adquirió su última bicicleta que se,,,doc_2024.pdf p.62,ficha_variable
2024,hogares,anio_canoa,C (2),&,No especificado,"{00,..., 24, 51,..., 99}","trajinera u otros vehículos para navegar. ¿En qué año adquirió su última canoa, lancha,",,,doc_2024.pdf p.62,ficha_variable
2024,hogares,anio_carre,C (2),&,No especificado,"{00,..., 24, 51,..., 99}","Año de adquisición de la última carreta. ¿En qué año adquirió su última carreta, calandria u",,,doc_2024.pdf p.62,ficha_variable
2024,hogares,anio_compu,C (2),&,No especificado,"{00,..., 24, 51,..., 99}",Año de adquisición de la última computadora. ¿En qué año adquirió su última computadora de,,,doc_2024.pdf p.67,ficha_variable
2024,hogares,anio_dvd,C (2),&,No especificado,"{00,..., 24, 51,..., 99}","(reproductor de discos de video). ¿En qué año adquirió su último DVD, Blue-ray",,,doc_2024.pdf p.64,ficha_variable
2024,hogares,anio_ester,C (2),&,No especificado,"{00,..., 24, 51,..., 99}","minicomponente. ¿En qué año adquirió su último estéreo, modular o",,,doc_2024.pdf p.63,ficha_variable
2024,hogares,anio_estuf,C (2),&,No especificado,"{00,..., 24, 51,..., 99}",eléctrica. ¿En qué año adquirió su última estufa de gas o,,,doc_2024.pdf p.66,ficha_variable
2024,hogares,anio_impre,C (2),&,No especificado,"{00,..., 24, 51,..., 99}",Año de adquisición de la última impresora.,,,doc_2024.pdf p.68,ficha_variable
2024,hogares,anio_juego,C (2),&,No especificado,"{00,..., 24, 51,..., 99}",videojuegos. ¿En qué año adquirió su última consola de,,,doc_2024.pdf p.68,ficha_variable
2024,hogares,anio_lap,C (2),&,No especificado,"{00,..., 24, 51,..., 99}","computadora portátil (laptop, notebook). ¿En qué año adquirió su última computadora",,,doc_2024.pdf p.68,ficha_variable
2024,hogares,anio_lavad,C (2),&,No especificado,"{00,..., 24, 51,..., 99}",Año de adquisición de la última lavadora.,,,doc_2024.pdf p.66,ficha_variable
2024,hogares,anio_licua,C (2),&,No especificado,"{00,..., 24, 51,..., 99}",Año de adquisición de la última licuadora.,,,doc_2024.pdf p.64,ficha_variable
2024,hogares,anio_maqui,C (2),&,No especificado,"{00,..., 24, 51,..., 99}",coser.,,,doc_2024.pdf p.66,ficha_variable
2024,hogares,anio_micro,C (2),&,No especificado,"{00,..., 24, 51,..., 99}",microondas. ¿En qué año adquirió su último horno de,,,doc_2024.pdf p.65,ficha_variable
2024,hogares,anio_moto,C (2),&,No especificado,"{00,..., 24, 51,..., 99}",motoneta. ¿En qué año adquirió su última motocicleta o,,,doc_2024.pdf p.61,ficha_variable
2024,hogares,anio_otro,C (2),&,No especificado,"{00,..., 24, 51,..., 99}",tipo.,,,doc_2024.pdf p.63,ficha_variable
2024,hogares,anio_pick,C (2),&,No especificado,"{00,..., 24, 51,..., 99}",caja.,,,doc_2024.pdf p.61,ficha_variable
2024,hogares,anio_planc,C (2),&,No especificado,"{00,..., 24, 51,..., 99}",eléctrica.,,,doc_2024.pdf p.66,ficha_variable
2024,hogares,anio_radio,C (2),&,No especificado,"{00,..., 24, 51,..., 99}",Año de adquisición del último radio. ¿En qué año adquirió su último aparato o dispositivo,,,doc_2024.pdf p.63,ficha_variable
2024,hogares,anio_refri,C (2),&,No especificado,"{00,..., 24, 51,..., 99}",Año de adquisición del último refrigerador.,,,doc_2024.pdf p.65,ficha_variable
2024,hogares,anio_table,C (2),&,No especificado,"{00,..., 24, 51,..., 99}",Año de adquisición de la última tablet.,,,doc_2024.pdf p.68,ficha_variable
2024,hogares,anio_tosta,C (2),&,No especificado,"{00,..., 24, 51,..., 99}",Año de adquisición del último tostador eléctrico.,,,doc_2024.pdf p.65,ficha_variable
2024,hogares,anio_trici,C (2),&,No especificado,"{00,..., 24, 51,..., 99}",Año de adquisición del último triciclo. ¿En qué año adquirió su último triciclo de carga,,,doc_2024.pdf p.62,ficha_variable
2024,hogares,anio_tva,C (2),&,No especificado,"{00,..., 24, 51,..., 99}",analógico.,,,doc_2024.pdf p.64,ficha_variable
2024,hogares,anio_tvd,C (2),&,No especificado,"{00,..., 24, 51,..., 99}",Año de adquisición del último televisor digital. ¿En qué año adquirió su última plana (televisión,,,doc_2024.pdf p.64,ficha_variable
2024,hogares,anio_van,C (2),&,No especificado,"{00,..., 24, 51,..., 99}",cerrada o con cabina. ¿En qué año adquirió su última camioneta cerrada o,,,doc_2024.pdf p.61,ficha_variable
2024,hogares,anio_venti,C (2),&,No especificado,"{00,..., 24, 51,..., 99}",Año de adquisición del último ventilador.,,,doc_2024.pdf p.67,ficha_variable
2024,hogares,autocons,C (1),1,Sí,"{1, 2}","obtuvo de un negocio que es de su propiedad,",,,doc_2024.pdf p.74,ficha_variable
2024,hogares,autocons,C (1),2,No,"{1, 2}","obtuvo de un negocio que es de su propiedad,",,,doc_2024.pdf p.74,ficha_variable
2024,hogares,bene_licon,C (1),1,Sí,"{1, 2}","Actualmente, ¿usted o algún integrante del hogar es Abasto Social de Leche (Liconsa).",,,doc_2024.pdf p.76,ficha_variable
2024,hogares,bene_licon,C (1),2,No,"{1, 2}","Actualmente, ¿usted o algún integrante del hogar es Abasto Social de Leche (Liconsa).",,,doc_2024.pdf p.76,ficha_variable
2024,hogares,camb_clim,C (1),1,Sí,"{1, 2}","fenómeno climático como sequía, inundación, afectados por algún fenómeno climático como helada, incendio, huracán o tormenta tropical.",,,doc_2024.pdf p.69,ficha_variable
2024,hogares,camb_clim,C (1),2,No,"{1, 2}","fenómeno climático como sequía, inundación, afectados por algún fenómeno climático como helada, incendio, huracán o tormenta tropical.",,,doc_2024.pdf p.69,ficha_variable
2024,hogares,celular,C (1),1,Sí,"{1, 2}",teléfono móvil aunque sea un solo integrante del hogar.,,,doc_2024.pdf p.60,ficha_variable
2024,hogares,celular,C (1),2,No,"{1, 2}",teléfono móvil aunque sea un solo integrante del hogar.,,,doc_2024.pdf p.60,ficha_variable
2024,hogares,cond_dicon,C (1),1,Sí,"{1, 2}",Venta condicionada en tienda Diconsa. ¿Les condicionan la venta de artículos alimentarios,,,doc_2024.pdf p.78,ficha_variable
2024,hogares,cond_dicon,C (1),2,No,"{1, 2}",Venta condicionada en tienda Diconsa. ¿Les condicionan la venta de artículos alimentarios,,,doc_2024.pdf p.78,ficha_variable
2024,hogares,cond_licon,C (1),1,Sí,"{1, 2}",Compra condicionada por Liconsa. ¿Les condicionan el otorgamiento de leche Liconsa,,,doc_2024.pdf p.76,ficha_variable
2024,hogares,cond_licon,C (1),2,No nóicpircseD .4202 y,"{1, 2}",Compra condicionada por Liconsa. ¿Les condicionan el otorgamiento de leche Liconsa,,,doc_2024.pdf p.76,ficha_variable
2024,hogares,conex_inte,C (1),1,Sí,"{1, 2}",internet.,,,doc_2024.pdf p.60,ficha_variable
2024,hogares,conex_inte,C (1),2,No,"{1, 2}",internet.,,,doc_2024.pdf p.60,ficha_variable
2024,hogares,consumo,C (1),1,Sí,"{1, 2}","el desayuno, la comida o la cena o para la cada ... ¿las realizó en alguno de los días en los que despensa, en alguno de los días de la semana",,,doc_2024.pdf p.73,ficha_variable
2024,hogares,consumo,C (1),2,No,"{1, 2}","el desayuno, la comida o la cena o para la cada ... ¿las realizó en alguno de los días en los que despensa, en alguno de los días de la semana",,,doc_2024.pdf p.73,ficha_variable
2024,hogares,diconsa,C (1),1,Sí,"{1, 2, 9}",Tienda de Diconsa en la colonia o localidad.,,,doc_2024.pdf p.77,ficha_variable
2024,hogares,diconsa,C (1),2,No,"{1, 2, 9}",Tienda de Diconsa en la colonia o localidad.,,,doc_2024.pdf p.77,ficha_variable
2024,hogares,diconsa,C (1),9,No sabe,"{1, 2, 9}",Tienda de Diconsa en la colonia o localidad.,,,doc_2024.pdf p.77,ficha_variable
2024,hogares,f_desliza,C (1),6,Deslizamiento de tierras,{6},el año pasado. ¿Cuál fue el último fenómeno climático que los,,,doc_2024.pdf p.70,ficha_variable
2024,hogares,f_helada,C (1),3,Helada,{3},Afectación por helada durante el año pasado. ¿Cuál fue el último fenómeno climático que los,,,doc_2024.pdf p.70,ficha_variable
2024,hogares,f_huracan,C (1),5,Huracán o ciclón,{5},pasado. ¿Cuál fue el último fenómeno climático que los,,,doc_2024.pdf p.70,ficha_variable
2024,hogares,f_incendio,C (1),4,Incendio,{4},Afectación por incendio durante el año pasado. ¿Cuál fue el último fenómeno climático que los,,,doc_2024.pdf p.70,ficha_variable
2024,hogares,f_inunda,C (1),2,Inundación nóicpircseD .4202 y,{2},pasado. ¿Cuál fue el último fenómeno climático que los,,,doc_2024.pdf p.69,ficha_variable
2024,hogares,f_otro,C (1),7,Otro,{7},el año pasado. ¿Cuál fue el último fenómeno climático que los,,,doc_2024.pdf p.70,ficha_variable
2024,hogares,f_sequia,C (1),1,Sequía,{1},Afectación por sequía durante el año pasado. ¿Cuál fue el último fenómeno climático que los,,,doc_2024.pdf p.69,ficha_variable
2024,hogares,frec_dicon,C (1),1,Siempre,"{1,..., 3}",Frecuencia de compra en tienda Diconsa. ¿Con qué frecuencia usted o algún integrante del,,1,doc_2024.pdf p.77,ficha_variable
2024,hogares,frec_dicon,C (1),2,A veces,"{1,..., 3}",Frecuencia de compra en tienda Diconsa. ¿Con qué frecuencia usted o algún integrante del,,2,doc_2024.pdf p.77,ficha_variable
2024,hogares,frec_dicon,C (1),3,Nunca nóicpircseD .4202 y,"{1,..., 3}",Frecuencia de compra en tienda Diconsa. ¿Con qué frecuencia usted o algún integrante del,,3,doc_2024.pdf p.77,ficha_variable
2024,hogares,habito_1,C (1),1,Cada mes,{1},¿Cada cuándo realizan las compras en alimentos y alimentos y bebidas.,,,doc_2024.pdf p.72,ficha_variable
2024,hogares,habito_2,C (1),2,Cada 15 días,{2},¿Cada cuándo realizan las compras en alimentos y alimentos y bebidas.,,,doc_2024.pdf p.72,ficha_variable
2024,hogares,habito_3,C (1),3,Cada 8 días,{3},¿Cada cuándo realizan las compras en alimentos y alimentos y bebidas.,,,doc_2024.pdf p.72,ficha_variable
2024,hogares,habito_4,C (1),4,Cada tercer día nóicpircseD .4202 y,{4},¿Cada cuándo realizan las compras en alimentos y alimentos y bebidas.,,,doc_2024.pdf p.72,ficha_variable
2024,hogares,habito_5,C (1),5,Diariamente,{5},¿Cada cuándo realizan las compras en alimentos y alimentos y bebidas.,,,doc_2024.pdf p.73,ficha_variable
2024,hogares,habito_6,C (1),6,Otros,{6},¿Cada cuándo realizan las compras en alimentos y las compras.,,,doc_2024.pdf p.73,ficha_variable
2024,hogares,lts_licon,C (1),1,4 litros,"{1,..., 7}",compra a la semana. ¿Cuántos litros de leche Liconsa compra el hogar a,,,doc_2024.pdf p.77,ficha_variable
2024,hogares,lts_licon,C (1),2,8 litros,"{1,..., 7}",compra a la semana. ¿Cuántos litros de leche Liconsa compra el hogar a,,,doc_2024.pdf p.77,ficha_variable
2024,hogares,lts_licon,C (1),3,12 litros,"{1,..., 7}",compra a la semana. ¿Cuántos litros de leche Liconsa compra el hogar a,,,doc_2024.pdf p.77,ficha_variable
2024,hogares,lts_licon,C (1),4,16 litros,"{1,..., 7}",compra a la semana. ¿Cuántos litros de leche Liconsa compra el hogar a,,,doc_2024.pdf p.77,ficha_variable
2024,hogares,lts_licon,C (1),5,20 litros,"{1,..., 7}",compra a la semana. ¿Cuántos litros de leche Liconsa compra el hogar a,,,doc_2024.pdf p.77,ficha_variable
2024,hogares,lts_licon,C (1),6,24 litros,"{1,..., 7}",compra a la semana. ¿Cuántos litros de leche Liconsa compra el hogar a,,,doc_2024.pdf p.77,ficha_variable
2024,hogares,lts_licon,C (1),7,Otro,"{1,..., 7}",compra a la semana. ¿Cuántos litros de leche Liconsa compra el hogar a,,,doc_2024.pdf p.77,ficha_variable
2024,hogares,negcua,C (1),1,Sí,"{1, 2}","negocio que se de dedique a procesar, vender propiedad del hogar que se dedique a elaborar, o prestar un servicio.",,,doc_2024.pdf p.76,ficha_variable
2024,hogares,negcua,C (1),2,No,"{1, 2}","negocio que se de dedique a procesar, vender propiedad del hogar que se dedique a elaborar, o prestar un servicio.",,,doc_2024.pdf p.76,ficha_variable
2024,hogares,pago_dicon,C (1),1,50 pesos,"{1,..., 5, 7}",Diconsa. ¿Cuánto paga usted o algún integrante del hogar por,,,doc_2024.pdf p.78,ficha_variable
2024,hogares,pago_dicon,C (1),2,100 pesos,"{1,..., 5, 7}",Diconsa. ¿Cuánto paga usted o algún integrante del hogar por,,,doc_2024.pdf p.78,ficha_variable
2024,hogares,pago_dicon,C (1),3,150 pesos,"{1,..., 5, 7}",Diconsa. ¿Cuánto paga usted o algún integrante del hogar por,,,doc_2024.pdf p.78,ficha_variable
2024,hogares,pago_dicon,C (1),4,200 pesos,"{1,..., 5, 7}",Diconsa. ¿Cuánto paga usted o algún integrante del hogar por,,,doc_2024.pdf p.78,ficha_variable
2024,hogares,pago_dicon,C (1),5,250 pesos,"{1,..., 5, 7}",Diconsa. ¿Cuánto paga usted o algún integrante del hogar por,,,doc_2024.pdf p.78,ficha_variable
2024,hogares,pago_dicon,C (1),7,Otro,"{1,..., 5, 7}",Diconsa. ¿Cuánto paga usted o algún integrante del hogar por,,,doc_2024.pdf p.78,ficha_variable
2024,hogares,pagotarjet,C (1),1,Sí,"{1, 2}",integrante del hogar para la adquisición de personas que forman parte de su hogar alguno de tabaco o alimentos y bebidas consumidos,,,doc_2024.pdf p.74,ficha_variable
2024,hogares,pagotarjet,C (1),2,No,"{1, 2}",integrante del hogar para la adquisición de personas que forman parte de su hogar alguno de tabaco o alimentos y bebidas consumidos,,,doc_2024.pdf p.74,ficha_variable
2024,hogares,parto_g,C (1),1,Sí,"{1, 2}","así como los medicamentos recetados, análisis Durante los meses _______a _________, ¿el hogar",,,doc_2024.pdf p.75,ficha_variable
2024,hogares,parto_g,C (1),2,No nóicpircseD .4202 y,"{1, 2}","así como los medicamentos recetados, análisis Durante los meses _______a _________, ¿el hogar",,,doc_2024.pdf p.75,ficha_variable
2024,hogares,peliculas,C (1),1,Sí,"{1, 2}","películas, música o videos de paga por internet. ¿Este hogar cuenta con servicios de películas",,,doc_2024.pdf p.60,ficha_variable
2024,hogares,peliculas,C (1),2,No,"{1, 2}","películas, música o videos de paga por internet. ¿Este hogar cuenta con servicios de películas",,,doc_2024.pdf p.60,ficha_variable
2024,hogares,regalodado,C (1),1,Sí,"{1, 2}","Gasto en regalos a personas ajenas al hogar. Durante el mes pasado, ¿compró algún artículo o",,,doc_2024.pdf p.74,ficha_variable
2024,hogares,regalodado,C (1),2,No,"{1, 2}","Gasto en regalos a personas ajenas al hogar. Durante el mes pasado, ¿compró algún artículo o",,,doc_2024.pdf p.74,ficha_variable
2024,hogares,regalos,C (1),1,Sí,"{1, 2}","para su consumo final y privado, que fueron recibidos como regalo de personas que",,,doc_2024.pdf p.75,ficha_variable
2024,hogares,regalos,C (1),2,No,"{1, 2}","para su consumo final y privado, que fueron recibidos como regalo de personas que",,,doc_2024.pdf p.75,ficha_variable
2024,hogares,regalotar,C (1),1,Sí,"{1, 2}",pagado con tarjeta de crédito bancaria o De los artículos o servicios que compró o pagó comercial.,,,doc_2024.pdf p.74,ficha_variable
2024,hogares,regalotar,C (1),2,No,"{1, 2}",pagado con tarjeta de crédito bancaria o De los artículos o servicios que compró o pagó comercial.,,,doc_2024.pdf p.74,ficha_variable
2024,hogares,remunera,C (1),1,Sí,"{1, 2}",productos y servicios de consumo final y privado que reciben los trabajadores,,,doc_2024.pdf p.75,ficha_variable
2024,hogares,remunera,C (1),2,No,"{1, 2}",productos y servicios de consumo final y privado que reciben los trabajadores,,,doc_2024.pdf p.75,ficha_variable
2024,hogares,tarjeta,C (1),1,Sí,"{1, 2}","monto en dinero (crédito) como una forma de financiamiento por parte de la institución, que ¿Alguna de las personas que conforman su hogar",,,doc_2024.pdf p.73,ficha_variable
2024,hogares,tarjeta,C (1),2,No,"{1, 2}","monto en dinero (crédito) como una forma de financiamiento por parte de la institución, que ¿Alguna de las personas que conforman su hogar",,,doc_2024.pdf p.73,ficha_variable
2024,hogares,telefono,C (1),1,Sí,"{1, 2}",con instalación alámbrica o satelital (antena).,,,doc_2024.pdf p.59,ficha_variable
2024,hogares,telefono,C (1),2,No nóicpircseD .4202 y,"{1, 2}",con instalación alámbrica o satelital (antena).,,,doc_2024.pdf p.59,ficha_variable
2024,hogares,transferen,C (1),1,Sí,"{1, 2}","puedan disfrutar de ciertos artículos o servicios, esta ayuda consiste en que el organismo absorbe parte o el total del valor del bien o",,,doc_2024.pdf p.75,ficha_variable
2024,hogares,transferen,C (1),2,No,"{1, 2}","puedan disfrutar de ciertos artículos o servicios, esta ayuda consiste en que el organismo absorbe parte o el total del valor del bien o",,,doc_2024.pdf p.75,ficha_variable
2024,hogares,tv_paga,C (1),1,Sí,"{1, 2}","televisión por pago, considerando que el ¿Este hogar cuenta con servicio de televisión servicio está en funcionamiento.",,,doc_2024.pdf p.60,ficha_variable
2024,hogares,tv_paga,C (1),2,No,"{1, 2}","televisión por pago, considerando que el ¿Este hogar cuenta con servicio de televisión servicio está en funcionamiento.",,,doc_2024.pdf p.60,ficha_variable
2024,ingresos,clave,C (4),2,Las claves correspondientes al ingreso por negocio propio se construyen durante el proceso validación de la base de datos. No se encuentran en el cuestionario. nóicpircseD .4202 y,Catálogo de ingresos,persona.,catalogo_ingresos,,doc_2024.pdf p.278,catalogo_externo_pdf
2024,ingresos,clave,C (4),COMO,SOCIEDADES,Catálogo de ingresos,persona.,catalogo_ingresos,,doc_2024.pdf p.276,catalogo_externo_pdf
2024,ingresos,clave,C (4),OTROS,INGRESOS,Catálogo de ingresos,persona.,catalogo_ingresos,,doc_2024.pdf p.277,catalogo_externo_pdf
2024,ingresos,clave,C (4),P001,"Sueldos, salarios o jornal",Catálogo de ingresos,persona.,catalogo_ingresos,,doc_2024.pdf p.276,catalogo_externo_pdf
2024,ingresos,clave,C (4),P002,Destajo,Catálogo de ingresos,persona.,catalogo_ingresos,,doc_2024.pdf p.276,catalogo_externo_pdf
2024,ingresos,clave,C (4),P003,Comisiones y propinas,Catálogo de ingresos,persona.,catalogo_ingresos,,doc_2024.pdf p.276,catalogo_externo_pdf
2024,ingresos,clave,C (4),P004,Horas extras,Catálogo de ingresos,persona.,catalogo_ingresos,,doc_2024.pdf p.276,catalogo_externo_pdf
2024,ingresos,clave,C (4),P005,"Incentivos, gratificaciones o premios",Catálogo de ingresos,persona.,catalogo_ingresos,,doc_2024.pdf p.276,catalogo_externo_pdf
2024,ingresos,clave,C (4),P006,"Bono, percepción adicional o sobresueldo",Catálogo de ingresos,persona.,catalogo_ingresos,,doc_2024.pdf p.276,catalogo_externo_pdf
2024,ingresos,clave,C (4),P007,Primas vacacionales y otras prestaciones en dinero,Catálogo de ingresos,persona.,catalogo_ingresos,,doc_2024.pdf p.276,catalogo_externo_pdf
2024,ingresos,clave,C (4),P008,Reparto de utilidades del ejercicio 2023 del trabajo principal,Catálogo de ingresos,persona.,catalogo_ingresos,,doc_2024.pdf p.276,catalogo_externo_pdf
2024,ingresos,clave,C (4),P009,Aguinaldo del ejercicio 2023 del trabajo principal,Catálogo de ingresos,persona.,catalogo_ingresos,,doc_2024.pdf p.276,catalogo_externo_pdf
2024,ingresos,clave,C (4),P011,Sueldos o salarios,Catálogo de ingresos,persona.,catalogo_ingresos,,doc_2024.pdf p.276,catalogo_externo_pdf
2024,ingresos,clave,C (4),P012,Ganancias/utilidades,Catálogo de ingresos,persona.,catalogo_ingresos,,doc_2024.pdf p.276,catalogo_externo_pdf
2024,ingresos,clave,C (4),P013,Otros ingresos,Catálogo de ingresos,persona.,catalogo_ingresos,,doc_2024.pdf p.276,catalogo_externo_pdf
2024,ingresos,clave,C (4),P014,Monto recibido en el trabajo secundario,Catálogo de ingresos,persona.,catalogo_ingresos,,doc_2024.pdf p.276,catalogo_externo_pdf
2024,ingresos,clave,C (4),P015,Reparto de utilidades del ejercicio 2023 del trabajo secundario,Catálogo de ingresos,persona.,catalogo_ingresos,,doc_2024.pdf p.276,catalogo_externo_pdf
2024,ingresos,clave,C (4),P016,Aguinaldo del ejercicio 2023 del trabajo secundario,Catálogo de ingresos,persona.,catalogo_ingresos,,doc_2024.pdf p.276,catalogo_externo_pdf
2024,ingresos,clave,C (4),P018,Sueldos o salarios,Catálogo de ingresos,persona.,catalogo_ingresos,,doc_2024.pdf p.276,catalogo_externo_pdf
2024,ingresos,clave,C (4),P019,Ganancias/utilidades,Catálogo de ingresos,persona.,catalogo_ingresos,,doc_2024.pdf p.276,catalogo_externo_pdf
2024,ingresos,clave,C (4),P020,Otros ingresos,Catálogo de ingresos,persona.,catalogo_ingresos,,doc_2024.pdf p.276,catalogo_externo_pdf
2024,ingresos,clave,C (4),P021,Total de ingresos,Catálogo de ingresos,persona.,catalogo_ingresos,,doc_2024.pdf p.276,catalogo_externo_pdf
2024,ingresos,clave,C (4),P022,Total de ingresos de trabajos realizados en los cinco meses anteriores al mes pasado,Catálogo de ingresos,persona.,catalogo_ingresos,,doc_2024.pdf p.276,catalogo_externo_pdf
2024,ingresos,clave,C (4),P023,"Alquiler de tierras y terrenos, dentro y fuera del país",Catálogo de ingresos,persona.,catalogo_ingresos,,doc_2024.pdf p.276,catalogo_externo_pdf
2024,ingresos,clave,C (4),P024,"Alquiler de casas, edificios, locales y otros inmuebles que están dentro del país",Catálogo de ingresos,persona.,catalogo_ingresos,,doc_2024.pdf p.276,catalogo_externo_pdf
2024,ingresos,clave,C (4),P025,"Alquiler de casas, edificios, locales y otros inmuebles que están fuera del país",Catálogo de ingresos,persona.,catalogo_ingresos,,doc_2024.pdf p.276,catalogo_externo_pdf
2024,ingresos,clave,C (4),P026,Intereses provenientes de inversiones a plazo fijo,Catálogo de ingresos,persona.,catalogo_ingresos,,doc_2024.pdf p.276,catalogo_externo_pdf
2024,ingresos,clave,C (4),P027,Intereses provenientes de cuentas de ahorro,Catálogo de ingresos,persona.,catalogo_ingresos,,doc_2024.pdf p.276,catalogo_externo_pdf
2024,ingresos,clave,C (4),P028,Intereses provenientes de préstamos a terceros,Catálogo de ingresos,persona.,catalogo_ingresos,,doc_2024.pdf p.276,catalogo_externo_pdf
2024,ingresos,clave,C (4),P029,Rendimientos provenientes de bonos o cédulas,Catálogo de ingresos,persona.,catalogo_ingresos,,doc_2024.pdf p.276,catalogo_externo_pdf
2024,ingresos,clave,C (4),P030,"Alquiler de marcas, patentes y derechos de autor",Catálogo de ingresos,persona.,catalogo_ingresos,,doc_2024.pdf p.276,catalogo_externo_pdf
2024,ingresos,clave,C (4),P031,Otros ingresos por renta de la propiedad no considerados en los anteriores,Catálogo de ingresos,persona.,catalogo_ingresos,,doc_2024.pdf p.276,catalogo_externo_pdf
2024,ingresos,clave,C (4),P032,Jubilaciones y/o pensiones originadas dentro del país,Catálogo de ingresos,persona.,catalogo_ingresos,,doc_2024.pdf p.276,catalogo_externo_pdf
2024,ingresos,clave,C (4),P033,Jubilaciones y/o pensiones provenientes de otro(s) país(es),Catálogo de ingresos,persona.,catalogo_ingresos,,doc_2024.pdf p.276,catalogo_externo_pdf
2024,ingresos,clave,C (4),P034,Indemnizaciones recibidas de seguros contra riesgos a terceros,Catálogo de ingresos,persona.,catalogo_ingresos,,doc_2024.pdf p.276,catalogo_externo_pdf
2024,ingresos,clave,C (4),P035,Indemnizaciones por accidentes de trabajo,Catálogo de ingresos,persona.,catalogo_ingresos,,doc_2024.pdf p.276,catalogo_externo_pdf
2024,ingresos,clave,C (4),P036,Indemnizaciones por despido y retiro voluntario,Catálogo de ingresos,persona.,catalogo_ingresos,,doc_2024.pdf p.276,catalogo_externo_pdf
2024,ingresos,clave,C (4),P037,Becas provenientes de instituciones privadas o de organismos no gubernamentales nóicpircseD .4202 y,Catálogo de ingresos,persona.,catalogo_ingresos,,doc_2024.pdf p.276,catalogo_externo_pdf
2024,ingresos,clave,C (4),P038,Becas provenientes del gobierno,Catálogo de ingresos,persona.,catalogo_ingresos,,doc_2024.pdf p.277,catalogo_externo_pdf
2024,ingresos,clave,C (4),P039,Donativos provenientes de organizaciones no gubernamentales,Catálogo de ingresos,persona.,catalogo_ingresos,,doc_2024.pdf p.277,catalogo_externo_pdf
2024,ingresos,clave,C (4),P040,Donativos en dinero provenientes de otros hogares,Catálogo de ingresos,persona.,catalogo_ingresos,,doc_2024.pdf p.277,catalogo_externo_pdf
2024,ingresos,clave,C (4),P041,Ingresos provenientes de otros países,Catálogo de ingresos,persona.,catalogo_ingresos,,doc_2024.pdf p.277,catalogo_externo_pdf
2024,ingresos,clave,C (4),P043,Beneficio de PROCAMPO / PROAGRO Productivo / Producción para el Bienestar,Catálogo de ingresos,persona.,catalogo_ingresos,,doc_2024.pdf p.277,catalogo_externo_pdf
2024,ingresos,clave,C (4),P045,Beneficio de otros programas para adultos mayores,Catálogo de ingresos,persona.,catalogo_ingresos,,doc_2024.pdf p.277,catalogo_externo_pdf
2024,ingresos,clave,C (4),P048,Beneficios de otros programas sociales,Catálogo de ingresos,persona.,catalogo_ingresos,,doc_2024.pdf p.277,catalogo_externo_pdf
2024,ingresos,clave,C (4),P049,Total de ingresos no considerados en los anteriores,Catálogo de ingresos,persona.,catalogo_ingresos,,doc_2024.pdf p.277,catalogo_externo_pdf
2024,ingresos,clave,C (4),P050,Ingresos anuales por rendimientos de acciones que posea de alguna empresa en la que no trabajó,Catálogo de ingresos,persona.,catalogo_ingresos,,doc_2024.pdf p.277,catalogo_externo_pdf
2024,ingresos,clave,C (4),P051,"Retiro de inversiones, ahorros, tandas, cajas de ahorro etcétera",Catálogo de ingresos,persona.,catalogo_ingresos,,doc_2024.pdf p.277,catalogo_externo_pdf
2024,ingresos,clave,C (4),P052,Pagos recibidos de préstamos que usted hizo a personas ajenas al hogar,Catálogo de ingresos,persona.,catalogo_ingresos,,doc_2024.pdf p.277,catalogo_externo_pdf
2024,ingresos,clave,C (4),P053,"Préstamos recibidos de personas ajenas al hogar o instituciones, se excluyen préstamos hipotecarios",Catálogo de ingresos,persona.,catalogo_ingresos,,doc_2024.pdf p.277,catalogo_externo_pdf
2024,ingresos,clave,C (4),P054,"Venta de monedas, metales preciosos, joyas y obras de arte, etcétera",Catálogo de ingresos,persona.,catalogo_ingresos,,doc_2024.pdf p.277,catalogo_externo_pdf
2024,ingresos,clave,C (4),P055,"Venta de acciones, bonos y cédulas",Catálogo de ingresos,persona.,catalogo_ingresos,,doc_2024.pdf p.277,catalogo_externo_pdf
2024,ingresos,clave,C (4),P056,"Venta de marcas, patentes y derechos de autor",Catálogo de ingresos,persona.,catalogo_ingresos,,doc_2024.pdf p.277,catalogo_externo_pdf
2024,ingresos,clave,C (4),P057,"Herencias, dotes y legados",Catálogo de ingresos,persona.,catalogo_ingresos,,doc_2024.pdf p.277,catalogo_externo_pdf
2024,ingresos,clave,C (4),P058,Loterías y juegos de azar,Catálogo de ingresos,persona.,catalogo_ingresos,,doc_2024.pdf p.277,catalogo_externo_pdf
2024,ingresos,clave,C (4),P059,"Venta de casas, condominios, etcétera, que están dentro y fuera del país",Catálogo de ingresos,persona.,catalogo_ingresos,,doc_2024.pdf p.277,catalogo_externo_pdf
2024,ingresos,clave,C (4),P060,Venta de terrenos que están dentro y fuera del país,Catálogo de ingresos,persona.,catalogo_ingresos,,doc_2024.pdf p.277,catalogo_externo_pdf
2024,ingresos,clave,C (4),P061,"Venta de maquinaria, equipos, animales de producción, vehículos, etcétera, utilizados en el negocio",Catálogo de ingresos,persona.,catalogo_ingresos,,doc_2024.pdf p.277,catalogo_externo_pdf
2024,ingresos,clave,C (4),P062,Venta de vehículos,Catálogo de ingresos,persona.,catalogo_ingresos,,doc_2024.pdf p.277,catalogo_externo_pdf
2024,ingresos,clave,C (4),P063,"Venta de aparatos eléctricos de segunda mano, etcétera",Catálogo de ingresos,persona.,catalogo_ingresos,,doc_2024.pdf p.277,catalogo_externo_pdf
2024,ingresos,clave,C (4),P064,"Préstamos hipotecarios por bienes inmuebles: casas, terrenos, edificios y locales",Catálogo de ingresos,persona.,catalogo_ingresos,,doc_2024.pdf p.277,catalogo_externo_pdf
2024,ingresos,clave,C (4),P065,Seguros de vida,Catálogo de ingresos,persona.,catalogo_ingresos,,doc_2024.pdf p.277,catalogo_externo_pdf
2024,ingresos,clave,C (4),P066,Otras percepciones financieras y de capital no consideradas en las anteriores INGRESOS POR TRABAJO DE PERSONAS MENORES DE 12 AÑOS,Catálogo de ingresos,persona.,catalogo_ingresos,,doc_2024.pdf p.277,catalogo_externo_pdf
2024,ingresos,clave,C (4),P067,Ingreso por trabajo de personas menores de 12 años INGRESOS POR NEGOCIO PROPIO2,Catálogo de ingresos,persona.,catalogo_ingresos,,doc_2024.pdf p.277,catalogo_externo_pdf
2024,ingresos,clave,C (4),P068,Por negocios con tipo de actividad industrial,Catálogo de ingresos,persona.,catalogo_ingresos,,doc_2024.pdf p.277,catalogo_externo_pdf
2024,ingresos,clave,C (4),P069,Por negocios con tipo de actividad comercial,Catálogo de ingresos,persona.,catalogo_ingresos,,doc_2024.pdf p.277,catalogo_externo_pdf
2024,ingresos,clave,C (4),P070,Por negocios prestadores de servicios,Catálogo de ingresos,persona.,catalogo_ingresos,,doc_2024.pdf p.277,catalogo_externo_pdf
2024,ingresos,clave,C (4),P071,Por negocios con actividades agrícolas,Catálogo de ingresos,persona.,catalogo_ingresos,,doc_2024.pdf p.277,catalogo_externo_pdf
2024,ingresos,clave,C (4),P072,Por negocios con actividades de cría y explotación de animales,Catálogo de ingresos,persona.,catalogo_ingresos,,doc_2024.pdf p.277,catalogo_externo_pdf
2024,ingresos,clave,C (4),P073,"Por negocios con actividades de recolección, reforestación y tala de árboles",Catálogo de ingresos,persona.,catalogo_ingresos,,doc_2024.pdf p.277,catalogo_externo_pdf
2024,ingresos,clave,C (4),P074,"Por negocios con actividades de pesca, caza y captura de animales",Catálogo de ingresos,persona.,catalogo_ingresos,,doc_2024.pdf p.277,catalogo_externo_pdf
2024,ingresos,clave,C (4),P075,Por negocios con tipo de actividad industrial nóicpircseD .4202 y,Catálogo de ingresos,persona.,catalogo_ingresos,,doc_2024.pdf p.277,catalogo_externo_pdf
2024,ingresos,clave,C (4),P076,Por negocios con tipo de actividad comercial,Catálogo de ingresos,persona.,catalogo_ingresos,,doc_2024.pdf p.278,catalogo_externo_pdf
2024,ingresos,clave,C (4),P077,Por negocios prestadores de servicios,Catálogo de ingresos,persona.,catalogo_ingresos,,doc_2024.pdf p.278,catalogo_externo_pdf
2024,ingresos,clave,C (4),P078,Por negocios con actividades agrícolas,Catálogo de ingresos,persona.,catalogo_ingresos,,doc_2024.pdf p.278,catalogo_externo_pdf
2024,ingresos,clave,C (4),P079,Por negocios con actividades de cría y explotación de animales,Catálogo de ingresos,persona.,catalogo_ingresos,,doc_2024.pdf p.278,catalogo_externo_pdf
2024,ingresos,clave,C (4),P080,"Por negocios con actividades de recolección, reforestación y tala de árboles",Catálogo de ingresos,persona.,catalogo_ingresos,,doc_2024.pdf p.278,catalogo_externo_pdf
2024,ingresos,clave,C (4),P081,"Por negocios con actividades de pesca, caza y captura de animales",Catálogo de ingresos,persona.,catalogo_ingresos,,doc_2024.pdf p.278,catalogo_externo_pdf
2024,ingresos,clave,C (4),P101,Beca de Educación Básica para el Bienestar Benito Juárez (antes PROSPERA),Catálogo de ingresos,persona.,catalogo_ingresos,,doc_2024.pdf p.277,catalogo_externo_pdf
2024,ingresos,clave,C (4),P102,Beca Universal de Educación Media Superior Benito Juárez (antes PROSPERA),Catálogo de ingresos,persona.,catalogo_ingresos,,doc_2024.pdf p.277,catalogo_externo_pdf
2024,ingresos,clave,C (4),P103,Jóvenes Escribiendo el Futuro (Educación Superior),Catálogo de ingresos,persona.,catalogo_ingresos,,doc_2024.pdf p.277,catalogo_externo_pdf
2024,ingresos,clave,C (4),P104,Programa Pensión para el Bienestar de las Personas Adultas Mayores (antes Programa 65 y más),Catálogo de ingresos,persona.,catalogo_ingresos,,doc_2024.pdf p.277,catalogo_externo_pdf
2024,ingresos,clave,C (4),P105,Programa Pensión para el Bienestar de las Personas con Discapacidad Permanente,Catálogo de ingresos,persona.,catalogo_ingresos,,doc_2024.pdf p.277,catalogo_externo_pdf
2024,ingresos,clave,C (4),P106,"Programa de Apoyo para el Bienestar de las Niñas y Niños, Hijos de Madres Trabajadoras (antes Estancias infantiles)",Catálogo de ingresos,persona.,catalogo_ingresos,,doc_2024.pdf p.277,catalogo_externo_pdf
2024,ingresos,clave,C (4),P107,Seguro de Vida para Jefas de Familia,Catálogo de ingresos,persona.,catalogo_ingresos,,doc_2024.pdf p.277,catalogo_externo_pdf
2024,ingresos,clave,C (4),P108,Programa Jóvenes Construyendo el Futuro,Catálogo de ingresos,persona.,catalogo_ingresos,,doc_2024.pdf p.277,catalogo_externo_pdf
2024,ingresos,mes_1,C (2),07,Julio,"{07,…, 10}",Primer mes pasado a la entrevista.,,,doc_2024.pdf p.135,ficha_variable
2024,ingresos,mes_1,C (2),08,Agosto,"{07,…, 10}",Primer mes pasado a la entrevista.,,,doc_2024.pdf p.135,ficha_variable
2024,ingresos,mes_1,C (2),09,Septiembre,"{07,…, 10}",Primer mes pasado a la entrevista.,,,doc_2024.pdf p.135,ficha_variable
2024,ingresos,mes_1,C (2),10,Octubre,"{07,…, 10}",Primer mes pasado a la entrevista.,,,doc_2024.pdf p.135,ficha_variable
2024,ingresos,mes_2,C (2),06,Junio,"{06,…, 09}",Segundo mes pasado a la entrevista.,,,doc_2024.pdf p.136,ficha_variable
2024,ingresos,mes_2,C (2),07,Julio,"{06,…, 09}",Segundo mes pasado a la entrevista.,,,doc_2024.pdf p.136,ficha_variable
2024,ingresos,mes_2,C (2),08,Agosto,"{06,…, 09}",Segundo mes pasado a la entrevista.,,,doc_2024.pdf p.136,ficha_variable
2024,ingresos,mes_2,C (2),09,Septiembre,"{06,…, 09}",Segundo mes pasado a la entrevista.,,,doc_2024.pdf p.136,ficha_variable
2024,ingresos,mes_3,C (2),05,Mayo,"{05,…, 08}",Tercer mes pasado a la entrevista.,,,doc_2024.pdf p.136,ficha_variable
2024,ingresos,mes_3,C (2),06,Junio,"{05,…, 08}",Tercer mes pasado a la entrevista.,,,doc_2024.pdf p.136,ficha_variable
2024,ingresos,mes_3,C (2),07,Julio,"{05,…, 08}",Tercer mes pasado a la entrevista.,,,doc_2024.pdf p.136,ficha_variable
2024,ingresos,mes_3,C (2),08,Agosto,"{05,…, 08}",Tercer mes pasado a la entrevista.,,,doc_2024.pdf p.136,ficha_variable
2024,ingresos,mes_4,C (2),04,Abril nóicpircseD .4202 y,"{04,…, 07}",Cuarto mes pasado a la entrevista.,,,doc_2024.pdf p.136,ficha_variable
2024,ingresos,mes_4,C (2),05,Mayo,"{04,…, 07}",Cuarto mes pasado a la entrevista.,,,doc_2024.pdf p.136,ficha_variable
2024,ingresos,mes_4,C (2),06,Junio,"{04,…, 07}",Cuarto mes pasado a la entrevista.,,,doc_2024.pdf p.136,ficha_variable
2024,ingresos,mes_4,C (2),07,Julio,"{04,…, 07}",Cuarto mes pasado a la entrevista.,,,doc_2024.pdf p.136,ficha_variable
2024,ingresos,mes_5,C (2),03,Marzo,"{03,…, 06}",Quinto mes pasado a la entrevista.,,,doc_2024.pdf p.137,ficha_variable
2024,ingresos,mes_5,C (2),04,Abril,"{03,…, 06}",Quinto mes pasado a la entrevista.,,,doc_2024.pdf p.137,ficha_variable
2024,ingresos,mes_5,C (2),05,Mayo,"{03,…, 06}",Quinto mes pasado a la entrevista.,,,doc_2024.pdf p.137,ficha_variable
2024,ingresos,mes_5,C (2),06,Junio,"{03,…, 06}",Quinto mes pasado a la entrevista.,,,doc_2024.pdf p.137,ficha_variable
2024,ingresos,mes_6,C (2),02,Febrero,"{02,…, 05}",Sexto mes pasado a la entrevista.,,,doc_2024.pdf p.137,ficha_variable
2024,ingresos,mes_6,C (2),03,Marzo,"{02,…, 05}",Sexto mes pasado a la entrevista.,,,doc_2024.pdf p.137,ficha_variable
2024,ingresos,mes_6,C (2),04,Abril,"{02,…, 05}",Sexto mes pasado a la entrevista.,,,doc_2024.pdf p.137,ficha_variable
2024,ingresos,mes_6,C (2),05,Mayo,"{02,…, 05}",Sexto mes pasado a la entrevista.,,,doc_2024.pdf p.137,ficha_variable
2024,poblacion,act_pnea1,C (1),1,Estuvo buscando trabajo,"{1,..., 6}",económicamente activas.,,,doc_2024.pdf p.120,ficha_variable
2024,poblacion,act_pnea1,C (1),2,Es pensionado o jubilado,"{1,..., 6}",económicamente activas.,,,doc_2024.pdf p.120,ficha_variable
2024,poblacion,act_pnea1,C (1),3,Se dedicó a los quehaceres del hogar,"{1,..., 6}",económicamente activas.,,,doc_2024.pdf p.120,ficha_variable
2024,poblacion,act_pnea1,C (1),4,Se dedicó a estudiar,"{1,..., 6}",económicamente activas.,,,doc_2024.pdf p.120,ficha_variable
2024,poblacion,act_pnea1,C (1),5,Es una persona con alguna limitación física o mental que le impide trabajar por el resto de su vida,"{1,..., 6}",económicamente activas.,,,doc_2024.pdf p.120,ficha_variable
2024,poblacion,act_pnea1,C (1),6,Está en otra situación diferente a las anteriores,"{1,..., 6}",económicamente activas.,,,doc_2024.pdf p.120,ficha_variable
2024,poblacion,act_pnea2,C (1),2,Es pensionado o jubilado,"{2,..., 5}",económicamente activas.,,,doc_2024.pdf p.120,ficha_variable
2024,poblacion,act_pnea2,C (1),3,Se dedicó a los quehaceres del hogar,"{2,..., 5}",económicamente activas.,,,doc_2024.pdf p.120,ficha_variable
2024,poblacion,act_pnea2,C (1),4,Se dedicó a estudiar,"{2,..., 5}",económicamente activas.,,,doc_2024.pdf p.120,ficha_variable
2024,poblacion,act_pnea2,C (1),5,Es una persona con alguna limitación física o mental que le impide trabajar por el resto de su vida,"{2,..., 5}",económicamente activas.,,,doc_2024.pdf p.120,ficha_variable
2024,poblacion,afrod,C (1),1,Sí,"{1, 2}","negro(a) afrodescendiente. constumbres y tradiciones, ¿(NOMBRE) se",,,doc_2024.pdf p.82,ficha_variable
2024,poblacion,afrod,C (1),2,No,"{1, 2}","negro(a) afrodescendiente. constumbres y tradiciones, ¿(NOMBRE) se",,,doc_2024.pdf p.82,ficha_variable
2024,poblacion,alfabetism,C (1),1,Sí,"{1, 2}",más años según sepan leer y escribir un recado.,,,doc_2024.pdf p.86,ficha_variable
2024,poblacion,alfabetism,C (1),2,No,"{1, 2}",más años según sepan leer y escribir un recado.,,,doc_2024.pdf p.86,ficha_variable
2024,poblacion,antec_esc,C (1),1,Primaria,"{1,..., 5}","Normal), dentro del Sistema Educativo ¿Qué estudios le pidieron a (NOMBRE) para",,,doc_2024.pdf p.90,ficha_variable
2024,poblacion,antec_esc,C (1),2,Secundaria,"{1,..., 5}","Normal), dentro del Sistema Educativo ¿Qué estudios le pidieron a (NOMBRE) para",,,doc_2024.pdf p.90,ficha_variable
2024,poblacion,antec_esc,C (1),3,Preparatoria o bachillerato,"{1,..., 5}","Normal), dentro del Sistema Educativo ¿Qué estudios le pidieron a (NOMBRE) para",,,doc_2024.pdf p.90,ficha_variable
2024,poblacion,antec_esc,C (1),4,Licenciatura o profesional,"{1,..., 5}","Normal), dentro del Sistema Educativo ¿Qué estudios le pidieron a (NOMBRE) para",,,doc_2024.pdf p.90,ficha_variable
2024,poblacion,antec_esc,C (1),5,Maestría,"{1,..., 5}","Normal), dentro del Sistema Educativo ¿Qué estudios le pidieron a (NOMBRE) para",,,doc_2024.pdf p.90,ficha_variable
2024,poblacion,asis_esc,C (1),1,Sí,"{1, 2}","establecimiento de enseñanza escolar del Sistema Educativo Nacional (SEN), en",,,doc_2024.pdf p.86,ficha_variable
2024,poblacion,asis_esc,C (1),2,No,"{1, 2}","establecimiento de enseñanza escolar del Sistema Educativo Nacional (SEN), en",,,doc_2024.pdf p.86,ficha_variable
2024,poblacion,atemed,C (1),1,Sí,"{1, 2}",Salud Público (federal o estatal). o accidente que requiera de atención médica,,,doc_2024.pdf p.99,ficha_variable
2024,poblacion,atemed,C (1),2,No,"{1, 2}",Salud Público (federal o estatal). o accidente que requiera de atención médica,,,doc_2024.pdf p.99,ficha_variable
2024,poblacion,aten_sal,C (1),1,Sí,"{1, 2}",de salud.,,,doc_2024.pdf p.102,ficha_variable
2024,poblacion,aten_sal,C (1),2,No,"{1, 2}",de salud.,,,doc_2024.pdf p.102,ficha_variable
2024,poblacion,c_futuro,C (1),1,Sí,"{1, 2}",construyendo el futuro. ¿Recibió el programa Jóvenes Construyendo el,,,doc_2024.pdf p.120,ficha_variable
2024,poblacion,c_futuro,C (1),2,No nóicpircseD .4202 y,"{1, 2}",construyendo el futuro. ¿Recibió el programa Jóvenes Construyendo el,,,doc_2024.pdf p.120,ficha_variable
2024,poblacion,comprenind,C (1),1,Sí,"{1, 2}",lengua indígena.,,,doc_2024.pdf p.85,ficha_variable
2024,poblacion,comprenind,C (1),2,No,"{1, 2}",lengua indígena.,,,doc_2024.pdf p.85,ficha_variable
2024,poblacion,conyuge_id,C (2),&,No especificado,"{01,...,50}",del hogar de 12 o más años.,,,doc_2024.pdf p.91,ficha_variable
2024,poblacion,ct_futuro,C (1),1,Trabajo principal,"{1,…, 3, 8, 9}",ingreso recibido por el programa Jóvenes ¿Declaró el ingreso de este programa Construyendo el Futuro.,,,doc_2024.pdf p.121,ficha_variable
2024,poblacion,ct_futuro,C (1),2,Trabajo secundario,"{1,…, 3, 8, 9}",ingreso recibido por el programa Jóvenes ¿Declaró el ingreso de este programa Construyendo el Futuro.,,,doc_2024.pdf p.121,ficha_variable
2024,poblacion,ct_futuro,C (1),3,Otros trabajos del mes pasado,"{1,…, 3, 8, 9}",ingreso recibido por el programa Jóvenes ¿Declaró el ingreso de este programa Construyendo el Futuro.,,,doc_2024.pdf p.121,ficha_variable
2024,poblacion,ct_futuro,C (1),8,Trabajos realizados antes del mes pasado,"{1,…, 3, 8, 9}",ingreso recibido por el programa Jóvenes ¿Declaró el ingreso de este programa Construyendo el Futuro.,,,doc_2024.pdf p.121,ficha_variable
2024,poblacion,ct_futuro,C (1),9,"Sí tiene programa, pero no lo declaró como el trabajo","{1,…, 3, 8, 9}",ingreso recibido por el programa Jóvenes ¿Declaró el ingreso de este programa Construyendo el Futuro.,,,doc_2024.pdf p.121,ficha_variable
2024,poblacion,diabetes,C (1),1,Sí,"{1, 2}",servicios médicos preventivos asociados a la ¿En los últimos 12 meses le han tomado alguna diabetes.,,,doc_2024.pdf p.117,ficha_variable
2024,poblacion,diabetes,C (1),2,No,"{1, 2}",servicios médicos preventivos asociados a la ¿En los últimos 12 meses le han tomado alguna diabetes.,,,doc_2024.pdf p.117,ficha_variable
2024,poblacion,disc_acti,C (1),&,No especificado,"{1,..., 4}","hogar para realizar actividades diarias por En su vida diaria (NOMBRE), ¿cuánta dificultad problemas emocionales o mentales (con",,&,doc_2024.pdf p.84,ficha_variable
2024,poblacion,disc_acti,C (1),1,No tiene dificultad,"{1,..., 4}","hogar para realizar actividades diarias por En su vida diaria (NOMBRE), ¿cuánta dificultad problemas emocionales o mentales (con",,1,doc_2024.pdf p.84,ficha_variable
2024,poblacion,disc_acti,C (1),2,Lo hace con poca dificultad,"{1,..., 4}","hogar para realizar actividades diarias por En su vida diaria (NOMBRE), ¿cuánta dificultad problemas emocionales o mentales (con",,2,doc_2024.pdf p.84,ficha_variable
2024,poblacion,disc_acti,C (1),3,Lo hace con mucha dificultad,"{1,..., 4}","hogar para realizar actividades diarias por En su vida diaria (NOMBRE), ¿cuánta dificultad problemas emocionales o mentales (con",,3,doc_2024.pdf p.84,ficha_variable
2024,poblacion,disc_acti,C (1),4,No puede hacerlo,"{1,..., 4}","hogar para realizar actividades diarias por En su vida diaria (NOMBRE), ¿cuánta dificultad problemas emocionales o mentales (con",,4,doc_2024.pdf p.84,ficha_variable
2024,poblacion,disc_apren,C (1),&,No especificado,"{1,..., 4}","hogar para aprender, recordar o concentrarse.",,&,doc_2024.pdf p.83,ficha_variable
2024,poblacion,disc_apren,C (1),1,No tiene dificultad,"{1,..., 4}","hogar para aprender, recordar o concentrarse.",,1,doc_2024.pdf p.83,ficha_variable
2024,poblacion,disc_apren,C (1),2,Lo hace con poca dificultad,"{1,..., 4}","hogar para aprender, recordar o concentrarse.",,2,doc_2024.pdf p.83,ficha_variable
2024,poblacion,disc_apren,C (1),3,Lo hace con mucha dificultad,"{1,..., 4}","hogar para aprender, recordar o concentrarse.",,3,doc_2024.pdf p.83,ficha_variable
2024,poblacion,disc_apren,C (1),4,No puede hacerlo,"{1,..., 4}","hogar para aprender, recordar o concentrarse.",,4,doc_2024.pdf p.83,ficha_variable
2024,poblacion,disc_brazo,C (1),&,No especificado,"{1,..., 4}","hogar para mover o usar brazos o manos. En su vida diaria (NOMBRE), ¿cuánta dificultad",,&,doc_2024.pdf p.82,ficha_variable
2024,poblacion,disc_brazo,C (1),1,No tiene dificultad,"{1,..., 4}","hogar para mover o usar brazos o manos. En su vida diaria (NOMBRE), ¿cuánta dificultad",,1,doc_2024.pdf p.82,ficha_variable
2024,poblacion,disc_brazo,C (1),2,Lo hace con poca dificultad,"{1,..., 4}","hogar para mover o usar brazos o manos. En su vida diaria (NOMBRE), ¿cuánta dificultad",,2,doc_2024.pdf p.82,ficha_variable
2024,poblacion,disc_brazo,C (1),3,Lo hace con mucha dificultad,"{1,..., 4}","hogar para mover o usar brazos o manos. En su vida diaria (NOMBRE), ¿cuánta dificultad",,3,doc_2024.pdf p.82,ficha_variable
2024,poblacion,disc_brazo,C (1),4,No puede hacerlo,"{1,..., 4}","hogar para mover o usar brazos o manos. En su vida diaria (NOMBRE), ¿cuánta dificultad",,4,doc_2024.pdf p.82,ficha_variable
2024,poblacion,disc_camin,C (1),&,No especificado,"{1,..., 4}","hogar para caminar, subir o bajar usando sus En su vida diaria (NOMBRE), ¿cuánta dificultad piernas.",,&,doc_2024.pdf p.83,ficha_variable
2024,poblacion,disc_camin,C (1),1,No tiene dificultad,"{1,..., 4}","hogar para caminar, subir o bajar usando sus En su vida diaria (NOMBRE), ¿cuánta dificultad piernas.",,1,doc_2024.pdf p.83,ficha_variable
2024,poblacion,disc_camin,C (1),2,Lo hace con poca dificultad,"{1,..., 4}","hogar para caminar, subir o bajar usando sus En su vida diaria (NOMBRE), ¿cuánta dificultad piernas.",,2,doc_2024.pdf p.83,ficha_variable
2024,poblacion,disc_camin,C (1),3,Lo hace con mucha dificultad,"{1,..., 4}","hogar para caminar, subir o bajar usando sus En su vida diaria (NOMBRE), ¿cuánta dificultad piernas.",,3,doc_2024.pdf p.83,ficha_variable
2024,poblacion,disc_camin,C (1),4,No puede hacerlo,"{1,..., 4}","hogar para caminar, subir o bajar usando sus En su vida diaria (NOMBRE), ¿cuánta dificultad piernas.",,4,doc_2024.pdf p.83,ficha_variable
2024,poblacion,disc_habla,C (1),&,No especificado,"{1,..., 4}",hogar para hablar o comunicarse.,,&,doc_2024.pdf p.83,ficha_variable
2024,poblacion,disc_habla,C (1),1,No tiene dificultad,"{1,..., 4}",hogar para hablar o comunicarse.,,1,doc_2024.pdf p.83,ficha_variable
2024,poblacion,disc_habla,C (1),2,Lo hace con poca dificultad,"{1,..., 4}",hogar para hablar o comunicarse.,,2,doc_2024.pdf p.83,ficha_variable
2024,poblacion,disc_habla,C (1),3,Lo hace con mucha dificultad,"{1,..., 4}",hogar para hablar o comunicarse.,,3,doc_2024.pdf p.83,ficha_variable
2024,poblacion,disc_habla,C (1),4,No puede hacerlo,"{1,..., 4}",hogar para hablar o comunicarse.,,4,doc_2024.pdf p.83,ficha_variable
2024,poblacion,disc_oir,C (1),&,No especificado,"{1,..., 4}","hogar para escuchar (aunque use aparato En su vida diaria (NOMBRE), ¿cuánta dificultad auditivo).",,&,doc_2024.pdf p.82,ficha_variable
2024,poblacion,disc_oir,C (1),1,No tiene dificultad,"{1,..., 4}","hogar para escuchar (aunque use aparato En su vida diaria (NOMBRE), ¿cuánta dificultad auditivo).",,1,doc_2024.pdf p.82,ficha_variable
2024,poblacion,disc_oir,C (1),2,Lo hace con poca dificultad,"{1,..., 4}","hogar para escuchar (aunque use aparato En su vida diaria (NOMBRE), ¿cuánta dificultad auditivo).",,2,doc_2024.pdf p.82,ficha_variable
2024,poblacion,disc_oir,C (1),3,Lo hace con mucha dificultad,"{1,..., 4}","hogar para escuchar (aunque use aparato En su vida diaria (NOMBRE), ¿cuánta dificultad auditivo).",,3,doc_2024.pdf p.82,ficha_variable
2024,poblacion,disc_oir,C (1),4,No puede hacerlo,"{1,..., 4}","hogar para escuchar (aunque use aparato En su vida diaria (NOMBRE), ¿cuánta dificultad auditivo).",,4,doc_2024.pdf p.82,ficha_variable
2024,poblacion,disc_ver,C (1),&,No especificado,"{1,..., 4}",hogar para ver (aunque use lentes).,,&,doc_2024.pdf p.82,ficha_variable
2024,poblacion,disc_ver,C (1),1,No tiene dificultad,"{1,..., 4}",hogar para ver (aunque use lentes).,,1,doc_2024.pdf p.82,ficha_variable
2024,poblacion,disc_ver,C (1),2,Lo hace con poca dificultad,"{1,..., 4}",hogar para ver (aunque use lentes).,,2,doc_2024.pdf p.82,ficha_variable
2024,poblacion,disc_ver,C (1),3,Lo hace con mucha dificultad,"{1,..., 4}",hogar para ver (aunque use lentes).,,3,doc_2024.pdf p.82,ficha_variable
2024,poblacion,disc_ver,C (1),4,No puede hacerlo,"{1,..., 4}",hogar para ver (aunque use lentes).,,4,doc_2024.pdf p.82,ficha_variable
2024,poblacion,disc_vest,C (1),&,No especificado,"{1,..., 4}","hogar para bañarse, vestirse o comer.",,&,doc_2024.pdf p.83,ficha_variable
2024,poblacion,disc_vest,C (1),1,No tiene dificultad,"{1,..., 4}","hogar para bañarse, vestirse o comer.",,1,doc_2024.pdf p.83,ficha_variable
2024,poblacion,disc_vest,C (1),2,Lo hace con poca dificultad,"{1,..., 4}","hogar para bañarse, vestirse o comer.",,2,doc_2024.pdf p.83,ficha_variable
2024,poblacion,disc_vest,C (1),3,Lo hace con mucha dificultad,"{1,..., 4}","hogar para bañarse, vestirse o comer.",,3,doc_2024.pdf p.83,ficha_variable
2024,poblacion,disc_vest,C (1),4,No puede hacerlo,"{1,..., 4}","hogar para bañarse, vestirse o comer.",,4,doc_2024.pdf p.83,ficha_variable
2024,poblacion,edo_conyug,C (1),1,Vive con su pareja o en unión libre,"{1,..., 8}",o más años.,,,doc_2024.pdf p.90,ficha_variable
2024,poblacion,edo_conyug,C (1),2,Está casada(o) solo por el civil,"{1,..., 8}",o más años.,,,doc_2024.pdf p.90,ficha_variable
2024,poblacion,edo_conyug,C (1),3,Está casada(o) solo religiosamente,"{1,..., 8}",o más años.,,,doc_2024.pdf p.90,ficha_variable
2024,poblacion,edo_conyug,C (1),4,Está casada(o) civil y religiosamente,"{1,..., 8}",o más años.,,,doc_2024.pdf p.90,ficha_variable
2024,poblacion,edo_conyug,C (1),5,Está separada(o),"{1,..., 8}",o más años.,,,doc_2024.pdf p.90,ficha_variable
2024,poblacion,edo_conyug,C (1),6,Está divorciada(o),"{1,..., 8}",o más años.,,,doc_2024.pdf p.90,ficha_variable
2024,poblacion,edo_conyug,C (1),7,Es viuda(o),"{1,..., 8}",o más años.,,,doc_2024.pdf p.90,ficha_variable
2024,poblacion,edo_conyug,C (1),8,Está soltera(o) nóicpircseD .4202 y,"{1,..., 8}",o más años.,,,doc_2024.pdf p.90,ficha_variable
2024,poblacion,edu_ini,C (1),1,Una estancia infantil,"{1,..., 6}",Lugar al que asiste para su educación inicial.,,,doc_2024.pdf p.84,ficha_variable
2024,poblacion,edu_ini,C (1),2,"Una guardería pública (IMSS, ISSSTE, SEDENA, SEMAR, PEMEX)","{1,..., 6}",Lugar al que asiste para su educación inicial.,,,doc_2024.pdf p.84,ficha_variable
2024,poblacion,edu_ini,C (1),3,Un centro de Desarrollo Infantil (CENDI) o Centro Asistencial de Desarrollo Infantil (CADI),"{1,..., 6}",Lugar al que asiste para su educación inicial.,,,doc_2024.pdf p.84,ficha_variable
2024,poblacion,edu_ini,C (1),4,Educación inicial,"{1,..., 6}",Lugar al que asiste para su educación inicial.,,,doc_2024.pdf p.84,ficha_variable
2024,poblacion,edu_ini,C (1),5,Otras guarderías,"{1,..., 6}",Lugar al que asiste para su educación inicial.,,,doc_2024.pdf p.84,ficha_variable
2024,poblacion,edu_ini,C (1),6,No asiste a guardería,"{1,..., 6}",Lugar al que asiste para su educación inicial.,,,doc_2024.pdf p.84,ficha_variable
2024,poblacion,etnia,C (1),1,Sí,"{1, 2}",su cultura se consideran indígenas.,,,doc_2024.pdf p.85,ficha_variable
2024,poblacion,etnia,C (1),2,No nóicpircseD .4202 y,"{1, 2}",su cultura se consideran indígenas.,,,doc_2024.pdf p.85,ficha_variable
2024,poblacion,forma_b,C (1),1,Sólo en dinero,"{1,..., 5}",Forma en la que se recibió la beca escolar.,,,doc_2024.pdf p.88,ficha_variable
2024,poblacion,forma_b,C (1),2,Sólo en artículos,"{1,..., 5}",Forma en la que se recibió la beca escolar.,,,doc_2024.pdf p.88,ficha_variable
2024,poblacion,forma_b,C (1),3,En dinero y en artículos,"{1,..., 5}",Forma en la que se recibió la beca escolar.,,,doc_2024.pdf p.88,ficha_variable
2024,poblacion,forma_b,C (1),4,No paga colegiatura,"{1,..., 5}",Forma en la que se recibió la beca escolar.,,,doc_2024.pdf p.88,ficha_variable
2024,poblacion,forma_b,C (1),5,Sólo paga parte de la colegiatura,"{1,..., 5}",Forma en la que se recibió la beca escolar.,,,doc_2024.pdf p.88,ficha_variable
2024,poblacion,forma_c,C (1),1,Solo en dinero,"{1,..., 3}",Forma en la que se recibió el crédito educativo.,,,doc_2024.pdf p.89,ficha_variable
2024,poblacion,forma_c,C (1),2,No paga colegiatura,"{1,..., 3}",Forma en la que se recibió el crédito educativo.,,,doc_2024.pdf p.89,ficha_variable
2024,poblacion,forma_c,C (1),3,Solo paga parte de la colegiatura,"{1,..., 3}",Forma en la que se recibió el crédito educativo.,,,doc_2024.pdf p.89,ficha_variable
2024,poblacion,grado,C (1),1,Primer año,"{1,..., 6}",del hogar de 3 o más años dentro del Sistema Educativo Nacional.,,1,doc_2024.pdf p.87,ficha_variable
2024,poblacion,grado,C (1),2,Segundo año,"{1,..., 6}",del hogar de 3 o más años dentro del Sistema Educativo Nacional.,,2,doc_2024.pdf p.87,ficha_variable
2024,poblacion,grado,C (1),3,Tercer año,"{1,..., 6}",del hogar de 3 o más años dentro del Sistema Educativo Nacional.,,3,doc_2024.pdf p.87,ficha_variable
2024,poblacion,grado,C (1),4,Cuarto año,"{1,..., 6}",del hogar de 3 o más años dentro del Sistema Educativo Nacional.,,4,doc_2024.pdf p.87,ficha_variable
2024,poblacion,grado,C (1),5,Quinto año,"{1,..., 6}",del hogar de 3 o más años dentro del Sistema Educativo Nacional.,,5,doc_2024.pdf p.87,ficha_variable
2024,poblacion,grado,C (1),6,Sexto año,"{1,..., 6}",del hogar de 3 o más años dentro del Sistema Educativo Nacional.,,6,doc_2024.pdf p.87,ficha_variable
2024,poblacion,gradoaprob,C (1),0,Ninguno nóicpircseD .4202 y,"{0,...,6}",integrante del hogar de 3 o más años dentro ¿Hasta qué año o grado aprobó (NOMBRE) en la del Sistema Educativo Nacional.,,0,doc_2024.pdf p.89,ficha_variable
2024,poblacion,gradoaprob,C (1),1,Primer año,"{0,...,6}",integrante del hogar de 3 o más años dentro ¿Hasta qué año o grado aprobó (NOMBRE) en la del Sistema Educativo Nacional.,,1,doc_2024.pdf p.89,ficha_variable
2024,poblacion,gradoaprob,C (1),2,Segundo año,"{0,...,6}",integrante del hogar de 3 o más años dentro ¿Hasta qué año o grado aprobó (NOMBRE) en la del Sistema Educativo Nacional.,,2,doc_2024.pdf p.89,ficha_variable
2024,poblacion,gradoaprob,C (1),3,Tercer año,"{0,...,6}",integrante del hogar de 3 o más años dentro ¿Hasta qué año o grado aprobó (NOMBRE) en la del Sistema Educativo Nacional.,,3,doc_2024.pdf p.89,ficha_variable
2024,poblacion,gradoaprob,C (1),4,Cuarto año,"{0,...,6}",integrante del hogar de 3 o más años dentro ¿Hasta qué año o grado aprobó (NOMBRE) en la del Sistema Educativo Nacional.,,4,doc_2024.pdf p.89,ficha_variable
2024,poblacion,gradoaprob,C (1),5,Quinto año,"{0,...,6}",integrante del hogar de 3 o más años dentro ¿Hasta qué año o grado aprobó (NOMBRE) en la del Sistema Educativo Nacional.,,5,doc_2024.pdf p.89,ficha_variable
2024,poblacion,gradoaprob,C (1),6,Sexto año,"{0,...,6}",integrante del hogar de 3 o más años dentro ¿Hasta qué año o grado aprobó (NOMBRE) en la del Sistema Educativo Nacional.,,6,doc_2024.pdf p.89,ficha_variable
2024,poblacion,hablaesp,C (1),1,Sí,"{1, 2}",lengua indígena o dialecto que también habla español.,,,doc_2024.pdf p.85,ficha_variable
2024,poblacion,hablaesp,C (1),2,No,"{1, 2}",lengua indígena o dialecto que también habla español.,,,doc_2024.pdf p.85,ficha_variable
2024,poblacion,hablaind,C (1),1,Sí,"{1, 2}",lengua indígena o dialecto. ¿(NOMBRE) habla alguna lengua indígena o,,,doc_2024.pdf p.85,ficha_variable
2024,poblacion,hablaind,C (1),2,No,"{1, 2}",lengua indígena o dialecto. ¿(NOMBRE) habla alguna lengua indígena o,,,doc_2024.pdf p.85,ficha_variable
2024,poblacion,inscr_1,C (1),1,Prestación en el trabajo nóicpircseD .4202 y,{1},prestación en el trabajo.,,,doc_2024.pdf p.99,ficha_variable
2024,poblacion,inscr_2,C (1),2,Jubilación o invalidez,{2},jubilación o invalidez,,,doc_2024.pdf p.100,ficha_variable
2024,poblacion,inscr_3,C (1),3,Algún familiar en el hogar,{3},El origen de la afiliación o inscripción es por algún familiar en el hogar.,,,doc_2024.pdf p.100,ficha_variable
2024,poblacion,inscr_4,C (1),4,Muerte del asegurado,{4},muerte del asegurado.,,,doc_2024.pdf p.100,ficha_variable
2024,poblacion,inscr_5,C (1),5,Ser estudiante,{5},estudiante.,,,doc_2024.pdf p.100,ficha_variable
2024,poblacion,inscr_6,C (1),6,Contratación propia,{6},contratación propia.,,,doc_2024.pdf p.100,ficha_variable
2024,poblacion,inscr_7,C (1),7,Algún familiar de otro hogar nóicpircseD .4202 y,{7},algún familiar.,,,doc_2024.pdf p.100,ficha_variable
2024,poblacion,inscr_8,C (1),8,No sabe,{8},inscripción.,,,doc_2024.pdf p.101,ficha_variable
2024,poblacion,inst_1,,1,El Seguro Social (IMSS) nóicpircseD .4202 y,{1},a la persona que está afiliada al IMSS.,,,doc_2024.pdf p.97,ficha_variable
2024,poblacion,inst_2,C (1),2,El ISSSTE,{2},a la persona que está afiliada al ISSSTE.,,,doc_2024.pdf p.98,ficha_variable
2024,poblacion,inst_3,C (1),3,El ISSSTE estatal,{3},a la persona que está afiliada al ISSSTE estatal.,,,doc_2024.pdf p.98,ficha_variable
2024,poblacion,inst_4,C (1),4,"PEMEX, la defensa o la Marina",{4},"la persona que está afiliada a PEMEX, la defensa ¿Usted está afiliado o tiene acceso a servicios o la Marina.",,,doc_2024.pdf p.98,ficha_variable
2024,poblacion,inst_5,C (1),5,El IMSS-BIENESTAR,{5},la persona que está afiliada al IMSS-Bienestar. ¿Usted está afiliado o tiene acceso a servicios,,,doc_2024.pdf p.98,ficha_variable
2024,poblacion,inst_6,C (1),6,"Un centro de salud, hospital o Instituto de Salud Público (federal o estatal) nóicpircseD .4202 y",{6},la persona que está afiliada o inscrita a un ¿Usted está afiliado o tiene acceso a servicios centro de salud.,,,doc_2024.pdf p.98,ficha_variable
2024,poblacion,inst_7,C (1),7,Un seguro privado de gastos médicos,{7},la persona que está afiliada o inscrita a un ¿Usted está afiliado o tiene acceso a servicios seguro privado.,,,doc_2024.pdf p.99,ficha_variable
2024,poblacion,inst_8,C (1),8,Otra institución,{8},la persona que está afiliada o inscrita a otra ¿Usted está afiliado o tiene acceso a servicios institución.,,,doc_2024.pdf p.99,ficha_variable
2024,poblacion,inst_9,C (1),9,"Entonces, carece de afiliación o acceso a servicios médicos",{9},servicios de salud. ¿Usted está afiliado o tiene acceso a servicios,,,doc_2024.pdf p.99,ficha_variable
2024,poblacion,lenguaind,C (4),0111,Paipai,Catálogo de lengua indígena,residentes de la vivienda de 3 años o más.,catalogo_lengua_indigena,,doc_2024.pdf p.296,catalogo_externo_pdf
2024,poblacion,lenguaind,C (4),0112,Kiliwa,Catálogo de lengua indígena,residentes de la vivienda de 3 años o más.,catalogo_lengua_indigena,,doc_2024.pdf p.296,catalogo_externo_pdf
2024,poblacion,lenguaind,C (4),0113,Cucapá,Catálogo de lengua indígena,residentes de la vivienda de 3 años o más.,catalogo_lengua_indigena,,doc_2024.pdf p.296,catalogo_externo_pdf
2024,poblacion,lenguaind,C (4),0115,Kumiai,Catálogo de lengua indígena,residentes de la vivienda de 3 años o más.,catalogo_lengua_indigena,,doc_2024.pdf p.296,catalogo_externo_pdf
2024,poblacion,lenguaind,C (4),0121,Seri,Catálogo de lengua indígena,residentes de la vivienda de 3 años o más.,catalogo_lengua_indigena,,doc_2024.pdf p.296,catalogo_externo_pdf
2024,poblacion,lenguaind,C (4),0131,Chontal de Oaxaca,Catálogo de lengua indígena,residentes de la vivienda de 3 años o más.,catalogo_lengua_indigena,,doc_2024.pdf p.296,catalogo_externo_pdf
2024,poblacion,lenguaind,C (4),0200,Chinanteco,Catálogo de lengua indígena,residentes de la vivienda de 3 años o más.,catalogo_lengua_indigena,,doc_2024.pdf p.296,catalogo_externo_pdf
2024,poblacion,lenguaind,C (4),0211,Chinanteco de Ojitlán,Catálogo de lengua indígena,residentes de la vivienda de 3 años o más.,catalogo_lengua_indigena,,doc_2024.pdf p.296,catalogo_externo_pdf
2024,poblacion,lenguaind,C (4),0212,Chinanteco de Usila,Catálogo de lengua indígena,residentes de la vivienda de 3 años o más.,catalogo_lengua_indigena,,doc_2024.pdf p.296,catalogo_externo_pdf
2024,poblacion,lenguaind,C (4),0221,Chinanteco de Quiotepec,Catálogo de lengua indígena,residentes de la vivienda de 3 años o más.,catalogo_lengua_indigena,,doc_2024.pdf p.296,catalogo_externo_pdf
2024,poblacion,lenguaind,C (4),0222,Chinanteco de Yolox,Catálogo de lengua indígena,residentes de la vivienda de 3 años o más.,catalogo_lengua_indigena,,doc_2024.pdf p.296,catalogo_externo_pdf
2024,poblacion,lenguaind,C (4),0223,Chinanteco de Sochiapan,Catálogo de lengua indígena,residentes de la vivienda de 3 años o más.,catalogo_lengua_indigena,,doc_2024.pdf p.296,catalogo_externo_pdf
2024,poblacion,lenguaind,C (4),0231,Chinanteco de Palantla,Catálogo de lengua indígena,residentes de la vivienda de 3 años o más.,catalogo_lengua_indigena,,doc_2024.pdf p.296,catalogo_externo_pdf
2024,poblacion,lenguaind,C (4),0232,Chinanteco de Valle Nacional,Catálogo de lengua indígena,residentes de la vivienda de 3 años o más.,catalogo_lengua_indigena,,doc_2024.pdf p.296,catalogo_externo_pdf
2024,poblacion,lenguaind,C (4),0241,Chinanteco de Lalana,Catálogo de lengua indígena,residentes de la vivienda de 3 años o más.,catalogo_lengua_indigena,,doc_2024.pdf p.296,catalogo_externo_pdf
2024,poblacion,lenguaind,C (4),0243,Chinanteco de Petlapa,Catálogo de lengua indígena,residentes de la vivienda de 3 años o más.,catalogo_lengua_indigena,,doc_2024.pdf p.296,catalogo_externo_pdf
2024,poblacion,lenguaind,C (4),0311,Pame,Catálogo de lengua indígena,residentes de la vivienda de 3 años o más.,catalogo_lengua_indigena,,doc_2024.pdf p.296,catalogo_externo_pdf
2024,poblacion,lenguaind,C (4),0321,Chichimeca Jonaz,Catálogo de lengua indígena,residentes de la vivienda de 3 años o más.,catalogo_lengua_indigena,,doc_2024.pdf p.296,catalogo_externo_pdf
2024,poblacion,lenguaind,C (4),0331,Otomí,Catálogo de lengua indígena,residentes de la vivienda de 3 años o más.,catalogo_lengua_indigena,,doc_2024.pdf p.296,catalogo_externo_pdf
2024,poblacion,lenguaind,C (4),0332,Mazahua,Catálogo de lengua indígena,residentes de la vivienda de 3 años o más.,catalogo_lengua_indigena,,doc_2024.pdf p.296,catalogo_externo_pdf
2024,poblacion,lenguaind,C (4),0342,Ocuilteco (Tlahuica),Catálogo de lengua indígena,residentes de la vivienda de 3 años o más.,catalogo_lengua_indigena,,doc_2024.pdf p.296,catalogo_externo_pdf
2024,poblacion,lenguaind,C (4),0400,Zapoteco,Catálogo de lengua indígena,residentes de la vivienda de 3 años o más.,catalogo_lengua_indigena,,doc_2024.pdf p.296,catalogo_externo_pdf
2024,poblacion,lenguaind,C (4),0411,Zapoteco de Ixtlán,Catálogo de lengua indígena,residentes de la vivienda de 3 años o más.,catalogo_lengua_indigena,,doc_2024.pdf p.296,catalogo_externo_pdf
2024,poblacion,lenguaind,C (4),0412,Zapoteco Vijano,Catálogo de lengua indígena,residentes de la vivienda de 3 años o más.,catalogo_lengua_indigena,,doc_2024.pdf p.296,catalogo_externo_pdf
2024,poblacion,lenguaind,C (4),0413,Zapoteco del Rincón,Catálogo de lengua indígena,residentes de la vivienda de 3 años o más.,catalogo_lengua_indigena,,doc_2024.pdf p.296,catalogo_externo_pdf
2024,poblacion,lenguaind,C (4),0421,Zapoteco Vallista,Catálogo de lengua indígena,residentes de la vivienda de 3 años o más.,catalogo_lengua_indigena,,doc_2024.pdf p.296,catalogo_externo_pdf
2024,poblacion,lenguaind,C (4),0422,Zapoteco del Istmo,Catálogo de lengua indígena,residentes de la vivienda de 3 años o más.,catalogo_lengua_indigena,,doc_2024.pdf p.296,catalogo_externo_pdf
2024,poblacion,lenguaind,C (4),0431,Zapoteco de Cuixtla,Catálogo de lengua indígena,residentes de la vivienda de 3 años o más.,catalogo_lengua_indigena,,doc_2024.pdf p.296,catalogo_externo_pdf
2024,poblacion,lenguaind,C (4),0433,Zapoteco Sureño,Catálogo de lengua indígena,residentes de la vivienda de 3 años o más.,catalogo_lengua_indigena,,doc_2024.pdf p.296,catalogo_externo_pdf
2024,poblacion,lenguaind,C (4),0441,Chatino,Catálogo de lengua indígena,residentes de la vivienda de 3 años o más.,catalogo_lengua_indigena,,doc_2024.pdf p.296,catalogo_externo_pdf
2024,poblacion,lenguaind,C (4),0442,Papabuco,Catálogo de lengua indígena,residentes de la vivienda de 3 años o más.,catalogo_lengua_indigena,,doc_2024.pdf p.296,catalogo_externo_pdf
2024,poblacion,lenguaind,C (4),0450,Mixteco,Catálogo de lengua indígena,residentes de la vivienda de 3 años o más.,catalogo_lengua_indigena,,doc_2024.pdf p.296,catalogo_externo_pdf
2024,poblacion,lenguaind,C (4),0451,Mixteco de la Costa,Catálogo de lengua indígena,residentes de la vivienda de 3 años o más.,catalogo_lengua_indigena,,doc_2024.pdf p.296,catalogo_externo_pdf
2024,poblacion,lenguaind,C (4),0452,Mixteco de la Mixteca Alta,Catálogo de lengua indígena,residentes de la vivienda de 3 años o más.,catalogo_lengua_indigena,,doc_2024.pdf p.296,catalogo_externo_pdf
2024,poblacion,lenguaind,C (4),0453,Mixteco de la Mixteca Baja,Catálogo de lengua indígena,residentes de la vivienda de 3 años o más.,catalogo_lengua_indigena,,doc_2024.pdf p.296,catalogo_externo_pdf
2024,poblacion,lenguaind,C (4),0454,Mixteco de la Zona Mazateca,Catálogo de lengua indígena,residentes de la vivienda de 3 años o más.,catalogo_lengua_indigena,,doc_2024.pdf p.296,catalogo_externo_pdf
2024,poblacion,lenguaind,C (4),0455,Mixteco de Puebla,Catálogo de lengua indígena,residentes de la vivienda de 3 años o más.,catalogo_lengua_indigena,,doc_2024.pdf p.296,catalogo_externo_pdf
2024,poblacion,lenguaind,C (4),0461,Cuicateco,Catálogo de lengua indígena,residentes de la vivienda de 3 años o más.,catalogo_lengua_indigena,,doc_2024.pdf p.296,catalogo_externo_pdf
2024,poblacion,lenguaind,C (4),0471,Triqui,Catálogo de lengua indígena,residentes de la vivienda de 3 años o más.,catalogo_lengua_indigena,,doc_2024.pdf p.296,catalogo_externo_pdf
2024,poblacion,lenguaind,C (4),0481,Amuzgo,Catálogo de lengua indígena,residentes de la vivienda de 3 años o más.,catalogo_lengua_indigena,,doc_2024.pdf p.296,catalogo_externo_pdf
2024,poblacion,lenguaind,C (4),0482,Amuzgo de Guerrero,Catálogo de lengua indígena,residentes de la vivienda de 3 años o más.,catalogo_lengua_indigena,,doc_2024.pdf p.296,catalogo_externo_pdf
2024,poblacion,lenguaind,C (4),0483,Amuzgo de Oaxaca,Catálogo de lengua indígena,residentes de la vivienda de 3 años o más.,catalogo_lengua_indigena,,doc_2024.pdf p.296,catalogo_externo_pdf
2024,poblacion,lenguaind,C (4),0491,Mazateco,Catálogo de lengua indígena,residentes de la vivienda de 3 años o más.,catalogo_lengua_indigena,,doc_2024.pdf p.296,catalogo_externo_pdf
2024,poblacion,lenguaind,C (4),0492,Chocho (Chocholteco),Catálogo de lengua indígena,residentes de la vivienda de 3 años o más.,catalogo_lengua_indigena,,doc_2024.pdf p.296,catalogo_externo_pdf
2024,poblacion,lenguaind,C (4),0494,Popoloca,Catálogo de lengua indígena,residentes de la vivienda de 3 años o más.,catalogo_lengua_indigena,,doc_2024.pdf p.296,catalogo_externo_pdf
2024,poblacion,lenguaind,C (4),0511,Huave,Catálogo de lengua indígena,residentes de la vivienda de 3 años o más.,catalogo_lengua_indigena,,doc_2024.pdf p.296,catalogo_externo_pdf
2024,poblacion,lenguaind,C (4),0611,Tlapaneco nóicpircseD .4202 y,Catálogo de lengua indígena,residentes de la vivienda de 3 años o más.,catalogo_lengua_indigena,,doc_2024.pdf p.296,catalogo_externo_pdf
2024,poblacion,lenguaind,C (4),0711,Totonaca (Totonaco),Catálogo de lengua indígena,residentes de la vivienda de 3 años o más.,catalogo_lengua_indigena,,doc_2024.pdf p.297,catalogo_externo_pdf
2024,poblacion,lenguaind,C (4),0712,Tepehua,Catálogo de lengua indígena,residentes de la vivienda de 3 años o más.,catalogo_lengua_indigena,,doc_2024.pdf p.297,catalogo_externo_pdf
2024,poblacion,lenguaind,C (4),0800,Popoluca,Catálogo de lengua indígena,residentes de la vivienda de 3 años o más.,catalogo_lengua_indigena,,doc_2024.pdf p.297,catalogo_externo_pdf
2024,poblacion,lenguaind,C (4),0811,Mixe,Catálogo de lengua indígena,residentes de la vivienda de 3 años o más.,catalogo_lengua_indigena,,doc_2024.pdf p.297,catalogo_externo_pdf
2024,poblacion,lenguaind,C (4),0812,Popoluca de Oluta,Catálogo de lengua indígena,residentes de la vivienda de 3 años o más.,catalogo_lengua_indigena,,doc_2024.pdf p.297,catalogo_externo_pdf
2024,poblacion,lenguaind,C (4),0821,Popoluca de la Sierra,Catálogo de lengua indígena,residentes de la vivienda de 3 años o más.,catalogo_lengua_indigena,,doc_2024.pdf p.297,catalogo_externo_pdf
2024,poblacion,lenguaind,C (4),0822,Popoluca de Texistepec,Catálogo de lengua indígena,residentes de la vivienda de 3 años o más.,catalogo_lengua_indigena,,doc_2024.pdf p.297,catalogo_externo_pdf
2024,poblacion,lenguaind,C (4),0823,Zoque,Catálogo de lengua indígena,residentes de la vivienda de 3 años o más.,catalogo_lengua_indigena,,doc_2024.pdf p.297,catalogo_externo_pdf
2024,poblacion,lenguaind,C (4),0824,Ayapaneco,Catálogo de lengua indígena,residentes de la vivienda de 3 años o más.,catalogo_lengua_indigena,,doc_2024.pdf p.297,catalogo_externo_pdf
2024,poblacion,lenguaind,C (4),0911,Huasteco,Catálogo de lengua indígena,residentes de la vivienda de 3 años o más.,catalogo_lengua_indigena,,doc_2024.pdf p.297,catalogo_externo_pdf
2024,poblacion,lenguaind,C (4),0921,Lacandón,Catálogo de lengua indígena,residentes de la vivienda de 3 años o más.,catalogo_lengua_indigena,,doc_2024.pdf p.297,catalogo_externo_pdf
2024,poblacion,lenguaind,C (4),0922,Maya,Catálogo de lengua indígena,residentes de la vivienda de 3 años o más.,catalogo_lengua_indigena,,doc_2024.pdf p.297,catalogo_externo_pdf
2024,poblacion,lenguaind,C (4),0931,Chol (Ch´ol),Catálogo de lengua indígena,residentes de la vivienda de 3 años o más.,catalogo_lengua_indigena,,doc_2024.pdf p.297,catalogo_externo_pdf
2024,poblacion,lenguaind,C (4),0932,Chontal de Tabasco,Catálogo de lengua indígena,residentes de la vivienda de 3 años o más.,catalogo_lengua_indigena,,doc_2024.pdf p.297,catalogo_externo_pdf
2024,poblacion,lenguaind,C (4),0933,Tzeltal (Tseltal),Catálogo de lengua indígena,residentes de la vivienda de 3 años o más.,catalogo_lengua_indigena,,doc_2024.pdf p.297,catalogo_externo_pdf
2024,poblacion,lenguaind,C (4),0934,Tzotzil (Tsotsil),Catálogo de lengua indígena,residentes de la vivienda de 3 años o más.,catalogo_lengua_indigena,,doc_2024.pdf p.297,catalogo_externo_pdf
2024,poblacion,lenguaind,C (4),0935,Tojolabal,Catálogo de lengua indígena,residentes de la vivienda de 3 años o más.,catalogo_lengua_indigena,,doc_2024.pdf p.297,catalogo_externo_pdf
2024,poblacion,lenguaind,C (4),0941,Mame (Mam),Catálogo de lengua indígena,residentes de la vivienda de 3 años o más.,catalogo_lengua_indigena,,doc_2024.pdf p.297,catalogo_externo_pdf
2024,poblacion,lenguaind,C (4),0943,Aguacateco (Awakateko),Catálogo de lengua indígena,residentes de la vivienda de 3 años o más.,catalogo_lengua_indigena,,doc_2024.pdf p.297,catalogo_externo_pdf
2024,poblacion,lenguaind,C (4),0961,Kanjobal (Q´anjob´al),Catálogo de lengua indígena,residentes de la vivienda de 3 años o más.,catalogo_lengua_indigena,,doc_2024.pdf p.297,catalogo_externo_pdf
2024,poblacion,lenguaind,C (4),0971,Quiché (K´iche´),Catálogo de lengua indígena,residentes de la vivienda de 3 años o más.,catalogo_lengua_indigena,,doc_2024.pdf p.297,catalogo_externo_pdf
2024,poblacion,lenguaind,C (4),0972,Cakchiquel (Kaqchikel),Catálogo de lengua indígena,residentes de la vivienda de 3 años o más.,catalogo_lengua_indigena,,doc_2024.pdf p.297,catalogo_externo_pdf
2024,poblacion,lenguaind,C (4),0981,Kekchi (Q´eqchi´),Catálogo de lengua indígena,residentes de la vivienda de 3 años o más.,catalogo_lengua_indigena,,doc_2024.pdf p.297,catalogo_externo_pdf
2024,poblacion,lenguaind,C (4),1011,Pima,Catálogo de lengua indígena,residentes de la vivienda de 3 años o más.,catalogo_lengua_indigena,,doc_2024.pdf p.297,catalogo_externo_pdf
2024,poblacion,lenguaind,C (4),1012,Pápago,Catálogo de lengua indígena,residentes de la vivienda de 3 años o más.,catalogo_lengua_indigena,,doc_2024.pdf p.297,catalogo_externo_pdf
2024,poblacion,lenguaind,C (4),1013,Tepehuano,Catálogo de lengua indígena,residentes de la vivienda de 3 años o más.,catalogo_lengua_indigena,,doc_2024.pdf p.297,catalogo_externo_pdf
2024,poblacion,lenguaind,C (4),1014,Tepehuano de Chihuahua (Tepehuano del norte),Catálogo de lengua indígena,residentes de la vivienda de 3 años o más.,catalogo_lengua_indigena,,doc_2024.pdf p.297,catalogo_externo_pdf
2024,poblacion,lenguaind,C (4),1015,Tepehuano de Durango (Tepehuano del sur),Catálogo de lengua indígena,residentes de la vivienda de 3 años o más.,catalogo_lengua_indigena,,doc_2024.pdf p.297,catalogo_externo_pdf
2024,poblacion,lenguaind,C (4),1021,Tarahumara,Catálogo de lengua indígena,residentes de la vivienda de 3 años o más.,catalogo_lengua_indigena,,doc_2024.pdf p.297,catalogo_externo_pdf
2024,poblacion,lenguaind,C (4),1022,Mayo,Catálogo de lengua indígena,residentes de la vivienda de 3 años o más.,catalogo_lengua_indigena,,doc_2024.pdf p.297,catalogo_externo_pdf
2024,poblacion,lenguaind,C (4),1023,Yaqui,Catálogo de lengua indígena,residentes de la vivienda de 3 años o más.,catalogo_lengua_indigena,,doc_2024.pdf p.297,catalogo_externo_pdf
2024,poblacion,lenguaind,C (4),1024,Guarijío,Catálogo de lengua indígena,residentes de la vivienda de 3 años o más.,catalogo_lengua_indigena,,doc_2024.pdf p.297,catalogo_externo_pdf
2024,poblacion,lenguaind,C (4),1031,Cora,Catálogo de lengua indígena,residentes de la vivienda de 3 años o más.,catalogo_lengua_indigena,,doc_2024.pdf p.297,catalogo_externo_pdf
2024,poblacion,lenguaind,C (4),1032,Huichol,Catálogo de lengua indígena,residentes de la vivienda de 3 años o más.,catalogo_lengua_indigena,,doc_2024.pdf p.297,catalogo_externo_pdf
2024,poblacion,lenguaind,C (4),1041,Náhuatl,Catálogo de lengua indígena,residentes de la vivienda de 3 años o más.,catalogo_lengua_indigena,,doc_2024.pdf p.297,catalogo_externo_pdf
2024,poblacion,lenguaind,C (4),1111,Purépecha (Tarasco),Catálogo de lengua indígena,residentes de la vivienda de 3 años o más.,catalogo_lengua_indigena,,doc_2024.pdf p.297,catalogo_externo_pdf
2024,poblacion,lenguaind,C (4),1311,Chontal,Catálogo de lengua indígena,residentes de la vivienda de 3 años o más.,catalogo_lengua_indigena,,doc_2024.pdf p.297,catalogo_externo_pdf
2024,poblacion,lenguaind,C (4),1999,Lengua no especificada nóicpircseD .4202 y,Catálogo de lengua indígena,residentes de la vivienda de 3 años o más.,catalogo_lengua_indigena,,doc_2024.pdf p.297,catalogo_externo_pdf
2024,poblacion,madre_hog,C (1),1,Sí,"{1, 2}",hogar.,,,doc_2024.pdf p.81,ficha_variable
2024,poblacion,madre_hog,C (1),2,No,"{1, 2}",hogar.,,,doc_2024.pdf p.81,ficha_variable
2024,poblacion,madre_id,C (2),&,No especificado,Sección y/o apartado Sección III,madre.,,,doc_2024.pdf p.81,ficha_variable
2024,poblacion,motivo_aus,C (2),01,Huelga o paro laboral,"{01,...,13}",del hogar no trabajó el mes pasado. ¿Cuál es la razón principal por la que estuvo,,,doc_2024.pdf p.119,ficha_variable
2024,poblacion,motivo_aus,C (2),02,Paro técnico,"{01,...,13}",del hogar no trabajó el mes pasado. ¿Cuál es la razón principal por la que estuvo,,,doc_2024.pdf p.119,ficha_variable
2024,poblacion,motivo_aus,C (2),03,Suspensión temporal de sus funciones,"{01,...,13}",del hogar no trabajó el mes pasado. ¿Cuál es la razón principal por la que estuvo,,,doc_2024.pdf p.119,ficha_variable
2024,poblacion,motivo_aus,C (2),04,Asistencia a cursos de capacitación,"{01,...,13}",del hogar no trabajó el mes pasado. ¿Cuál es la razón principal por la que estuvo,,,doc_2024.pdf p.119,ficha_variable
2024,poblacion,motivo_aus,C (2),05,Vacaciones,"{01,...,13}",del hogar no trabajó el mes pasado. ¿Cuál es la razón principal por la que estuvo,,,doc_2024.pdf p.119,ficha_variable
2024,poblacion,motivo_aus,C (2),06,"Permiso, enfermedad o arreglo de asuntos personales","{01,...,13}",del hogar no trabajó el mes pasado. ¿Cuál es la razón principal por la que estuvo,,,doc_2024.pdf p.119,ficha_variable
2024,poblacion,motivo_aus,C (2),07,Falta de vehículo o descompostura de máquina,"{01,...,13}",del hogar no trabajó el mes pasado. ¿Cuál es la razón principal por la que estuvo,,,doc_2024.pdf p.119,ficha_variable
2024,poblacion,motivo_aus,C (2),08,"Falta de materias primas, financiamiento o clientes","{01,...,13}",del hogar no trabajó el mes pasado. ¿Cuál es la razón principal por la que estuvo,,,doc_2024.pdf p.119,ficha_variable
2024,poblacion,motivo_aus,C (2),09,Mal tiempo o fenómeno natural nóicpircseD .4202 y,"{01,...,13}",del hogar no trabajó el mes pasado. ¿Cuál es la razón principal por la que estuvo,,,doc_2024.pdf p.119,ficha_variable
2024,poblacion,motivo_aus,C (2),10,Término de temporada de trabajo o cultivo,"{01,...,13}",del hogar no trabajó el mes pasado. ¿Cuál es la razón principal por la que estuvo,,,doc_2024.pdf p.119,ficha_variable
2024,poblacion,motivo_aus,C (2),11,Comenzará un trabajo o negocio nuevo,"{01,...,13}",del hogar no trabajó el mes pasado. ¿Cuál es la razón principal por la que estuvo,,,doc_2024.pdf p.119,ficha_variable
2024,poblacion,motivo_aus,C (2),12,Otra razón,"{01,...,13}",del hogar no trabajó el mes pasado. ¿Cuál es la razón principal por la que estuvo,,,doc_2024.pdf p.119,ficha_variable
2024,poblacion,motivo_aus,C (2),13,Ninguna de las anteriores,"{01,...,13}",del hogar no trabajó el mes pasado. ¿Cuál es la razón principal por la que estuvo,,,doc_2024.pdf p.119,ficha_variable
2024,poblacion,nivel,C (2),01,Estancias infantiles,"{01,..., 14}",hogar de 3 o más años dentro del Sistema Educativo Nacional.,,01,doc_2024.pdf p.87,ficha_variable
2024,poblacion,nivel,C (2),02,"Guarderías públicas (IMSS, ISSSTE, SEDENA, SEMAR, PEMEX)","{01,..., 14}",hogar de 3 o más años dentro del Sistema Educativo Nacional.,,02,doc_2024.pdf p.87,ficha_variable
2024,poblacion,nivel,C (2),03,Centro de Desarrollo Infantil (CENDI) o Centro Asistencial de Desarrollo Infantil (CADI),"{01,..., 14}",hogar de 3 o más años dentro del Sistema Educativo Nacional.,,03,doc_2024.pdf p.87,ficha_variable
2024,poblacion,nivel,C (2),04,Otras guarderías,"{01,..., 14}",hogar de 3 o más años dentro del Sistema Educativo Nacional.,,04,doc_2024.pdf p.87,ficha_variable
2024,poblacion,nivel,C (2),05,Preescolar o kinder,"{01,..., 14}",hogar de 3 o más años dentro del Sistema Educativo Nacional.,,05,doc_2024.pdf p.87,ficha_variable
2024,poblacion,nivel,C (2),06,Primaria,"{01,..., 14}",hogar de 3 o más años dentro del Sistema Educativo Nacional.,,06,doc_2024.pdf p.87,ficha_variable
2024,poblacion,nivel,C (2),07,Secundaria,"{01,..., 14}",hogar de 3 o más años dentro del Sistema Educativo Nacional.,,07,doc_2024.pdf p.87,ficha_variable
2024,poblacion,nivel,C (2),08,Estudios técnicos con secundaria terminada,"{01,..., 14}",hogar de 3 o más años dentro del Sistema Educativo Nacional.,,08,doc_2024.pdf p.87,ficha_variable
2024,poblacion,nivel,C (2),09,Preparatoria o bachillerato,"{01,..., 14}",hogar de 3 o más años dentro del Sistema Educativo Nacional.,,09,doc_2024.pdf p.87,ficha_variable
2024,poblacion,nivel,C (2),10,Estudios técnicos con preparatoria terminada,"{01,..., 14}",hogar de 3 o más años dentro del Sistema Educativo Nacional.,,10,doc_2024.pdf p.87,ficha_variable
2024,poblacion,nivel,C (2),11,Licenciatura o Ingeniería (profesional),"{01,..., 14}",hogar de 3 o más años dentro del Sistema Educativo Nacional.,,11,doc_2024.pdf p.87,ficha_variable
2024,poblacion,nivel,C (2),12,Especialidad,"{01,..., 14}",hogar de 3 o más años dentro del Sistema Educativo Nacional.,,12,doc_2024.pdf p.87,ficha_variable
2024,poblacion,nivel,C (2),13,Maestría,"{01,..., 14}",hogar de 3 o más años dentro del Sistema Educativo Nacional.,,13,doc_2024.pdf p.87,ficha_variable
2024,poblacion,nivel,C (2),14,Doctorado,"{01,..., 14}",hogar de 3 o más años dentro del Sistema Educativo Nacional.,,14,doc_2024.pdf p.87,ficha_variable
2024,poblacion,nivelaprob,C (2),00,Ninguno,"{00,..., 10}",integrante del hogar de 3 o más años dentro ¿Hasta qué año o grado aprobó (NOMBRE) en la del Sistema Educativo Nacional.,,00,doc_2024.pdf p.89,ficha_variable
2024,poblacion,nivelaprob,C (2),01,Preescolar o kínder,"{00,..., 10}",integrante del hogar de 3 o más años dentro ¿Hasta qué año o grado aprobó (NOMBRE) en la del Sistema Educativo Nacional.,,01,doc_2024.pdf p.89,ficha_variable
2024,poblacion,nivelaprob,C (2),02,Primaria,"{00,..., 10}",integrante del hogar de 3 o más años dentro ¿Hasta qué año o grado aprobó (NOMBRE) en la del Sistema Educativo Nacional.,,02,doc_2024.pdf p.89,ficha_variable
2024,poblacion,nivelaprob,C (2),03,Secundaria,"{00,..., 10}",integrante del hogar de 3 o más años dentro ¿Hasta qué año o grado aprobó (NOMBRE) en la del Sistema Educativo Nacional.,,03,doc_2024.pdf p.89,ficha_variable
2024,poblacion,nivelaprob,C (2),04,Preparatoria o bachillerato,"{00,..., 10}",integrante del hogar de 3 o más años dentro ¿Hasta qué año o grado aprobó (NOMBRE) en la del Sistema Educativo Nacional.,,04,doc_2024.pdf p.89,ficha_variable
2024,poblacion,nivelaprob,C (2),05,Normal,"{00,..., 10}",integrante del hogar de 3 o más años dentro ¿Hasta qué año o grado aprobó (NOMBRE) en la del Sistema Educativo Nacional.,,05,doc_2024.pdf p.89,ficha_variable
2024,poblacion,nivelaprob,C (2),06,Estudios técnicos o comerciales,"{00,..., 10}",integrante del hogar de 3 o más años dentro ¿Hasta qué año o grado aprobó (NOMBRE) en la del Sistema Educativo Nacional.,,06,doc_2024.pdf p.89,ficha_variable
2024,poblacion,nivelaprob,C (2),07,Licenciatura o Ingeniería (profesional),"{00,..., 10}",integrante del hogar de 3 o más años dentro ¿Hasta qué año o grado aprobó (NOMBRE) en la del Sistema Educativo Nacional.,,07,doc_2024.pdf p.89,ficha_variable
2024,poblacion,nivelaprob,C (2),08,Especialidad,"{00,..., 10}",integrante del hogar de 3 o más años dentro ¿Hasta qué año o grado aprobó (NOMBRE) en la del Sistema Educativo Nacional.,,08,doc_2024.pdf p.89,ficha_variable
2024,poblacion,nivelaprob,C (2),09,Maestría,"{00,..., 10}",integrante del hogar de 3 o más años dentro ¿Hasta qué año o grado aprobó (NOMBRE) en la del Sistema Educativo Nacional.,,09,doc_2024.pdf p.89,ficha_variable
2024,poblacion,nivelaprob,C (2),10,Doctorado,"{00,..., 10}",integrante del hogar de 3 o más años dentro ¿Hasta qué año o grado aprobó (NOMBRE) en la del Sistema Educativo Nacional.,,10,doc_2024.pdf p.89,ficha_variable
2024,poblacion,no_asis,C (1),1,Mamá o Papá le cuida,"{1,..., 9}","asiste a la escuela, estancia infantil, CENDI, CADI ¿Cuál es la razón principal por que (NOMBRE) no o guardería.",,,doc_2024.pdf p.84,ficha_variable
2024,poblacion,no_asis,C (1),2,Otro familiar le cuida,"{1,..., 9}","asiste a la escuela, estancia infantil, CENDI, CADI ¿Cuál es la razón principal por que (NOMBRE) no o guardería.",,,doc_2024.pdf p.84,ficha_variable
2024,poblacion,no_asis,C (1),3,No puede pagar los gastos escolares,"{1,..., 9}","asiste a la escuela, estancia infantil, CENDI, CADI ¿Cuál es la razón principal por que (NOMBRE) no o guardería.",,,doc_2024.pdf p.84,ficha_variable
2024,poblacion,no_asis,C (1),4,"No había cupo, esta en lista de espera","{1,..., 9}","asiste a la escuela, estancia infantil, CENDI, CADI ¿Cuál es la razón principal por que (NOMBRE) no o guardería.",,,doc_2024.pdf p.84,ficha_variable
2024,poblacion,no_asis,C (1),5,"No hay guardería o estancia infantil, está en malas condiciones o queda lejos","{1,..., 9}","asiste a la escuela, estancia infantil, CENDI, CADI ¿Cuál es la razón principal por que (NOMBRE) no o guardería.",,,doc_2024.pdf p.84,ficha_variable
2024,poblacion,no_asis,C (1),6,Los horarios no se ajustan a las necesidades de mamá/papá/tutor(a),"{1,..., 9}","asiste a la escuela, estancia infantil, CENDI, CADI ¿Cuál es la razón principal por que (NOMBRE) no o guardería.",,,doc_2024.pdf p.84,ficha_variable
2024,poblacion,no_asis,C (1),7,Por discapacidad,"{1,..., 9}","asiste a la escuela, estancia infantil, CENDI, CADI ¿Cuál es la razón principal por que (NOMBRE) no o guardería.",,,doc_2024.pdf p.84,ficha_variable
2024,poblacion,no_asis,C (1),8,Otra,"{1,..., 9}","asiste a la escuela, estancia infantil, CENDI, CADI ¿Cuál es la razón principal por que (NOMBRE) no o guardería.",,,doc_2024.pdf p.84,ficha_variable
2024,poblacion,no_asis,C (1),9,No sabe nóicpircseD .4202 y,"{1,..., 9}","asiste a la escuela, estancia infantil, CENDI, CADI ¿Cuál es la razón principal por que (NOMBRE) no o guardería.",,,doc_2024.pdf p.84,ficha_variable
2024,poblacion,no_asisb,C (2),01,Mamá o Papá le cuida,"{01,..., 13, 99}","no asiste a la escuela, estancia infantil, CENDI, ¿Cuál es la razón principal por la que (NOMBRE) no CADI o guardería.",,,doc_2024.pdf p.86,ficha_variable
2024,poblacion,no_asisb,C (2),02,Otro familiar le cuida,"{01,..., 13, 99}","no asiste a la escuela, estancia infantil, CENDI, ¿Cuál es la razón principal por la que (NOMBRE) no CADI o guardería.",,,doc_2024.pdf p.86,ficha_variable
2024,poblacion,no_asisb,C (2),03,Los horarios no se ajustan a las necesidades de mamá/papá/tutor(a),"{01,..., 13, 99}","no asiste a la escuela, estancia infantil, CENDI, ¿Cuál es la razón principal por la que (NOMBRE) no CADI o guardería.",,,doc_2024.pdf p.86,ficha_variable
2024,poblacion,no_asisb,C (2),04,Tenía que trabajar o entró a trabajar para ayudar a los gastos del hogar,"{01,..., 13, 99}","no asiste a la escuela, estancia infantil, CENDI, ¿Cuál es la razón principal por la que (NOMBRE) no CADI o guardería.",,,doc_2024.pdf p.86,ficha_variable
2024,poblacion,no_asisb,C (2),05,Falta de interés o aptitud para la escuela (no quiso o no le gustó),"{01,..., 13, 99}","no asiste a la escuela, estancia infantil, CENDI, ¿Cuál es la razón principal por la que (NOMBRE) no CADI o guardería.",,,doc_2024.pdf p.86,ficha_variable
2024,poblacion,no_asisb,C (2),06,"Se unió, casó o embarazó (la persona o su pareja)","{01,..., 13, 99}","no asiste a la escuela, estancia infantil, CENDI, ¿Cuál es la razón principal por la que (NOMBRE) no CADI o guardería.",,,doc_2024.pdf p.86,ficha_variable
2024,poblacion,no_asisb,C (2),07,"Tenía que hacer trabajo doméstico, cuidar a sus hijas(os) o a un familiar u otra persona","{01,..., 13, 99}","no asiste a la escuela, estancia infantil, CENDI, ¿Cuál es la razón principal por la que (NOMBRE) no CADI o guardería.",,,doc_2024.pdf p.86,ficha_variable
2024,poblacion,no_asisb,C (2),08,Se graduó o logró su meta educativa,"{01,..., 13, 99}","no asiste a la escuela, estancia infantil, CENDI, ¿Cuál es la razón principal por la que (NOMBRE) no CADI o guardería.",,,doc_2024.pdf p.86,ficha_variable
2024,poblacion,no_asisb,C (2),09,Por falta de dinero o recursos,"{01,..., 13, 99}","no asiste a la escuela, estancia infantil, CENDI, ¿Cuál es la razón principal por la que (NOMBRE) no CADI o guardería.",,,doc_2024.pdf p.86,ficha_variable
2024,poblacion,no_asisb,C (2),10,"No habí a cupo, está en lista de espera","{01,..., 13, 99}","no asiste a la escuela, estancia infantil, CENDI, ¿Cuál es la razón principal por la que (NOMBRE) no CADI o guardería.",,,doc_2024.pdf p.86,ficha_variable
2024,poblacion,no_asisb,C (2),11,"No hay escuela, está en malas condiciones o queda lejos","{01,..., 13, 99}","no asiste a la escuela, estancia infantil, CENDI, ¿Cuál es la razón principal por la que (NOMBRE) no CADI o guardería.",,,doc_2024.pdf p.86,ficha_variable
2024,poblacion,no_asisb,C (2),12,Por discapacidad,"{01,..., 13, 99}","no asiste a la escuela, estancia infantil, CENDI, ¿Cuál es la razón principal por la que (NOMBRE) no CADI o guardería.",,,doc_2024.pdf p.86,ficha_variable
2024,poblacion,no_asisb,C (2),13,Otra,"{01,..., 13, 99}","no asiste a la escuela, estancia infantil, CENDI, ¿Cuál es la razón principal por la que (NOMBRE) no CADI o guardería.",,,doc_2024.pdf p.86,ficha_variable
2024,poblacion,no_asisb,C (2),99,No sabe nóicpircseD .4202 y,"{01,..., 13, 99}","no asiste a la escuela, estancia infantil, CENDI, ¿Cuál es la razón principal por la que (NOMBRE) no CADI o guardería.",,,doc_2024.pdf p.86,ficha_variable
2024,poblacion,noatenc_1,C (2),01,No hay donde atenderse,{01},el cual la gente no se atiende cuando lo requiere.,,,doc_2024.pdf p.107,ficha_variable
2024,poblacion,noatenc_10,C (2),10,La unidad médica no estaba abierta,{10},motivo por el cual la gente no se atiende cuando lo requiere.,,,doc_2024.pdf p.110,ficha_variable
2024,poblacion,noatenc_11,C (2),11,No había médico en la unidad,{11},la gente no se atiende cuando lo requiere.,,,doc_2024.pdf p.110,ficha_variable
2024,poblacion,noatenc_12,,12,Se lo impidió un integrante del hogar,{12},gente no se atiende cuando lo requiere.,,,doc_2024.pdf p.110,ficha_variable
2024,poblacion,noatenc_13,C (2),13,No tuvo tiempo,{13},gente no se atiende cuando lo requiere.,,,doc_2024.pdf p.110,ficha_variable
2024,poblacion,noatenc_14,C (2),14,No hubo quién lo llevara,{14},cual la gente no se atiende cuando lo requiere.,,,doc_2024.pdf p.111,ficha_variable
2024,poblacion,noatenc_15,C (2),15,No quiso o no era necesario,{15},la gente no se atiende cuando lo requiere.,,,doc_2024.pdf p.111,ficha_variable
2024,poblacion,noatenc_16,C (2),16,Se automedicó o autorecetó,{16},gente no se atiende cuando lo requiere.,,,doc_2024.pdf p.111,ficha_variable
2024,poblacion,noatenc_2,C (2),02,No tenía dinero,{02},motivo por el cual la gente no se atiende cuando lo requiere.,,,doc_2024.pdf p.108,ficha_variable
2024,poblacion,noatenc_3,C (2),03,La clínica u hospital queda lejos,{03},cual la gente no se atiende cuando lo requiere.,,,doc_2024.pdf p.108,ficha_variable
2024,poblacion,noatenc_4,C (2),04,No lo(la) atienden aunque vaya a la unidad médica,{04},gente no se atiende cuando lo requiere.,,,doc_2024.pdf p.108,ficha_variable
2024,poblacion,noatenc_5,C (2),05,No le tiene confianza al personal de la unidad médica,{05},cual la gente no se atiende cuando lo requiere.,,,doc_2024.pdf p.108,ficha_variable
2024,poblacion,noatenc_6,C (2),06,Lo(la) trataron mal donde se atiende,{06},gente no se atiende cuando lo requiere.,,,doc_2024.pdf p.109,ficha_variable
2024,poblacion,noatenc_7,C (2),07,No hablan la misma lengua que usted,{07},por el cual la gente no se atiende cuando lo requiere.,,,doc_2024.pdf p.109,ficha_variable
2024,poblacion,noatenc_8,C (2),08,Hay que esperar mucho para ser atendido(a),{08},el cual la gente no se atiende cuando lo requiere.,,,doc_2024.pdf p.109,ficha_variable
2024,poblacion,noatenc_9,C (2),09,No le dan el medicamento que necesita,{09},cual la gente no se atiende cuando lo requiere.,,,doc_2024.pdf p.109,ficha_variable
2024,poblacion,norecib_1,C (2),01,Centros de salud (Secretaría de Salud),{01},(Secretaría de Salud).,,,doc_2024.pdf p.111,ficha_variable
2024,poblacion,norecib_10,C (2),10,"Curandero, hierbero, comadrona, brujo, etcétera",{10},"comadrona, brujo, etcétera.",,,doc_2024.pdf p.114,ficha_variable
2024,poblacion,norecib_11,C (2),11,Otro,{11},No recibió atención médica en otro lugar.,,,doc_2024.pdf p.114,ficha_variable
2024,poblacion,norecib_2,C (2),02,Hospital o instituto (Secretaría de Salud),{02},(Secretaría de Salud).,,,doc_2024.pdf p.112,ficha_variable
2024,poblacion,norecib_3,C (2),03,Seguro Social o IMSS,{03},IMSS.,,,doc_2024.pdf p.112,ficha_variable
2024,poblacion,norecib_4,C (2),04,IMSS-BIENESTAR,,No recibió atención en el IMSS-BIENESTAR.,,,doc_2024.pdf p.112,ficha_variable
2024,poblacion,norecib_5,C (2),05,ISSSTE,{05},No recibió atención en el ISSSTE.,,,doc_2024.pdf p.112,ficha_variable
2024,poblacion,norecib_6,C (2),06,ISSSTE estatal,{06},No recibió atención en el ISSSTE estatal.,,,doc_2024.pdf p.113,ficha_variable
2024,poblacion,norecib_7,C (2),07,"Otro servicio médico público (PEMEX, Defensa, Marina, DIF, INI)",{07},"público (PEMEX, Defensa, Marina, DIF, INI).",,,doc_2024.pdf p.113,ficha_variable
2024,poblacion,norecib_8,C (2),08,Consultorios y hospitales privados,{08},privado.,,,doc_2024.pdf p.113,ficha_variable
2024,poblacion,norecib_9,,09,Consultorio de farmacias,,farmacias.,,,doc_2024.pdf p.113,ficha_variable
2024,poblacion,num_trabaj,C (1),1,Solo 1,"{1, 2}",hogar realizaron durante el mes pasado.,,,doc_2024.pdf p.120,ficha_variable
2024,poblacion,num_trabaj,C (1),2,Dos o más,"{1, 2}",hogar realizaron durante el mes pasado.,,,doc_2024.pdf p.120,ficha_variable
2024,poblacion,otorg_b,C (1),1,El programa Becas Benito Juárez (antes PROSPERA),"{1,..., 5}",escolar.,,,doc_2024.pdf p.88,ficha_variable
2024,poblacion,otorg_b,C (1),2,Su escuela pública o de gobierno,"{1,..., 5}",escolar.,,,doc_2024.pdf p.88,ficha_variable
2024,poblacion,otorg_b,C (1),3,Su escuela privada o de paga,"{1,..., 5}",escolar.,,,doc_2024.pdf p.88,ficha_variable
2024,poblacion,otorg_b,C (1),4,Un organismo de gobierno,"{1,..., 5}",escolar.,,,doc_2024.pdf p.88,ficha_variable
2024,poblacion,otorg_b,C (1),5,Una institución privada,"{1,..., 5}",escolar.,,,doc_2024.pdf p.88,ficha_variable
2024,poblacion,otorg_c,C (1),1,Su escuela pública o de gobierno,"{1,..., 4}",educativo.,,,doc_2024.pdf p.89,ficha_variable
2024,poblacion,otorg_c,C (1),2,Su escuela privada o de paga,"{1,..., 4}",educativo.,,,doc_2024.pdf p.89,ficha_variable
2024,poblacion,otorg_c,C (1),3,Un organismo de gobierno,"{1,..., 4}",educativo.,,,doc_2024.pdf p.89,ficha_variable
2024,poblacion,otorg_c,C (1),4,Una institución privada,"{1,..., 4}",educativo.,,,doc_2024.pdf p.89,ficha_variable
2024,poblacion,padre_hog,C (1),1,Sí,"{1, 2}",Identifican al padre de las personas del hogar.,,,doc_2024.pdf p.81,ficha_variable
2024,poblacion,padre_hog,C (1),2,No,"{1, 2}",Identifican al padre de las personas del hogar.,,,doc_2024.pdf p.81,ficha_variable
2024,poblacion,padre_id,C (2),&,No especificado,Sección y/o apartado Sección III,Número de renglón correspondiente al padre.,,,doc_2024.pdf p.81,ficha_variable
2024,poblacion,pagoaten_1,C (1),1,Consulta,{1},"Pago por consulta en su atención médica. En aquella ocasión, ¿tuvo que pagar por algunos de",,,doc_2024.pdf p.106,ficha_variable
2024,poblacion,pagoaten_2,C (1),2,Medicamentos,{2},"médica. En aquella ocasión, ¿tuvo que pagar por algunos de",,,doc_2024.pdf p.106,ficha_variable
2024,poblacion,pagoaten_3,C (1),3,Estudios de laboratorio,{3},"atención médica. En aquella ocasión, ¿tuvo que pagar por algunos de",,,doc_2024.pdf p.106,ficha_variable
2024,poblacion,pagoaten_4,C (1),4,Hospitalización,{4},"médica. En aquella ocasión, ¿tuvo que pagar por algunos de",,,doc_2024.pdf p.106,ficha_variable
2024,poblacion,pagoaten_5,C (1),5,Instrumental médico,{5},"médica. En aquella ocasión, ¿tuvo que pagar por algunos de",,,doc_2024.pdf p.107,ficha_variable
2024,poblacion,pagoaten_6,C (1),6,Otro,{6},"Otro pago en su atención médica. En aquella ocasión, ¿tuvo que pagar por algunos de",,,doc_2024.pdf p.107,ficha_variable
2024,poblacion,pagoaten_7,C (1),7,No pagó nada,{7},"No pagó nada en su atención médica. En aquella ocasión, ¿tuvo que pagar por algunos de",,,doc_2024.pdf p.107,ficha_variable
2024,poblacion,pais_nac,C (1),1,"Aquí, en este estado","{1,..., 4}",Estado de la república o el país en que nació ¿En qué estado de la República o en qué país,,,doc_2024.pdf p.81,ficha_variable
2024,poblacion,pais_nac,C (1),2,En otro estado,"{1,..., 4}",Estado de la república o el país en que nació ¿En qué estado de la República o en qué país,,,doc_2024.pdf p.81,ficha_variable
2024,poblacion,pais_nac,C (1),3,En los Estados Unidos de América,"{1,..., 4}",Estado de la república o el país en que nació ¿En qué estado de la República o en qué país,,,doc_2024.pdf p.81,ficha_variable
2024,poblacion,pais_nac,C (1),4,En otro país nóicpircseD .4202 y,"{1,..., 4}",Estado de la república o el país en que nació ¿En qué estado de la República o en qué país,,,doc_2024.pdf p.81,ficha_variable
2024,poblacion,pareja_hog,C (1),1,Sí,"{1, 2}","años. En este hogar, ¿vive la pareja o esposa(o) de",,,doc_2024.pdf p.91,ficha_variable
2024,poblacion,pareja_hog,C (1),2,No,"{1, 2}","años. En este hogar, ¿vive la pareja o esposa(o) de",,,doc_2024.pdf p.91,ficha_variable
2024,poblacion,parentesco,C (3),101,Jefe(a),Catálogo de parentesco,"conyugal, por consanguinidad, adopción, ¿Qué parentesco tiene (NOMBRE) con la jefa o jefe afinidad o costumbre.",catalogo_parentesco,,doc_2024.pdf p.237,catalogo_externo_pdf
2024,poblacion,parentesco,C (3),201,"Esposo(a), compañero(a), cónyuge, pareja, marido, mujer, señor(a), consorte",Catálogo de parentesco,"conyugal, por consanguinidad, adopción, ¿Qué parentesco tiene (NOMBRE) con la jefa o jefe afinidad o costumbre.",catalogo_parentesco,,doc_2024.pdf p.237,catalogo_externo_pdf
2024,poblacion,parentesco,C (3),202,Concubino(a),Catálogo de parentesco,"conyugal, por consanguinidad, adopción, ¿Qué parentesco tiene (NOMBRE) con la jefa o jefe afinidad o costumbre.",catalogo_parentesco,,doc_2024.pdf p.237,catalogo_externo_pdf
2024,poblacion,parentesco,C (3),203,Amasio(a),Catálogo de parentesco,"conyugal, por consanguinidad, adopción, ¿Qué parentesco tiene (NOMBRE) con la jefa o jefe afinidad o costumbre.",catalogo_parentesco,,doc_2024.pdf p.237,catalogo_externo_pdf
2024,poblacion,parentesco,C (3),204,"Querido(a), amante",Catálogo de parentesco,"conyugal, por consanguinidad, adopción, ¿Qué parentesco tiene (NOMBRE) con la jefa o jefe afinidad o costumbre.",catalogo_parentesco,,doc_2024.pdf p.237,catalogo_externo_pdf
2024,poblacion,parentesco,C (3),205,Pareja del mismo sexo,Catálogo de parentesco,"conyugal, por consanguinidad, adopción, ¿Qué parentesco tiene (NOMBRE) con la jefa o jefe afinidad o costumbre.",catalogo_parentesco,,doc_2024.pdf p.237,catalogo_externo_pdf
2024,poblacion,parentesco,C (3),301,"Hijo(a), hijo(a) consanguíneo, hijo(a) reconocido",Catálogo de parentesco,"conyugal, por consanguinidad, adopción, ¿Qué parentesco tiene (NOMBRE) con la jefa o jefe afinidad o costumbre.",catalogo_parentesco,,doc_2024.pdf p.237,catalogo_externo_pdf
2024,poblacion,parentesco,C (3),302,Hijo(a) adoptivo(a),Catálogo de parentesco,"conyugal, por consanguinidad, adopción, ¿Qué parentesco tiene (NOMBRE) con la jefa o jefe afinidad o costumbre.",catalogo_parentesco,,doc_2024.pdf p.237,catalogo_externo_pdf
2024,poblacion,parentesco,C (3),303,"Hijastro(a), entenado(a)",Catálogo de parentesco,"conyugal, por consanguinidad, adopción, ¿Qué parentesco tiene (NOMBRE) con la jefa o jefe afinidad o costumbre.",catalogo_parentesco,,doc_2024.pdf p.237,catalogo_externo_pdf
2024,poblacion,parentesco,C (3),304,Hijo(a) de crianza,Catálogo de parentesco,"conyugal, por consanguinidad, adopción, ¿Qué parentesco tiene (NOMBRE) con la jefa o jefe afinidad o costumbre.",catalogo_parentesco,,doc_2024.pdf p.237,catalogo_externo_pdf
2024,poblacion,parentesco,C (3),305,Hijo(a) recogido(a),Catálogo de parentesco,"conyugal, por consanguinidad, adopción, ¿Qué parentesco tiene (NOMBRE) con la jefa o jefe afinidad o costumbre.",catalogo_parentesco,,doc_2024.pdf p.237,catalogo_externo_pdf
2024,poblacion,parentesco,C (3),401,Trabajador(a) doméstico(a),Catálogo de parentesco,"conyugal, por consanguinidad, adopción, ¿Qué parentesco tiene (NOMBRE) con la jefa o jefe afinidad o costumbre.",catalogo_parentesco,,doc_2024.pdf p.237,catalogo_externo_pdf
2024,poblacion,parentesco,C (3),402,Recamarero(a),Catálogo de parentesco,"conyugal, por consanguinidad, adopción, ¿Qué parentesco tiene (NOMBRE) con la jefa o jefe afinidad o costumbre.",catalogo_parentesco,,doc_2024.pdf p.237,catalogo_externo_pdf
2024,poblacion,parentesco,C (3),403,Cocinero(a),Catálogo de parentesco,"conyugal, por consanguinidad, adopción, ¿Qué parentesco tiene (NOMBRE) con la jefa o jefe afinidad o costumbre.",catalogo_parentesco,,doc_2024.pdf p.237,catalogo_externo_pdf
2024,poblacion,parentesco,C (3),404,Lavandera(o),Catálogo de parentesco,"conyugal, por consanguinidad, adopción, ¿Qué parentesco tiene (NOMBRE) con la jefa o jefe afinidad o costumbre.",catalogo_parentesco,,doc_2024.pdf p.237,catalogo_externo_pdf
2024,poblacion,parentesco,C (3),405,"Nana, niñera, nodriza",Catálogo de parentesco,"conyugal, por consanguinidad, adopción, ¿Qué parentesco tiene (NOMBRE) con la jefa o jefe afinidad o costumbre.",catalogo_parentesco,,doc_2024.pdf p.237,catalogo_externo_pdf
2024,poblacion,parentesco,C (3),406,Mozo,Catálogo de parentesco,"conyugal, por consanguinidad, adopción, ¿Qué parentesco tiene (NOMBRE) con la jefa o jefe afinidad o costumbre.",catalogo_parentesco,,doc_2024.pdf p.237,catalogo_externo_pdf
2024,poblacion,parentesco,C (3),407,Jardinero(a),Catálogo de parentesco,"conyugal, por consanguinidad, adopción, ¿Qué parentesco tiene (NOMBRE) con la jefa o jefe afinidad o costumbre.",catalogo_parentesco,,doc_2024.pdf p.237,catalogo_externo_pdf
2024,poblacion,parentesco,C (3),408,"Velador, vigilante",Catálogo de parentesco,"conyugal, por consanguinidad, adopción, ¿Qué parentesco tiene (NOMBRE) con la jefa o jefe afinidad o costumbre.",catalogo_parentesco,,doc_2024.pdf p.237,catalogo_externo_pdf
2024,poblacion,parentesco,C (3),409,Portero(a),Catálogo de parentesco,"conyugal, por consanguinidad, adopción, ¿Qué parentesco tiene (NOMBRE) con la jefa o jefe afinidad o costumbre.",catalogo_parentesco,,doc_2024.pdf p.237,catalogo_externo_pdf
2024,poblacion,parentesco,C (3),410,Chofer,Catálogo de parentesco,"conyugal, por consanguinidad, adopción, ¿Qué parentesco tiene (NOMBRE) con la jefa o jefe afinidad o costumbre.",catalogo_parentesco,,doc_2024.pdf p.237,catalogo_externo_pdf
2024,poblacion,parentesco,C (3),411,Ama de llaves,Catálogo de parentesco,"conyugal, por consanguinidad, adopción, ¿Qué parentesco tiene (NOMBRE) con la jefa o jefe afinidad o costumbre.",catalogo_parentesco,,doc_2024.pdf p.237,catalogo_externo_pdf
2024,poblacion,parentesco,C (3),412,Mayordomo,Catálogo de parentesco,"conyugal, por consanguinidad, adopción, ¿Qué parentesco tiene (NOMBRE) con la jefa o jefe afinidad o costumbre.",catalogo_parentesco,,doc_2024.pdf p.237,catalogo_externo_pdf
2024,poblacion,parentesco,C (3),413,"Dama de compañía, acompañante",Catálogo de parentesco,"conyugal, por consanguinidad, adopción, ¿Qué parentesco tiene (NOMBRE) con la jefa o jefe afinidad o costumbre.",catalogo_parentesco,,doc_2024.pdf p.237,catalogo_externo_pdf
2024,poblacion,parentesco,C (3),421,Esposo(a) del(la) trabajador(a) doméstico(a),Catálogo de parentesco,"conyugal, por consanguinidad, adopción, ¿Qué parentesco tiene (NOMBRE) con la jefa o jefe afinidad o costumbre.",catalogo_parentesco,,doc_2024.pdf p.237,catalogo_externo_pdf
2024,poblacion,parentesco,C (3),431,Hijo(a) del(la) trabajador(a) doméstico(a),Catálogo de parentesco,"conyugal, por consanguinidad, adopción, ¿Qué parentesco tiene (NOMBRE) con la jefa o jefe afinidad o costumbre.",catalogo_parentesco,,doc_2024.pdf p.237,catalogo_externo_pdf
2024,poblacion,parentesco,C (3),441,"Madre, padre del(la) trabajador(a) doméstico(a)",Catálogo de parentesco,"conyugal, por consanguinidad, adopción, ¿Qué parentesco tiene (NOMBRE) con la jefa o jefe afinidad o costumbre.",catalogo_parentesco,,doc_2024.pdf p.237,catalogo_externo_pdf
2024,poblacion,parentesco,C (3),451,Nieto(a) del(la) trabajador(a) doméstico(a),Catálogo de parentesco,"conyugal, por consanguinidad, adopción, ¿Qué parentesco tiene (NOMBRE) con la jefa o jefe afinidad o costumbre.",catalogo_parentesco,,doc_2024.pdf p.237,catalogo_externo_pdf
2024,poblacion,parentesco,C (3),461,Otro pariente del(la) trabajador(a) doméstico(a),Catálogo de parentesco,"conyugal, por consanguinidad, adopción, ¿Qué parentesco tiene (NOMBRE) con la jefa o jefe afinidad o costumbre.",catalogo_parentesco,,doc_2024.pdf p.237,catalogo_externo_pdf
2024,poblacion,parentesco,C (3),501,No tiene parentesco,Catálogo de parentesco,"conyugal, por consanguinidad, adopción, ¿Qué parentesco tiene (NOMBRE) con la jefa o jefe afinidad o costumbre.",catalogo_parentesco,,doc_2024.pdf p.237,catalogo_externo_pdf
2024,poblacion,parentesco,C (3),502,Tutor(a),Catálogo de parentesco,"conyugal, por consanguinidad, adopción, ¿Qué parentesco tiene (NOMBRE) con la jefa o jefe afinidad o costumbre.",catalogo_parentesco,,doc_2024.pdf p.237,catalogo_externo_pdf
2024,poblacion,parentesco,C (3),503,"Tutelado(a), pupilo(a), alumno(a)",Catálogo de parentesco,"conyugal, por consanguinidad, adopción, ¿Qué parentesco tiene (NOMBRE) con la jefa o jefe afinidad o costumbre.",catalogo_parentesco,,doc_2024.pdf p.237,catalogo_externo_pdf
2024,poblacion,parentesco,C (3),601,"Madre, padre",Catálogo de parentesco,"conyugal, por consanguinidad, adopción, ¿Qué parentesco tiene (NOMBRE) con la jefa o jefe afinidad o costumbre.",catalogo_parentesco,,doc_2024.pdf p.237,catalogo_externo_pdf
2024,poblacion,parentesco,C (3),602,"Padrastro, madrastra",Catálogo de parentesco,"conyugal, por consanguinidad, adopción, ¿Qué parentesco tiene (NOMBRE) con la jefa o jefe afinidad o costumbre.",catalogo_parentesco,,doc_2024.pdf p.237,catalogo_externo_pdf
2024,poblacion,parentesco,C (3),603,Hermano(a),Catálogo de parentesco,"conyugal, por consanguinidad, adopción, ¿Qué parentesco tiene (NOMBRE) con la jefa o jefe afinidad o costumbre.",catalogo_parentesco,,doc_2024.pdf p.237,catalogo_externo_pdf
2024,poblacion,parentesco,C (3),604,Medio(a) hermano(a),Catálogo de parentesco,"conyugal, por consanguinidad, adopción, ¿Qué parentesco tiene (NOMBRE) con la jefa o jefe afinidad o costumbre.",catalogo_parentesco,,doc_2024.pdf p.237,catalogo_externo_pdf
2024,poblacion,parentesco,C (3),605,Hermanastro(a),Catálogo de parentesco,"conyugal, por consanguinidad, adopción, ¿Qué parentesco tiene (NOMBRE) con la jefa o jefe afinidad o costumbre.",catalogo_parentesco,,doc_2024.pdf p.237,catalogo_externo_pdf
2024,poblacion,parentesco,C (3),606,Abuelo(a),Catálogo de parentesco,"conyugal, por consanguinidad, adopción, ¿Qué parentesco tiene (NOMBRE) con la jefa o jefe afinidad o costumbre.",catalogo_parentesco,,doc_2024.pdf p.237,catalogo_externo_pdf
2024,poblacion,parentesco,C (3),607,Bisabuelo(a),Catálogo de parentesco,"conyugal, por consanguinidad, adopción, ¿Qué parentesco tiene (NOMBRE) con la jefa o jefe afinidad o costumbre.",catalogo_parentesco,,doc_2024.pdf p.237,catalogo_externo_pdf
2024,poblacion,parentesco,C (3),608,Tatarabuelo(a),Catálogo de parentesco,"conyugal, por consanguinidad, adopción, ¿Qué parentesco tiene (NOMBRE) con la jefa o jefe afinidad o costumbre.",catalogo_parentesco,,doc_2024.pdf p.237,catalogo_externo_pdf
2024,poblacion,parentesco,C (3),609,Nieto(a),Catálogo de parentesco,"conyugal, por consanguinidad, adopción, ¿Qué parentesco tiene (NOMBRE) con la jefa o jefe afinidad o costumbre.",catalogo_parentesco,,doc_2024.pdf p.237,catalogo_externo_pdf
2024,poblacion,parentesco,C (3),610,Bisnieto(a),Catálogo de parentesco,"conyugal, por consanguinidad, adopción, ¿Qué parentesco tiene (NOMBRE) con la jefa o jefe afinidad o costumbre.",catalogo_parentesco,,doc_2024.pdf p.237,catalogo_externo_pdf
2024,poblacion,parentesco,C (3),611,Tataranieto(a),Catálogo de parentesco,"conyugal, por consanguinidad, adopción, ¿Qué parentesco tiene (NOMBRE) con la jefa o jefe afinidad o costumbre.",catalogo_parentesco,,doc_2024.pdf p.237,catalogo_externo_pdf
2024,poblacion,parentesco,C (3),612,Tío(a),Catálogo de parentesco,"conyugal, por consanguinidad, adopción, ¿Qué parentesco tiene (NOMBRE) con la jefa o jefe afinidad o costumbre.",catalogo_parentesco,,doc_2024.pdf p.237,catalogo_externo_pdf
2024,poblacion,parentesco,C (3),613,Sobrino(a),Catálogo de parentesco,"conyugal, por consanguinidad, adopción, ¿Qué parentesco tiene (NOMBRE) con la jefa o jefe afinidad o costumbre.",catalogo_parentesco,,doc_2024.pdf p.237,catalogo_externo_pdf
2024,poblacion,parentesco,C (3),614,Primo(a) nóicpircseD .4202 y,Catálogo de parentesco,"conyugal, por consanguinidad, adopción, ¿Qué parentesco tiene (NOMBRE) con la jefa o jefe afinidad o costumbre.",catalogo_parentesco,,doc_2024.pdf p.237,catalogo_externo_pdf
2024,poblacion,parentesco,C (3),615,Suegro(a),Catálogo de parentesco,"conyugal, por consanguinidad, adopción, ¿Qué parentesco tiene (NOMBRE) con la jefa o jefe afinidad o costumbre.",catalogo_parentesco,,doc_2024.pdf p.238,catalogo_externo_pdf
2024,poblacion,parentesco,C (3),616,Consuegro(a),Catálogo de parentesco,"conyugal, por consanguinidad, adopción, ¿Qué parentesco tiene (NOMBRE) con la jefa o jefe afinidad o costumbre.",catalogo_parentesco,,doc_2024.pdf p.238,catalogo_externo_pdf
2024,poblacion,parentesco,C (3),617,"Nuera, yerno",Catálogo de parentesco,"conyugal, por consanguinidad, adopción, ¿Qué parentesco tiene (NOMBRE) con la jefa o jefe afinidad o costumbre.",catalogo_parentesco,,doc_2024.pdf p.238,catalogo_externo_pdf
2024,poblacion,parentesco,C (3),618,Cuñado(a),Catálogo de parentesco,"conyugal, por consanguinidad, adopción, ¿Qué parentesco tiene (NOMBRE) con la jefa o jefe afinidad o costumbre.",catalogo_parentesco,,doc_2024.pdf p.238,catalogo_externo_pdf
2024,poblacion,parentesco,C (3),619,Concuño(a),Catálogo de parentesco,"conyugal, por consanguinidad, adopción, ¿Qué parentesco tiene (NOMBRE) con la jefa o jefe afinidad o costumbre.",catalogo_parentesco,,doc_2024.pdf p.238,catalogo_externo_pdf
2024,poblacion,parentesco,C (3),620,"Padrino, madrina",Catálogo de parentesco,"conyugal, por consanguinidad, adopción, ¿Qué parentesco tiene (NOMBRE) con la jefa o jefe afinidad o costumbre.",catalogo_parentesco,,doc_2024.pdf p.238,catalogo_externo_pdf
2024,poblacion,parentesco,C (3),621,Ahijado(a),Catálogo de parentesco,"conyugal, por consanguinidad, adopción, ¿Qué parentesco tiene (NOMBRE) con la jefa o jefe afinidad o costumbre.",catalogo_parentesco,,doc_2024.pdf p.238,catalogo_externo_pdf
2024,poblacion,parentesco,C (3),622,"Compadre, comadre",Catálogo de parentesco,"conyugal, por consanguinidad, adopción, ¿Qué parentesco tiene (NOMBRE) con la jefa o jefe afinidad o costumbre.",catalogo_parentesco,,doc_2024.pdf p.238,catalogo_externo_pdf
2024,poblacion,parentesco,C (3),623,"Familiar, otro parentesco",Catálogo de parentesco,"conyugal, por consanguinidad, adopción, ¿Qué parentesco tiene (NOMBRE) con la jefa o jefe afinidad o costumbre.",catalogo_parentesco,,doc_2024.pdf p.238,catalogo_externo_pdf
2024,poblacion,parentesco,C (3),701,"Huésped, abonado(a), pensionista",Catálogo de parentesco,"conyugal, por consanguinidad, adopción, ¿Qué parentesco tiene (NOMBRE) con la jefa o jefe afinidad o costumbre.",catalogo_parentesco,,doc_2024.pdf p.238,catalogo_externo_pdf
2024,poblacion,parentesco,C (3),711,Esposo(a) del(la) huésped,Catálogo de parentesco,"conyugal, por consanguinidad, adopción, ¿Qué parentesco tiene (NOMBRE) con la jefa o jefe afinidad o costumbre.",catalogo_parentesco,,doc_2024.pdf p.238,catalogo_externo_pdf
2024,poblacion,parentesco,C (3),712,Hijo(a) del(la) huésped,Catálogo de parentesco,"conyugal, por consanguinidad, adopción, ¿Qué parentesco tiene (NOMBRE) con la jefa o jefe afinidad o costumbre.",catalogo_parentesco,,doc_2024.pdf p.238,catalogo_externo_pdf
2024,poblacion,parentesco,C (3),713,Madre o padre del(la) huésped,Catálogo de parentesco,"conyugal, por consanguinidad, adopción, ¿Qué parentesco tiene (NOMBRE) con la jefa o jefe afinidad o costumbre.",catalogo_parentesco,,doc_2024.pdf p.238,catalogo_externo_pdf
2024,poblacion,parentesco,C (3),714,Nieto(a) pariente del(la) huésped,Catálogo de parentesco,"conyugal, por consanguinidad, adopción, ¿Qué parentesco tiene (NOMBRE) con la jefa o jefe afinidad o costumbre.",catalogo_parentesco,,doc_2024.pdf p.238,catalogo_externo_pdf
2024,poblacion,parentesco,C (3),715,Otro(a) pariente del(la) huésped,Catálogo de parentesco,"conyugal, por consanguinidad, adopción, ¿Qué parentesco tiene (NOMBRE) con la jefa o jefe afinidad o costumbre.",catalogo_parentesco,,doc_2024.pdf p.238,catalogo_externo_pdf
2024,poblacion,parentesco,C (3),999,Parentesco no especificado nóicpircseD .4202 y,Catálogo de parentesco,"conyugal, por consanguinidad, adopción, ¿Qué parentesco tiene (NOMBRE) con la jefa o jefe afinidad o costumbre.",catalogo_parentesco,,doc_2024.pdf p.238,catalogo_externo_pdf
2024,poblacion,peso,C (1),1,Sí,"{1, 2}","cuidado de la salud o de vigilancia del ¿En los últimos 12 meses, algún médico o",,,doc_2024.pdf p.117,ficha_variable
2024,poblacion,peso,C (1),2,No,"{1, 2}","cuidado de la salud o de vigilancia del ¿En los últimos 12 meses, algún médico o",,,doc_2024.pdf p.117,ficha_variable
2024,poblacion,pres_alta,C (1),1,Sí,"{1, 2}",servicios médicos preventivos asociados a ¿En los últimos 12 meses le han medido a usted su problemas cardiacos.,,,doc_2024.pdf p.117,ficha_variable
2024,poblacion,pres_alta,C (1),2,No,"{1, 2}",servicios médicos preventivos asociados a ¿En los últimos 12 meses le han medido a usted su problemas cardiacos.,,,doc_2024.pdf p.117,ficha_variable
2024,poblacion,prob_anio,C (4),&,No especificado,Sección y/o apartado,"¿Cuándo fue la última vez que sufrió algún dolor, salud.",,,doc_2024.pdf p.101,ficha_variable
2024,poblacion,prob_mes,C (2),&,No especificado,"{01,..., 12}","¿Cuándo fue la última vez que sufrió algún dolor, salud.",,,doc_2024.pdf p.101,ficha_variable
2024,poblacion,prob_mes,C (2),01,Enero,"{01,..., 12}","¿Cuándo fue la última vez que sufrió algún dolor, salud.",,,doc_2024.pdf p.101,ficha_variable
2024,poblacion,prob_mes,C (2),02,Febrero,"{01,..., 12}","¿Cuándo fue la última vez que sufrió algún dolor, salud.",,,doc_2024.pdf p.101,ficha_variable
2024,poblacion,prob_mes,C (2),03,Marzo,"{01,..., 12}","¿Cuándo fue la última vez que sufrió algún dolor, salud.",,,doc_2024.pdf p.101,ficha_variable
2024,poblacion,prob_mes,C (2),04,Abril,"{01,..., 12}","¿Cuándo fue la última vez que sufrió algún dolor, salud.",,,doc_2024.pdf p.101,ficha_variable
2024,poblacion,prob_mes,C (2),05,Mayo,"{01,..., 12}","¿Cuándo fue la última vez que sufrió algún dolor, salud.",,,doc_2024.pdf p.101,ficha_variable
2024,poblacion,prob_mes,C (2),06,Junio,"{01,..., 12}","¿Cuándo fue la última vez que sufrió algún dolor, salud.",,,doc_2024.pdf p.101,ficha_variable
2024,poblacion,prob_mes,C (2),07,Julio,"{01,..., 12}","¿Cuándo fue la última vez que sufrió algún dolor, salud.",,,doc_2024.pdf p.101,ficha_variable
2024,poblacion,prob_mes,C (2),08,Agosto,"{01,..., 12}","¿Cuándo fue la última vez que sufrió algún dolor, salud.",,,doc_2024.pdf p.101,ficha_variable
2024,poblacion,prob_mes,C (2),09,Septiembre,"{01,..., 12}","¿Cuándo fue la última vez que sufrió algún dolor, salud.",,,doc_2024.pdf p.101,ficha_variable
2024,poblacion,prob_mes,C (2),10,Octubre,"{01,..., 12}","¿Cuándo fue la última vez que sufrió algún dolor, salud.",,,doc_2024.pdf p.101,ficha_variable
2024,poblacion,prob_mes,C (2),11,Noviembre,"{01,..., 12}","¿Cuándo fue la última vez que sufrió algún dolor, salud.",,,doc_2024.pdf p.101,ficha_variable
2024,poblacion,prob_mes,C (2),12,Diciembre,"{01,..., 12}","¿Cuándo fue la última vez que sufrió algún dolor, salud.",,,doc_2024.pdf p.101,ficha_variable
2024,poblacion,prob_sal,C (1),1,Sí,"{1, 2}",de salud.,,,doc_2024.pdf p.102,ficha_variable
2024,poblacion,prob_sal,C (1),2,No,"{1, 2}",de salud.,,,doc_2024.pdf p.102,ficha_variable
2024,poblacion,razon_1,C (2),01,No tenía dinero,{01},porque no tenía dinero.,,,doc_2024.pdf p.114,ficha_variable
2024,poblacion,razon_10,C (2),10,El personal de la unidad le dijo que no era necesario que se atendiera,,porque el personal de la unidad le dijo que no era necesario que se atendiera.,,,doc_2024.pdf p.116,ficha_variable
2024,poblacion,razon_11,C (2),11,Otro,{11},médica.,,,doc_2024.pdf p.117,ficha_variable
2024,poblacion,razon_2,C (2),02,No entendía su lengua,{02},porque no entendía su lengua.,,,doc_2024.pdf p.114,ficha_variable
2024,poblacion,razon_3,C (2),03,No quisieron,{03},porque no quisieron.,,,doc_2024.pdf p.115,ficha_variable
2024,poblacion,razon_4,C (2),04,Dijeron que no era necesario,{04},porque dijeron que no era necesario.,,,doc_2024.pdf p.115,ficha_variable
2024,poblacion,razon_5,C (2),05,No tenían tiempo,{05},porque no tenían tiempo.,,,doc_2024.pdf p.115,ficha_variable
2024,poblacion,razon_6,C (2),06,La unidad médica estaba cerrada,{06},porque la unidad médica estaba cerrada.,,,doc_2024.pdf p.115,ficha_variable
2024,poblacion,razon_7,C (2),07,Le dieron cita hasta mucho tiempo después,{07},porque le dieron cita hasta mucho tiempo después.,,,doc_2024.pdf p.116,ficha_variable
2024,poblacion,razon_8,C (2),08,No había médico en la unidad,{08},porque no había médico.,,,doc_2024.pdf p.116,ficha_variable
2024,poblacion,razon_9,C (2),09,No le dieron ninguna razón,{09},No le dieron ninguna razón para no atenderla.,,,doc_2024.pdf p.116,ficha_variable
2024,poblacion,redsoc_1,C (1),1,Imposible conseguirla,"{1,..., 5}",personas podrían conseguir ayuda para ¿Cree usted que si necesitara pedir ayuda para conseguir un trabajo.,,,doc_2024.pdf p.92,ficha_variable
2024,poblacion,redsoc_1,C (1),2,Difícil conseguirla,"{1,..., 5}",personas podrían conseguir ayuda para ¿Cree usted que si necesitara pedir ayuda para conseguir un trabajo.,,,doc_2024.pdf p.92,ficha_variable
2024,poblacion,redsoc_1,C (1),3,Fácil conseguirla,"{1,..., 5}",personas podrían conseguir ayuda para ¿Cree usted que si necesitara pedir ayuda para conseguir un trabajo.,,,doc_2024.pdf p.92,ficha_variable
2024,poblacion,redsoc_1,C (1),4,Muy fácil conseguirla,"{1,..., 5}",personas podrían conseguir ayuda para ¿Cree usted que si necesitara pedir ayuda para conseguir un trabajo.,,,doc_2024.pdf p.92,ficha_variable
2024,poblacion,redsoc_1,C (1),5,Ni fácil ni difícil conseguirla (espontánea),"{1,..., 5}",personas podrían conseguir ayuda para ¿Cree usted que si necesitara pedir ayuda para conseguir un trabajo.,,,doc_2024.pdf p.92,ficha_variable
2024,poblacion,redsoc_2,C (1),1,Imposible conseguirla,"{1,..., 5}",personas podrían conseguir ayuda para que ¿Cree usted que si necesitara pedir ayuda para que lo(a) cuiden en una enfermedad.,,,doc_2024.pdf p.92,ficha_variable
2024,poblacion,redsoc_2,C (1),2,Difícil conseguirla,"{1,..., 5}",personas podrían conseguir ayuda para que ¿Cree usted que si necesitara pedir ayuda para que lo(a) cuiden en una enfermedad.,,,doc_2024.pdf p.92,ficha_variable
2024,poblacion,redsoc_2,C (1),3,Fácil conseguirla,"{1,..., 5}",personas podrían conseguir ayuda para que ¿Cree usted que si necesitara pedir ayuda para que lo(a) cuiden en una enfermedad.,,,doc_2024.pdf p.92,ficha_variable
2024,poblacion,redsoc_2,C (1),4,Muy fácil conseguirla,"{1,..., 5}",personas podrían conseguir ayuda para que ¿Cree usted que si necesitara pedir ayuda para que lo(a) cuiden en una enfermedad.,,,doc_2024.pdf p.92,ficha_variable
2024,poblacion,redsoc_2,C (1),5,Ni fácil ni difícil conseguirla (espontánea),"{1,..., 5}",personas podrían conseguir ayuda para que ¿Cree usted que si necesitara pedir ayuda para que lo(a) cuiden en una enfermedad.,,,doc_2024.pdf p.92,ficha_variable
2024,poblacion,redsoc_3,C (1),1,Imposible conseguirla,"{1,..., 5}",¿Cree usted que si necesitara pedirle a alguien la cantidad de dinero que ingresa al hogar en un,,,doc_2024.pdf p.92,ficha_variable
2024,poblacion,redsoc_3,C (1),2,Difícil conseguirla,"{1,..., 5}",¿Cree usted que si necesitara pedirle a alguien la cantidad de dinero que ingresa al hogar en un,,,doc_2024.pdf p.92,ficha_variable
2024,poblacion,redsoc_3,C (1),3,Fácil conseguirla,"{1,..., 5}",¿Cree usted que si necesitara pedirle a alguien la cantidad de dinero que ingresa al hogar en un,,,doc_2024.pdf p.92,ficha_variable
2024,poblacion,redsoc_3,C (1),4,Muy fácil conseguirla,"{1,..., 5}",¿Cree usted que si necesitara pedirle a alguien la cantidad de dinero que ingresa al hogar en un,,,doc_2024.pdf p.92,ficha_variable
2024,poblacion,redsoc_3,C (1),5,Ni fácil ni difícil conseguirla (espontánea),"{1,..., 5}",¿Cree usted que si necesitara pedirle a alguien la cantidad de dinero que ingresa al hogar en un,,,doc_2024.pdf p.92,ficha_variable
2024,poblacion,redsoc_4,C (1),1,Imposible conseguirla nóicpircseD .4202 y,"{1,..., 5}",personas podrían conseguir ayuda para que ¿Cree usted que si necesitara pedir ayuda para que lo(a) acompañen al doctor.,,,doc_2024.pdf p.92,ficha_variable
2024,poblacion,redsoc_4,C (1),2,Difícil conseguirla,"{1,..., 5}",personas podrían conseguir ayuda para que ¿Cree usted que si necesitara pedir ayuda para que lo(a) acompañen al doctor.,,,doc_2024.pdf p.92,ficha_variable
2024,poblacion,redsoc_4,C (1),3,Fácil conseguirla,"{1,..., 5}",personas podrían conseguir ayuda para que ¿Cree usted que si necesitara pedir ayuda para que lo(a) acompañen al doctor.,,,doc_2024.pdf p.92,ficha_variable
2024,poblacion,redsoc_4,C (1),4,Muy fácil conseguirla,"{1,..., 5}",personas podrían conseguir ayuda para que ¿Cree usted que si necesitara pedir ayuda para que lo(a) acompañen al doctor.,,,doc_2024.pdf p.92,ficha_variable
2024,poblacion,redsoc_4,C (1),5,Ni fácil ni difícil conseguirla (espontánea),"{1,..., 5}",personas podrían conseguir ayuda para que ¿Cree usted que si necesitara pedir ayuda para que lo(a) acompañen al doctor.,,,doc_2024.pdf p.92,ficha_variable
2024,poblacion,redsoc_5,C (1),1,Imposible conseguirla,"{1,..., 5}",personas podrían conseguir cooperación para ¿Cree usted que si necesitara pedir cooperación realizar mejoras en su colonia o localidad.,,,doc_2024.pdf p.93,ficha_variable
2024,poblacion,redsoc_5,C (1),2,Difícil conseguirla,"{1,..., 5}",personas podrían conseguir cooperación para ¿Cree usted que si necesitara pedir cooperación realizar mejoras en su colonia o localidad.,,,doc_2024.pdf p.93,ficha_variable
2024,poblacion,redsoc_5,C (1),3,Fácil conseguirla,"{1,..., 5}",personas podrían conseguir cooperación para ¿Cree usted que si necesitara pedir cooperación realizar mejoras en su colonia o localidad.,,,doc_2024.pdf p.93,ficha_variable
2024,poblacion,redsoc_5,C (1),4,Muy fácil conseguirla,"{1,..., 5}",personas podrían conseguir cooperación para ¿Cree usted que si necesitara pedir cooperación realizar mejoras en su colonia o localidad.,,,doc_2024.pdf p.93,ficha_variable
2024,poblacion,redsoc_5,C (1),5,Ni fácil ni difícil conseguirla (espontánea),"{1,..., 5}",personas podrían conseguir cooperación para ¿Cree usted que si necesitara pedir cooperación realizar mejoras en su colonia o localidad.,,,doc_2024.pdf p.93,ficha_variable
2024,poblacion,redsoc_6,C (1),1,Imposible conseguirla,"{1,..., 5}",personas podrían conseguir ayuda para que ¿Cree usted que si necesitara pedir ayuda para que cuiden a los(as) niños(as) en este hogar.,,,doc_2024.pdf p.93,ficha_variable
2024,poblacion,redsoc_6,C (1),2,Difícil conseguirla,"{1,..., 5}",personas podrían conseguir ayuda para que ¿Cree usted que si necesitara pedir ayuda para que cuiden a los(as) niños(as) en este hogar.,,,doc_2024.pdf p.93,ficha_variable
2024,poblacion,redsoc_6,C (1),3,Fácil conseguirla,"{1,..., 5}",personas podrían conseguir ayuda para que ¿Cree usted que si necesitara pedir ayuda para que cuiden a los(as) niños(as) en este hogar.,,,doc_2024.pdf p.93,ficha_variable
2024,poblacion,redsoc_6,C (1),4,Muy fácil conseguirla,"{1,..., 5}",personas podrían conseguir ayuda para que ¿Cree usted que si necesitara pedir ayuda para que cuiden a los(as) niños(as) en este hogar.,,,doc_2024.pdf p.93,ficha_variable
2024,poblacion,redsoc_6,C (1),5,Ni fácil ni difícil conseguirla (espontánea),"{1,..., 5}",personas podrían conseguir ayuda para que ¿Cree usted que si necesitara pedir ayuda para que cuiden a los(as) niños(as) en este hogar.,,,doc_2024.pdf p.93,ficha_variable
2024,poblacion,residencia,C (2),01,Aguascalientes,Catálogo de residencia,"hogar, 5 años antes del momento de la ¿Hace 5 años, en octubre de 2019, en qué estado entrevista.",catalogo_residencia,,doc_2024.pdf p.239,catalogo_externo_pdf
2024,poblacion,residencia,C (2),02,Baja California,Catálogo de residencia,"hogar, 5 años antes del momento de la ¿Hace 5 años, en octubre de 2019, en qué estado entrevista.",catalogo_residencia,,doc_2024.pdf p.239,catalogo_externo_pdf
2024,poblacion,residencia,C (2),03,Baja California Sur,Catálogo de residencia,"hogar, 5 años antes del momento de la ¿Hace 5 años, en octubre de 2019, en qué estado entrevista.",catalogo_residencia,,doc_2024.pdf p.239,catalogo_externo_pdf
2024,poblacion,residencia,C (2),04,Campeche,Catálogo de residencia,"hogar, 5 años antes del momento de la ¿Hace 5 años, en octubre de 2019, en qué estado entrevista.",catalogo_residencia,,doc_2024.pdf p.239,catalogo_externo_pdf
2024,poblacion,residencia,C (2),05,Coahuila de Zaragoza,Catálogo de residencia,"hogar, 5 años antes del momento de la ¿Hace 5 años, en octubre de 2019, en qué estado entrevista.",catalogo_residencia,,doc_2024.pdf p.239,catalogo_externo_pdf
2024,poblacion,residencia,C (2),06,Colima,Catálogo de residencia,"hogar, 5 años antes del momento de la ¿Hace 5 años, en octubre de 2019, en qué estado entrevista.",catalogo_residencia,,doc_2024.pdf p.239,catalogo_externo_pdf
2024,poblacion,residencia,C (2),07,Chiapas,Catálogo de residencia,"hogar, 5 años antes del momento de la ¿Hace 5 años, en octubre de 2019, en qué estado entrevista.",catalogo_residencia,,doc_2024.pdf p.239,catalogo_externo_pdf
2024,poblacion,residencia,C (2),08,Chihuahua,Catálogo de residencia,"hogar, 5 años antes del momento de la ¿Hace 5 años, en octubre de 2019, en qué estado entrevista.",catalogo_residencia,,doc_2024.pdf p.239,catalogo_externo_pdf
2024,poblacion,residencia,C (2),09,Ciudad de México,Catálogo de residencia,"hogar, 5 años antes del momento de la ¿Hace 5 años, en octubre de 2019, en qué estado entrevista.",catalogo_residencia,,doc_2024.pdf p.239,catalogo_externo_pdf
2024,poblacion,residencia,C (2),10,Durango,Catálogo de residencia,"hogar, 5 años antes del momento de la ¿Hace 5 años, en octubre de 2019, en qué estado entrevista.",catalogo_residencia,,doc_2024.pdf p.239,catalogo_externo_pdf
2024,poblacion,residencia,C (2),11,Guanajuato,Catálogo de residencia,"hogar, 5 años antes del momento de la ¿Hace 5 años, en octubre de 2019, en qué estado entrevista.",catalogo_residencia,,doc_2024.pdf p.239,catalogo_externo_pdf
2024,poblacion,residencia,C (2),12,Guerrero,Catálogo de residencia,"hogar, 5 años antes del momento de la ¿Hace 5 años, en octubre de 2019, en qué estado entrevista.",catalogo_residencia,,doc_2024.pdf p.239,catalogo_externo_pdf
2024,poblacion,residencia,C (2),13,Hidalgo,Catálogo de residencia,"hogar, 5 años antes del momento de la ¿Hace 5 años, en octubre de 2019, en qué estado entrevista.",catalogo_residencia,,doc_2024.pdf p.239,catalogo_externo_pdf
2024,poblacion,residencia,C (2),14,Jalisco,Catálogo de residencia,"hogar, 5 años antes del momento de la ¿Hace 5 años, en octubre de 2019, en qué estado entrevista.",catalogo_residencia,,doc_2024.pdf p.239,catalogo_externo_pdf
2024,poblacion,residencia,C (2),15,México,Catálogo de residencia,"hogar, 5 años antes del momento de la ¿Hace 5 años, en octubre de 2019, en qué estado entrevista.",catalogo_residencia,,doc_2024.pdf p.239,catalogo_externo_pdf
2024,poblacion,residencia,C (2),16,Michoacán de Ocampo,Catálogo de residencia,"hogar, 5 años antes del momento de la ¿Hace 5 años, en octubre de 2019, en qué estado entrevista.",catalogo_residencia,,doc_2024.pdf p.239,catalogo_externo_pdf
2024,poblacion,residencia,C (2),17,Morelos,Catálogo de residencia,"hogar, 5 años antes del momento de la ¿Hace 5 años, en octubre de 2019, en qué estado entrevista.",catalogo_residencia,,doc_2024.pdf p.239,catalogo_externo_pdf
2024,poblacion,residencia,C (2),18,Nayarit,Catálogo de residencia,"hogar, 5 años antes del momento de la ¿Hace 5 años, en octubre de 2019, en qué estado entrevista.",catalogo_residencia,,doc_2024.pdf p.239,catalogo_externo_pdf
2024,poblacion,residencia,C (2),19,Nuevo León,Catálogo de residencia,"hogar, 5 años antes del momento de la ¿Hace 5 años, en octubre de 2019, en qué estado entrevista.",catalogo_residencia,,doc_2024.pdf p.239,catalogo_externo_pdf
2024,poblacion,residencia,C (2),20,Oaxaca,Catálogo de residencia,"hogar, 5 años antes del momento de la ¿Hace 5 años, en octubre de 2019, en qué estado entrevista.",catalogo_residencia,,doc_2024.pdf p.239,catalogo_externo_pdf
2024,poblacion,residencia,C (2),21,Puebla,Catálogo de residencia,"hogar, 5 años antes del momento de la ¿Hace 5 años, en octubre de 2019, en qué estado entrevista.",catalogo_residencia,,doc_2024.pdf p.239,catalogo_externo_pdf
2024,poblacion,residencia,C (2),22,Querétaro,Catálogo de residencia,"hogar, 5 años antes del momento de la ¿Hace 5 años, en octubre de 2019, en qué estado entrevista.",catalogo_residencia,,doc_2024.pdf p.239,catalogo_externo_pdf
2024,poblacion,residencia,C (2),23,Quintana Roo,Catálogo de residencia,"hogar, 5 años antes del momento de la ¿Hace 5 años, en octubre de 2019, en qué estado entrevista.",catalogo_residencia,,doc_2024.pdf p.239,catalogo_externo_pdf
2024,poblacion,residencia,C (2),24,San Luis Potosí,Catálogo de residencia,"hogar, 5 años antes del momento de la ¿Hace 5 años, en octubre de 2019, en qué estado entrevista.",catalogo_residencia,,doc_2024.pdf p.239,catalogo_externo_pdf
2024,poblacion,residencia,C (2),25,Sinaloa,Catálogo de residencia,"hogar, 5 años antes del momento de la ¿Hace 5 años, en octubre de 2019, en qué estado entrevista.",catalogo_residencia,,doc_2024.pdf p.239,catalogo_externo_pdf
2024,poblacion,residencia,C (2),26,Sonora,Catálogo de residencia,"hogar, 5 años antes del momento de la ¿Hace 5 años, en octubre de 2019, en qué estado entrevista.",catalogo_residencia,,doc_2024.pdf p.239,catalogo_externo_pdf
2024,poblacion,residencia,C (2),27,Tabasco,Catálogo de residencia,"hogar, 5 años antes del momento de la ¿Hace 5 años, en octubre de 2019, en qué estado entrevista.",catalogo_residencia,,doc_2024.pdf p.239,catalogo_externo_pdf
2024,poblacion,residencia,C (2),28,Tamaulipas,Catálogo de residencia,"hogar, 5 años antes del momento de la ¿Hace 5 años, en octubre de 2019, en qué estado entrevista.",catalogo_residencia,,doc_2024.pdf p.239,catalogo_externo_pdf
2024,poblacion,residencia,C (2),29,Tlaxcala,Catálogo de residencia,"hogar, 5 años antes del momento de la ¿Hace 5 años, en octubre de 2019, en qué estado entrevista.",catalogo_residencia,,doc_2024.pdf p.239,catalogo_externo_pdf
2024,poblacion,residencia,C (2),30,Veracruz de Ignacio de la Llave,Catálogo de residencia,"hogar, 5 años antes del momento de la ¿Hace 5 años, en octubre de 2019, en qué estado entrevista.",catalogo_residencia,,doc_2024.pdf p.239,catalogo_externo_pdf
2024,poblacion,residencia,C (2),31,Yucatán,Catálogo de residencia,"hogar, 5 años antes del momento de la ¿Hace 5 años, en octubre de 2019, en qué estado entrevista.",catalogo_residencia,,doc_2024.pdf p.239,catalogo_externo_pdf
2024,poblacion,residencia,C (2),32,Zacatecas,Catálogo de residencia,"hogar, 5 años antes del momento de la ¿Hace 5 años, en octubre de 2019, en qué estado entrevista.",catalogo_residencia,,doc_2024.pdf p.239,catalogo_externo_pdf
2024,poblacion,residencia,C (2),33,Estados Unidos de América,Catálogo de residencia,"hogar, 5 años antes del momento de la ¿Hace 5 años, en octubre de 2019, en qué estado entrevista.",catalogo_residencia,,doc_2024.pdf p.239,catalogo_externo_pdf
2024,poblacion,residencia,C (2),34,Otro país nóicpircseD .4202 y,Catálogo de residencia,"hogar, 5 años antes del momento de la ¿Hace 5 años, en octubre de 2019, en qué estado entrevista.",catalogo_residencia,,doc_2024.pdf p.239,catalogo_externo_pdf
2024,poblacion,segsoc,C (1),1,Sí,"{1, 2}",productiva a fin de gozar de los beneficios de ¿Alguna vez ha contribuido o cotizado para alguna esta. Pueden ser instituciones nacionales y/o,,,doc_2024.pdf p.91,ficha_variable
2024,poblacion,segsoc,C (1),2,No,"{1, 2}",productiva a fin de gozar de los beneficios de ¿Alguna vez ha contribuido o cotizado para alguna esta. Pueden ser instituciones nacionales y/o,,,doc_2024.pdf p.91,ficha_variable
2024,poblacion,segvol_1,C (1),1,"SAR, AFORE o fondo de pensiones nóicpircseD .4202 y",{1},de seguro que el integrante del hogar ha contratado voluntariamente.,,,doc_2024.pdf p.117,ficha_variable
2024,poblacion,segvol_2,C (1),2,Seguro privado de gastos médicos,{2},seguro que el integrante del hogar ha contratado voluntariamente.,,,doc_2024.pdf p.118,ficha_variable
2024,poblacion,segvol_3,C (1),3,Seguro de vida,{3},integrante del hogar ha contratado voluntariamente.,,,doc_2024.pdf p.118,ficha_variable
2024,poblacion,segvol_4,C (1),4,Seguro de invalidez,{4},integrante del hogar ha contratado voluntariamente.,,,doc_2024.pdf p.118,ficha_variable
2024,poblacion,segvol_5,C (1),5,Otro tipo de seguro,{5},ha contratado voluntariamente.,,,doc_2024.pdf p.118,ficha_variable
2024,poblacion,segvol_6,C (1),6,Ninguno de los anteriores,{6},Ningún tipo de seguro voluntario.,,,doc_2024.pdf p.118,ficha_variable
2024,poblacion,segvol_7,C (1),7,No sabe nóicpircseD .4202 y,{7},del hogar tiene contratado.,,,doc_2024.pdf p.118,ficha_variable
2024,poblacion,servmed_1,,01,Centros de salud (Secretaría de Salud),{01},Recibe atención médica en centros de salud.,,,doc_2024.pdf p.102,ficha_variable
2024,poblacion,servmed_10,C (2),10,"Curandero, hierbero, comadrona, brujo, etcétera",{10},Recibe atención médica con curandero.,,,doc_2024.pdf p.104,ficha_variable
2024,poblacion,servmed_11,C (2),11,Otro,{11},Recibe atención médica en otro lugar.,,,doc_2024.pdf p.105,ficha_variable
2024,poblacion,servmed_2,C (2),02,Hospital o instituto (Secretaría de Salud),{02},Recibe atención médica en hospital.,,,doc_2024.pdf p.102,ficha_variable
2024,poblacion,servmed_3,C (2),03,Seguro Social o IMSS,{03},Recibe atención médica en el IMSS.,,,doc_2024.pdf p.103,ficha_variable
2024,poblacion,servmed_4,C (2),04,IMSS-BIENESTAR,{04},Recibe atención médica en IMSS-Bienestar.,,,doc_2024.pdf p.103,ficha_variable
2024,poblacion,servmed_5,,05,ISSSTE,{05},Recibe atención médica en ISSSTE.,,,doc_2024.pdf p.103,ficha_variable
2024,poblacion,servmed_6,C (2),06,ISSSTE estatal,{06},Recibe atención médica en ISSSTE estatal.,,,doc_2024.pdf p.103,ficha_variable
2024,poblacion,servmed_8,C (2),08,Consultorios y hospitales privados,{08},privados.,,,doc_2024.pdf p.104,ficha_variable
2024,poblacion,servmed_9,C (2),09,Consultorio de farmacias,{09},farmacias.,,,doc_2024.pdf p.104,ficha_variable
2024,poblacion,sexo,C (1),1,Hombre,"{1, 2}",en hombres o mujeres.,,,doc_2024.pdf p.80,ficha_variable
2024,poblacion,sexo,C (1),2,Mujer,"{1, 2}",en hombres o mujeres.,,,doc_2024.pdf p.80,ficha_variable
2024,poblacion,tiene_b,C (1),1,Sí,"{1, 2}",a los integrantes del hogar que asisten a la ¿Le otorgaron beca a (NOMBRE) para este año escuela.,,,doc_2024.pdf p.88,ficha_variable
2024,poblacion,tiene_b,C (1),2,No,"{1, 2}",a los integrantes del hogar que asisten a la ¿Le otorgaron beca a (NOMBRE) para este año escuela.,,,doc_2024.pdf p.88,ficha_variable
2024,poblacion,tiene_c,C (1),1,Sí,"{1, 2}","materiales, etcétera. Quien lo recibe está comprometido a pagarlo en parte o en su ¿Le otorgaron crédito educativo a (NOMBRE) para",,,doc_2024.pdf p.88,ficha_variable
2024,poblacion,tiene_c,C (1),2,No nóicpircseD .4202 y,"{1, 2}","materiales, etcétera. Quien lo recibe está comprometido a pagarlo en parte o en su ¿Le otorgaron crédito educativo a (NOMBRE) para",,,doc_2024.pdf p.88,ficha_variable
2024,poblacion,tipoesc,C (1),1,Pública o de gobierno,"{1,..., 3}","Educativo Nacional según sea pública, privada",,,doc_2024.pdf p.87,ficha_variable
2024,poblacion,tipoesc,C (1),2,Privada o de paga,"{1,..., 3}","Educativo Nacional según sea pública, privada",,,doc_2024.pdf p.87,ficha_variable
2024,poblacion,tipoesc,C (1),3,De otro tipo nóicpircseD .4202 y,"{1,..., 3}","Educativo Nacional según sea pública, privada",,,doc_2024.pdf p.87,ficha_variable
2024,poblacion,trabajo_mp,C (1),1,Trabajó el mes pasado,"{1, 2}","referencia, que permite clasificarla como parte de la Población Económicamente Activa (PEA) o como parte de la Población No",,,doc_2024.pdf p.119,ficha_variable
2024,poblacion,trabajo_mp,C (1),2,No trabajó el mes pasado,"{1, 2}","referencia, que permite clasificarla como parte de la Población Económicamente Activa (PEA) o como parte de la Población No",,,doc_2024.pdf p.119,ficha_variable
2024,poblacion,usotiempo1,C (1),8,No recuerda,"{8, 9}",No recuerda haber trabajado. Durante la semana pasada ¿cuánto tiempo dedicó a,,,doc_2024.pdf p.94,ficha_variable
2024,poblacion,usotiempo1,C (1),9,No lo hizo,"{8, 9}",No recuerda haber trabajado. Durante la semana pasada ¿cuánto tiempo dedicó a,,,doc_2024.pdf p.94,ficha_variable
2024,poblacion,usotiempo2,C (1),8,No recuerda,"{8, 9}",Durante la semana pasada ¿cuánto tiempo dedicó a estudiar.,,,doc_2024.pdf p.94,ficha_variable
2024,poblacion,usotiempo2,C (1),9,No lo hizo,"{8, 9}",Durante la semana pasada ¿cuánto tiempo dedicó a estudiar.,,,doc_2024.pdf p.94,ficha_variable
2024,poblacion,usotiempo3,C (1),8,No recuerda,"{8, 9}",realizar trabajo comunitario o voluntario. Durante la semana pasada ¿cuánto tiempo dedicó a,,,doc_2024.pdf p.95,ficha_variable
2024,poblacion,usotiempo3,C (1),9,No lo hizo,"{8, 9}",realizar trabajo comunitario o voluntario. Durante la semana pasada ¿cuánto tiempo dedicó a,,,doc_2024.pdf p.95,ficha_variable
2024,poblacion,usotiempo4,C (1),8,No recuerda,"{8, 9}","cuidar, atender sin pago y de manera exclusiva cuidar, atender sin pago y de manera exclusiva a a niños, ancianos, enfermos, discapacitados.",,,doc_2024.pdf p.95,ficha_variable
2024,poblacion,usotiempo4,C (1),9,No lo hizo,"{8, 9}","cuidar, atender sin pago y de manera exclusiva cuidar, atender sin pago y de manera exclusiva a a niños, ancianos, enfermos, discapacitados.",,,doc_2024.pdf p.95,ficha_variable
2024,poblacion,usotiempo5,C (1),8,No recuerda,"{8, 9}","dar mantenimiento a su vivienda, muebles, Durante la semana pasada ¿cuánto tiempo dedicó a aparatos domésticos o vehículos.",,,doc_2024.pdf p.96,ficha_variable
2024,poblacion,usotiempo5,C (1),9,No lo hizo,"{8, 9}","dar mantenimiento a su vivienda, muebles, Durante la semana pasada ¿cuánto tiempo dedicó a aparatos domésticos o vehículos.",,,doc_2024.pdf p.96,ficha_variable
2024,poblacion,usotiempo6,C (1),8,No recuerda,"{8, 9}",quehaceres del hogar. Durante la semana pasada ¿cuánto tiempo dedicó a,,,doc_2024.pdf p.96,ficha_variable
2024,poblacion,usotiempo6,C (1),9,No lo hizo,"{8, 9}",quehaceres del hogar. Durante la semana pasada ¿cuánto tiempo dedicó a,,,doc_2024.pdf p.96,ficha_variable
2024,poblacion,usotiempo7,C (1),8,No recuerda,"{8, 9}",acarrear agua o leña. Durante la semana pasada ¿cuánto tiempo dedicó a,,,doc_2024.pdf p.97,ficha_variable
2024,poblacion,usotiempo7,C (1),9,No lo hizo,"{8, 9}",acarrear agua o leña. Durante la semana pasada ¿cuánto tiempo dedicó a,,,doc_2024.pdf p.97,ficha_variable
2024,poblacion,usotiempo8,C (1),8,No recuerda,"{8, 9}",Durante la semana pasada ¿Cuánto tiempo le realizar actividades de su gusto.,,,doc_2024.pdf p.97,ficha_variable
2024,poblacion,usotiempo8,C (1),9,No lo hizo,"{8, 9}",Durante la semana pasada ¿Cuánto tiempo le realizar actividades de su gusto.,,,doc_2024.pdf p.97,ficha_variable
2024,trabajos,clas_emp,C (1),1,"De tipo independiente, personal o familiar","{1,..., 4}","como a las unidades económicas privadas que no se ubican bajo la modalidad de negocios Entonces, ¿estamos hablando de que esta empresa privados, para canalizarlas a una secuencia",,,doc_2024.pdf p.155,ficha_variable
2024,trabajos,clas_emp,C (1),2,Una compañía o empresa del sector privado,"{1,..., 4}","como a las unidades económicas privadas que no se ubican bajo la modalidad de negocios Entonces, ¿estamos hablando de que esta empresa privados, para canalizarlas a una secuencia",,,doc_2024.pdf p.155,ficha_variable
2024,trabajos,clas_emp,C (1),3,Una institución de gobierno,"{1,..., 4}","como a las unidades económicas privadas que no se ubican bajo la modalidad de negocios Entonces, ¿estamos hablando de que esta empresa privados, para canalizarlas a una secuencia",,,doc_2024.pdf p.155,ficha_variable
2024,trabajos,clas_emp,C (1),4,Una institución no administrada por el gobierno,"{1,..., 4}","como a las unidades económicas privadas que no se ubican bajo la modalidad de negocios Entonces, ¿estamos hablando de que esta empresa privados, para canalizarlas a una secuencia",,,doc_2024.pdf p.155,ficha_variable
2024,trabajos,conf_pers,C (1),1,Sí,"{1, 2}",actividad principal durante el periodo de ¿El personal empleado es el mismo que utilizó en la,,,doc_2024.pdf p.159,ficha_variable
2024,trabajos,conf_pers,C (1),2,No,"{1, 2}",actividad principal durante el periodo de ¿El personal empleado es el mismo que utilizó en la,,,doc_2024.pdf p.159,ficha_variable
2024,trabajos,contrato,C (1),1,Sí,"{1, 2}",Existencia de un contrato laboral por escrito.,,,doc_2024.pdf p.149,ficha_variable
2024,trabajos,contrato,C (1),2,No,"{1, 2}",Existencia de un contrato laboral por escrito.,,,doc_2024.pdf p.149,ficha_variable
2024,trabajos,id_trabajo,C (1),1,Trabajo principal,"{1, 2}",Identificador del trabajo.,,,doc_2024.pdf p.147,ficha_variable
2024,trabajos,id_trabajo,C (1),2,Trabajo secundario,"{1, 2}",Identificador del trabajo.,,,doc_2024.pdf p.147,ficha_variable
2024,trabajos,indep,C (1),1,Sí,"{1, 2}","El trabajo que tuvo fue por su cuenta. Entonces, ¿se dedicó a un negocio o actividad por",,,doc_2024.pdf p.148,ficha_variable
2024,trabajos,indep,C (1),2,No,"{1, 2}","El trabajo que tuvo fue por su cuenta. Entonces, ¿se dedicó a un negocio o actividad por",,,doc_2024.pdf p.148,ficha_variable
2024,trabajos,lugar,C (1),1,Sí,"{1, 2}","misma unidad económica, en la que se ¿Esta(s) actividad(es) la(s) realizó en el mismo lugar desarrolla la actividad principal.",,,doc_2024.pdf p.159,ficha_variable
2024,trabajos,lugar,C (1),2,No,"{1, 2}","misma unidad económica, en la que se ¿Esta(s) actividad(es) la(s) realizó en el mismo lugar desarrolla la actividad principal.",,,doc_2024.pdf p.159,ficha_variable
2024,trabajos,medtrab_1,C (1),1,Servicios médicos del seguro social IMSS,{1},servicios médicos del seguro social. ¿En este trabajo le dieron las siguientes,,,doc_2024.pdf p.159,ficha_variable
2024,trabajos,medtrab_2,C (1),2,Servicios médicos del ISSSTE,{2},de servicios médicos del ISSSTE.,,,doc_2024.pdf p.159,ficha_variable
2024,trabajos,medtrab_3,C (1),3,Servicios médicos del ISSSTE estatal,{3},de servicios médicos del ISSSTE estatal.,,,doc_2024.pdf p.160,ficha_variable
2024,trabajos,medtrab_4,C (1),4,"Servicios médicos de PEMEX, del ejército o de la marina",{4},"de servicios médicos de PEMEX, del ejército o ¿En este trabajo le dieron las siguientes de la marina.",,,doc_2024.pdf p.160,ficha_variable
2024,trabajos,medtrab_5,C (1),5,Servicios médicos de universidades,{5},servicios médicos de universidades. ¿En este trabajo le dieron las siguientes,,,doc_2024.pdf p.160,ficha_variable
2024,trabajos,medtrab_6,C (1),6,Servicios médicos privados,{6},servicios médicos privados. ¿En este trabajo le dieron las siguientes,,,doc_2024.pdf p.160,ficha_variable
2024,trabajos,medtrab_7,C (1),7,No tiene servicio médico en este trabajo,{7},En el trabajo no cuentan con servicios médicos. ¿En este trabajo le dieron las siguientes,,,doc_2024.pdf p.161,ficha_variable
2024,trabajos,no_ing,C (2),01,Pago en especie,"{01,..., 13, 99)","económicas, no percibieron ingresos",,,doc_2024.pdf p.156,ficha_variable
2024,trabajos,no_ing,C (2),02,No le han pagado,"{01,..., 13, 99)","económicas, no percibieron ingresos",,,doc_2024.pdf p.156,ficha_variable
2024,trabajos,no_ing,C (2),03,Está contratado pero no ha iniciado sus actividades,"{01,..., 13, 99)","económicas, no percibieron ingresos",,,doc_2024.pdf p.156,ficha_variable
2024,trabajos,no_ing,C (2),04,"Incapacidad temporal (enfermedad, accidente, etcétera)","{01,..., 13, 99)","económicas, no percibieron ingresos",,,doc_2024.pdf p.156,ficha_variable
2024,trabajos,no_ing,C (2),05,"Falta de trabajo (cierre temporal de la empresa, negocio o comercio pero sin haber sido despedido)","{01,..., 13, 99)","económicas, no percibieron ingresos",,,doc_2024.pdf p.156,ficha_variable
2024,trabajos,no_ing,C (2),06,Conflicto laboral o huelga de subordinados,"{01,..., 13, 99)","económicas, no percibieron ingresos",,,doc_2024.pdf p.156,ficha_variable
2024,trabajos,no_ing,C (2),07,Escasez de materiales y reparación del equipo para la producción o venta de subordinados,"{01,..., 13, 99)","económicas, no percibieron ingresos",,,doc_2024.pdf p.156,ficha_variable
2024,trabajos,no_ing,C (2),08,Está esperando continuar con las labores agrícolas,"{01,..., 13, 99)","económicas, no percibieron ingresos",,,doc_2024.pdf p.156,ficha_variable
2024,trabajos,no_ing,C (2),09,Conflicto laboral o huelga de independientes,"{01,..., 13, 99)","económicas, no percibieron ingresos",,,doc_2024.pdf p.156,ficha_variable
2024,trabajos,no_ing,C (2),10,Inicio labores y no hay gastos ni ingresos,"{01,..., 13, 99)","económicas, no percibieron ingresos",,,doc_2024.pdf p.156,ficha_variable
2024,trabajos,no_ing,C (2),11,Escasez de materiales y reparación del equipo para la producción o venta de independientes,"{01,..., 13, 99)","económicas, no percibieron ingresos",,,doc_2024.pdf p.156,ficha_variable
2024,trabajos,no_ing,C (2),12,No ha tenido utilidades en el periodo de referencia,"{01,..., 13, 99)","económicas, no percibieron ingresos",,,doc_2024.pdf p.156,ficha_variable
2024,trabajos,no_ing,C (2),13,El negocio tuvo pérdidas,"{01,..., 13, 99)","económicas, no percibieron ingresos",,,doc_2024.pdf p.156,ficha_variable
2024,trabajos,no_ing,C (2),99,Otras causas no consideradas en las anteriores,"{01,..., 13, 99)","económicas, no percibieron ingresos",,,doc_2024.pdf p.156,ficha_variable
2024,trabajos,otra_act,C (1),1,Sí,"{1, 2}","durante el periodo de referencia, tanto en el Además de la actividad mencionada, el mes pasado,",,,doc_2024.pdf p.157,ficha_variable
2024,trabajos,otra_act,C (1),2,No nóicpircseD .4202 y,"{1, 2}","durante el periodo de referencia, tanto en el Además de la actividad mencionada, el mes pasado,",,,doc_2024.pdf p.157,ficha_variable
2024,trabajos,pago,C (1),1,Recibe un pago,"{1,..., 3}",Forma de pago en su trabajo.,,,doc_2024.pdf p.148,ficha_variable
2024,trabajos,pago,C (1),2,Es un trabajador(a) sin pago en un negocio del hogar,"{1,..., 3}",Forma de pago en su trabajo.,,,doc_2024.pdf p.148,ficha_variable
2024,trabajos,pago,C (1),3,Es un trabajador(a) sin pago en un negocio que no es del hogar,"{1,..., 3}",Forma de pago en su trabajo.,,,doc_2024.pdf p.148,ficha_variable
2024,trabajos,personal,C (1),1,Sí,"{1, 2}",cargo. ¿Tuvo empleados o le ayudaron personas en su,,,doc_2024.pdf p.148,ficha_variable
2024,trabajos,personal,C (1),2,No,"{1, 2}",cargo. ¿Tuvo empleados o le ayudaron personas en su,,,doc_2024.pdf p.148,ficha_variable
2024,trabajos,pres_1,C (2),01,"Incapacidad en caso de enfermedad, accidente o maternidad",{01},"incapacidad en caso de enfermedad, accidente ¿En este trabajo le dieron las siguientes o maternidad.",,,doc_2024.pdf p.149,ficha_variable
2024,trabajos,pres_10,C (2),10,Préstamos personales y/o caja de ahorro,{10},préstamos personales y/o caja de ahorro. ¿En este trabajo le dieron las siguientes,,,doc_2024.pdf p.151,ficha_variable
2024,trabajos,pres_11,C (2),11,Prima vacacional,{11},prima vacacional. ¿En este trabajo le dieron las siguientes,,,doc_2024.pdf p.152,ficha_variable
2024,trabajos,pres_12,C (2),12,Becas y apoyos educativos,{12},becas y apoyos educativos. ¿En este trabajo le dieron las siguientes,,,doc_2024.pdf p.152,ficha_variable
2024,trabajos,pres_13,C (2),13,Servicio de comedor,{13},servicio de comedor. ¿En este trabajo le dieron las siguientes,,,doc_2024.pdf p.152,ficha_variable
2024,trabajos,pres_14,C (2),14,Crédito FONACOT,{14},de crédito FONACOT.,,,doc_2024.pdf p.152,ficha_variable
2024,trabajos,pres_15,C (2),15,Ayuda de despensas,{15},ayuda de despensas. ¿En este trabajo le dieron las siguientes,,,doc_2024.pdf p.153,ficha_variable
2024,trabajos,pres_16,C (2),16,"Ayuda o exención en el pago de luz, agua, teléfono, etcétera",{16},"ayuda o exención en el pago de luz, agua, ¿En este trabajo le dieron las siguientes teléfono, etcétera.",,,doc_2024.pdf p.153,ficha_variable
2024,trabajos,pres_17,C (2),17,Pensión en caso de invalidez,{17},pensión en caso de invalidez. ¿En este trabajo le dieron las siguientes,,,doc_2024.pdf p.153,ficha_variable
2024,trabajos,pres_18,C (2),18,Pensión para sus familiares en caso de fallecimiento,{18},pensión para sus familiares en caso de fallecimiento.,,,doc_2024.pdf p.153,ficha_variable
2024,trabajos,pres_19,C (2),19,Otras prestaciones,{19},prestaciones. ¿En este trabajo le dieron las siguientes,,,doc_2024.pdf p.154,ficha_variable
2024,trabajos,pres_2,C (2),02,Aguinaldo,{02},aguinaldo. ¿En este trabajo le dieron las siguientes,,,doc_2024.pdf p.149,ficha_variable
2024,trabajos,pres_20,C (2),20,No tiene prestaciones provenientes de su trabajo,{20},prestaciones. ¿En este trabajo le dieron las siguientes,,,doc_2024.pdf p.154,ficha_variable
2024,trabajos,pres_3,C (2),03,Vacaciones con goce de sueldo,{03},vacaciones con goce de sueldo. ¿En este trabajo le dieron las siguientes,,,doc_2024.pdf p.150,ficha_variable
2024,trabajos,pres_4,C (2),04,Reparto de utilidades,{04},reparto de utilidades. ¿En este trabajo le dieron las siguientes,,,doc_2024.pdf p.150,ficha_variable
2024,trabajos,pres_5,C (2),05,Crédito de vivienda,{05},crédito de vivienda. ¿En este trabajo le dieron las siguientes,,,doc_2024.pdf p.150,ficha_variable
2024,trabajos,pres_6,C (2),06,Guarderías y estancias infantiles,{06},guarderías y estancias infantiles. ¿En este trabajo le dieron las siguientes,,,doc_2024.pdf p.150,ficha_variable
2024,trabajos,pres_7,C (2),07,Tiempo para cuidados maternos o paternos,{07},tiempo para cuidados maternos o paternos. ¿En este trabajo le dieron las siguientes,,,doc_2024.pdf p.151,ficha_variable
2024,trabajos,pres_8,C (2),08,SAR o AFORE,{08},de SAR o AFORE.,,,doc_2024.pdf p.151,ficha_variable
2024,trabajos,pres_9,C (2),09,Seguro de vida,{09},seguro de vida. ¿En este trabajo le dieron las siguientes,,,doc_2024.pdf p.151,ficha_variable
2024,trabajos,socios,C (1),1,Sí,"{1, 2}",¿Existe alguna otra persona en el hogar además de también sea(n) dueño(s) del negocio.,,,doc_2024.pdf p.157,ficha_variable
2024,trabajos,socios,C (1),2,No,"{1, 2}",¿Existe alguna otra persona en el hogar además de también sea(n) dueño(s) del negocio.,,,doc_2024.pdf p.157,ficha_variable
2024,trabajos,subor,C (1),1,Sí,"{1, 2}",En el trabajo que tuvo fue subordinado.,,,doc_2024.pdf p.148,ficha_variable
2024,trabajos,subor,C (1),2,No,"{1, 2}",En el trabajo que tuvo fue subordinado.,,,doc_2024.pdf p.148,ficha_variable
2024,trabajos,tam_emp,C (2),01,De 1 persona,"{01,..., 12}","de trabajadores, donde desempeñó su trabajo Durante el mes pasado, ¿cuántas personas principal el integrante del hogar, el mes",,,doc_2024.pdf p.155,ficha_variable
2024,trabajos,tam_emp,C (2),02,De 2 a 5 personas,"{01,..., 12}","de trabajadores, donde desempeñó su trabajo Durante el mes pasado, ¿cuántas personas principal el integrante del hogar, el mes",,,doc_2024.pdf p.155,ficha_variable
2024,trabajos,tam_emp,C (2),03,De 6 a 10 personas,"{01,..., 12}","de trabajadores, donde desempeñó su trabajo Durante el mes pasado, ¿cuántas personas principal el integrante del hogar, el mes",,,doc_2024.pdf p.155,ficha_variable
2024,trabajos,tam_emp,C (2),04,De 11 a 15 personas,"{01,..., 12}","de trabajadores, donde desempeñó su trabajo Durante el mes pasado, ¿cuántas personas principal el integrante del hogar, el mes",,,doc_2024.pdf p.155,ficha_variable
2024,trabajos,tam_emp,C (2),05,De 16 a 20 personas,"{01,..., 12}","de trabajadores, donde desempeñó su trabajo Durante el mes pasado, ¿cuántas personas principal el integrante del hogar, el mes",,,doc_2024.pdf p.155,ficha_variable
2024,trabajos,tam_emp,C (2),06,De 21 a 30 personas,"{01,..., 12}","de trabajadores, donde desempeñó su trabajo Durante el mes pasado, ¿cuántas personas principal el integrante del hogar, el mes",,,doc_2024.pdf p.155,ficha_variable
2024,trabajos,tam_emp,C (2),07,De 31 a 50 personas,"{01,..., 12}","de trabajadores, donde desempeñó su trabajo Durante el mes pasado, ¿cuántas personas principal el integrante del hogar, el mes",,,doc_2024.pdf p.155,ficha_variable
2024,trabajos,tam_emp,C (2),08,De 51 a 100 personas,"{01,..., 12}","de trabajadores, donde desempeñó su trabajo Durante el mes pasado, ¿cuántas personas principal el integrante del hogar, el mes",,,doc_2024.pdf p.155,ficha_variable
2024,trabajos,tam_emp,C (2),09,De 101 a 250 personas,"{01,..., 12}","de trabajadores, donde desempeñó su trabajo Durante el mes pasado, ¿cuántas personas principal el integrante del hogar, el mes",,,doc_2024.pdf p.155,ficha_variable
2024,trabajos,tam_emp,C (2),10,De 251 a 500 personas,"{01,..., 12}","de trabajadores, donde desempeñó su trabajo Durante el mes pasado, ¿cuántas personas principal el integrante del hogar, el mes",,,doc_2024.pdf p.155,ficha_variable
2024,trabajos,tam_emp,C (2),11,De 501 a más personas,"{01,..., 12}","de trabajadores, donde desempeñó su trabajo Durante el mes pasado, ¿cuántas personas principal el integrante del hogar, el mes",,,doc_2024.pdf p.155,ficha_variable
2024,trabajos,tam_emp,C (2),12,No sabe,"{01,..., 12}","de trabajadores, donde desempeñó su trabajo Durante el mes pasado, ¿cuántas personas principal el integrante del hogar, el mes",,,doc_2024.pdf p.155,ficha_variable
2024,trabajos,tiene_suel,C (1),1,Sí,"{1, 2}","años, por el desempeño del trabajo que realizó ¿En este trabajo usted recibió o tuvo asignado un",,,doc_2024.pdf p.156,ficha_variable
2024,trabajos,tiene_suel,C (1),2,No,"{1, 2}","años, por el desempeño del trabajo que realizó ¿En este trabajo usted recibió o tuvo asignado un",,,doc_2024.pdf p.156,ficha_variable
2024,trabajos,tipoact,C (1),1,Industrial,"{1,..., 9}","empresa, negocio o institución.",,,doc_2024.pdf p.156,ficha_variable
2024,trabajos,tipoact,C (1),2,Comercial,"{1,..., 9}","empresa, negocio o institución.",,,doc_2024.pdf p.156,ficha_variable
2024,trabajos,tipoact,C (1),3,De servicios,"{1,..., 9}","empresa, negocio o institución.",,,doc_2024.pdf p.156,ficha_variable
2024,trabajos,tipoact,C (1),4,Actividades agrícolas,"{1,..., 9}","empresa, negocio o institución.",,,doc_2024.pdf p.156,ficha_variable
2024,trabajos,tipoact,C (1),5,Actividades de cría y explotación de animales,"{1,..., 9}","empresa, negocio o institución.",,,doc_2024.pdf p.156,ficha_variable
2024,trabajos,tipoact,C (1),6,Actividades de recolección nóicpircseD .4202 y,"{1,..., 9}","empresa, negocio o institución.",,,doc_2024.pdf p.156,ficha_variable
2024,trabajos,tipoact,C (1),7,Reforestación y tala de árboles,"{1,..., 9}","empresa, negocio o institución.",,,doc_2024.pdf p.156,ficha_variable
2024,trabajos,tipoact,C (1),8,Actividades de caza y captura de animales,"{1,..., 9}","empresa, negocio o institución.",,,doc_2024.pdf p.156,ficha_variable
2024,trabajos,tipoact,C (1),9,Actividades de pesca,"{1,..., 9}","empresa, negocio o institución.",,,doc_2024.pdf p.156,ficha_variable
2024,trabajos,tipoact2,C (1),1,Industrial,"{1,..., 9}","dedica la empresa, negocio o institución.",,,doc_2024.pdf p.158,ficha_variable
2024,trabajos,tipoact2,C (1),2,Comercial,"{1,..., 9}","dedica la empresa, negocio o institución.",,,doc_2024.pdf p.158,ficha_variable
2024,trabajos,tipoact2,C (1),3,De servicios,"{1,..., 9}","dedica la empresa, negocio o institución.",,,doc_2024.pdf p.158,ficha_variable
2024,trabajos,tipoact2,C (1),4,Actividades agrícolas,"{1,..., 9}","dedica la empresa, negocio o institución.",,,doc_2024.pdf p.158,ficha_variable
2024,trabajos,tipoact2,C (1),5,Actividades de cría y explotación de animales,"{1,..., 9}","dedica la empresa, negocio o institución.",,,doc_2024.pdf p.158,ficha_variable
2024,trabajos,tipoact2,C (1),6,Actividades de recolección,"{1,..., 9}","dedica la empresa, negocio o institución.",,,doc_2024.pdf p.158,ficha_variable
2024,trabajos,tipoact2,C (1),7,Reforestación y tala de árboles,"{1,..., 9}","dedica la empresa, negocio o institución.",,,doc_2024.pdf p.158,ficha_variable
2024,trabajos,tipoact2,C (1),8,Actividades de caza y captura de animales,"{1,..., 9}","dedica la empresa, negocio o institución.",,,doc_2024.pdf p.158,ficha_variable
2024,trabajos,tipoact2,C (1),9,Actividades de pesca,"{1,..., 9}","dedica la empresa, negocio o institución.",,,doc_2024.pdf p.158,ficha_variable
2024,trabajos,tipoact3,C (1),1,Industrial,"{1,..., 9}","la empresa, negocio o institución.",,,doc_2024.pdf p.158,ficha_variable
2024,trabajos,tipoact3,C (1),2,Comercial,"{1,..., 9}","la empresa, negocio o institución.",,,doc_2024.pdf p.158,ficha_variable
2024,trabajos,tipoact3,C (1),3,De servicios,"{1,..., 9}","la empresa, negocio o institución.",,,doc_2024.pdf p.158,ficha_variable
2024,trabajos,tipoact3,C (1),4,Actividades agrícolas,"{1,..., 9}","la empresa, negocio o institución.",,,doc_2024.pdf p.158,ficha_variable
2024,trabajos,tipoact3,C (1),5,Actividades de cría y explotación de animales,"{1,..., 9}","la empresa, negocio o institución.",,,doc_2024.pdf p.158,ficha_variable
2024,trabajos,tipoact3,C (1),6,Actividades de recolección,"{1,..., 9}","la empresa, negocio o institución.",,,doc_2024.pdf p.158,ficha_variable
2024,trabajos,tipoact3,C (1),7,Reforestación y tala de árboles,"{1,..., 9}","la empresa, negocio o institución.",,,doc_2024.pdf p.158,ficha_variable
2024,trabajos,tipoact3,C (1),8,Actividades de caza y captura de animales,"{1,..., 9}","la empresa, negocio o institución.",,,doc_2024.pdf p.158,ficha_variable
2024,trabajos,tipoact3,C (1),9,Actividades de pesca,"{1,..., 9}","la empresa, negocio o institución.",,,doc_2024.pdf p.158,ficha_variable
2024,trabajos,tipoact4,C (1),1,Industrial,"{1,..., 9}","la empresa, negocio o institución.",,,doc_2024.pdf p.158,ficha_variable
2024,trabajos,tipoact4,C (1),2,Comercial,"{1,..., 9}","la empresa, negocio o institución.",,,doc_2024.pdf p.158,ficha_variable
2024,trabajos,tipoact4,C (1),3,De servicios,"{1,..., 9}","la empresa, negocio o institución.",,,doc_2024.pdf p.158,ficha_variable
2024,trabajos,tipoact4,C (1),4,Actividades agrícolas,"{1,..., 9}","la empresa, negocio o institución.",,,doc_2024.pdf p.158,ficha_variable
2024,trabajos,tipoact4,C (1),5,Actividades de cría y explotación de animales,"{1,..., 9}","la empresa, negocio o institución.",,,doc_2024.pdf p.158,ficha_variable
2024,trabajos,tipoact4,C (1),6,Actividades de recolección,"{1,..., 9}","la empresa, negocio o institución.",,,doc_2024.pdf p.158,ficha_variable
2024,trabajos,tipoact4,C (1),7,Reforestación y tala de árboles nóicpircseD .4202 y,"{1,..., 9}","la empresa, negocio o institución.",,,doc_2024.pdf p.158,ficha_variable
2024,trabajos,tipoact4,C (1),8,Actividades de caza y captura de animales,"{1,..., 9}","la empresa, negocio o institución.",,,doc_2024.pdf p.158,ficha_variable
2024,trabajos,tipoact4,C (1),9,Actividades de pesca,"{1,..., 9}","la empresa, negocio o institución.",,,doc_2024.pdf p.158,ficha_variable
2024,trabajos,tipocontr,C (1),1,Es temporal o por obra determinada,"{1, 2}",tuvo.,,,doc_2024.pdf p.149,ficha_variable
2024,trabajos,tipocontr,C (1),2,"Es de base, planta o por tiempo Indeterminado","{1, 2}",tuvo.,,,doc_2024.pdf p.149,ficha_variable
2024,trabajos,trapais,C (1),1,Sí,"{1, 2}",El trabajo que tuvo fue dentro del país.,,,doc_2024.pdf p.147,ficha_variable
2024,trabajos,trapais,C (1),2,No,"{1, 2}",El trabajo que tuvo fue dentro del país.,,,doc_2024.pdf p.147,ficha_variable
2024,viviendas,ab_agua,C (1),1,Del servicio público de agua,"{1,..., 7}",Lugar de donde proviene el agua.,,,doc_2024.pdf p.39,ficha_variable
2024,viviendas,ab_agua,C (1),2,De un pozo comunitario,"{1,..., 7}",Lugar de donde proviene el agua.,,,doc_2024.pdf p.39,ficha_variable
2024,viviendas,ab_agua,C (1),3,De un pozo particular,"{1,..., 7}",Lugar de donde proviene el agua.,,,doc_2024.pdf p.39,ficha_variable
2024,viviendas,ab_agua,C (1),4,De una pipa,"{1,..., 7}",Lugar de donde proviene el agua.,,,doc_2024.pdf p.39,ficha_variable
2024,viviendas,ab_agua,C (1),5,De otra vivienda,"{1,..., 7}",Lugar de donde proviene el agua.,,,doc_2024.pdf p.39,ficha_variable
2024,viviendas,ab_agua,C (1),6,De la lluvia,"{1,..., 7}",Lugar de donde proviene el agua.,,,doc_2024.pdf p.39,ficha_variable
2024,viviendas,ab_agua,C (1),7,De otro lugar,"{1,..., 7}",Lugar de donde proviene el agua.,,,doc_2024.pdf p.39,ficha_variable
2024,viviendas,agua_ent,C (1),1,Dentro de la vivienda,"{1,..., 3}",manguera con la que obtienen el agua. ¿El agua la obtienen de llaves o mangueras que,,,doc_2024.pdf p.39,ficha_variable
2024,viviendas,agua_ent,C (1),2,Solo en el patio o terreno,"{1,..., 3}",manguera con la que obtienen el agua. ¿El agua la obtienen de llaves o mangueras que,,,doc_2024.pdf p.39,ficha_variable
2024,viviendas,agua_ent,C (1),3,¿No tiene agua entubada?,"{1,..., 3}",manguera con la que obtienen el agua. ¿El agua la obtienen de llaves o mangueras que,,,doc_2024.pdf p.39,ficha_variable
2024,viviendas,agua_noe,C (1),1,Un pozo,"{1,..., 6}",el hogar.,,,doc_2024.pdf p.39,ficha_variable
2024,viviendas,agua_noe,C (1),2,Una llave comunitaria,"{1,..., 6}",el hogar.,,,doc_2024.pdf p.39,ficha_variable
2024,viviendas,agua_noe,C (1),3,Otra vivienda,"{1,..., 6}",el hogar.,,,doc_2024.pdf p.39,ficha_variable
2024,viviendas,agua_noe,C (1),4,"Un río, arroyo o lago","{1,..., 6}",el hogar.,,,doc_2024.pdf p.39,ficha_variable
2024,viviendas,agua_noe,C (1),5,La trae una pipa,"{1,..., 6}",el hogar.,,,doc_2024.pdf p.39,ficha_variable
2024,viviendas,agua_noe,C (1),6,La captan de la lluvia,"{1,..., 6}",el hogar.,,,doc_2024.pdf p.39,ficha_variable
2024,viviendas,aire_acond,C (1),1,Sí,"{1, 2}",Aire acondicionado.,,,doc_2024.pdf p.48,ficha_variable
2024,viviendas,aire_acond,C (1),2,No nóicpircseD .4202 y,"{1, 2}",Aire acondicionado.,,,doc_2024.pdf p.48,ficha_variable
2024,viviendas,antigua_ne,C (1),1,No sabe nóicpircseD .4202 y,{1},No sabe la antigüedad de la vivienda ¿Cuántos años hace que se construyó esta,,,doc_2024.pdf p.37,ficha_variable
2024,viviendas,biodigest,C (1),1,Sí,"{1, 2}",servicio sanitario.,,,doc_2024.pdf p.40,ficha_variable
2024,viviendas,biodigest,C (1),2,No,"{1, 2}",servicio sanitario.,,,doc_2024.pdf p.40,ficha_variable
2024,viviendas,bomba_agua,C (1),1,Sí,"{1, 2}",Bomba de agua.,,,doc_2024.pdf p.48,ficha_variable
2024,viviendas,bomba_agua,C (1),2,No,"{1, 2}",Bomba de agua.,,,doc_2024.pdf p.48,ficha_variable
2024,viviendas,calefacc,C (1),1,Sí,"{1, 2}",Calefacción.,,,doc_2024.pdf p.49,ficha_variable
2024,viviendas,calefacc,C (1),2,No,"{1, 2}",Calefacción.,,,doc_2024.pdf p.49,ficha_variable
2024,viviendas,calen_lena,C (1),1,Sí,"{1, 2}",Boiler o calentador de agua (leña) ¿Esta vivienda tiene boiler o calentador,,,doc_2024.pdf p.48,ficha_variable
2024,viviendas,calen_lena,C (1),2,No,"{1, 2}",Boiler o calentador de agua (leña) ¿Esta vivienda tiene boiler o calentador,,,doc_2024.pdf p.48,ficha_variable
2024,viviendas,calent_gas,C (1),1,Sí,"{1, 2}","Boiler o calentador de agua (gas, eléctrico) ¿Esta vivienda tiene boiler o calentador",,,doc_2024.pdf p.47,ficha_variable
2024,viviendas,calent_gas,C (1),2,No nóicpircseD .4202 y,"{1, 2}","Boiler o calentador de agua (gas, eléctrico) ¿Esta vivienda tiene boiler o calentador",,,doc_2024.pdf p.47,ficha_variable
2024,viviendas,calent_sol,C (1),1,Sí,"{1, 2}",Calentador de agua solar.,,,doc_2024.pdf p.47,ficha_variable
2024,viviendas,calent_sol,C (1),2,No,"{1, 2}",Calentador de agua solar.,,,doc_2024.pdf p.47,ficha_variable
2024,viviendas,cisterna,C (1),1,Sí,"{1, 2}",Cisterna o aljibe.,,,doc_2024.pdf p.47,ficha_variable
2024,viviendas,cisterna,C (1),2,No,"{1, 2}",Cisterna o aljibe.,,,doc_2024.pdf p.47,ficha_variable
2024,viviendas,cocina,C (1),1,Sí,"{1, 2}","calentar alimentos, aunque también tenga otros usos.",,,doc_2024.pdf p.38,ficha_variable
2024,viviendas,cocina,C (1),2,No,"{1, 2}","calentar alimentos, aunque también tenga otros usos.",,,doc_2024.pdf p.38,ficha_variable
2024,viviendas,cocina_dor,C (1),1,Sí,"{1, 2}",para dormir.,,,doc_2024.pdf p.38,ficha_variable
2024,viviendas,cocina_dor,C (1),2,No,"{1, 2}",para dormir.,,,doc_2024.pdf p.38,ficha_variable
2024,viviendas,combus,C (1),&,No especificado,"{1,..., 7}",calentar alimentos en la vivienda.,,,doc_2024.pdf p.42,ficha_variable
2024,viviendas,combus,C (1),1,Leña,"{1,..., 7}",calentar alimentos en la vivienda.,,,doc_2024.pdf p.42,ficha_variable
2024,viviendas,combus,C (1),2,Carbón,"{1,..., 7}",calentar alimentos en la vivienda.,,,doc_2024.pdf p.42,ficha_variable
2024,viviendas,combus,C (1),3,Gas de tanque,"{1,..., 7}",calentar alimentos en la vivienda.,,,doc_2024.pdf p.42,ficha_variable
2024,viviendas,combus,C (1),4,Gas natural o de tubería,"{1,..., 7}",calentar alimentos en la vivienda.,,,doc_2024.pdf p.42,ficha_variable
2024,viviendas,combus,C (1),5,Electricidad,"{1,..., 7}",calentar alimentos en la vivienda.,,,doc_2024.pdf p.42,ficha_variable
2024,viviendas,combus,C (1),6,Otro combustible,"{1,..., 7}",calentar alimentos en la vivienda.,,,doc_2024.pdf p.42,ficha_variable
2024,viviendas,combus,C (1),7,No cocinan,"{1,..., 7}",calentar alimentos en la vivienda.,,,doc_2024.pdf p.42,ficha_variable
2024,viviendas,combustible,C (1),&,No especificado,"{1,..., 7}",calentar alimentos en la vivienda.,,,doc_2024.pdf p.42,correccion_acotada_alias_homologado
2024,viviendas,combustible,C (1),1,Leña,"{1,..., 7}",calentar alimentos en la vivienda.,,,doc_2024.pdf p.42,correccion_acotada_alias_homologado
2024,viviendas,combustible,C (1),2,Carbón,"{1,..., 7}",calentar alimentos en la vivienda.,,,doc_2024.pdf p.42,correccion_acotada_alias_homologado
2024,viviendas,combustible,C (1),3,Gas de tanque,"{1,..., 7}",calentar alimentos en la vivienda.,,,doc_2024.pdf p.42,correccion_acotada_alias_homologado
2024,viviendas,combustible,C (1),4,Gas natural o de tubería,"{1,..., 7}",calentar alimentos en la vivienda.,,,doc_2024.pdf p.42,correccion_acotada_alias_homologado
2024,viviendas,combustible,C (1),5,Electricidad,"{1,..., 7}",calentar alimentos en la vivienda.,,,doc_2024.pdf p.42,correccion_acotada_alias_homologado
2024,viviendas,combustible,C (1),6,Otro combustible,"{1,..., 7}",calentar alimentos en la vivienda.,,,doc_2024.pdf p.42,correccion_acotada_alias_homologado
2024,viviendas,combustible,C (1),7,No cocinan,"{1,..., 7}",calentar alimentos en la vivienda.,,,doc_2024.pdf p.42,correccion_acotada_alias_homologado
2024,viviendas,disp_elect,C (1),1,Del servicio público,"{1,..., 5}",en la vivienda.,,,doc_2024.pdf p.41,ficha_variable
2024,viviendas,disp_elect,C (1),2,De una planta particular,"{1,..., 5}",en la vivienda.,,,doc_2024.pdf p.41,ficha_variable
2024,viviendas,disp_elect,C (1),3,De panel solar,"{1,..., 5}",en la vivienda.,,,doc_2024.pdf p.41,ficha_variable
2024,viviendas,disp_elect,C (1),4,De otra fuente,"{1,..., 5}",en la vivienda.,,,doc_2024.pdf p.41,ficha_variable
2024,viviendas,disp_elect,C (1),5,No tiene luz eléctrica,"{1,..., 5}",en la vivienda.,,,doc_2024.pdf p.41,ficha_variable
2024,viviendas,dotac_agua,C (1),&,No especificado,"{1,..., 5}",agua entubada. ¿Cuántos días a la semana llega el agua a esta,,,doc_2024.pdf p.39,ficha_variable
2024,viviendas,dotac_agua,C (1),1,Diario,"{1,..., 5}",agua entubada. ¿Cuántos días a la semana llega el agua a esta,,,doc_2024.pdf p.39,ficha_variable
2024,viviendas,dotac_agua,C (1),2,Cada tercer día nóicpircseD .4202 y,"{1,..., 5}",agua entubada. ¿Cuántos días a la semana llega el agua a esta,,,doc_2024.pdf p.39,ficha_variable
2024,viviendas,dotac_agua,C (1),3,Dos veces por semana,"{1,..., 5}",agua entubada. ¿Cuántos días a la semana llega el agua a esta,,,doc_2024.pdf p.39,ficha_variable
2024,viviendas,dotac_agua,C (1),4,Una vez por semana,"{1,..., 5}",agua entubada. ¿Cuántos días a la semana llega el agua a esta,,,doc_2024.pdf p.39,ficha_variable
2024,viviendas,dotac_agua,C (1),5,De vez en cuando,"{1,..., 5}",agua entubada. ¿Cuántos días a la semana llega el agua a esta,,,doc_2024.pdf p.39,ficha_variable
2024,viviendas,drenaje,C (1),1,La red pública,"{1,..., 5}",desalojar de la vivienda los desechos humanos ¿Esta vivienda tiene drenaje o desagüe conectado y las aguas utilizadas.,,,doc_2024.pdf p.41,ficha_variable
2024,viviendas,drenaje,C (1),2,Una fosa séptica o tanque séptico (biodigestor),"{1,..., 5}",desalojar de la vivienda los desechos humanos ¿Esta vivienda tiene drenaje o desagüe conectado y las aguas utilizadas.,,,doc_2024.pdf p.41,ficha_variable
2024,viviendas,drenaje,C (1),3,Una tubería que va a dar a una barranca o grieta,"{1,..., 5}",desalojar de la vivienda los desechos humanos ¿Esta vivienda tiene drenaje o desagüe conectado y las aguas utilizadas.,,,doc_2024.pdf p.41,ficha_variable
2024,viviendas,drenaje,C (1),4,"Una tubería que va a dar a un río, lago o mar","{1,..., 5}",desalojar de la vivienda los desechos humanos ¿Esta vivienda tiene drenaje o desagüe conectado y las aguas utilizadas.,,,doc_2024.pdf p.41,ficha_variable
2024,viviendas,drenaje,C (1),5,No tiene drenaje,"{1,..., 5}",desalojar de la vivienda los desechos humanos ¿Esta vivienda tiene drenaje o desagüe conectado y las aguas utilizadas.,,,doc_2024.pdf p.41,ficha_variable
2024,viviendas,eli_basura,C (1),1,Se la da a un camión o carrito de basura,"{1,..., 8}",Formas de eliminar la basura de la vivienda.,,,doc_2024.pdf p.42,ficha_variable
2024,viviendas,eli_basura,C (1),2,La llevan al basurero público,"{1,..., 8}",Formas de eliminar la basura de la vivienda.,,,doc_2024.pdf p.42,ficha_variable
2024,viviendas,eli_basura,C (1),3,La dejan en un contenedor o depósito,"{1,..., 8}",Formas de eliminar la basura de la vivienda.,,,doc_2024.pdf p.42,ficha_variable
2024,viviendas,eli_basura,C (1),4,La queman,"{1,..., 8}",Formas de eliminar la basura de la vivienda.,,,doc_2024.pdf p.42,ficha_variable
2024,viviendas,eli_basura,C (1),5,La entierran,"{1,..., 8}",Formas de eliminar la basura de la vivienda.,,,doc_2024.pdf p.42,ficha_variable
2024,viviendas,eli_basura,C (1),6,La tiran en un terreno baldío o calle,"{1,..., 8}",Formas de eliminar la basura de la vivienda.,,,doc_2024.pdf p.42,ficha_variable
2024,viviendas,eli_basura,C (1),7,La tiran en barranca o grieta,"{1,..., 8}",Formas de eliminar la basura de la vivienda.,,,doc_2024.pdf p.42,ficha_variable
2024,viviendas,eli_basura,C (1),8,"La tiran al río, lago o mar","{1,..., 8}",Formas de eliminar la basura de la vivienda.,,,doc_2024.pdf p.42,ficha_variable
2024,viviendas,escrituras,C (1),1,A nombre de la dueña o dueño,"{1,..., 4}",Escrituras o título de propiedad de la vivienda. ¿Esta vivienda cuenta con escrituras o título de,,,doc_2024.pdf p.46,ficha_variable
2024,viviendas,escrituras,C (1),2,A nombre de otra persona,"{1,..., 4}",Escrituras o título de propiedad de la vivienda. ¿Esta vivienda cuenta con escrituras o título de,,,doc_2024.pdf p.46,ficha_variable
2024,viviendas,escrituras,C (1),3,No tiene escrituras,"{1,..., 4}",Escrituras o título de propiedad de la vivienda. ¿Esta vivienda cuenta con escrituras o título de,,,doc_2024.pdf p.46,ficha_variable
2024,viviendas,escrituras,C (1),4,No sabe,"{1,..., 4}",Escrituras o título de propiedad de la vivienda. ¿Esta vivienda cuenta con escrituras o título de,,,doc_2024.pdf p.46,ficha_variable
2024,viviendas,est_socio,C (1),1,Bajo nóicpircseD .4202 y,"{1,..., 4}",equipamiento de las mismas expresadas por medio de 34 indicadores construidos con información del Censo de Población y Vivienda 2010. Esta estratificación se realizó por medio,,1,doc_2024.pdf p.51,ficha_variable
2024,viviendas,est_socio,C (1),2,Medio bajo,"{1,..., 4}",equipamiento de las mismas expresadas por medio de 34 indicadores construidos con información del Censo de Población y Vivienda 2010. Esta estratificación se realizó por medio,,2,doc_2024.pdf p.51,ficha_variable
2024,viviendas,est_socio,C (1),3,Medio alto,"{1,..., 4}",equipamiento de las mismas expresadas por medio de 34 indicadores construidos con información del Censo de Población y Vivienda 2010. Esta estratificación se realizó por medio,,3,doc_2024.pdf p.51,ficha_variable
2024,viviendas,est_socio,C (1),4,Alto,"{1,..., 4}",equipamiento de las mismas expresadas por medio de 34 indicadores construidos con información del Censo de Población y Vivienda 2010. Esta estratificación se realizó por medio,,4,doc_2024.pdf p.51,ficha_variable
2024,viviendas,excusado,C (1),1,Taza de baño (excusado o sanitario),"{1,.., 3}",para el desalojo de los desechos humanos.,,,doc_2024.pdf p.40,ficha_variable
2024,viviendas,excusado,C (1),2,Letrina (pozo y hoyo),"{1,.., 3}",para el desalojo de los desechos humanos.,,,doc_2024.pdf p.40,ficha_variable
2024,viviendas,excusado,C (1),3,No tienen taza de baño ni letrina,"{1,.., 3}",para el desalojo de los desechos humanos.,,,doc_2024.pdf p.40,ficha_variable
2024,viviendas,finan_1,C (1),1,Le dio crédito el INFONAVIT,{1},construir su casa.,,,doc_2024.pdf p.44,ficha_variable
2024,viviendas,finan_2,C (1),2,Le dio crédito el FOVISSSTE,{2},construir su casa.,,,doc_2024.pdf p.44,ficha_variable
2024,viviendas,finan_3,C (1),3,Le dio crédito PEMEX,{3},construir su casa.,,,doc_2024.pdf p.44,ficha_variable
2024,viviendas,finan_4,C (1),4,Le dio crédito FONHAPO,{4},construir su casa.,,,doc_2024.pdf p.44,ficha_variable
2024,viviendas,finan_5,C (1),5,Le dio crédito un banco,{5},construir su casa.,,,doc_2024.pdf p.44,ficha_variable
2024,viviendas,finan_6,C (1),6,Le dio crédito otra institución,{6},construir su casa.,,,doc_2024.pdf p.45,ficha_variable
2024,viviendas,finan_7,C (1),7,"Le prestó un familiar, amiga(o) o prestamista",{7},construir su casa.,,,doc_2024.pdf p.45,ficha_variable
2024,viviendas,finan_8,C (1),&,No especificado,{8},construir su casa. ¿Quién de las personas que viven aquí es la dueña,,,doc_2024.pdf p.45,ficha_variable
2024,viviendas,finan_8,C (1),8,Usó sus propios recursos,{8},construir su casa. ¿Quién de las personas que viven aquí es la dueña,,,doc_2024.pdf p.45,ficha_variable
2024,viviendas,fogon_chi,C (1),1,Tiene tubo o chimenea para sacar el humo,"{1, 2}","de la vivienda al cocinar. ¿El fogón (anafre, estufa, comal) donde cocinan con",,,doc_2024.pdf p.42,ficha_variable
2024,viviendas,fogon_chi,C (1),2,No tiene tubo o chimenea para sacar el humo,"{1, 2}","de la vivienda al cocinar. ¿El fogón (anafre, estufa, comal) donde cocinan con",,,doc_2024.pdf p.42,ficha_variable
2024,viviendas,fregadero,C (1),1,Sí,"{1, 2}",Fregadero o tarja.,,,doc_2024.pdf p.46,ficha_variable
2024,viviendas,fregadero,C (1),2,No,"{1, 2}",Fregadero o tarja.,,,doc_2024.pdf p.46,ficha_variable
2024,viviendas,lavadero,C (1),1,Sí,"{1, 2}",Lavadero.,,,doc_2024.pdf p.46,ficha_variable
2024,viviendas,lavadero,C (1),2,No,"{1, 2}",Lavadero.,,,doc_2024.pdf p.46,ficha_variable
2024,viviendas,lugar_coc,C (1),1,Al interior de la vivienda,"{1,..., 6}",alimentos. ¿El espacio para cocinar o preparar alimentos,,,doc_2024.pdf p.38,ficha_variable
2024,viviendas,lugar_coc,C (1),2,En un cuarto separado de la vivienda,"{1,..., 6}",alimentos. ¿El espacio para cocinar o preparar alimentos,,,doc_2024.pdf p.38,ficha_variable
2024,viviendas,lugar_coc,C (1),3,En un pasillo o corredor fuera de la vivienda,"{1,..., 6}",alimentos. ¿El espacio para cocinar o preparar alimentos,,,doc_2024.pdf p.38,ficha_variable
2024,viviendas,lugar_coc,C (1),4,En un tejabán o techito,"{1,..., 6}",alimentos. ¿El espacio para cocinar o preparar alimentos,,,doc_2024.pdf p.38,ficha_variable
2024,viviendas,lugar_coc,C (1),5,Al aire libre,"{1,..., 6}",alimentos. ¿El espacio para cocinar o preparar alimentos,,,doc_2024.pdf p.38,ficha_variable
2024,viviendas,lugar_coc,C (1),6,No tiene espacio para cocinar nóicpircseD .4202 y,"{1,..., 6}",alimentos. ¿El espacio para cocinar o preparar alimentos,,,doc_2024.pdf p.38,ficha_variable
2024,viviendas,mat_pared,C (1),1,Material de desecho,"{1,..., 8}",vivienda. ¿De qué material es la mayor parte de las paredes o,,,doc_2024.pdf p.36,ficha_variable
2024,viviendas,mat_pared,C (1),2,Lámina de cartón,"{1,..., 8}",vivienda. ¿De qué material es la mayor parte de las paredes o,,,doc_2024.pdf p.36,ficha_variable
2024,viviendas,mat_pared,C (1),3,Lámina de asbesto o metálica,"{1,..., 8}",vivienda. ¿De qué material es la mayor parte de las paredes o,,,doc_2024.pdf p.36,ficha_variable
2024,viviendas,mat_pared,C (1),4,Carrizo bambú o palma,"{1,..., 8}",vivienda. ¿De qué material es la mayor parte de las paredes o,,,doc_2024.pdf p.36,ficha_variable
2024,viviendas,mat_pared,C (1),5,Embarro o bajareque,"{1,..., 8}",vivienda. ¿De qué material es la mayor parte de las paredes o,,,doc_2024.pdf p.36,ficha_variable
2024,viviendas,mat_pared,C (1),6,Madera,"{1,..., 8}",vivienda. ¿De qué material es la mayor parte de las paredes o,,,doc_2024.pdf p.36,ficha_variable
2024,viviendas,mat_pared,C (1),7,Adobe,"{1,..., 8}",vivienda. ¿De qué material es la mayor parte de las paredes o,,,doc_2024.pdf p.36,ficha_variable
2024,viviendas,mat_pared,C (1),8,"Tabique, ladrillo, block, piedra, cantera, cemento o concreto nóicpircseD .4202 y","{1,..., 8}",vivienda. ¿De qué material es la mayor parte de las paredes o,,,doc_2024.pdf p.36,ficha_variable
2024,viviendas,mat_pisos,C (1),&,No especificado,"{1,..., 3}",Material predominante en el piso de la vivienda. ¿De qué material es la mayor parte del piso de esta,,,doc_2024.pdf p.37,ficha_variable
2024,viviendas,mat_pisos,C (1),1,Tierra,"{1,..., 3}",Material predominante en el piso de la vivienda. ¿De qué material es la mayor parte del piso de esta,,,doc_2024.pdf p.37,ficha_variable
2024,viviendas,mat_pisos,C (1),2,Cemento o firme,"{1,..., 3}",Material predominante en el piso de la vivienda. ¿De qué material es la mayor parte del piso de esta,,,doc_2024.pdf p.37,ficha_variable
2024,viviendas,mat_pisos,C (1),3,"Madera, mosaico u otro recubrimiento","{1,..., 3}",Material predominante en el piso de la vivienda. ¿De qué material es la mayor parte del piso de esta,,,doc_2024.pdf p.37,ficha_variable
2024,viviendas,mat_techos,C (2),01,Material de desecho,"{01,..., 10}",vivienda. ¿De qué material es la mayor parte del techo de,,,doc_2024.pdf p.37,ficha_variable
2024,viviendas,mat_techos,C (2),02,Lámina de cartón,"{01,..., 10}",vivienda. ¿De qué material es la mayor parte del techo de,,,doc_2024.pdf p.37,ficha_variable
2024,viviendas,mat_techos,C (2),03,Lámina metálica,"{01,..., 10}",vivienda. ¿De qué material es la mayor parte del techo de,,,doc_2024.pdf p.37,ficha_variable
2024,viviendas,mat_techos,C (2),04,Lámina de asbesto,"{01,..., 10}",vivienda. ¿De qué material es la mayor parte del techo de,,,doc_2024.pdf p.37,ficha_variable
2024,viviendas,mat_techos,C (2),05,Lámina de fibrocemento ondulada (techo fijo),"{01,..., 10}",vivienda. ¿De qué material es la mayor parte del techo de,,,doc_2024.pdf p.37,ficha_variable
2024,viviendas,mat_techos,C (2),06,Palma o paja,"{01,..., 10}",vivienda. ¿De qué material es la mayor parte del techo de,,,doc_2024.pdf p.37,ficha_variable
2024,viviendas,mat_techos,C (2),07,Madera o tejamanil,"{01,..., 10}",vivienda. ¿De qué material es la mayor parte del techo de,,,doc_2024.pdf p.37,ficha_variable
2024,viviendas,mat_techos,C (2),08,Terrado con viguería,"{01,..., 10}",vivienda. ¿De qué material es la mayor parte del techo de,,,doc_2024.pdf p.37,ficha_variable
2024,viviendas,mat_techos,C (2),09,Teja,"{01,..., 10}",vivienda. ¿De qué material es la mayor parte del techo de,,,doc_2024.pdf p.37,ficha_variable
2024,viviendas,mat_techos,C (2),10,Losa de concreto o viguetas con bovedilla,"{01,..., 10}",vivienda. ¿De qué material es la mayor parte del techo de,,,doc_2024.pdf p.37,ficha_variable
2024,viviendas,medid_luz,C (1),1,Sí,"{1, 2}",Medidor de luz.,,,doc_2024.pdf p.48,ficha_variable
2024,viviendas,medid_luz,C (1),2,No,"{1, 2}",Medidor de luz.,,,doc_2024.pdf p.48,ficha_variable
2024,viviendas,medidor_luz,C (1),1,Sí,"{1, 2}",Medidor de luz.,,,doc_2024.pdf p.48,correccion_acotada_alias_homologado
2024,viviendas,medidor_luz,C (1),2,No,"{1, 2}",Medidor de luz.,,,doc_2024.pdf p.48,correccion_acotada_alias_homologado
2024,viviendas,p_grietas,C (1),1,Sí,"{1, 2, 9}","o cuarteaduras en techos o muros. ¿Esta vivienda, ¿tiene problemas con grietas o",,,doc_2024.pdf p.49,ficha_variable
2024,viviendas,p_grietas,C (1),2,No,"{1, 2, 9}","o cuarteaduras en techos o muros. ¿Esta vivienda, ¿tiene problemas con grietas o",,,doc_2024.pdf p.49,ficha_variable
2024,viviendas,p_grietas,C (1),9,No sabe,"{1, 2, 9}","o cuarteaduras en techos o muros. ¿Esta vivienda, ¿tiene problemas con grietas o",,,doc_2024.pdf p.49,ficha_variable
2024,viviendas,p_humedad,C (1),1,Sí,"{1, 2, 9}","humedad o filtraciones de agua en cimientos, ¿Esta vivienda, ¿tiene problemas con humedad o muros o techos.",,,doc_2024.pdf p.49,ficha_variable
2024,viviendas,p_humedad,C (1),2,No,"{1, 2, 9}","humedad o filtraciones de agua en cimientos, ¿Esta vivienda, ¿tiene problemas con humedad o muros o techos.",,,doc_2024.pdf p.49,ficha_variable
2024,viviendas,p_humedad,C (1),9,No sabe,"{1, 2, 9}","humedad o filtraciones de agua en cimientos, ¿Esta vivienda, ¿tiene problemas con humedad o muros o techos.",,,doc_2024.pdf p.49,ficha_variable
2024,viviendas,p_levanta,C (1),1,Sí,"{1, 2, 9}","levantamientos o hundimientos del piso. ¿Esta vivienda, ¿tiene problemas con",,,doc_2024.pdf p.49,ficha_variable
2024,viviendas,p_levanta,C (1),2,No,"{1, 2, 9}","levantamientos o hundimientos del piso. ¿Esta vivienda, ¿tiene problemas con",,,doc_2024.pdf p.49,ficha_variable
2024,viviendas,p_levanta,C (1),9,No sabe,"{1, 2, 9}","levantamientos o hundimientos del piso. ¿Esta vivienda, ¿tiene problemas con",,,doc_2024.pdf p.49,ficha_variable
2024,viviendas,p_pandeos,C (1),1,Sí,"{1, 2, 9}","pandeos o deformaciones en los marcos de las ¿Esta vivienda, ¿tiene problemas con pandeos o puertas o ventanas.",,,doc_2024.pdf p.49,ficha_variable
2024,viviendas,p_pandeos,C (1),2,No,"{1, 2, 9}","pandeos o deformaciones en los marcos de las ¿Esta vivienda, ¿tiene problemas con pandeos o puertas o ventanas.",,,doc_2024.pdf p.49,ficha_variable
2024,viviendas,p_pandeos,C (1),9,No sabe,"{1, 2, 9}","pandeos o deformaciones en los marcos de las ¿Esta vivienda, ¿tiene problemas con pandeos o puertas o ventanas.",,,doc_2024.pdf p.49,ficha_variable
2024,viviendas,pago_mesp,C (1),1,Sí,"{1, 2}",Pagó por la vivienda el mes pasado.,,,doc_2024.pdf p.43,ficha_variable
2024,viviendas,pago_mesp,C (1),2,No,"{1, 2}",Pagó por la vivienda el mes pasado.,,,doc_2024.pdf p.43,ficha_variable
2024,viviendas,pileta,C (1),1,Sí,"{1, 2}","Pileta, tanque o depósito de agua. ¿Esta vivienda tiene pileta, tanque o depósito de",,,doc_2024.pdf p.47,ficha_variable
2024,viviendas,pileta,C (1),2,No,"{1, 2}","Pileta, tanque o depósito de agua. ¿Esta vivienda tiene pileta, tanque o depósito de",,,doc_2024.pdf p.47,ficha_variable
2024,viviendas,regadera,C (1),1,Sí,"{1, 2}",Regadera.,,,doc_2024.pdf p.46,ficha_variable
2024,viviendas,regadera,C (1),2,No nóicpircseD .4202 y,"{1, 2}",Regadera.,,,doc_2024.pdf p.46,ficha_variable
2024,viviendas,sanit_agua,C (1),1,Tiene descarga directa de agua,"{1,..., 3}",o sin conexión de agua.,,,doc_2024.pdf p.40,ficha_variable
2024,viviendas,sanit_agua,C (1),2,Le echan agua con cubeta,"{1,..., 3}",o sin conexión de agua.,,,doc_2024.pdf p.40,ficha_variable
2024,viviendas,sanit_agua,C (1),3,No se le puede echar agua,"{1,..., 3}",o sin conexión de agua.,,,doc_2024.pdf p.40,ficha_variable
2024,viviendas,tam_loc,C (1),1,Localidades con 100 000 y más habitantes,"{1,..., 4}",habitantes.,,1,doc_2024.pdf p.51,ficha_variable
2024,viviendas,tam_loc,C (1),2,Localidades con 15 000 a 99 999 habitantes,"{1,..., 4}",habitantes.,,2,doc_2024.pdf p.51,ficha_variable
2024,viviendas,tam_loc,C (1),3,Localidades con 2 500 a 14 999 habitantes,"{1,..., 4}",habitantes.,,3,doc_2024.pdf p.51,ficha_variable
2024,viviendas,tam_loc,C (1),4,Localidades con menos de 2 500 habitantes,"{1,..., 4}",habitantes.,,4,doc_2024.pdf p.51,ficha_variable
2024,viviendas,tanque_gas,C (1),1,Sí,"{1, 2}",Tanque de gas estacionario.,,,doc_2024.pdf p.48,ficha_variable
2024,viviendas,tanque_gas,C (1),2,No,"{1, 2}",Tanque de gas estacionario.,,,doc_2024.pdf p.48,ficha_variable
2024,viviendas,tenencia,C (1),1,Es rentada nóicpircseD .4202 y,"{1,..., 6}",ocupantes.,,,doc_2024.pdf p.42,ficha_variable
2024,viviendas,tenencia,C (1),2,Es prestada,"{1,..., 6}",ocupantes.,,,doc_2024.pdf p.42,ficha_variable
2024,viviendas,tenencia,C (1),3,Es propia pero la están pagando,"{1,..., 6}",ocupantes.,,,doc_2024.pdf p.42,ficha_variable
2024,viviendas,tenencia,C (1),4,Es propia,"{1,..., 6}",ocupantes.,,,doc_2024.pdf p.42,ficha_variable
2024,viviendas,tenencia,C (1),5,Está intestada o en litigio,"{1,..., 6}",ocupantes.,,,doc_2024.pdf p.42,ficha_variable
2024,viviendas,tenencia,C (1),6,Otra situación,"{1,..., 6}",ocupantes.,,,doc_2024.pdf p.42,ficha_variable
2024,viviendas,tinaco_azo,C (1),1,Sí,"{1, 2}",Tinaco en la azotea.,,,doc_2024.pdf p.47,ficha_variable
2024,viviendas,tinaco_azo,C (1),2,No,"{1, 2}",Tinaco en la azotea.,,,doc_2024.pdf p.47,ficha_variable
2024,viviendas,tipo_adqui,C (1),1,La compró hecha,"{1,..., 6}",adquirirla.,,,doc_2024.pdf p.43,ficha_variable
2024,viviendas,tipo_adqui,C (1),2,La mandó construir,"{1,..., 6}",adquirirla.,,,doc_2024.pdf p.43,ficha_variable
2024,viviendas,tipo_adqui,C (1),3,La construyó ella (él) misma(o) o familiares,"{1,..., 6}",adquirirla.,,,doc_2024.pdf p.43,ficha_variable
2024,viviendas,tipo_adqui,C (1),4,La heredó,"{1,..., 6}",adquirirla.,,,doc_2024.pdf p.43,ficha_variable
2024,viviendas,tipo_adqui,C (1),5,La recibió como apoyo del gobierno,"{1,..., 6}",adquirirla.,,,doc_2024.pdf p.43,ficha_variable
2024,viviendas,tipo_adqui,C (1),6,La obtuvo de otra manera nóicpircseD .4202 y,"{1,..., 6}",adquirirla.,,,doc_2024.pdf p.43,ficha_variable
2024,viviendas,tipo_viv,C (1),&,No especificado,"{1,..., 7}",Clase de vivienda particular.,,,doc_2024.pdf p.36,ficha_variable
2024,viviendas,tipo_viv,C (1),1,Casa única en el terreno,"{1,..., 7}",Clase de vivienda particular.,,,doc_2024.pdf p.36,ficha_variable
2024,viviendas,tipo_viv,C (1),2,Casa que comparte terreno con otra(s),"{1,..., 7}",Clase de vivienda particular.,,,doc_2024.pdf p.36,ficha_variable
2024,viviendas,tipo_viv,C (1),3,Casa duplex,"{1,..., 7}",Clase de vivienda particular.,,,doc_2024.pdf p.36,ficha_variable
2024,viviendas,tipo_viv,C (1),4,Departamento en edificio,"{1,..., 7}",Clase de vivienda particular.,,,doc_2024.pdf p.36,ficha_variable
2024,viviendas,tipo_viv,C (1),5,Vivienda en vecindad o cuartería,"{1,..., 7}",Clase de vivienda particular.,,,doc_2024.pdf p.36,ficha_variable
2024,viviendas,tipo_viv,C (1),6,Vivienda en cuarto de azotea de un edificio,"{1,..., 7}",Clase de vivienda particular.,,,doc_2024.pdf p.36,ficha_variable
2024,viviendas,tipo_viv,C (1),7,Local no construido para habitación,"{1,..., 7}",Clase de vivienda particular.,,,doc_2024.pdf p.36,ficha_variable
2024,viviendas,uso_compar,C (1),1,Sí,"{1, 2}",los habitantes de otra vivienda.,,,doc_2024.pdf p.40,ficha_variable
2024,viviendas,uso_compar,C (1),2,No,"{1, 2}",los habitantes de otra vivienda.,,,doc_2024.pdf p.40,ficha_variable
2024,viviendas,viv_usada,C (1),1,Sí,"{1, 2}",Estado de la vivienda al momento de adquirirla.,,,doc_2024.pdf p.44,ficha_variable
2024,viviendas,viv_usada,C (1),2,No,"{1, 2}",Estado de la vivienda al momento de adquirirla.,,,doc_2024.pdf p.44,ficha_variable
