anio,tabla,variable,tipo_documentado,etiqueta_variable,rango,definicion,catalogo_referencia,fuente
2018,concentradohogar,acces_pers,"N (12,2)",Accesorios personales,,"Gasto en accesorios y efectos personales. H123 a H131, H133.",,doc_2018.pdf p.176
2018,concentradohogar,aceites,"N (12,2)",Aceites y grasas,en A095 a A100 más la suma de,Gasto en aceites y grasas. A095 a A100. .9102 nóicpircseD .8102 y,,doc_2018.pdf p.171
2018,concentradohogar,adqui_vehi,"N (12,2)",Adquisición de vehículos,en M007 a M011 más la suma de,M007 a M011. particular.,,doc_2018.pdf p.175
2018,concentradohogar,agricolas,"N (12,2)",Negocios agrícolas,Suma de ingresos.ing_tri cuando la clave está en,Ingresos de negocios agrícolas.,,doc_2018.pdf p.168
2018,concentradohogar,agrope,"N (12,2)",Negocios agropecuarios,,Ingresos de negocios agropecuarios.,,doc_2018.pdf p.168
2018,concentradohogar,agua,"N (12,2)",Agua,Suma de gastoshogar.gasto_tri cuando la clave está,Gasto en agua.,,doc_2018.pdf p.173
2018,concentradohogar,aguinaldo,"N (12,2)",Aguinaldo y reparto de utilidades,Suma de ingresos.ing_tri cuando la clave sea igual a,utilidades.,,doc_2018.pdf p.167
2018,concentradohogar,ali_dentro,"N (12,2)",Alimentos dentro del hogar,,dentro del hogar.,,doc_2018.pdf p.171
2018,concentradohogar,ali_fuera,"N (12,2)",Alimentos fuera del hogar,en A243 a A247 más la suma de,A243 a A247. del hogar.,,doc_2018.pdf p.172
2018,concentradohogar,alimentos,"N (12,2)",Alimentos,,"que realizan día a día los integrantes del hogar en alimentos, bebidas y tabaco.",,doc_2018.pdf p.171
2018,concentradohogar,alquiler,"N (12,2)",Alquileres brutos,"en G001 a G004, G101 más la suma de",Gasto en alquileres brutos. G001 a G004,,doc_2018.pdf p.173
2018,concentradohogar,arrenda,"N (12,2)",Arrendamiento,,financieros.,,doc_2018.pdf p.169
2018,concentradohogar,atenc_ambu,"N (12,2)",Atención primaria o ambulatoria,en J016 a J043 más la suma de,Gasto en atención primaria o ambulatoria. J016 a J043.,,doc_2018.pdf p.174
2018,concentradohogar,azucar,"N (12,2)",Azúcar y mieles,en A173 a A175 más la suma de,Gasto en azúcar y mieles. A173 a A175.,,doc_2018.pdf p.172
2018,concentradohogar,balance,"N (12,2)",Pérdidas del negocio,Suma de erogaciones.ero_tri cuando la clave está en,Pérdidas en los negocios del hogar.,,doc_2018.pdf p.178
2018,concentradohogar,bebidas,"N (12,2)",Bebidas,en A215 a A238 más la suma de,Gasto en bebidas alcohólicas y no alcohólicas. A215 a A238.,,doc_2018.pdf p.172
2018,concentradohogar,becas,"N (12,2)",Becas,Suma de ingresos.ing_tri cuando la clave es P037 o,instituciones. .9102 nóicpircseD .8102 y,,doc_2018.pdf p.169
2018,concentradohogar,bene_gob,"N (12,2)",Beneficios gubernamentales,Suma de ingresos.ing_tri cuando la clave está en,gubernamentales.,,doc_2018.pdf p.170
2018,concentradohogar,cafe,"N (12,2)","Café, té y chocolate",en A176 aA182 más la suma de,"Gasto en café, té y chocolate. A176 a A182",,doc_2018.pdf p.172
2018,concentradohogar,calzado,"N (12,2)",Calzado y su reparación,en H084 a H122 más la suma de,Gasto en calzado y su reparación. H084 a H122.,,doc_2018.pdf p.173
2018,concentradohogar,carnes,"N (12,2)",Carnes,en A025 a A065 más la suma de,Gasto en carnes. A025 a A065.,,doc_2018.pdf p.171
2018,concentradohogar,cereales,"N (12,2)",Cereales,,Gasto en cereales. A001 a A024.,,doc_2018.pdf p.171
2018,concentradohogar,clase_hog,C (1),Clase de hogar,"{1,...,5} Clasificar a los integrantes del hogar por clave de",familiar primario; ampliado: hogar formado por 2 (Si Jefe = 1 y (Esposa > 0 o Hijos > 0) y Parientes el jefe(a) y su grupo familiar primario más otros = 0 y NoParientes = 0)CLASE_HOG = 3 (Si Jefe = 1 grupos familiares u otros parientes; compuesto: y (Esposa > 0 o Hijos > 0 o Parientes > 0) y hogar formado por un hogar nuclear o ampliado NoParientes = 0) CLASE_HOG = 4 (Si Jefe = 1 y con personas sin parentesco con el jefe(a); (Esposa > 0 o Hijos > 0 o Parientes > 0) y corresidente: hogar formado ,,doc_2018.pdf p.164
2018,concentradohogar,combus,"N (12,2)",Combustibles para vehículos,,"de llantas, pensiones y otros servicios para F007 a F014. vehículos de uso particular.",,doc_2018.pdf p.175
2018,concentradohogar,comercio,"N (12,2)",Negocios comerciales,Suma de ingresos.ing_tri cuando la clave es P069 o,Ingresos de negocios comerciales.,,doc_2018.pdf p.168
2018,concentradohogar,comisiones,"N (12,2)",Comisiones y propinas,,Remuneraciones por comisiones y propinas.,,doc_2018.pdf p.167
2018,concentradohogar,comunica,"N (12,2)",Comunicaciones,"en F001 a F006, R005 a R008, R010, R011 mas la","Gasto en comunicaciones. está en F001 a F006, R005 a R008, R010, R011.",,doc_2018.pdf p.175
2018,concentradohogar,cuida_pers,"N (12,2)",Cuidados personales,"en D001 a D026, H132 más la suma de","Gasto en cuidados personales. D001 a D026, H132.",,doc_2018.pdf p.176
2018,concentradohogar,cuidados,"N (12,2)",Cuidados de la casa,,C001 a C024. cuidados de la casa.,,doc_2018.pdf p.174
2018,concentradohogar,cuota_viv,"N (12,2)",Cuota por vivienda,Suma de erogaciones.ero_tri cuando la clave está en,Cuota pagada por la vivienda propia.,,doc_2018.pdf p.177
2018,concentradohogar,deposito,"N (12,2) Suma de erogaciones.ero_tri cuando la clave está en",Depósito de ahorro,Q001 más la suma de gastoshogar.gasto_tri cuando,"de ahorro, etcétera. Q001. .9102 nóicpircseD .8102 y",,doc_2018.pdf p.177
2018,concentradohogar,deudas,"N (12,2) Suma de erogaciones.ero_tri cuando la clave está en",Pago de deudas,Q004 más la suma de gastoshogar.gasto_tri cuando,empresa donde trabajan y/o a otras personas o Q004. instituciones.,,doc_2018.pdf p.178
2018,concentradohogar,donativos,"N (12,2)",Donativos,Suma de ingresos.ing_tri cuando la clave es P039 o,instituciones y otros hogares.,,doc_2018.pdf p.170
2018,concentradohogar,edad_jefe,N (2),Edad del jefe del hogar,,del jefe del hogar y la fecha de la entrevista. .9102 nóicpircseD .8102 y,,doc_2018.pdf p.164
2018,concentradohogar,educa_espa,"N (12,2)",Educación y esparcimiento,,"educativos, artículos de esparcimiento y otros gastos esparcimiento.",,doc_2018.pdf p.175
2018,concentradohogar,educa_jefe,C (2),Educación formal del jefe del hogar,"{01,...,11}",Educación formal del jefe del hogar. ó ((nivelaprob = 5 ó nivelaprob = 6) y antec_esc = 3) educa_jefe = 09 (Si nivelaprob = 7 y gradoaprob < 4) educa_jefe = 10 (Si nivelaprob = 7 y gradoaprob >= 4) ó ((nivelaprob = 5 ó nivelaprob = 6) y antec_esc = 4) educa_jefe = 11 (Si nivelaprob = 8 ó nivelaprob = 9) ó ((nivelaprob = 5 ó nivelaprob = 6) y antec_esc = 5).,,doc_2018.pdf p.165
2018,concentradohogar,educacion,"N (12,2)",Educación,"en E001 a E021, H134, H135 más la suma de","Gasto en artículos y servicios de educación. E001 a E021, H134, H135.",,doc_2018.pdf p.175
2018,concentradohogar,energia,"N (12,2)",Electricidad y combustibles,"en G009 a G016, R001, R003 mas la suma de","Gasto en electricidad y combustibles. G009 a G016, R001, R003.",,doc_2018.pdf p.173
2018,concentradohogar,enseres,"N (12,2)",Enseres domésticos,en K001 a K037 más la suma de,Gasto en enseres domésticos. K001 a K037.,,doc_2018.pdf p.174
2018,concentradohogar,ero_nm_hog,"N (12,2)",Transferencias no regulares,Suma de gastoshogar.gas_nm_tri cuando tipogasto,provenientes de otros hogares.,,doc_2018.pdf p.177
2018,concentradohogar,ero_nm_viv,"N (12,2)",Erogaciones patrimoniales,"está en G5, G6 y clave está en Q001 a Q016, K038 a","tipogasto está en G4 y clave está en Q001 a Q016, vivienda propia. K038 a K045.",,doc_2018.pdf p.177
2018,concentradohogar,erogac_tot,"N (12,2)",Erogaciones totales,,financieras y de capital monetarias y no monetarias que realizan los integrantes del hogar en un lapso determinado.,,doc_2018.pdf p.177
2018,concentradohogar,esparci,"N (12,2)",Esparcimiento,,"Gasto en artículos y servicios de esparcimiento. E022 a E034, L001 a L029, R009. .9102 nóicpircseD .8102 y",,doc_2018.pdf p.175
2018,concentradohogar,especias,"N (12,2)",Especias y aderezos,en A183 a A194 mas la suma de,Gasto en especias y aderezos. A183 a A194,,doc_2018.pdf p.172
2018,concentradohogar,est_dis,C (7),Estrato de diseño muestral,,UPMs de acuerdo con su estrato geográfico (entidad-ámbito-zona).,,doc_2018.pdf p.163
2018,concentradohogar,est_socio,C (1),Estrato socioeconómico,"{1,...,4}",equipamiento de las mismas expresadas por medio de 24 indicadores construidos con información del Censo de Población y Vivienda 2010. Esta estratificación se realizó por medio de métodos estadísticos multivariados.,,doc_2018.pdf p.163
2018,concentradohogar,estim_alqu,"N (12,2)",Estimación del alquiler,,ubicación. Esta estimación la realiza el propio informante con base en su apreciación del valor de mercado de la renta de su vivienda.,,doc_2018.pdf p.170
2018,concentradohogar,factor,N (5),Factor de expansión,,Factor de expansión.,,doc_2018.pdf p.163
2018,concentradohogar,foliohog,C (1),Identificador del hogar,,5 los hogares adicionales.,,doc_2018.pdf p.162
2018,concentradohogar,folioviv,C (10),Identificador de la vivienda,,"rural, código 6), cuatro dígitos del número consecutivo de la upm, un dígito de la decena de levantamiento y dos dígitos con un número consecutivo para la vivienda seleccionada.",,doc_2018.pdf p.162
2018,concentradohogar,foraneo,"N (12,2)",Transporte foráneo,Suma de gastoshogar.gasto_tri cuando la clave está,Gasto en transporte foráneo. M001 a M006.,,doc_2018.pdf p.175
2018,concentradohogar,frutas,"N (12,2)",Frutas,en A147 a A172 mas la suma de,Gasto en frutas. A147 a A172.,,doc_2018.pdf p.172
2018,concentradohogar,gasto_mon,"N (12,2)",Gasto corriente monetario,"La suma de alimentos, vesti_calz, vivienda, limpieza,",directamente hacen los hogares en bienes y servicios para su consumo. .9102 nóicpircseD .8102 y,,doc_2018.pdf p.170
2018,concentradohogar,hombres,N (2),Integrantes del hogar hombres,,domésticos y a los familiares de éstos ni a los huéspedes. .9102 nóicpircseD .8102 y,,doc_2018.pdf p.165
2018,concentradohogar,horas_extr,"N (12,2)",Horas extras,,Remuneraciones por trabajar horas extras.,,doc_2018.pdf p.167
2018,concentradohogar,hospital,"N (12,2)",Atención hospitalaria,,"J001 a J015, J070 a J072. y parto, aparatos ortopédicos, terapéuticos y seguros médicos.",,doc_2018.pdf p.174
2018,concentradohogar,huevo,"N (12,2)",Huevo,en A093 a A094 más la suma de,Gasto en huevo. A093 a A094.,,doc_2018.pdf p.171
2018,concentradohogar,indemtrab,"N (12,2)",Indemnizaciones,Suma de ingresos.ing_tri cuando la clave sea igual a,por despido y retiro voluntario.,,doc_2018.pdf p.167
2018,concentradohogar,industria,"N (12,2)",Negocios industriales,Suma de ingresos.ing_tri cuando la clave es P068 o,Ingresos de negocios industriales.,,doc_2018.pdf p.168
2018,concentradohogar,ing_cor,"N (12,2)",Ingreso corriente,,"provenientes de rentas, de transferencias, de estimación del alquiler y de otros ingresos. .9102 nóicpircseD .8102 y",,doc_2018.pdf p.166
2018,concentradohogar,ingtrab,"N (12,2)",Ingreso por trabajo,,"subordinado, como independiente y de otros trabajos.",,doc_2018.pdf p.167
2018,concentradohogar,jubilacion,"N (12,2)",Jubilaciones,,accidente de trabajo despido y retiro voluntario.,,doc_2018.pdf p.169
2018,concentradohogar,leche,"N (12,2)",Leche y derivados,en A075 a A092 más la suma de,Gasto en leche y sus derivados. A075 a A092.,,doc_2018.pdf p.171
2018,concentradohogar,limpieza,"N (12,2)",Limpieza,,"muebles, cristalería, utensilios domésticos y blancos. .9102 nóicpircseD .8102 y sosergnI",,doc_2018.pdf p.173
2018,concentradohogar,mantenim,"N (12,2)",Mantenimiento de vehículos,,"mantenimiento, combustibles y servicio para vehículos.",,doc_2018.pdf p.175
2018,concentradohogar,mater_serv,"N (12,2)",Servicios y materiales,,mantenimiento y/o ampliación de la vivienda.,,doc_2018.pdf p.177
2018,concentradohogar,material,"N (12,2)",Materiales,"en K038, K040, K042, K044 más la suma de","K038, K040, K042, K044. ampliación de la vivienda",,doc_2018.pdf p.177
2018,concentradohogar,mayores,N (2),Integrantes mayores,,de edad.,,doc_2018.pdf p.166
2018,concentradohogar,medicinas,"N (12,2)",Medicamentos sin receta,en J044 a J069 más la suma de,Gasto en medicamentos sin receta. J044 a J069.,,doc_2018.pdf p.174
2018,concentradohogar,menores,N (2),Integrantes menores,,años de edad.,,doc_2018.pdf p.166
2018,concentradohogar,mujeres,N (2),Integrantes del hogar mujeres,,domésticos y a los familiares de éstos ni a los huéspedes.,,doc_2018.pdf p.166
2018,concentradohogar,negocio,"N (12,2)",Ingresos independiente,,"regularmente por su desempeño como trabajadores independientes en su trabajo principal o, si es el caso, en su trabajo secundario.",,doc_2018.pdf p.168
2018,concentradohogar,noagrop,"N (12,2)",Negocios no agropecuarios,,Ingresos de negocios no agropecuarios.,,doc_2018.pdf p.168
2018,concentradohogar,ocupados,N (2),Número de ocupados,Contar a las personas con trabajo,más años de edad.,,doc_2018.pdf p.166
2018,concentradohogar,otra_rem,"N (12,2)",Otras remuneraciones,Suma de ingresos.ing_tri cuando la clave sea igual a,Otras remuneraciones monetarias.,,doc_2018.pdf p.167
2018,concentradohogar,otras_erog,"N (12,2)",Otras erogaciones,"Q005 a Q013, Q015 a Q016 más la suma de","Otras erogaciones financieras y de capital. gastospersona.gasto_tri cuando la clave está en Q005 a Q013, Q015 a Q016.",,doc_2018.pdf p.178
2018,concentradohogar,otras_perc,"N (12,2)",Otras percepciones,Suma de ingresos.ing_tri cuando la clave está en,Otras percepciones financieras y de capital.,,doc_2018.pdf p.177
2018,concentradohogar,otro_alim,"N (12,2)",Otros alimentos diversos,"en A195 a A214, A242 más la suma de","Gasto en otros alimentos diversos. A195 a A214, A242.",,doc_2018.pdf p.172
2018,concentradohogar,otros_gas,"N (12,2)",Otros gastos diversos,"en N001 a N002, N005 a N010, R012, R013 mas la","Otros gastos diversos. está en N001 a N002, N005 a N010, R012, R013.",,doc_2018.pdf p.176
2018,concentradohogar,otros_ing,"N (12,2)",Otros ingresos corrientes,,Otros ingresos corrientes.,,doc_2018.pdf p.170
2018,concentradohogar,otros_trab,"N (12,2)",Otros ingresos por trabajo,Suma de ingresos.ing_tri cuando la clave es P021 o,Otros ingresos provenientes del trabajo.,,doc_2018.pdf p.169
2018,concentradohogar,p12_64,N (2),Integrantes de 12 a 64 años,Contar a las personas de la tabla Poblacion donde,12 y los 64 años.,,doc_2018.pdf p.166
2018,concentradohogar,p65mas,N (2),Integrantes de 65 años y más,Contar a las personas de la tabla Poblacion donde,de edad.,,doc_2018.pdf p.166
2018,concentradohogar,pago_tarje,"N (12,2)",Pago por tarjeta de crédito,Q003 más la suma de gastoshogar.gasto_tri cuando,comercial. Q003.,,doc_2018.pdf p.178
2018,concentradohogar,paq_turist,"N (12,2)",Paquetes turísticos,en N003 a N004 más la suma de,N003 a N004. hospedaje y alojamiento.,,doc_2018.pdf p.176
2018,concentradohogar,pecuarios,"N (12,2)",Negocios pecuarios,Suma de ingresos.ing_tri cuando la clave es P072 o,Ingresos de negocios pecuarios.,,doc_2018.pdf p.168
2018,concentradohogar,perc_ocupa,N (2),Perceptores de ingreso ocupados,"cualquiera de las claves P001 a P009, P011 a P016,",corriente monetario y tienen trabajo.,,doc_2018.pdf p.166
2018,concentradohogar,percep_ing,N (2),Perceptores de ingreso,Contar a las personas que reportan ingreso en,corriente monetario.,,doc_2018.pdf p.166
2018,concentradohogar,percep_tot,"N (12,2)",Percepciones totales,,que reciben los integrantes del hogar que se derivan de movimientos en el valor de sus activos.,,doc_2018.pdf p.176
2018,concentradohogar,personales,"N (12,2)",Personales,,personales y otros gastos diversos,,doc_2018.pdf p.176
2018,concentradohogar,pesca,"N (12,2)",Negocios de pesca,,de animales.,,doc_2018.pdf p.169
2018,concentradohogar,pescado,"N (12,2)",Pescados y mariscos,en A066 a A074 más la suma de,Gasto en pescados y mariscos. A066 a A074.,,doc_2018.pdf p.171
2018,concentradohogar,pred_cons,"N (12,2)",Predial y cuotas,Suma de gastoshogar.gasto_tri cuando la clave está,"G005 a G008, R004. servicio de conservación.",,doc_2018.pdf p.173
2018,concentradohogar,prest_terc,"N (12,2) Suma de erogaciones.ero_tri cuando la clave está en",Préstamos a terceros,Q002 más la suma de gastoshogar.gasto_tri cuando,Préstamos a terceros. Q002.,,doc_2018.pdf p.178
2018,concentradohogar,prestamos,"N (12,2)",Préstamos,Suma de ingresos.ing_tri cuando la clave está en,hogar o instituciones. .9102 nóicpircseD .8102 y,,doc_2018.pdf p.176
2018,concentradohogar,publico,"N (12,2)",Transporte público,,Gasto en transporte público. B001 a B007. .9102 nóicpircseD .8102 y,,doc_2018.pdf p.174
2018,concentradohogar,refaccion,"N (12,2)",Refacciones para vehículos,en M012 a M018 más la suma de,M012 a M018. para vehículos de uso particular.,,doc_2018.pdf p.175
2018,concentradohogar,remesas,"N (12,2)",Remesas,,Ingresos provenientes de otros países.,,doc_2018.pdf p.170
2018,concentradohogar,remu_espec,"N (12,2)",Remuneraciones en especie,,productos y/o servicios de consumo final y privado que reciben los trabajadores subordinados como remuneración. .9102 nóicpircseD .8102 y,,doc_2018.pdf p.167
2018,concentradohogar,rentas,"N (12,2)",Renta de la propiedad,,derivados de la posesión de activos financieros o tangibles que han puesto a disposición de otras unidades institucionales.,,doc_2018.pdf p.169
2018,concentradohogar,reproducc,"N (12,2)",Negocios de recolección,,reforestación y tala de árboles. .9102 nóicpircseD .8102 y,,doc_2018.pdf p.168
2018,concentradohogar,retiro_inv,"N (12,2)",Retiro de inversiones,,"ahorro, etcétera.",,doc_2018.pdf p.176
2018,concentradohogar,salud,"N (12,2)",Cuidados de la salud,,Gasto en cuidados de la salud.,,doc_2018.pdf p.174
2018,concentradohogar,servicio,"N (12,2)",Servicios de reparación,Suma de gastoshogar.gasto_tri cuando la clave está,"K039, K041, K043, K045. mantenimiento y/o ampliación de la vivienda.",,doc_2018.pdf p.177
2018,concentradohogar,servicios,"N (12,2)",Negocios de servicios,Suma de ingresos.ing_tri cuando la clave es P070 o,Ingresos de negocios de servicios.,,doc_2018.pdf p.168
2018,concentradohogar,sexo_jefe,C (1),Sexo del jefe del hogar,"{1,2} Es igual a Poblacion.sexo donde",hogar en hombre o mujer.,,doc_2018.pdf p.164
2018,concentradohogar,smg,"N (6,2)",Salario mínimo general,,Salario mínimo general trimestralizado. .9102 nóicpircseD .8102 y,,doc_2018.pdf p.178
2018,concentradohogar,sueldos,"N (12,2)",Sueldos,Suma de ingresos.ing_tri cuando la clave está en,"Remuneraciones por sueldos, salarios y jornal.",,doc_2018.pdf p.167
2018,concentradohogar,tabaco,"N (12,2)",Tabaco,en A239 a A241 mas la suma de,Gasto en tabaco. A239 a A241. .9102 nóicpircseD .8102 y,,doc_2018.pdf p.172
2018,concentradohogar,tam_loc,C (1),Tamaño de localidad,"{1,...,4}",habitantes.,,doc_2018.pdf p.162
2018,concentradohogar,tot_integ,N (2),Número de integrantes del hogar,,domésticos y a los familiares de éstos ni a los huéspedes.,,doc_2018.pdf p.165
2018,concentradohogar,trabajo,"N (12,2)",Ingreso por trabajo subordinado,,"las comisiones, aguinaldo, indemnizaciones del trabajo y remuneraciones en especie.",,doc_2018.pdf p.167
2018,concentradohogar,trans_inst,"N (12,2)",Transferencias de instituciones,Suma de gastoshogar.gas_nm_tri cuando tipogasto,públicas o privadas otorgan a ciertos sectores de la población.,,doc_2018.pdf p.170
2018,concentradohogar,transf_gas,"N (12,2)",Transferencias de gasto,Suma de gastoshogar.gasto_tri cuando la clave está,"Transferencias de gasto. N011 a N016, T901 a T915.",,doc_2018.pdf p.176
2018,concentradohogar,transf_hog,"N (12,2)",Transferencias de hogares,,hogares.,,doc_2018.pdf p.170
2018,concentradohogar,transfer,"N (12,2)",Transferencias,,hogar y por las cuales el proveedor o donante no demanda retribución de ninguna naturaleza.,,doc_2018.pdf p.169
2018,concentradohogar,transporte,"N (12,2)",Transporte,,"mantenimiento, accesorios y servicios para vehículos; comunicaciones.",,doc_2018.pdf p.174
2018,concentradohogar,tuberculo,"N (12,2)",Tubérculos,en A101 a A106 más la suma de,Gasto en tubérculos. A101 a A106.,,doc_2018.pdf p.172
2018,concentradohogar,ubica_geo,C (5),Ubicación geográfica,,"municipio. Éstas corresponden al Catálogo de claves de entidades federativas, municipios y localidades, que está disponible en el sitio del",,doc_2018.pdf p.162
2018,concentradohogar,upm,C (5),Unidad primaria de muestreo,,"seleccionadas en la primera etapa del muestreo y corresponden a áreas geográficas con límites identificables en el terreno que agrupan un conjunto de viviendas, cuyo número depende del tamaño de las localidades.",,doc_2018.pdf p.163
2018,concentradohogar,utensilios,"N (12,2)",Utensilios domésticos,en I001 a I026 más la suma de,a I026. domésticos.,,doc_2018.pdf p.174
2018,concentradohogar,utilidad,"N (12,2)",Ingresos de sociedades,,sociedades y empresas que funcionan como sociedades.,,doc_2018.pdf p.169
2018,concentradohogar,verduras,"N (12,2)",Verduras,en A107 a A146 más la suma de,A107 a A146. semillas.,,doc_2018.pdf p.172
2018,concentradohogar,vesti_calz,"N (12,2)",Vestido y calzado,,distingue tanto el sexo de los integrantes del hogar como los diferentes grupos de edad de éstos.,,doc_2018.pdf p.173
2018,concentradohogar,vestido,"N (12,2)",Vestido,"en H001 a H083, H136 más la suma de","Gasto en prendas de vestir. H001 a H083, H136.",,doc_2018.pdf p.173
2018,concentradohogar,vivienda,"N (12,2)",Vivienda,,energía eléctrica y combustibles.,,doc_2018.pdf p.173
2018,hogares,acc_alim1,C (1),Preocupación comida se acabe,"{1,2}","Alguna vez por falta de dinero o recursos, se vio En los últimos tres meses, por falta de dinero o en la preocupación que la comida se acabara.",,doc_2018.pdf p.44
2018,hogares,acc_alim10,C (1),Menor con alimentos no sanos,"{1,2}",menor no tuvo alimentación sana y variada.,,doc_2018.pdf p.46
2018,hogares,acc_alim11,C (1),Menor con poca variedad de alimentos,"{1,2}",menor tuvo una alimentación poco variada.,,doc_2018.pdf p.46
2018,hogares,acc_alim12,C (1),Menor comió menos,"{1,2}","Alguna vez por falta de dinero o recursos algún En los últimos tres meses, por falta de dinero o menor tuvo una reducida alimentación.",,doc_2018.pdf p.47
2018,hogares,acc_alim13,C (1),Disminuyó comida para menor,"{1,2}",menor recibió menos cantidad de alimentos.,,doc_2018.pdf p.47
2018,hogares,acc_alim14,C (1),Menor sintió hambre y no comió,"{1,2}","Alguna vez por falta de dinero o recursos algún En los últimos tres meses, por falta de dinero o menor sintió hambre pero no comió.",,doc_2018.pdf p.47
2018,hogares,acc_alim15,C (1),Menor se acostó con hambre,"{1,2}","Alguna vez por falta de dinero o recursos algún En los últimos tres meses, por falta de dinero o menor se acostó con hambre.",,doc_2018.pdf p.47
2018,hogares,acc_alim16,C (1),Menor con una o menos comidas,"{1,2}",menor dejó de comer todo un día.,,doc_2018.pdf p.47
2018,hogares,acc_alim18,C (1),Relación con el consumo regular,"{1,...,3}",Relación del consumo regular de alimentos con ¿Considera usted que el consumo que reportó fue lo reportado durante la semana de entrevista.,,doc_2018.pdf p.49
2018,hogares,acc_alim2,C (1),Sin comida,"{1,2}",quedaron sin comida.,,doc_2018.pdf p.45
2018,hogares,acc_alim3,C (1),Poca variedad de alimentos,"{1,2}","Alguna vez por falta de dinero o recursos no En los últimos tres meses, ¿alguna vez se quedaron obtuvieron una alimentación sana y variada.",,doc_2018.pdf p.45
2018,hogares,acc_alim4,C (1),Adulto poca variedad de alimentos,"{1,2}",adulto no obtuvo una alimentación sana y recursos ¿alguna vez usted o algún adulto en su variada.,,doc_2018.pdf p.45
2018,hogares,acc_alim5,C (1),Dejó algún alimento,"{1,2}","Alguna vez por falta de dinero o recursos algún En los últimos tres meses, por falta de dinero o adulto no tuvo desayuno, comida o cena.",,doc_2018.pdf p.45
2018,hogares,acc_alim6,C (1),Comió menos,"{1,2}",adulto comió menos de lo pensado.,,doc_2018.pdf p.45
2018,hogares,acc_alim7,C (1),Sintió hambre y no comió,"{1,2}","Alguna vez por falta de dinero o recursos algún En los últimos tres meses, por falta de dinero o adulto sintió hambre pero no comió.",,doc_2018.pdf p.46
2018,hogares,acc_alim8,C (1),Una o menos comidas,"{1,2}",algún adulto comió solo una vez o dejó de recursos ¿alguna vez usted o algún adulto en comer un día.,,doc_2018.pdf p.46
2018,hogares,acc_alim9,C (1),Mendigar por comida,"{1,2}",adulto tuvo que mendigar o mandar a niños a recursos ¿alguna vez tuvieron que hacer algo que trabajar.,,doc_2018.pdf p.46
2018,hogares,alim17_1,N (1),Número de días que comieron cereales,Sección y/o apartado Sección IV,"hechos de maíz, trigo, arroz, avena, salvado, pan (blanco, integral, de caja, rústico, dulce), etcétera, durante la última semana.",,doc_2018.pdf p.48
2018,hogares,alim17_10,N (1),Número de días que comieron aceites,Sección y/o apartado Sección IV,"durante la última semana. comieron cualquier tipo de aceite (soya, cártamo,",,doc_2018.pdf p.49
2018,hogares,alim17_11,N (1),Número de días que comieron azúcar,Sección y/o apartado Sección IV,"Número de días que comieron azúcar o mieles comieron azúcar o miel (de abeja o maple), jarabe de durante la última semana.",,doc_2018.pdf p.49
2018,hogares,alim17_12,N (1),Número de días que comieron otros alimentos,Sección y/o apartado Sección IV,"como condimentos, café, té durante la última Durante los últimos siete días, ¿cuántos días semana.",,doc_2018.pdf p.49
2018,hogares,alim17_2,N (1),Número de días que comieron tubérculos,Sección y/o apartado Sección IV,"provenientes de raíces o tubérculos, durante la Durante los últimos siete días, ¿cuántos días última semana.",,doc_2018.pdf p.48
2018,hogares,alim17_3,N (1),Número de días que comieron verduras,Sección y/o apartado Sección IV,"Número de días que comieron verduras durante Durante los últimos siete días, ¿cuántos días la última semana.",,doc_2018.pdf p.48
2018,hogares,alim17_4,N (1),Número de días que comieron frutas,Sección y/o apartado Sección IV,"Número de días que comieron frutas durante la Durante los últimos siete días, ¿cuántos días última semana.",,doc_2018.pdf p.48
2018,hogares,alim17_5,N (1),Número de días que comieron carne,Sección y/o apartado Sección IV,última semana.,,doc_2018.pdf p.48
2018,hogares,alim17_6,N (1),Número de días que comieron huevo,Sección y/o apartado Sección IV,"Durante los últimos siete días, ¿cuántos días última semana.",,doc_2018.pdf p.48
2018,hogares,alim17_7,N (1),Número de días que comieron pescado,Sección y/o apartado Sección IV,"Número de días que comieron pescado o Durante los últimos siete días, ¿cuántos días mariscos durante la última semana.",,doc_2018.pdf p.48
2018,hogares,alim17_8,N (1),Número de días que comieron leguminosas,Sección y/o apartado Sección IV,"Número de días que comieron leguminosas o comieron alimentos a base de frijoles, lentejas, semillas durante la última semana.",,doc_2018.pdf p.49
2018,hogares,alim17_9,N (1),Número de días que comieron lácteos,Sección y/o apartado Sección IV,"Número de días que comieron productos Durante los últimos siete días, ¿cuántos días lácteos durante la última semana.",,doc_2018.pdf p.49
2018,hogares,anio_aspir,C (2),Año de la última aspiradora adquirida,"{00,...,16,50,...,99}",Año de adquisición de la última aspiradora.,,doc_2018.pdf p.57
2018,hogares,anio_auto,C (2),Año del último automóvil adquirido,"{00,...,16,50,...,99}",Año de adquisición del último automóvil.,,doc_2018.pdf p.50
2018,hogares,anio_bici,C (2),Año de la última bicicleta adquirida,"{00,...,16,50,...,99}",Año de adquisición de la última bicicleta. ¿En qué año adquirió su última bicicleta que se,,doc_2018.pdf p.51
2018,hogares,anio_canoa,C (2),Año de la última canoa adquirida,"{00,...,16,50,...,99}",trajinera u otros vehículos para navegar.,,doc_2018.pdf p.52
2018,hogares,anio_carret,C (2),Año de la última carreta adquirida,"{00,...,16,50,...,99}","Año de adquisición de la última carreta. ¿En qué año adquirió su última carreta, calandria u",,doc_2018.pdf p.52
2018,hogares,anio_compu,C (2),Año de la última computadora adquirida,"{00,...,16,50,...,99}",Año de adquisición de la última computadora.,,doc_2018.pdf p.57
2018,hogares,anio_dvd,C (2),Año del último dvd adquirido,"{00,...,16,50,...,99}",(reproductor de discos de video.,,doc_2018.pdf p.54
2018,hogares,anio_ester,C (2),Año del último estéreo adquirido,"{00,...,16,50,...,99}",minicomponente.,,doc_2018.pdf p.53
2018,hogares,anio_estuf,C (2),Año de la última estufa adquirida,"{00,...,16,50,...,99}",eléctrica.,,doc_2018.pdf p.55
2018,hogares,anio_grab,C (2),Año de la última radiograbadora adquirida,"{00,...,16,50,...,99}",Año de adquisición de la última grabadora.,,doc_2018.pdf p.53
2018,hogares,anio_impre,C (2),Año de la última impresora adquirida,"{00,...,16,50,...,99}",Año de adquisición de la última impresora.,,doc_2018.pdf p.57
2018,hogares,anio_juego,C (2),Año del último videojuego adquirido,"{00,...,16,50,...,99}","Año de adquisición del último videojuego. ¿En qué año adquirió su último videojuegos: Wii,",,doc_2018.pdf p.57
2018,hogares,anio_lavad,C (2),Año de la última lavadora adquirida,"{00,...,16,50,...,99}",Año de adquisición de la última lavadora.,,doc_2018.pdf p.56
2018,hogares,anio_licua,C (2),Año de la última licuadora adquirida,"{00,...,16,50,...,99}",Año de adquisición de la última licuadora.,,doc_2018.pdf p.54
2018,hogares,anio_maqui,C (2),Año de la última máquina de coser adquirida,"{00,...,16,50,...,99}",coser.,,doc_2018.pdf p.56
2018,hogares,anio_micro,C (2),Año del último horno adquirido,"{00,...,16,50,...,99}",microondas.,,doc_2018.pdf p.55
2018,hogares,anio_moto,C (2),Año de la última moto adquirida,"{00,...,16,50,...,99}",motoneta.,,doc_2018.pdf p.51
2018,hogares,anio_otro,C (2),Año del último vehículo adquirido,"{00,...,16,50,...,99}",tipo.,,doc_2018.pdf p.52
2018,hogares,anio_pickup,C (2),Año de la última pickup adquirida,"{00,...,16,50,...,99}",caja.,,doc_2018.pdf p.51
2018,hogares,anio_planc,C (2),Año de la última plancha adquirida,"{00,...,16,50,...,99}",eléctrica.,,doc_2018.pdf p.56
2018,hogares,anio_radio,C (2),Año de la última radio adquirida,"{00,...,16,50,...,99}",Año de adquisición de la última radio.,,doc_2018.pdf p.53
2018,hogares,anio_refri,C (2),Año del último refrigerador adquirido,"{00,...,16,50,...,99}",Año de adquisición del último refrigerador.,,doc_2018.pdf p.55
2018,hogares,anio_tosta,C (2),Año del último tostador adquirido,"{00,...,16,50,...,99}",Año de adquisición del último tostador eléctrico.,,doc_2018.pdf p.55
2018,hogares,anio_trici,C (2),Año del último triciclo adquirido,"{00,...,16,50,...,99}",Año de adquisición del último triciclo. ¿En qué año adquirió su último triciclo de carga,,doc_2018.pdf p.52
2018,hogares,anio_tva,C (2),Año del último televisor analógico adquirido,"{00,...,16,50,...,99}",analógico.,,doc_2018.pdf p.53
2018,hogares,anio_tvd,C (2),Año del último televisor digital adquirido,"{00,...,16,50,...,99}",Año de adquisición del último televisor digital.,,doc_2018.pdf p.54
2018,hogares,anio_van,C (2),Año de la última camioneta adquirida,"{00,...,16,50,...,99}",cerrada o con cabina.,,doc_2018.pdf p.51
2018,hogares,anio_venti,C (2),Año del último ventilador adquirido,"{00,...,16,50,...,99}",Año de adquisición del último ventilador.,,doc_2018.pdf p.56
2018,hogares,anio_video,C (2),Año de la última videocasetera adquirida,"{00,...,16,50,...,99}",Año de adquisición de la última videocasetera.,,doc_2018.pdf p.54
2018,hogares,autocons,C (1),Autoconsumo,"{1,2}","obtuvo de un negocio que es de su propiedad, durante la semana de referencia.",,doc_2018.pdf p.61
2018,hogares,bene_licon,C (1),Beneficiario Liconsa,"{1,2}","Beneficiario en el hogar del Programa de Actualmente, ¿usted o algún integrante del hogar es Abasto Social de Leche (Liconsa).",,doc_2018.pdf p.63
2018,hogares,celular,C (1),Teléfono celular,"{1,2}",móvil aunque sea un solo integrante del hogar.,,doc_2018.pdf p.50
2018,hogares,cond_dicon,C (1),Venta condicionada,"{1,2}",Venta condicionada en tienda Diconsa. ¿Les condicionan la venta de artículos alimentarios,,doc_2018.pdf p.64
2018,hogares,cond_licon,C (1),Otorgamiento condicionado,"{1,2}",Compra condicionada por Liconsa. ¿Les condicionan el otorgamiento de leche Liconsa,,doc_2018.pdf p.63
2018,hogares,conex_inte,C (1),Dispone de conexión a internet,"{1,2}","telefónica, tarjeta prepagada o telecable.",,doc_2018.pdf p.50
2018,hogares,consumo,C (1),Consumo,"{1,2}","el desayuno, la comida o la cena o para la cada ... ¿las realizó en alguno de los días en los que despensa, en alguno de los días de la semana",,doc_2018.pdf p.60
2018,hogares,diconsa,C (1),Tienda Diconsa en la localidad,"{1,...,3}",Tienda de Diconsa en la colonia o localidad.,,doc_2018.pdf p.64
2018,hogares,embarazo_g,C (1),Servicios médicos parto,"{1,2}","profesionales o no, así como los medicamentos recetados, análisis clínicos, etcétera.",,doc_2018.pdf p.62
2018,hogares,er_aparato,C (1),Radio mediante aparato físico,{1},Medio por el cual se escucha la radio.,,doc_2018.pdf p.58
2018,hogares,er_aplicac,C (1),Radio mediante aplicación,{4},Medio por el cual se escucha la radio.,,doc_2018.pdf p.58
2018,hogares,er_celular,C (1),Radio mediante teléfono celular,{2},Medio por el cual se escucha la radio.,,doc_2018.pdf p.58
2018,hogares,er_compu,C (1),Radio mediante computadora,{3},Medio por el cual se escucha la radio.,,doc_2018.pdf p.58
2018,hogares,er_otro,C (1),Radio por otro medio,{6},Medio por el cual se escucha la radio.,,doc_2018.pdf p.58
2018,hogares,er_tv,C (1),Radio mediante televisión,{5},Medio por el cual se escucha la radio.,,doc_2018.pdf p.58
2018,hogares,esc_radio,C (1),Escuchan la radio,"{1,2}",En su hogar escuchan la radio.,,doc_2018.pdf p.57
2018,hogares,est_alim,N (9),Estimación de gastos en alimentos,Sección y/o apartado bebidas consumidas dentro y fuera de la casa y,bebidas y tabaco consumidos dentro y fuera de casa.,,doc_2018.pdf p.63
2018,hogares,est_trans,N (9),Estimación en gastos de transporte,Sección y/o apartado Estimación del gasto mensual en transporte público,público.,,doc_2018.pdf p.63
2018,hogares,foliohog,C (1),Identificador del hogar,Sección y/o apartado,5 los hogares adicionales.,,doc_2018.pdf p.44
2018,hogares,folioviv,C (10),Identificador de la vivienda,Sección y/o apartado,"rural, código 6), cuatro dígitos del número consecutivo de la upm, un dígito de la decena de levantamiento y dos dígitos con un número",,doc_2018.pdf p.44
2018,hogares,habito_1,C (1),Cada mes,{1},Frecuencia con la que realiza las compras de ¿Cada cuándo realizan las compras en alimentos y alimentos y bebidas.,,doc_2018.pdf p.59
2018,hogares,habito_2,C (1),Cada 15 días,{2},Frecuencia con la que realiza las compras de ¿Cada cuándo realizan las compras en alimentos y alimentos y bebidas.,,doc_2018.pdf p.59
2018,hogares,habito_3,C (1),Cada 8 días,{3},Frecuencia con la que realiza las compras de ¿Cada cuándo realizan las compras en alimentos y alimentos y bebidas.,,doc_2018.pdf p.59
2018,hogares,habito_4,C (1),Cada tercer día,{4},Frecuencia con la que realiza las compras de ¿Cada cuándo realizan las compras en alimentos y alimentos y bebidas.,,doc_2018.pdf p.60
2018,hogares,habito_5,C (1),Diariamente,{5},Frecuencia con la que realiza las compras de ¿Cada cuándo realizan las compras en alimentos y alimentos y bebidas.,,doc_2018.pdf p.60
2018,hogares,habito_6,C (1),Otros,{6},Algún otro intervalo de frecuencia con que haga ¿Cada cuándo realizan las compras en alimentos y las compras.,,doc_2018.pdf p.60
2018,hogares,huesp_come,N (1),Huéspedes que pagan por comer,Sección y/o apartado Sección II,Personas que pagan para comer en el hogar. ¿De esa o esas personas cuántas de ellas también,,doc_2018.pdf p.44
2018,hogares,huespedes,N (1),Huéspedes que pagan por dormir,Sección y/o apartado Sección II,dormir.,,doc_2018.pdf p.44
2018,hogares,lts_licon,C (1),Litros de leche Liconsa,"{1,...,7}",compra a la semana.,,doc_2018.pdf p.64
2018,hogares,negcua,C (1),Negocio del hogar,"{1,2}","negocio ya sea que se de dedique a procesar, propiedad del hogar que se dedique a elaborar, vender o prestar un servicio.",,doc_2018.pdf p.63
2018,hogares,nr_viv,C (2),Número de renglón de vivienda,Sección y/o apartado 1.5 Viviendas y Servicios de Conservación,una cuota por la vivienda como prestación en el Asignar el número de renglón que corresponda trabajo.,,doc_2018.pdf p.60
2018,hogares,num_aspir,N (2),Número de aspiradoras del hogar,Sección y/o apartado Sección V,hogar.,,doc_2018.pdf p.56
2018,hogares,num_auto,N (2),Número de automóviles del hogar,Sección y/o apartado Sección V,hogar.,,doc_2018.pdf p.50
2018,hogares,num_bici,N (2),Número de bicicletas del hogar,Sección y/o apartado Sección V,medio de transporte en el hogar.,,doc_2018.pdf p.51
2018,hogares,num_canoa,N (2),Número de canoas del hogar,Sección y/o apartado Sección V,vehículos para navegar con los que cuenta el hogar.,,doc_2018.pdf p.52
2018,hogares,num_carret,N (2),Número de carretas del hogar,Sección y/o apartado Sección V,vehículos de tracción animal con los que cuenta el hogar.,,doc_2018.pdf p.52
2018,hogares,num_compu,N (2),Número de computadoras del hogar,Sección y/o apartado Sección V,hogar.,,doc_2018.pdf p.57
2018,hogares,num_dvd,N (2),Número de dvds del hogar,Sección y/o apartado Sección V,discos de video) con los que cuenta el hogar.,,doc_2018.pdf p.54
2018,hogares,num_ester,N (2),Número de estéreos del hogar,Sección y/o apartado Sección V,minicomponentes con los que cuenta el hogar.,,doc_2018.pdf p.52
2018,hogares,num_estuf,N (2),Número de estufas del hogar,Sección y/o apartado Sección V,que cuenta el hogar.,,doc_2018.pdf p.55
2018,hogares,num_grab,N (2),Número de radiograbadoras del hogar,Sección y/o apartado Sección V,hogar.,,doc_2018.pdf p.53
2018,hogares,num_impre,N (2),Número de impresoras del hogar,Sección y/o apartado Sección V,hogar.,,doc_2018.pdf p.57
2018,hogares,num_juego,N (2),Número de videojuegos del hogar,Sección y/o apartado Sección V,otros) con los que cuenta el hogar.,,doc_2018.pdf p.57
2018,hogares,num_lavad,N (2),Número de lavadoras del hogar,Sección y/o apartado Sección V,hogar.,,doc_2018.pdf p.55
2018,hogares,num_licua,N (2),Número de licuadoras del hogar,Sección y/o apartado Sección V,hogar.,,doc_2018.pdf p.54
2018,hogares,num_maqui,N (2),Número de máquinas de coser del hogar,Sección y/o apartado Sección V,cuenta el hogar.,,doc_2018.pdf p.56
2018,hogares,num_micro,N (2),Número de hornos de microondas del hogar,Sección y/o apartado Sección V,cuenta el hogar.,,doc_2018.pdf p.55
2018,hogares,num_moto,N (2),Número de motos del hogar,Sección y/o apartado Sección V,que cuenta el hogar.,,doc_2018.pdf p.51
2018,hogares,num_otro,N (2),Número de otros vehículos del hogar,Sección y/o apartado Sección V,cuenta el hogar.,,doc_2018.pdf p.52
2018,hogares,num_pickup,N (2),Número de pickups del hogar,Sección y/o apartado Sección V,cuenta el hogar.,,doc_2018.pdf p.51
2018,hogares,num_planc,N (2),Número de planchas del hogar,Sección y/o apartado Sección V,cuenta el hogar.,,doc_2018.pdf p.56
2018,hogares,num_radio,N (2),Número de radios del hogar,Sección y/o apartado Sección V,Número de radios con las que cuenta el hogar.,,doc_2018.pdf p.53
2018,hogares,num_refri,N (2),Número de refrigeradores del hogar,Sección y/o apartado Sección V,hogar.,,doc_2018.pdf p.55
2018,hogares,num_tosta,N (2),Número de tostadores del hogar,Sección y/o apartado Sección V,hogar.,,doc_2018.pdf p.54
2018,hogares,num_trab_d,N (1),Número de trabajadores domésticos,Sección y/o apartado Sección II,familiares.,,doc_2018.pdf p.44
2018,hogares,num_trici,N (2),Número de triciclos del hogar,Sección y/o apartado Sección V,de transporte en el hogar.,,doc_2018.pdf p.51
2018,hogares,num_tva,N (2),Número de televisores analógicos del hogar,Sección y/o apartado Sección V,cuenta el hogar.,,doc_2018.pdf p.53
2018,hogares,num_tvd,N (2),Número de televisores digitales del hogar,Sección y/o apartado Sección V,cuenta el hogar.,,doc_2018.pdf p.53
2018,hogares,num_van,N (2),Número de camionetas del hogar,Sección y/o apartado Sección V,(van o minivan) con las que cuenta el hogar.,,doc_2018.pdf p.50
2018,hogares,num_venti,N (2),Número de ventiladores del hogar,Sección y/o apartado Sección V,hogar.,,doc_2018.pdf p.56
2018,hogares,num_video,N (2),Número de videocaseteras del hogar,Sección y/o apartado Sección V,el hogar.,,doc_2018.pdf p.54
2018,hogares,otro_pago,N (3),Otro monto de gasto,Sección y/o apartado Programas sociales (Liconsa y Diconsa),Otro pago por alimentos en tienda Diconsa. ¿Cuánto paga usted o algún integrante del hogar por,,doc_2018.pdf p.65
2018,hogares,otros_lts,N (2),Otra cantidad de litros,Sección y/o apartado Programas sociales (Liconsa y Diconsa),compra a la semana.,,doc_2018.pdf p.64
2018,hogares,pago_dicon,C (1),Gasto semanal en Diconsa,"{1,...,5,7}",Diconsa.,,doc_2018.pdf p.65
2018,hogares,pagotarjet,C (1),Pagos con tarjetas,"{1,2}",integrante del hogar para la adquisición de tabaco o alimentos y bebidas consumidos,,doc_2018.pdf p.61
2018,hogares,parto_g,C (1),Gasto en Parto,"{1,2}","así como los medicamentos recetados, análisis Durante los meses _______a _________, ¿el hogar clínicos, etcétera.",,doc_2018.pdf p.62
2018,hogares,recib_tvd,C (1),Recibió televisor digital,"{1,2}",Federal.,,doc_2018.pdf p.58
2018,hogares,regalodado,C (1),Regalos a otras personas,"{1,2}",Gasto en regalos a personas ajenas al hogar. ¿Compró algún artículo o pagó algún servicio para,,doc_2018.pdf p.61
2018,hogares,regalos,C (1),Regalos recibidos,"{1,2}","para su consumo final y privado, que fueron recibidos como regalo de personas que",,doc_2018.pdf p.62
2018,hogares,regalotar,C (1),Regalos con tarjeta,"{1,2}",pagado con tarjeta de crédito bancaria o comercial.,,doc_2018.pdf p.61
2018,hogares,remunera,C (1),Remuneraciones,"{1,2}",y servicios de consumo final y privado que reciben los trabajadores subordinados.,,doc_2018.pdf p.62
2018,hogares,tarjeta,C (1),Tarjeta,"{1,2}","monto en dinero (crédito) como una forma de ¿Alguna de las personas que conforman su hogar financiamiento por parte de la institución, que es",,doc_2018.pdf p.60
2018,hogares,telefono,C (1),Línea telefónica fija,"{1,2}",con instalación alámbrica o satelital (antena).,,doc_2018.pdf p.50
2018,hogares,trab_come,N (1),Trabajadores domésticos que comen,Sección y/o apartado Sección II,en este hogar.,,doc_2018.pdf p.44
2018,hogares,transferen,C (1),Transferencias,"{1,2}","puedan disfrutar de ciertos artículos o servicios, esta ayuda consiste en que el organismo absorbe parte o el total del valor del bien o",,doc_2018.pdf p.62
2018,hogares,tsalud1_h,N (2),Horas en llegar al hospital,Sección y/o apartado Sección VI,"transporte que utilizaría, ¿cuánto tiempo cree que hospital en una emergencia.",,doc_2018.pdf p.59
2018,hogares,tsalud1_m,N (2),Minutos en llegar al hospital,Sección y/o apartado Sección VI,hospital en una emergencia.,,doc_2018.pdf p.59
2018,hogares,tv_paga,C (1),Televisión de paga,"{1,2}","televisión por pago, considerando que el servicio está en funcionamiento.",,doc_2018.pdf p.50
2018,ingresos,clave,C (4),Clave de ingreso,Catálogo de ingresos,persona.,catalogo_ingresos,doc_2018.pdf p.113
2018,ingresos,foliohog,C (1),Identificador del hogar,Sección y/o apartado,5 los hogares adicionales.,,doc_2018.pdf p.113
2018,ingresos,folioviv,C (10),Identificador de la vivienda,Sección y/o apartado,"rural, código 6), cuatro dígitos del número consecutivo de la upm, un dígito de la decena de levantamiento y dos dígitos con un número",,doc_2018.pdf p.113
2018,ingresos,ing_1,N (9),Ingresos del primer mes,Sección y/o apartado,Ingreso del primer mes pasado a la entrevista.,,doc_2018.pdf p.115
2018,ingresos,ing_2,N (9),Ingresos del segundo mes,Sección y/o apartado,entrevista.,,doc_2018.pdf p.115
2018,ingresos,ing_3,N (9),Ingresos del tercer mes,Sección y/o apartado,Ingreso del tercer mes pasado a la entrevista.,,doc_2018.pdf p.116
2018,ingresos,ing_4,N (9),Ingresos del cuarto mes,Sección y/o apartado,Ingreso del cuarto mes pasado a la entrevista.,,doc_2018.pdf p.116
2018,ingresos,ing_5,N (9),Ingresos del quinto mes,Sección y/o apartado,Ingreso del quinto mes pasado a la entrevista.,,doc_2018.pdf p.116
2018,ingresos,ing_6,N (9),Ingresos del sexto mes,Sección y/o apartado,Ingreso del sexto mes pasado a la entrevista.,,doc_2018.pdf p.116
2018,ingresos,ing_tri,"N (12,2)",Ingreso trimestral,Sección y/o apartado,decena de levantamiento.,,doc_2018.pdf p.116
2018,ingresos,mes_1,C (2),Primer mes,"{07,...,10}",Primer mes pasado a la entrevista.,,doc_2018.pdf p.113
2018,ingresos,mes_2,C (2),Segundo mes,"{06,...,09}",Segundo mes pasado a la entrevista.,,doc_2018.pdf p.114
2018,ingresos,mes_3,C (2),Tercer mes,"{05,...,08}",Tercer mes pasado a la entrevista.,,doc_2018.pdf p.114
2018,ingresos,mes_4,C (2),Cuarto mes,"{04,...,07}",Cuarto mes pasado a la entrevista.,,doc_2018.pdf p.114
2018,ingresos,mes_5,C (2),Quinto mes,"{03,...,06}",Quinto mes pasado a la entrevista.,,doc_2018.pdf p.115
2018,ingresos,mes_6,C (2),Sexto mes,"{02,...,05}",Sexto mes pasado a la entrevista.,,doc_2018.pdf p.115
2018,ingresos,numren,C (2),Identificador de la persona,Sección y/o apartado Sección III,integrantes del hogar.,,doc_2018.pdf p.113
2018,poblacion,act_pnea1,C (1),Primera actividad del integrante PNEA,"{1,...,6}",económicamente activas.,,doc_2018.pdf p.99
2018,poblacion,act_pnea2,C (1),Segunda actividad del integrante PNEA,"{2,...,5}",económicamente activas.,,doc_2018.pdf p.100
2018,poblacion,alfabetism,C (1),Alfabetismo,"{1,2}",más años según sepan leer y escribir un recado.,,doc_2018.pdf p.71
2018,poblacion,antec_esc,C (1),Antecedente escolar,"{1,...,5}","Normal), dentro del Sistema Educativo ¿Qué estudios le pidieron a (NOMBRE) para Nacional.",,doc_2018.pdf p.74
2018,poblacion,asis_esc,C (1),Asistencia a la escuela,"{1,2}","establecimiento de enseñanza escolar del Sistema Educativo Nacional (SEN), en",,doc_2018.pdf p.71
2018,poblacion,atemed,,Afiliación para atención médica,"{1,2}",alguna institución que proporciona atención ¿Está usted afiliado o inscrito para recibir atención médica.,,doc_2018.pdf p.81
2018,poblacion,aten_sal,C (1),Recibió atención médica,"{1,2}",salud que les haya impedido realizar sus actividades diarias.,,doc_2018.pdf p.85
2018,poblacion,causa1,C (1),Causa de discapacidad 1,"{1,...,5}",integrante del hogar.,,doc_2018.pdf p.69
2018,poblacion,causa2,C (1),Causa de discapacidad 2,"{1,...,5}",integrante del hogar.,,doc_2018.pdf p.69
2018,poblacion,causa3,C (1),Causa de discapacidad 3,"{1,...,5}",integrante del hogar.,,doc_2018.pdf p.69
2018,poblacion,causa4,C (1),Causa de discapacidad 4,"{1,...,5}",integrante del hogar.,,doc_2018.pdf p.69
2018,poblacion,causa5,C (1),Causa de discapacidad 5,"{1,...,5}",integrante del hogar.,,doc_2018.pdf p.70
2018,poblacion,causa6,C (1),Causa de discapacidad 6,"{1,...,5}",integrante del hogar.,,doc_2018.pdf p.70
2018,poblacion,causa7,C (1),Causa de discapacidad 7,"{1,...,5}",integrante del hogar.,,doc_2018.pdf p.70
2018,poblacion,comprenind,C (1),Comprensión,"{1,2}",lengua indígena.,,doc_2018.pdf p.71
2018,poblacion,conyuge_id,C (2),Número de renglón del cónyuge,"{01,...,50}",del hogar de 12 o más años.,,doc_2018.pdf p.75
2018,poblacion,diabetes,C (1),Diabetes,"{1,2}",¿En los últimos doce meses le han tomado alguna médicos preventivos asociados a la diabetes.,,doc_2018.pdf p.97
2018,poblacion,disc1,C (1),Discapacidad 1,"{1,...,8}","sus brazos o piernas, persona ciega, sorda o",,doc_2018.pdf p.67
2018,poblacion,disc2,C (1),Discapacidad 2,"{2,...,7}","sus brazos o piernas, persona ciega, sorda o",,doc_2018.pdf p.67
2018,poblacion,disc3,C (1),Discapacidad 3,"{3,...,7}","sus brazos o piernas, persona ciega, sorda o",,doc_2018.pdf p.68
2018,poblacion,disc4,C (1),Discapacidad 4,"{4,...,7}","sus brazos o piernas, persona ciega, sorda o En su vida diaria ¿(NOMBRE) tiene alguna dificultad muda, retraso o deficiencia mental).",,doc_2018.pdf p.68
2018,poblacion,disc5,C (1),Discapacidad 5,"{5,...,7}","sus brazos o piernas, persona ciega, sorda o",,doc_2018.pdf p.68
2018,poblacion,disc6,C (1),Discapacidad 6,"{6,7}","sus brazos o piernas, persona ciega, sorda o",,doc_2018.pdf p.68
2018,poblacion,disc7,C (1),Discapacidad 7,{7},"sus brazos o piernas, persona ciega, sorda o En su vida diaria ¿(NOMBRE) tiene alguna dificultad",,doc_2018.pdf p.68
2018,poblacion,edad,N (3),Edad,Sección y/o apartado Sección III,de la persona y la fecha de la entrevista.,,doc_2018.pdf p.66
2018,poblacion,edo_conyug,C (1),Situación conyugal,"{1,...,6}",o más años.,,doc_2018.pdf p.75
2018,poblacion,etnia,C (1),Autoadscripción étnica,"{1,2}",cultura se consideran indígenas.,,doc_2018.pdf p.71
2018,poblacion,foliohog,C (1),Identificador del hogar,Sección y/o apartado,5 los hogares adicionales.,,doc_2018.pdf p.66
2018,poblacion,folioviv,C (10),Identificador de la vivienda,Sección y/o apartado,"rural, código 6), cuatro dígitos del número consecutivo de la upm, un dígito de la decena de levantamiento y dos dígitos con un número",,doc_2018.pdf p.66
2018,poblacion,forma_b,C (1),Forma de beca escolar,"{1,...,5}",Forma en la que se recibió la beca escolar.,,doc_2018.pdf p.73
2018,poblacion,forma_c,C (1),Forma de crédito educativo,"{1,...,3}",Forma en la que se recibió el crédito educativo.,,doc_2018.pdf p.73
2018,poblacion,grado,C (1),Grado escolar al que asiste,"{1,...,6}",del hogar de 3 o más años dentro del Sistema Educativo Nacional.,,doc_2018.pdf p.72
2018,poblacion,gradoaprob,C (1),Grado aprobado,"{0,...,6}",integrante del hogar de 3 o más años dentro del Sistema Educativo Nacional. ¿Hasta qué año o grado aprobó (NOMBRE) en la,,doc_2018.pdf p.74
2018,poblacion,hablaesp,C (1),Español,"{1,2}",lengua indígena o dialecto también hablan el español.,,doc_2018.pdf p.71
2018,poblacion,hablaind,C (1),Hablante indígena,"{1,2}",lengua indígena o dialecto.,,doc_2018.pdf p.70
2018,poblacion,hh_esp,N (2),Hora de espera,Sección y/o apartado,"Tiempo de espera en recibir atención médica. Cuando llegó al lugar, ¿cuánto tiempo tuvo que",,doc_2018.pdf p.87
2018,poblacion,hh_lug,N (2),Horas de traslado,Sección y/o apartado,Tiempo de traslado a recibir atención médica. ¿Cuánto tiempo tardó en llegar al lugar donde se,,doc_2018.pdf p.87
2018,poblacion,hijos_mue,N (2),Hijos fallecidos,Sección y/o apartado Sección X,integrante del hogar de 12 años o más.,,doc_2018.pdf p.99
2018,poblacion,hijos_sob,N (2),Hijos sobrevivientes,Sección y/o apartado Sección X,"hogar de 12 años o más, independientemente ¿Cuántas de sus hijas o hijos viven actualmente de donde residan.",,doc_2018.pdf p.99
2018,poblacion,hijos_viv,N (2),Hijos nacidos vivos,Sección y/o apartado Sección X,"tal como movimiento, latido del corazón, llanto o En total, ¿cuántas hijas o hijos que nacieron vivos ha respiro, aunque después haya muerto.",,doc_2018.pdf p.98
2018,poblacion,hor_1,N (3),Horas de trabajo,Sección y/o apartado Sección IX,a trabajar.,,doc_2018.pdf p.77
2018,poblacion,hor_2,N (3),Horas de estudio,Sección y/o apartado Sección IX,a estudiar y hacer actividades relacionadas con Durante la semana pasada ¿cuánto tiempo dedicó a el estudio.,,doc_2018.pdf p.78
2018,poblacion,hor_3,N (2),Horas de trabajo comunitario,Sección y/o apartado Sección IX,a realizar trabajo comunitario o voluntario. Durante la semana pasada ¿cuánto tiempo dedicó a,,doc_2018.pdf p.78
2018,poblacion,hor_4,N (2),Horas de cuidado de otras personas,Sección y/o apartado Sección IX,"a cuidar, atender sin pago y de manera Durante la semana pasada ¿cuánto tiempo dedicó a exclusiva a niños, ancianos, enfermos,",,doc_2018.pdf p.79
2018,poblacion,hor_5,N (2),Horas de reparación,Sección y/o apartado Sección IX,"a reparar o dar mantenimiento a su vivienda, Durante la semana pasada ¿cuánto tiempo dedicó a muebles, aparatos domésticos o vehículos",,doc_2018.pdf p.79
2018,poblacion,hor_6,N (2),Horas dedicadas a quehacer,Sección y/o apartado Sección IX,a los quehaceres del hogar. Durante la semana pasada ¿cuánto tiempo dedicó a,,doc_2018.pdf p.80
2018,poblacion,hor_7,N (2),Horas de acarreo,Sección y/o apartado Sección IX,a acarrear agua o leña.,,doc_2018.pdf p.80
2018,poblacion,hor_8,N (2),Horas de actividades personales,Sección y/o apartado Sección IX,a realizar actividades de su gusto. Durante la semana pasada ¿Cuánto tiempo le quedó,,doc_2018.pdf p.81
2018,poblacion,inscr_1,C (1),Prestación en el trabajo,{1},personas a las instituciones de salud o que les otorgan alguna pensión.,,doc_2018.pdf p.83
2018,poblacion,inscr_2,C (1),Jubilación o invalidez,{2},personas a las instituciones de salud o que les otorgan alguna pensión.,,doc_2018.pdf p.83
2018,poblacion,inscr_3,C (1),Familiar en el hogar,{3},personas a las instituciones de salud o que les otorgan alguna pensión.,,doc_2018.pdf p.83
2018,poblacion,inscr_4,C (1),Muerte del asegurado,{4},personas a las instituciones de salud o que les otorgan alguna pensión.,,doc_2018.pdf p.83
2018,poblacion,inscr_5,C (1),Ser estudiante,{5},personas a las instituciones de salud o que les otorgan alguna pensión.,,doc_2018.pdf p.83
2018,poblacion,inscr_6,C (1),Contratación propia,{6},personas a las instituciones de salud o que les otorgan alguna pensión.,,doc_2018.pdf p.83
2018,poblacion,inscr_7,C (1),Algún familiar de otro hogar,{7},personas a las instituciones de salud o que les otorgan alguna pensión.,,doc_2018.pdf p.84
2018,poblacion,inscr_8,C (1),No sabe,{8},personas a las instituciones de salud o que les otorgan alguna pensión.,,doc_2018.pdf p.84
2018,poblacion,inst_1,C (1),Institución médica IMSS,{1},la que está afiliada o inscrita las personas del hogar.,,doc_2018.pdf p.82
2018,poblacion,inst_2,C (1),Institución médica ISSSTE,{2},la que está afiliada o inscrita las personas del hogar.,,doc_2018.pdf p.82
2018,poblacion,inst_3,C (1),Institución médica ISSSTE estatal,{3},la que está afiliada o inscrita las personas del hogar.,,doc_2018.pdf p.82
2018,poblacion,inst_4,C (1),Institución médica PEMEX,{4},la que está afiliada o inscrita las personas del hogar.,,doc_2018.pdf p.82
2018,poblacion,inst_5,C (1),Institución médica IMSS-Prospera,{5},la que está afiliada o inscrita las personas del hogar.,,doc_2018.pdf p.82
2018,poblacion,inst_6,C (1),Otra institución médica,{6},la que está afiliada o inscrita las personas del hogar.,,doc_2018.pdf p.82
2018,poblacion,lenguaind,C (4),Lengua indígena,Sección y/o apartado Sección III,residentes de la vivienda de 3 años o más.,,doc_2018.pdf p.70
2018,poblacion,madre_hog,C (1),Identificador de la madre,"{1,2}",hogar.,,doc_2018.pdf p.66
2018,poblacion,madre_id,C (2),Número de renglón de la madre,Sección y/o apartado Sección III,Número de renglón correspondiente a la madre.,,doc_2018.pdf p.67
2018,poblacion,min_1,N (2),Minutos de trabajo,Sección y/o apartado Sección IX,dedicaron a trabajar. Durante la semana pasada ¿cuánto tiempo dedicó a,,doc_2018.pdf p.77
2018,poblacion,min_2,N (2),Minutos de estudio,Sección y/o apartado Sección IX,dedicaron a estudiar y hacer actividades Durante la semana pasada ¿cuánto tiempo dedicó a relacionadas con el estudio.,,doc_2018.pdf p.78
2018,poblacion,min_3,N (2),Minutos de trabajo comunitario,Sección y/o apartado Sección IX,dedicaron a realizar trabajo comunitario o voluntario. Durante la semana pasada ¿cuánto tiempo dedicó a,,doc_2018.pdf p.78
2018,poblacion,min_4,N (2),Minutos de cuidado de otras personas,Sección y/o apartado Sección IX,"dedicaron a cuidar, atender sin pago y de Durante la semana pasada ¿cuánto tiempo dedicó a manera exclusiva a niños, ancianos, enfermos,",,doc_2018.pdf p.79
2018,poblacion,min_5,N (2),Minutos de reparación,Sección y/o apartado Sección IX,"dedicaron a reparar o dar mantenimiento a su Durante la semana pasada ¿cuánto tiempo dedicó a vivienda, muebles, aparatos domésticos o",,doc_2018.pdf p.79
2018,poblacion,min_6,N (2),Minutos dedicados a quehacer,Sección y/o apartado Sección IX,dedicaron a los quehaceres del hogar. Durante la semana pasada ¿cuánto tiempo dedicó a,,doc_2018.pdf p.80
2018,poblacion,min_7,N (2),Minutos de acarreo,Sección y/o apartado Sección IX,dedicaron a acarrear agua o leña. Durante la semana pasada ¿cuánto tiempo dedicó a,,doc_2018.pdf p.80
2018,poblacion,min_8,N (2),Minutos de actividades personales,Sección y/o apartado Sección IX,dedicaron a realizar actividades de su gusto. Durante la semana pasada ¿Cuánto tiempo le quedó,,doc_2018.pdf p.81
2018,poblacion,mm_esp,N (2),Minutos de espera,Sección y/o apartado,"Tiempo de espera en recibir atención médica. Cuando llegó al lugar, ¿cuánto tiempo tuvo que",,doc_2018.pdf p.88
2018,poblacion,mm_lug,N (2),Minutos de traslado,Sección y/o apartado,Tiempo de traslado a recibir atención médica. ¿Cuánto tiempo tardó en llegar al lugar donde se,,doc_2018.pdf p.87
2018,poblacion,motivo_aus,C (2),Motivo de ausencia al trabajo,"{01,...,13}",hogar no trabajó el mes pasado.,,doc_2018.pdf p.99
2018,poblacion,nivel,C (1),Nivel escolar al que asiste,"{01,...,13}",hogar de 3 o más años dentro del Sistema Educativo Nacional.,,doc_2018.pdf p.71
2018,poblacion,nivelaprob,C (1),Nivel de instrucción aprobado,"{0,...,9}",integrante del hogar de 3 o más años dentro del ¿Hasta qué año o grado aprobó (NOMBRE) en la Sistema Educativo Nacional.,,doc_2018.pdf p.74
2018,poblacion,noatenc_1,,No hay donde atenderse,{01},cuando lo requiere.,,doc_2018.pdf p.89
2018,poblacion,noatenc_10,C (2),Sin atención por unidad cerrada,{10},cuando lo requiere.,,doc_2018.pdf p.91
2018,poblacion,noatenc_11,C (2),No hubo médicos,{11},cuando lo requiere.,,doc_2018.pdf p.91
2018,poblacion,noatenc_12,C (2),Se lo impidieron,,cuando lo requiere.,,doc_2018.pdf p.91
2018,poblacion,noatenc_13,C (2),Falta de tiempo,{13},cuando lo requiere.,,doc_2018.pdf p.92
2018,poblacion,noatenc_14,C (2),No hubo quién lo llevara,{14},cuando lo requiere.,,doc_2018.pdf p.92
2018,poblacion,noatenc_15,C (2),No era necesario,{15},cuando lo requiere.,,doc_2018.pdf p.92
2018,poblacion,noatenc_16,C (2),Se automedicó,{16},cuando lo requiere.,,doc_2018.pdf p.92
2018,poblacion,noatenc_2,C (2),Sin atención por falta de dinero,{02},cuando lo requiere.,,doc_2018.pdf p.89
2018,poblacion,noatenc_3,C (2),Unidad médica lejana,{03},cuando lo requiere.,,doc_2018.pdf p.90
2018,poblacion,noatenc_4,C (2),No lo atienden,{04},cuando lo requiere.,,doc_2018.pdf p.90
2018,poblacion,noatenc_5,,No le tiene confianza,{05},cuando lo requiere.,,doc_2018.pdf p.90
2018,poblacion,noatenc_6,C (2),Lo tratan mal,{06},cuando lo requiere.,,doc_2018.pdf p.90
2018,poblacion,noatenc_7,C (2),No hablan la misma lengua,{07},cuando lo requiere.,,doc_2018.pdf p.90
2018,poblacion,noatenc_8,C (2),Hay que esperar mucho,{08},cuando lo requiere.,,doc_2018.pdf p.91
2018,poblacion,noatenc_9,C (2),No le dan medicamento,,cuando lo requiere.,,doc_2018.pdf p.91
2018,poblacion,norecib_1,C (2),No recibió atención en centros de salud,{01},recibió.,,doc_2018.pdf p.92
2018,poblacion,norecib_10,C (2),No recibió atención con curandero,{10},recibió.,,doc_2018.pdf p.94
2018,poblacion,norecib_11,C (2),No recibió atención en otra,{11},recibió.,,doc_2018.pdf p.94
2018,poblacion,norecib_2,C (2),No recibió atención en hospital,{02},recibió.,,doc_2018.pdf p.93
2018,poblacion,norecib_3,C (2),No recibió atención en IMSS,{03},recibió.,,doc_2018.pdf p.93
2018,poblacion,norecib_4,C (2),No recibió atención en PROSPERA,{04},recibió.,,doc_2018.pdf p.93
2018,poblacion,norecib_5,C (2),No recibió atención en ISSSTE,{05},recibió.,,doc_2018.pdf p.93
2018,poblacion,norecib_6,C (2),No recibió atención en ISSSTE estatal,{06},recibió.,,doc_2018.pdf p.93
2018,poblacion,norecib_7,C (2),No recibió atención de otro servicio médico público,{07},recibió.,,doc_2018.pdf p.94
2018,poblacion,norecib_8,C (2),No recibió atención en consultorios privados,{08},recibió.,,doc_2018.pdf p.94
2018,poblacion,norecib_9,C (2),No recibió atención en consultorio de farmacias,{09},recibió.,,doc_2018.pdf p.94
2018,poblacion,num_trabaj,C (1),Número de trabajos,"{1,2}",hogar realizaron durante el mes pasado.,,doc_2018.pdf p.100
2018,poblacion,numren,C (2),Identificador de la persona,Sección y/o apartado Sección III,integrantes del hogar.,,doc_2018.pdf p.66
2018,poblacion,otorg_b,C (1),Otorga beca escolar,"{1,...,5}",escolar.,,doc_2018.pdf p.72
2018,poblacion,otorg_c,C (1),Otorga crédito educativo,"{1,...,4}",educativo.,,doc_2018.pdf p.73
2018,poblacion,padre_hog,C (1),Identificador del padre,"{1,2}",Identifican al padre de las personas del hogar.,,doc_2018.pdf p.67
2018,poblacion,padre_id,C (2),Número de renglón del padre,Sección y/o apartado Sección III,Número de renglón correspondiente al padre.,,doc_2018.pdf p.67
2018,poblacion,pagoaten_1,C (1),Pago por consulta,{1},"Pago de atención médica. En aquella ocasión, ¿tuvo que pagar por algunos de",,doc_2018.pdf p.88
2018,poblacion,pagoaten_2,C (1),Pago por medicamentos,{2},"Pago de atención médica. En aquella ocasión, ¿tuvo que pagar por algunos de",,doc_2018.pdf p.88
2018,poblacion,pagoaten_3,C (1),Pago por estudios de laboratorio,{3},"Pago de atención médica. En aquella ocasión, ¿tuvo que pagar por algunos de",,doc_2018.pdf p.88
2018,poblacion,pagoaten_4,C (1),Pago por hospitalización,{4},"Pago de atención médica. En aquella ocasión, ¿tuvo que pagar por algunos de",,doc_2018.pdf p.88
2018,poblacion,pagoaten_5,C (1),Pago por instrumental médico,{5},"Pago de atención médica. En aquella ocasión, ¿tuvo que pagar por algunos de",,doc_2018.pdf p.89
2018,poblacion,pagoaten_6,C (1),Otro pago,{6},"Pago de atención médica. En aquella ocasión, ¿tuvo que pagar por algunos de",,doc_2018.pdf p.89
2018,poblacion,pagoaten_7,C (1),No pagó por atención médica,{7},"Pago de atención médica. En aquella ocasión, ¿tuvo que pagar por algunos de",,doc_2018.pdf p.89
2018,poblacion,pareja_hog,C (1),Identificador del cónyuge,"{1,2}","años. En este hogar, ¿vive la pareja o esposa(o) de",,doc_2018.pdf p.75
2018,poblacion,parentesco,C (3),Parentesco,Catálogo de parentesco,"conyugal, por consanguinidad, adopción,",catalogo_parentesco,doc_2018.pdf p.66
2018,poblacion,peso,C (1),Control de peso y talla,"{1,2}","cuidado de la salud o de vigilancia del ¿En los últimos doce meses, algún médico o desarrollo de la persona.",,doc_2018.pdf p.97
2018,poblacion,pres_alta,C (1),Presión alta,"{1,2}",médicos preventivos asociados a problemas ¿En los últimos doce meses le han medido a usted cardiacos.,,doc_2018.pdf p.97
2018,poblacion,prob_anio,C (4),Año con problemas de salud,Sección y/o apartado,"¿Cuándo fue la última vez que sufrió algún dolor, salud.",,doc_2018.pdf p.84
2018,poblacion,prob_mes,C (2),Mes con problemas de salud,"{01,...,12}","¿Cuándo fue la última vez que sufrió algún dolor, salud.",,doc_2018.pdf p.84
2018,poblacion,prob_sal,C (1),Problemas de salud,"{1,2}",salud que les haya impedido realizar sus actividades diarias.,,doc_2018.pdf p.85
2018,poblacion,razon_1,C (2),No tenía dinero,{01},Motivo por el cual no lo atendieron.,,doc_2018.pdf p.95
2018,poblacion,razon_10,C (2),El personal dijo que no era necesario,{10},Motivo por el cual no lo atendieron.,,doc_2018.pdf p.96
2018,poblacion,razon_11,C (2),Otra razón de no atención,{11},Motivo por el cual no lo atendieron.,,doc_2018.pdf p.97
2018,poblacion,razon_2,C (2),No entendía su lengua,{02},Motivo por el cual no lo atendieron.,,doc_2018.pdf p.95
2018,poblacion,razon_3,C (2),No quisieron,{03},Motivo por el cual no lo atendieron.,,doc_2018.pdf p.95
2018,poblacion,razon_4,C (2),Dijeron que no era necesario,{04},Motivo por el cual no lo atendieron.,,doc_2018.pdf p.95
2018,poblacion,razon_5,C (2),No tenían tiempo,{05},Motivo por el cual no lo atendieron.,,doc_2018.pdf p.95
2018,poblacion,razon_6,C (2),Razón por unidad médica cerrada,{06},Motivo por el cual no lo atendieron.,,doc_2018.pdf p.96
2018,poblacion,razon_7,C (2),Cita hasta mucho tiempo después,{07},Motivo por el cual no lo atendieron.,,doc_2018.pdf p.96
2018,poblacion,razon_8,C (2),No había médico,{08},Motivo por el cual no lo atendieron.,,doc_2018.pdf p.96
2018,poblacion,razon_9,C (2),No le dieron ninguna razón,{09},Motivo por el cual no lo atendieron.,,doc_2018.pdf p.96
2018,poblacion,redsoc_1,C (1),Red social 1,"{1,...,5}",personas podrían conseguir ayuda para ¿Cree usted que si necesitara pedir ayuda para conseguir un trabajo.,,doc_2018.pdf p.76
2018,poblacion,redsoc_2,C (1),Red social 2,"{1,...,5}",personas podrían conseguir ayuda para que ¿Cree usted que si necesitara pedir ayuda para que lo(a) cuiden en una enfermedad.,,doc_2018.pdf p.76
2018,poblacion,redsoc_3,C (1),Red social 3,"{1,...,5}",¿Cree usted que si necesitara pedirle a alguien la cantidad de dinero que ingresa al hogar en un,,doc_2018.pdf p.76
2018,poblacion,redsoc_4,C (1),Red social 4,"{1,...,5}",personas podrían conseguir ayuda para que ¿Cree usted que si necesitarapedir ayuda para que lo(a) acompañen al doctor.,,doc_2018.pdf p.76
2018,poblacion,redsoc_5,C (1),Red social 5,"{1,...,5}",personas podrían conseguir cooperación para ¿Cree usted que si necesitara pedir cooperación realizar mejoras en su colonia o localidad.,,doc_2018.pdf p.77
2018,poblacion,redsoc_6,C (1),Red social 6,"{1,...,5}",personas podrían conseguir ayuda para que ¿Cree usted que si necesitara pedir ayuda para que cuiden a los(as) niños(as) en este hogar.,,doc_2018.pdf p.77
2018,poblacion,residencia,C (2),Residencia,Catálogo de residencia,"hogar, 5 años antes del momento de la ¿Hace 5 años, en octubre de 2005, en qué estado de entrevista.",catalogo_residencia,doc_2018.pdf p.75
2018,poblacion,segpop,C (1),Seguro popular,"{1,2}","fin de evitar empobrecimiento por causa de gastos médicos de bolsillo y mejorar las Actualmente, ¿se encuentra usted afiliado o inscrito",,doc_2018.pdf p.81
2018,poblacion,segsoc,C (1),Contribución a la seguridad social,"{1,2}",productiva a fin de gozar de los beneficios de esta. Pueden ser instituciones nacionales y/o ¿Alguna vez ha contribuido o cotizado para alguna,,doc_2018.pdf p.75
2018,poblacion,segvol_1,C (1),"Seguro voluntario SAR, AFORE",{1},contratado voluntariamente.,,doc_2018.pdf p.97
2018,poblacion,segvol_2,C (1),Seguro voluntario de gastos médicos,{2},contratado voluntariamente.,,doc_2018.pdf p.98
2018,poblacion,segvol_3,C (1),Seguro voluntario de vida,{3},contratado voluntariamente.,,doc_2018.pdf p.98
2018,poblacion,segvol_4,C (1),Seguro voluntario de invalidez,{4},contratado voluntariamente.,,doc_2018.pdf p.98
2018,poblacion,segvol_5,C (1),Otro tipo de seguro voluntario,{5},contratado voluntariamente.,,doc_2018.pdf p.98
2018,poblacion,segvol_6,C (1),Ningún tipo de seguro voluntario,{6},contratado voluntariamente.,,doc_2018.pdf p.98
2018,poblacion,segvol_7,C (1),No sabe si tiene seguros,{7},contratado voluntariamente.,,doc_2018.pdf p.98
2018,poblacion,servmed_1,C (2),Atención en centros de salud,{01},para recibir atención médica.,,doc_2018.pdf p.85
2018,poblacion,servmed_10,C (2),Atención con curandero,{10},para recibir atención médica.,,doc_2018.pdf p.87
2018,poblacion,servmed_11,C (2),Atención en otro lugar,{11},para recibir atención médica.,,doc_2018.pdf p.87
2018,poblacion,servmed_2,C (2),Atención en hospital,{02},para recibir atención médica.,,doc_2018.pdf p.85
2018,poblacion,servmed_3,C (2),Atención en el IMSS,{03},para recibir atención médica.,,doc_2018.pdf p.85
2018,poblacion,servmed_4,C (2),Atención en PROSPERA,{04},para recibir atención médica.,,doc_2018.pdf p.86
2018,poblacion,servmed_5,C (2),Atención en ISSSTE,{05},para recibir atención médica.,,doc_2018.pdf p.86
2018,poblacion,servmed_6,C (2),Atención en ISSSTE estatal,{06},para recibir atención médica.,,doc_2018.pdf p.86
2018,poblacion,servmed_7,C (2),Atención médica en otra institución pública,{07},para recibir atención médica.,,doc_2018.pdf p.86
2018,poblacion,servmed_8,C (2),Atención en consultorios privados,{08},para recibir atención médica.,,doc_2018.pdf p.86
2018,poblacion,servmed_9,C (2),Atención en consultorio de farmacias,{09},para recibir atención médica.,,doc_2018.pdf p.87
2018,poblacion,sexo,C (1),Sexo,"{1,2}",en hombres o mujeres.,,doc_2018.pdf p.66
2018,poblacion,ss_aa,N (2),Tiempo de contribución años,Sección y/o apartado Sección VI,social.,,doc_2018.pdf p.75
2018,poblacion,ss_mm,N (2),Tiempo de contribución meses,Sección y/o apartado Sección VI,seguridad social.,,doc_2018.pdf p.76
2018,poblacion,tiene_b,C (1),Beca escolar,"{1,2}",los integrantes del hogar que asisten a la ¿Le otorgaron beca a (NOMBRE) para este año escuela.,,doc_2018.pdf p.72
2018,poblacion,tiene_c,C (1),Crédito educativo,"{1,2}","materiales, etc. Quien lo recibe está comprometido a pagarlo en parte o en su ¿Le otorgaron crédito educativo a (NOMBRE) para",,doc_2018.pdf p.73
2018,poblacion,tipoesc,C (1),Tipo de escuela,"{1,...,3}","Educativo Nacional según sea pública, privada",,doc_2018.pdf p.72
2018,poblacion,trabajo_mp,C (1),Trabajó el mes pasado,"{1,2}",Clasificación de personas de 12 o más años según si trabajaron el mes pasado.,,doc_2018.pdf p.99
2018,poblacion,usotiempo1,C (1),Trabajar,"{8,9}",No recuerda haber trabajado. Durante la semana pasada ¿cuánto tiempo dedicó a,,doc_2018.pdf p.78
2018,poblacion,usotiempo2,C (1),Estudiar y hacer actividades,"{8,9}",No recuerda haber dedicado tiempo para Durante la semana pasada ¿cuánto tiempo dedicó a estudiar.,,doc_2018.pdf p.78
2018,poblacion,usotiempo3,C (1),Trabajo comunitario,"{8,9}",realizar trabajo comunitario o voluntario.,,doc_2018.pdf p.78
2018,poblacion,usotiempo4,C (1),"Cuidar, atender sin pago","{8,9}","cuidar, atender sin pago y de manera exclusiva Durante la semana pasada ¿cuánto tiempo dedicó a a niños, ancianos, enfermos, discapacitados.",,doc_2018.pdf p.79
2018,poblacion,usotiempo5,C (1),Reparar su vivienda,"{8,9}","dar mantenimiento a su vivienda, muebles, Durante la semana pasada ¿cuánto tiempo dedicó a aparatos domésticos o vehículos.",,doc_2018.pdf p.79
2018,poblacion,usotiempo6,C (1),Realizar quehacer en su hogar,"{8,9}",quehaceres del hogar.,,doc_2018.pdf p.80
2018,poblacion,usotiempo7,C (1),Acarrear agua o leña,"{8,9}",acarrear agua o leña.,,doc_2018.pdf p.80
2018,poblacion,usotiempo8,C (1),Tiempo para realizar actividades,"{8,9}",realizar actividades de su gusto.,,doc_2018.pdf p.81
2018,trabajos,clas_emp,C (1),Clasificación de la empresa,"{1,...,4}","a las unidades económicas privadas que no se ubican bajo la modalidad de negocios privados, para canalizarlas a una secuencia propia de",,doc_2018.pdf p.129
2018,trabajos,conf_pers,C (1),Confirmación de personal,"{1,2}",actividad principal durante el periodo de ¿El personal empleado es el mismo que utilizó en la referencia.,,doc_2018.pdf p.132
2018,trabajos,contrato,C (1),Tuvo contrato,"{1,2}",Existencia de un contrato laboral por escrito.,,doc_2018.pdf p.123
2018,trabajos,foliohog,C (1),Identificador del hogar,Sección y/o apartado,5 los hogares adicionales.,,doc_2018.pdf p.122
2018,trabajos,folioviv,C (10),Identificador de la vivienda,Sección y/o apartado,"rural, código 6), cuatro dígitos del número consecutivo de la upm, un dígito de la decena de levantamiento y dos dígitos con un número",,doc_2018.pdf p.122
2018,trabajos,htrab,N (3),Horas trabajadas,"Sección y/o apartado Apartado 3.1, Pregunta 1; Sección IV, Apartado 4.2,","Número de horas que trabajó a la semana. El mes pasado en este trabajo, ¿cuántas horas a la",,doc_2018.pdf p.128
2018,trabajos,id_trabajo,C (1),Identificador del trabajo,"{1,2}",Identificador del trabajo.,,doc_2018.pdf p.122
2018,trabajos,indep,C (1),Trabajó por su cuenta,"{1,2}","El trabajo que tuvo fue por su cuenta. Entonces, ¿se dedicó a un negocio o actividad por su",,doc_2018.pdf p.123
2018,trabajos,lugar,C (1),Confirmación de establecimiento,"{1,2}","misma unidad económica, en la que se ¿Esta(s) actividad(es) la(s) realizó en el mismo lugar desarrolla la actividad principal.",,doc_2018.pdf p.132
2018,trabajos,medtrab_1,C (1),Servicios médicos del IMSS,{1},servicios médicos del seguro social.,,doc_2018.pdf p.133
2018,trabajos,medtrab_2,C (1),Servicios médicos del ISSSTE,{2},servicios médicos del ISSSTE.,,doc_2018.pdf p.133
2018,trabajos,medtrab_3,C (1),Servicios médicos ISSSTE Estatal,{3},servicios médicos del ISSSTE estatal.,,doc_2018.pdf p.133
2018,trabajos,medtrab_4,C (1),Servicios médicos de PEMEX,{4},"servicios médicos de PEMEX, del ejército o de ¿En este trabajo le dieron las siguientes la marina.",,doc_2018.pdf p.133
2018,trabajos,medtrab_5,C (1),Servicios médicos de universidades,{5},servicios médicos de universidades.,,doc_2018.pdf p.133
2018,trabajos,medtrab_6,C (1),Servicios médicos privados,{6},servicios médicos privados.,,doc_2018.pdf p.134
2018,trabajos,medtrab_7,C (1),No tiene servicios médicos,{7},En el trabajo no cuentan con servicios médicos. ¿En este trabajo le dieron las siguientes,,doc_2018.pdf p.134
2018,trabajos,no_ing,C (2),No ingresos,"{01,...,13,99)","económicas, no percibieron ingresos",,doc_2018.pdf p.129
2018,trabajos,numren,C (2),Identificador de la persona,Sección y/o apartado Sección III,integrantes del hogar.,,doc_2018.pdf p.122
2018,trabajos,otra_act,C (1),Otras actividades del negocio,"{1,2}","durante el periodo de referencia, tanto en el Además de la actividad mencionada, el mes pasado, trabajo principal como en el secundario.",,doc_2018.pdf p.131
2018,trabajos,pago,C (1),Como le pagaron,"{1,...,3}",Forma de pago en su trabajo.,,doc_2018.pdf p.123
2018,trabajos,personal,C (1),Tuvo personal,"{1,2}",cargo.,,doc_2018.pdf p.123
2018,trabajos,pres_1,C (2),Incapacidad médica,{01},"incapacidad en caso de enfermedad, accidente ¿En este trabajo le dieron las siguientes o maternidad.",,doc_2018.pdf p.124
2018,trabajos,pres_10,C (2),Préstamos,{10},préstamos personales y/o caja de ahorro.,,doc_2018.pdf p.126
2018,trabajos,pres_11,C (2),Prima vacacional,{11},prima vacacional.,,doc_2018.pdf p.126
2018,trabajos,pres_12,C (2),Apoyos educativos,{12},becas y apoyos educativos.,,doc_2018.pdf p.126
2018,trabajos,pres_13,C (2),Servicio de comedor,{13},servicio de comedor.,,doc_2018.pdf p.126
2018,trabajos,pres_14,C (2),Crédito FONACOT,{14},crédito FONACOT.,,doc_2018.pdf p.127
2018,trabajos,pres_15,C (2),Ayuda de despensas,{15},ayuda de despensas.,,doc_2018.pdf p.127
2018,trabajos,pres_16,C (2),Ayuda en el pago de servicios,{16},"ayuda o exención en el pago de luz, agua, ¿En este trabajo le dieron las siguientes teléfono, etcétera.",,doc_2018.pdf p.127
2018,trabajos,pres_17,C (2),Pensión en caso de invalidez,{17},pensión en caso de invalidez.,,doc_2018.pdf p.127
2018,trabajos,pres_18,C (2),Pensión en caso de fallecimiento,{18},pensión para sus familiares en caso de ¿En este trabajo le dieron las siguientes fallecimiento.,,doc_2018.pdf p.127
2018,trabajos,pres_19,C (2),Otras prestaciones,{19},prestaciones.,,doc_2018.pdf p.128
2018,trabajos,pres_2,C (2),Aguinaldo,{02},aguinaldo.,,doc_2018.pdf p.124
2018,trabajos,pres_20,C (2),No tiene prestaciones,{20},En el trabajo que tuvo no le dieron prestaciones. ¿En este trabajo le dieron las siguientes,,doc_2018.pdf p.128
2018,trabajos,pres_3,C (2),Vacaciones,{03},vacaciones con goce de sueldo.,,doc_2018.pdf p.124
2018,trabajos,pres_4,C (2),Reparto de utilidades,{04},reparto de utilidades.,,doc_2018.pdf p.124
2018,trabajos,pres_5,C (2),Crédito de vivienda,{05},crédito de vivienda.,,doc_2018.pdf p.125
2018,trabajos,pres_6,C (2),Guarderías,{06},guarderías y estancias infantiles.,,doc_2018.pdf p.125
2018,trabajos,pres_7,C (2),Cuidados maternos o paternos,{07},tiempo para cuidados maternos o paternos.,,doc_2018.pdf p.125
2018,trabajos,pres_8,C (2),SAR o AFORE,{08},SAR o AFORE.,,doc_2018.pdf p.125
2018,trabajos,pres_9,C (2),Seguro de vida,{09},seguro de vida.,,doc_2018.pdf p.125
2018,trabajos,scian,C (4),Catálogo SCIAN,Catálogo SCIAN,trabajó el integrante del hogar de acuerdo al Sistema de clasificación Industrial de América,catalogo_scian,doc_2018.pdf p.128
2018,trabajos,sinco,C (4),Catálogo SINCO,Catálogo SINCO,acuerdo al Sistema Nacional de Clasificación de Ocupaciones.,catalogo_sinco,doc_2018.pdf p.128
2018,trabajos,soc_nr1,C (2),Primer socio del negocio,"{01,...,30}",también es dueño(a) del negocio.,,doc_2018.pdf p.131
2018,trabajos,soc_nr2,C (2),Segundo socio del negocio,"{01,...,30}",también es dueño(a) del negocio.,,doc_2018.pdf p.131
2018,trabajos,soc_resp,C (2),Responsable del negocio,"{01,...,30}","responsable del negocio. ¿Quién de estas personas, incluyéndose usted,",,doc_2018.pdf p.131
2018,trabajos,socios,C (1),Socios del negocio,"{1,2}",también sea(n) dueño(s) del negocio.,,doc_2018.pdf p.130
2018,trabajos,subor,C (1),Fue subordinado,"{1,2}",En el trabajo que tuvo fue subordinado.,,doc_2018.pdf p.122
2018,trabajos,tam_emp,C (2),Tamaño de la empresa,"{01,...,12}","trabajadores, donde desempeño su trabajo Durante el mes pasado, ¿cuántas personas principal el integrante del hogar, el mes pasado.",,doc_2018.pdf p.129
2018,trabajos,tiene_suel,C (1),Asignación de sueldo,"{1,2}","años, por el desempeño del trabajo que realizó ¿En este trabajo usted recibió o tuvo asignado un el mes pasado.",,doc_2018.pdf p.130
2018,trabajos,tipoact,C (1),Actividad de la empresa,"{1,...,9}","empresa, negocio o institución.",,doc_2018.pdf p.130
2018,trabajos,tipoact2,C (1),Segunda actividad del negocio,"{1,...,9}","dedica la empresa, negocio o institución.",,doc_2018.pdf p.131
2018,trabajos,tipoact3,C (1),Tercera actividad del negocio,"{1,...,9}","la empresa, negocio o institución.",,doc_2018.pdf p.132
2018,trabajos,tipoact4,C (1),Cuarta actividad del negocio,"{1,...,9}","la empresa, negocio o institución.",,doc_2018.pdf p.132
2018,trabajos,tipocontr,C (1),Tipo de contrato,"{1,2}",tuvo.,,doc_2018.pdf p.124
2018,trabajos,trapais,C (1),Trabajo en el país,"{1,2}",El trabajo que tuvo fue dentro del país.,,doc_2018.pdf p.122
2018,viviendas,aire_acond,C (1),Dispone de aire acondicionado,"{1,2}",Aire acondicionado.,,doc_2018.pdf p.40
2018,viviendas,antigua_ne,C (1),Antigüedad no especificada de la vivienda,{1},No sabe la antigüedad de la vivienda ¿Cuántos años hace que se construyó esta,,doc_2018.pdf p.32
2018,viviendas,antiguedad,N (2),Antigüedad de la vivienda,"{0,...,99}",construida. ¿Cuántos años hace que se construyó esta,,doc_2018.pdf p.32
2018,viviendas,bano_comp,N (1),Sanitario excusado regadera,Sección y/o apartado Sección I,Número de baños con excusado y regadera. ¿Cuántos baños tiene esta vivienda con excusado y,,doc_2018.pdf p.34
2018,viviendas,bano_excus,N (1),Sanitario excusado,Sección y/o apartado Sección I,Número de baños solo con excusado. ¿Cuántos baños tiene esta vivienda solo,,doc_2018.pdf p.34
2018,viviendas,bano_regad,N (1),Sanitario regadera,Sección y/o apartado Sección I,Número de baños solo con regadera. ¿Cuántos baños tiene esta vivienda solo,,doc_2018.pdf p.34
2018,viviendas,biodigest,C (1),Dispone de biodigestor,"{1,2}",servicio sanitario.,,doc_2018.pdf p.34
2018,viviendas,bomba_agua,C (1),Dispone de bomba de agua,"{1,2}",Bomba de agua.,,doc_2018.pdf p.40
2018,viviendas,calefacc,C (1),Dispone de calefacción,"{1,2}",Calefacción.,,doc_2018.pdf p.40
2018,viviendas,calent_gas,C (1),Dispone de calentador de gas,"{1,2}",Calentador de gas u otros.,,doc_2018.pdf p.39
2018,viviendas,calent_sol,C (1),Dispone de calentador solar de agua,"{1,2}",Calentador de agua solar.,,doc_2018.pdf p.39
2018,viviendas,cisterna,C (1),Dispone de cisterna,"{1,2}",Cisterna o aljibe.,,doc_2018.pdf p.39
2018,viviendas,cocina,C (1),Tiene cocina,"{1,2}","calentar alimentos, aunque también tenga otros usos.",,doc_2018.pdf p.32
2018,viviendas,cocina_dor,C (1),Utiliza cocina de dormitorio,"{1,2}",para dormir.,,doc_2018.pdf p.32
2018,viviendas,combustible,C (1),Tipo de combustible,"{1,...,6}",calentar alimentos en la vivienda.,,doc_2018.pdf p.35
2018,viviendas,cuart_dorm,N (2),Cuartos dormitorio,Sección y/o apartado Sección I,"usados habitualmente para dormir, aunque ¿Cuántos cuartos se usan para dormir sin contar también tengan otros usos.",,doc_2018.pdf p.33
2018,viviendas,disp_agua,C (1),Disponibilidad de agua,"{1,...,7}","sea que se cuente o no, con agua entubada de la red pública.",,doc_2018.pdf p.33
2018,viviendas,disp_elect,C (1),Disponibilidad eléctrica,"{1,...,5}",en la vivienda.,,doc_2018.pdf p.35
2018,viviendas,dotac_agua,C (1),Dotación de agua,"{1,...,5}",agua entubada que proviene de la red pública.,,doc_2018.pdf p.33
2018,viviendas,drenaje,C (1),Destino de drenaje,"{1,...,5}",desalojar de la vivienda los desechos humanos ¿Esta vivienda tiene drenaje o desagüe conectado y las aguas utilizadas.,,doc_2018.pdf p.34
2018,viviendas,eli_basura,C (1),Eliminación de basura,"{1,...,8}",Formas de eliminar la basura de la vivienda.,,doc_2018.pdf p.36
2018,viviendas,ero_1,N (9),Erogación en el mes de referencia 1,Sección y/o apartado 3.5 Erogaciones Financieras y de Capital,"durante el mes pasado del 1° mes, en relación con el mes en que se realiza la entrevista.",,doc_2018.pdf p.110
2018,viviendas,ero_2,N (9),Erogación en el mes de referencia 2,Sección y/o apartado 3.5 Erogaciones Financieras y de Capital,"durante el mes pasado del 2° mes, en relación con el mes en que se realiza la entrevista.",,doc_2018.pdf p.110
2018,viviendas,ero_3,N (9),Erogación en el mes de referencia 3,Sección y/o apartado 3.5 Erogaciones Financieras y de Capital,"durante el mes pasado del 3° mes, en relación con el mes en que se realiza la entrevista.",,doc_2018.pdf p.110
2018,viviendas,ero_4,N (9),Erogación en el mes de referencia 4,Sección y/o apartado 3.5 Erogaciones Financieras y de Capital,"durante el mes pasado del 4° mes, en relación con el mes en que se realiza la entrevista.",,doc_2018.pdf p.110
2018,viviendas,ero_5,N (9),Erogación en el mes de referencia 5,Sección y/o apartado 3.5 Erogaciones Financieras y de Capital,"durante el mes pasado del 5° mes, en relación con el mes en que se realiza la entrevista.",,doc_2018.pdf p.110
2018,viviendas,ero_6,N (9),Erogación en el mes de referencia 6,Sección y/o apartado 3.5 Erogaciones Financieras y de Capital,"durante el mes pasado del 6° mes, en relación con el mes en que se realiza la entrevista.",,doc_2018.pdf p.110
2018,viviendas,ero_tri,"N (12,2)",Erogación trimestral,Sección y/o apartado,levantamiento. solo se trimestralizaron las erogaciones realizados en el período de,,doc_2018.pdf p.111
2018,viviendas,escrituras,C (1),Escrituras de la vivienda,"{1,...,4}",Escrituras o título de propiedad de la vivienda. ¿Esta vivienda cuenta con escrituras o título de,,doc_2018.pdf p.38
2018,viviendas,est_dis,C (3),Estrato de diseño muestral,Sección y/o apartado,UPMs de acuerdo con su estrato geográfico (entidad-ámbito-zona).,,doc_2018.pdf p.42
2018,viviendas,est_socio,C (1),Estrato socioeconómico,"{1,...,4}",equipamiento de las mismas expresadas por medio de 24 indicadores construidos con información del Censo de Población y Vivienda 2010. Esta estratificación se realizó por medio,,doc_2018.pdf p.42
2018,viviendas,estim_pago,N (9),Estimación del pago de renta,Sección y/o apartado Sección I,vivienda que habita el hogar.,,doc_2018.pdf p.36
2018,viviendas,estufa_chi,C (1),Estufa con chimenea,,al cocinar.,,doc_2018.pdf p.36
2018,viviendas,excusado,C (1),Tiene excusado,"{1,2}","para el desalojo de los desechos humanos. ¿Tienen excusado, retrete, sanitario, letrina u hoyo",,doc_2018.pdf p.33
2018,viviendas,factor,N (5),Factor de expansión,Sección y/o apartado,Factor de expansión.,,doc_2018.pdf p.42
2018,viviendas,focos_ahor,N (2),Número de focos ahorradores,Sección y/o apartado Sección I,"iluminar la vivienda, tanto en el interior como en el exterior.",,doc_2018.pdf p.35
2018,viviendas,focos_inca,N (2),Número de focos incandescentes,Sección y/o apartado Sección I,"para iluminar la vivienda, tanto en el interior como en el exterior.",,doc_2018.pdf p.35
2018,viviendas,folioviv,C (10),Identificador de la vivienda,Sección y/o apartado,"rural, código 6), cuatro dígitos del número consecutivo de la upm, un dígito de la decena de levantamiento y dos dígitos con un número",,doc_2018.pdf p.31
2018,viviendas,fregadero,C (1),Dispone de fregadero,"{1,2}",Fregadero o tarja.,,doc_2018.pdf p.38
2018,viviendas,hog_dueno1,C (1),Hogar del primer dueño,Sección y/o apartado Sección I,vivienda.,,doc_2018.pdf p.38
2018,viviendas,hog_dueno2,C (1),Hogar del segundo dueño,Sección y/o apartado Sección I,de la vivienda.,,doc_2018.pdf p.38
2018,viviendas,lavadero,C (1),Dispone de lavadero,"{1,2}",Lavadero.,,doc_2018.pdf p.38
2018,viviendas,mat_pared,C (1),Material de paredes,"{1,...,8}",vivienda.,,doc_2018.pdf p.31
2018,viviendas,mat_pisos,C (1),Material de pisos,"{1,...,3}",Material predominante en el piso de la vivienda. ¿De qué material es la mayor parte del piso de esta,,doc_2018.pdf p.32
2018,viviendas,mat_techos,C (2),Material de techos,"{01,...,10}",vivienda.,,doc_2018.pdf p.31
2018,viviendas,medidor_luz,C (1),Dispone de medidor de luz,"{1,2}",Medidor de luz.,,doc_2018.pdf p.40
2018,viviendas,mes_1,C (2),Primer mes,"{07,...,10}",Primer mes pasado a la entrevista.,,doc_2018.pdf p.108
2018,viviendas,mes_2,C (2),Segundo mes,"{06,...,09}",Segundo mes pasado a la entrevista.,,doc_2018.pdf p.109
2018,viviendas,mes_3,C (2),Tercer mes,"{05,...,08}",Tercer mes pasado a la entrevista.,,doc_2018.pdf p.109
2018,viviendas,mes_5,C (2),Quinto mes,"{03,...,06}",Quinto mes pasado a la entrevista.,,doc_2018.pdf p.109
2018,viviendas,mes_6,C (2),Sexto mes,"{02,...,05}",Sexto mes pasado a la entrevista.,,doc_2018.pdf p.109
2018,viviendas,num_cuarto,N (2),Número de cuartos,Sección y/o apartado Sección I,independientemente de su uso.,,doc_2018.pdf p.33
2018,viviendas,num_dueno1,C (2),Identificador del primer dueño,Sección y/o apartado Sección I,vivienda.,,doc_2018.pdf p.37
2018,viviendas,num_dueno2,C (2),Identificador del segundo dueño,Sección y/o apartado Sección I,de la vivienda.,,doc_2018.pdf p.38
2018,viviendas,pago_mesp,C (1),Pagó el mes pasado,"{1,2}",Pago por la vivienda el mes pasado.,,doc_2018.pdf p.37
2018,viviendas,pago_viv,N (9),Pago de vivienda,Sección y/o apartado Sección I,Monto del pago mensual por la vivienda,,doc_2018.pdf p.37
2018,viviendas,pileta,C (1),Dispone de pileta o tanque,"{1,2}","Pileta, tanque o depósito de agua. ¿Esta vivienda tiene pileta, tanque o depósito de",,doc_2018.pdf p.39
2018,viviendas,procaptar,N (1),Viviendas PROCAPTAR,"{0,1}","anuales acumuladas iguales o mayores a 1,500 mm, y que además se encuentran dentro de la Cruzada Nacional Contra el Hambre, para las cuales el apoyo del programa es de hasta el 100% para la instalación de un sistema de",,doc_2018.pdf p.43
2018,viviendas,regadera,C (1),Dispone de regadera,"{1,2}",Regadera.,,doc_2018.pdf p.39
2018,viviendas,renta,N (9),Monto de la renta mensual,Sección y/o apartado Sección I,Monto de la renta mensual.,,doc_2018.pdf p.36
2018,viviendas,sanit_agua,C (1),Sanitario conexión agua,"{1,...,3}",sin conexión de agua.,,doc_2018.pdf p.34
2018,viviendas,tam_loc,C (1),Tamaño de localidad,"{1,...,4}",habitantes.,,doc_2018.pdf p.41
2018,viviendas,tanque_gas,C (1),Dispone de tanque de gas estacionario,"{1,2}",Tanque de gas estacionario.,,doc_2018.pdf p.40
2018,viviendas,tenencia,C (1),Tipo de tenencia de la vivienda,"{1,...,6}",ocupantes.,,doc_2018.pdf p.36
2018,viviendas,tinaco_azo,C (1),Dispone de tinaco,"{1,2}",Tinaco en la azotea.,,doc_2018.pdf p.39
2018,viviendas,tipo_adqui,C (1),Tipo de adquisición,"{1,...,4}",adquirirla.,,doc_2018.pdf p.37
2018,viviendas,tipo_finan,C (1),Tipo de financiamiento,"{1,...,5}","para pagar, construir, ampliar, o modifica la vivienda.",,doc_2018.pdf p.37
2018,viviendas,tipo_viv,C (1),Tipo de vivienda,"{1,...,5}",Clase de vivienda particular.,,doc_2018.pdf p.31
2018,viviendas,tot_hog,N (1),Total de hogares en la vivienda,Sección y/o apartado,Total de hogares en la vivienda.,,doc_2018.pdf p.41
2018,viviendas,tot_hom,N (2),Total de residentes hombres,Sección y/o apartado,vivienda.,,doc_2018.pdf p.41
2018,viviendas,tot_muj,N (2),Total de residentes mujeres,Sección y/o apartado,vivienda.,,doc_2018.pdf p.41
2018,viviendas,tot_resid,N (2),Total de residentes de la vivienda,Sección y/o apartado,Número de personas que habitan la vivienda.,,doc_2018.pdf p.40
2018,viviendas,ubica_geo,C (5),Ubicación geográfica,Sección y/o apartado,"municipio. Éstas corresponden al Catálogo de claves de entidades federativas, municipios y localidades, que está disponible en el sitio del",,doc_2018.pdf p.41
2018,viviendas,upm,C (5),Unidad primaria de muestreo,Sección y/o apartado,"seleccionadas en la primera etapa del muestreo y corresponden a áreas geográficas con límites identificables en el terreno que agrupan un conjunto de viviendas, cuyo número depende",,doc_2018.pdf p.42
2018,viviendas,uso_compar,C (1),Uso compartido del sanitario,"{1,2}",los habitantes de otra vivienda.,,doc_2018.pdf p.34
2018,viviendas,viv_usada,C (1),Compro la vivienda usada,"{1,2}",Estado de la vivienda al momento de adquirirla.,,doc_2018.pdf p.37
2020,concentradohogar,acces_pers,"N (12,2)",Accesorios personales,Sección y/o apartado,Gasto en accesorios y efectos personales.,,doc_2020.pdf p.203
2020,concentradohogar,aceites,"N (12,2)",Aceites y grasas,Sección y/o apartado,Gasto en aceites y grasas.,,doc_2020.pdf p.197
2020,concentradohogar,adqui_vehi,"N (12,2)",Adquisición de vehículos,Sección y/o apartado,particular.,,doc_2020.pdf p.202
2020,concentradohogar,agricolas,"N (12,2)",Negocios agrícolas,Sección y/o apartado,Ingresos de negocios agrícolas.,,doc_2020.pdf p.194
2020,concentradohogar,agrope,"N (12,2)",Negocios agropecuarios,Sección y/o apartado,Ingresos de negocios agropecuarios.,,doc_2020.pdf p.194
2020,concentradohogar,agua,"N (12,2)",Agua,Sección y/o apartado,Gasto en agua.,,doc_2020.pdf p.200
2020,concentradohogar,aguinaldo,"N (12,2)",Aguinaldo y reparto de utilidades,Sección y/o apartado,utilidades.,,doc_2020.pdf p.192
2020,concentradohogar,ali_dentro,"N (12,2)",Alimentos dentro del hogar,Sección y/o apartado,dentro del hogar.,,doc_2020.pdf p.196
2020,concentradohogar,ali_fuera,"N (12,2)",Alimentos fuera del hogar,Sección y/o apartado,del hogar.,,doc_2020.pdf p.198
2020,concentradohogar,alimentos,"N (12,2)",Alimentos,Sección y/o apartado,"que realizan día a día los integrantes del hogar en alimentos, bebidas y tabaco.",,doc_2020.pdf p.196
2020,concentradohogar,alquiler,"N (12,2)",Alquileres brutos,Sección y/o apartado,Gasto en alquileres brutos.,,doc_2020.pdf p.199
2020,concentradohogar,arrenda,"N (12,2)",Arrendamiento,Sección y/o apartado,financieros.,,doc_2020.pdf p.195
2020,concentradohogar,atenc_ambu,"N (12,2)",Atención primaria o ambulatoria,Sección y/o apartado,Gasto en atención primaria o ambulatoria.,,doc_2020.pdf p.201
2020,concentradohogar,azucar,"N (12,2)",Azúcar y mieles,Sección y/o apartado,Gasto en azúcar y mieles.,,doc_2020.pdf p.198
2020,concentradohogar,balance,"N (12,2)",Pérdidas del negocio,Sección y/o apartado,Pérdidas en los negocios del hogar.,,doc_2020.pdf p.206
2020,concentradohogar,bebidas,,Bebidas,Sección y/o apartado,Gasto en bebidas alcohólicas y no alcohólicas.,,doc_2020.pdf p.198
2020,concentradohogar,becas,"N (12,2)",Becas,Sección y/o apartado,instituciones.,,doc_2020.pdf p.195
2020,concentradohogar,bene_gob,"N (12,2)",Beneficios gubernamentales,Sección y/o apartado,gubernamentales.,,doc_2020.pdf p.195
2020,concentradohogar,cafe,"N (12,2)","Café, té y chocolate",Sección y/o apartado,"Gasto en café, té y chocolate.",,doc_2020.pdf p.198
2020,concentradohogar,calzado,"N (12,2)",Calzado y su reparación,Sección y/o apartado,Gasto en calzado y su reparación.,,doc_2020.pdf p.199
2020,concentradohogar,carnes,"N (12,2)",Carnes,Sección y/o apartado,Gasto en carnes.,,doc_2020.pdf p.197
2020,concentradohogar,cereales,"N (12,2)",Cereales,Sección y/o apartado,Gasto en cereales.,,doc_2020.pdf p.196
2020,concentradohogar,clase_hog,C (1),Clase de hogar,"{1,...,5}",familiar primario; ampliado: hogar formado por el jefe(a) y su grupo familiar primario más otros grupos familiares u otros parientes; compuesto: hogar formado por un hogar nuclear o ampliado con personas sin parentesco con el jefe(a);,,doc_2020.pdf p.189
2020,concentradohogar,combus,"N (12,2)",Combustibles para vehículos,Sección y/o apartado,"de llantas, pensiones y otros servicios para vehículos de uso particular.",,doc_2020.pdf p.202
2020,concentradohogar,comercio,"N (12,2)",Negocios comerciales,Sección y/o apartado,Ingresos de negocios comerciales.,,doc_2020.pdf p.193
2020,concentradohogar,comisiones,"N (12,2)",Comisiones y propinas,Sección y/o apartado,Remuneraciones por comisiones y propinas.,,doc_2020.pdf p.192
2020,concentradohogar,comunica,"N (12,2)",Comunicaciones,Sección y/o apartado,Gasto en comunicaciones.,,doc_2020.pdf p.202
2020,concentradohogar,cuida_pers,"N (12,2)",Cuidados personales,Sección y/o apartado,Gasto en cuidados personales.,,doc_2020.pdf p.203
2020,concentradohogar,cuidados,"N (12,2)",Cuidados de la casa,Sección y/o apartado,cuidados de la casa.,,doc_2020.pdf p.200
2020,concentradohogar,cuota_viv,"N (12,2)",Cuota por vivienda,Sección y/o apartado,Cuota pagada por la vivienda propia.,,doc_2020.pdf p.205
2020,concentradohogar,deposito,"N (12,2)",Depósito de ahorro,Sección y/o apartado,"de ahorro, etcétera.",,doc_2020.pdf p.205
2020,concentradohogar,deudas,"N (12,2)",Pago de deudas,Sección y/o apartado,empresa donde trabajan y/o a otras personas o instituciones.,,doc_2020.pdf p.206
2020,concentradohogar,donativos,,Donativos,Sección y/o apartado,instituciones y otros hogares.,,doc_2020.pdf p.195
2020,concentradohogar,edad_jefe,N (2),Edad del jefe del hogar,Sección y/o apartado,del jefe del hogar y la fecha de la entrevista.,,doc_2020.pdf p.189
2020,concentradohogar,educa_espa,"N (12,2)",Educación y esparcimiento,Sección y/o apartado,"educativos, artículos de esparcimiento y otros gastos esparcimiento.",,doc_2020.pdf p.202
2020,concentradohogar,educa_jefe,C (2),Educación formal del jefe del hogar,"{01,...,11}",Educación formal del jefe del hogar.,,doc_2020.pdf p.190
2020,concentradohogar,educacion,"N (12,2)",Educación,Sección y/o apartado,Gasto en artículos y servicios de educación.,,doc_2020.pdf p.203
2020,concentradohogar,energia,"N (12,2)",Electricidad y combustibles,Sección y/o apartado,Gasto en electricidad y combustibles.,,doc_2020.pdf p.200
2020,concentradohogar,enseres,"N (12,2)",Enseres domésticos,Sección y/o apartado,Gasto en enseres domésticos.,,doc_2020.pdf p.200
2020,concentradohogar,ero_nm_hog,"N (12,2)",Transferencias no regulares,Sección y/o apartado,provenientes de otros hogares.,,doc_2020.pdf p.204
2020,concentradohogar,ero_nm_viv,"N (12,2)",Erogaciones patrimoniales,Sección y/o apartado,vivienda propia.,,doc_2020.pdf p.204
2020,concentradohogar,erogac_tot,"N (12,2)",Erogaciones totales,Sección y/o apartado,financieras y de capital monetarias y no monetarias que realizan los integrantes del hogar en un lapso determinado.,,doc_2020.pdf p.205
2020,concentradohogar,esparci,"N (12,2)",Esparcimiento,Sección y/o apartado,Gasto en artículos y servicios de esparcimiento.,,doc_2020.pdf p.203
2020,concentradohogar,especias,,Especias y aderezos,Sección y/o apartado,Gasto en especias y aderezos.,,doc_2020.pdf p.198
2020,concentradohogar,est_dis,C (3),Estrato de diseño muestral,Sección y/o apartado,UPMs de acuerdo con su estrato geográfico (entidad-ámbito-zona).,,doc_2020.pdf p.188
2020,concentradohogar,est_socio,C (1),Estrato socioeconómico,"{1,...,4}",equipamiento de las mismas expresadas por medio de 24 indicadores construidos con información del Censo de Población y Vivienda 2010. Esta estratificación se realizó por medio,,doc_2020.pdf p.188
2020,concentradohogar,estim_alqu,"N (12,2)",Estimación del alquiler,Sección y/o apartado,ubicación. Esta estimación la realiza el propio informante con base en su apreciación del valor de mercado de la renta de su vivienda.,,doc_2020.pdf p.196
2020,concentradohogar,factor,N (5),Factor de expansión,Sección y/o apartado,Factor de expansión.,,doc_2020.pdf p.188
2020,concentradohogar,foliohog,C (1),Identificador del hogar,Sección y/o apartado,5 los hogares adicionales.,,doc_2020.pdf p.187
2020,concentradohogar,folioviv,C (10),Identificador de la vivienda,Sección y/o apartado,"rural, código 6), cuatro dígitos del número consecutivo de la upm, un dígito de la decena de levantamiento y dos dígitos con un número",,doc_2020.pdf p.187
2020,concentradohogar,foraneo,"N (12,2)",Transporte foráneo,Sección y/o apartado,Gasto en transporte foráneo.,,doc_2020.pdf p.201
2020,concentradohogar,frutas,"N (12,2)",Frutas,Sección y/o apartado,Gasto en frutas.,,doc_2020.pdf p.198
2020,concentradohogar,gasto_mon,"N (12,2)",Gasto corriente monetario,Sección y/o apartado,directamente hacen los hogares en bienes y servicios para su consumo.,,doc_2020.pdf p.196
2020,concentradohogar,hombres,N (2),Integrantes del hogar hombres,Sección y/o apartado,domésticos y a los familiares de estos ni a los huéspedes.,,doc_2020.pdf p.190
2020,concentradohogar,horas_extr,"N (12,2)",Horas extras,Sección y/o apartado,Remuneraciones por trabajar horas extras.,,doc_2020.pdf p.192
2020,concentradohogar,hospital,"N (12,2)",Atención hospitalaria,Sección y/o apartado,"y parto, aparatos ortopédicos, terapéuticos y seguros médicos.",,doc_2020.pdf p.201
2020,concentradohogar,huevo,"N (12,2)",Huevo,Sección y/o apartado,Gasto en huevo.,,doc_2020.pdf p.197
2020,concentradohogar,indemtrab,"N (12,2)",Indemnizaciones,Sección y/o apartado,por despido y retiro voluntario.,,doc_2020.pdf p.192
2020,concentradohogar,industria,"N (12,2)",Negocios industriales,Sección y/o apartado,Ingresos de negocios industriales.,,doc_2020.pdf p.193
2020,concentradohogar,ing_cor,"N (12,2)",Ingreso corriente,Sección y/o apartado,"provenientes de rentas, de transferencias, de estimación del alquiler y de otros ingresos.",,doc_2020.pdf p.192
2020,concentradohogar,ingtrab,"N (12,2)",Ingreso por trabajo,Sección y/o apartado,"subordinado, como independiente y de otros trabajos.",,doc_2020.pdf p.192
2020,concentradohogar,jubilacion,"N (12,2)",Jubilaciones,Sección y/o apartado,Jubilaciones y pensiones.1/,,doc_2020.pdf p.195
2020,concentradohogar,leche,"N (12,2)",Leche y derivados,Sección y/o apartado,Gasto en leche y sus derivados.,,doc_2020.pdf p.197
2020,concentradohogar,limpieza,"N (12,2)",Limpieza,Sección y/o apartado,"muebles, cristalería, utensilios domésticos y blancos.",,doc_2020.pdf p.200
2020,concentradohogar,mantenim,"N (12,2)",Mantenimiento de vehículos,Sección y/o apartado,"mantenimiento, combustibles y servicio para vehículos.",,doc_2020.pdf p.202
2020,concentradohogar,mater_serv,"N (12,2)",Servicios y materiales,Sección y/o apartado,mantenimiento y/o ampliación de la vivienda.,,doc_2020.pdf p.205
2020,concentradohogar,material,"N (12,2)",Materiales,Sección y/o apartado,ampliación de la vivienda,,doc_2020.pdf p.205
2020,concentradohogar,mayores,N (2),Integrantes mayores,Sección y/o apartado,de edad.,,doc_2020.pdf p.191
2020,concentradohogar,medicinas,"N (12,2)",Medicamentos sin receta,Sección y/o apartado,Gasto en medicamentos sin receta.,,doc_2020.pdf p.201
2020,concentradohogar,menores,N (2),Integrantes menores,Sección y/o apartado,años de edad.,,doc_2020.pdf p.191
2020,concentradohogar,mujeres,N (2),Integrantes del hogar mujeres,Sección y/o apartado,domésticos y a los familiares de estos ni a los huéspedes.,,doc_2020.pdf p.190
2020,concentradohogar,negocio,"N (12,2)",Ingresos independiente,Sección y/o apartado,"regularmente por su desempeño como trabajadores independientes en su trabajo principal o, si es el caso, en su trabajo",,doc_2020.pdf p.193
2020,concentradohogar,noagrop,"N (12,2)",Negocios no agropecuarios,Sección y/o apartado,Ingresos de negocios no agropecuarios.,,doc_2020.pdf p.193
2020,concentradohogar,ocupados,N (2),Número de ocupados,Sección y/o apartado,más años de edad.,,doc_2020.pdf p.191
2020,concentradohogar,otra_rem,"N (12,2)",Otras remuneraciones,Sección y/o apartado,Otras remuneraciones monetarias.,,doc_2020.pdf p.193
2020,concentradohogar,otras_erog,,Otras erogaciones,Sección y/o apartado,Otras erogaciones financieras y de capital.,,doc_2020.pdf p.206
2020,concentradohogar,otras_perc,"N (12,2)",Otras percepciones,Sección y/o apartado,Otras percepciones financieras y de capital.,,doc_2020.pdf p.204
2020,concentradohogar,otro_alim,"N (12,2)",Otros alimentos diversos,Sección y/o apartado,Gasto en otros alimentos diversos.,,doc_2020.pdf p.198
2020,concentradohogar,otros_gas,"N (12,2)",Otros gastos diversos,Sección y/o apartado,Otros gastos diversos.,,doc_2020.pdf p.203
2020,concentradohogar,otros_ing,"N (12,2)",Otros ingresos corrientes,"{1,2}",Otros ingresos corrientes.,,doc_2020.pdf p.196
2020,concentradohogar,otros_trab,"N (12,2)",Otros ingresos por trabajo,Sección y/o apartado,Otros ingresos provenientes del trabajo.,,doc_2020.pdf p.194
2020,concentradohogar,p12_64,N (2),Integrantes de 12 a 64 años,Sección y/o apartado,12 y los 64 años.,,doc_2020.pdf p.191
2020,concentradohogar,p65mas,N (2),Integrantes de 65 años y más,Sección y/o apartado,de edad.,,doc_2020.pdf p.191
2020,concentradohogar,pago_tarje,"N (12,2)",Pago por tarjeta de crédito,Sección y/o apartado,comercial.,,doc_2020.pdf p.206
2020,concentradohogar,paq_turist,"N (12,2)",Paquetes turísticos,Sección y/o apartado,hospedaje y alojamiento.,,doc_2020.pdf p.203
2020,concentradohogar,pecuarios,"N (12,2)",Negocios pecuarios,Sección y/o apartado,Ingresos de negocios pecuarios.,,doc_2020.pdf p.194
2020,concentradohogar,perc_ocupa,N (2),Perceptores de ingreso ocupados,Sección y/o apartado,corriente monetario y tienen trabajo.,,doc_2020.pdf p.191
2020,concentradohogar,percep_ing,N (2),Perceptores de ingreso,Sección y/o apartado,corriente monetario.,,doc_2020.pdf p.191
2020,concentradohogar,percep_tot,"N (12,2)",Percepciones totales,Sección y/o apartado,que reciben los integrantes del hogar que se derivan de movimientos en el valor de sus,,doc_2020.pdf p.204
2020,concentradohogar,personales,"N (12,2)",Personales,Sección y/o apartado,personales y otros gastos diversos,,doc_2020.pdf p.203
2020,concentradohogar,pesca,"N (12,2)",Negocios de pesca,Sección y/o apartado,de animales.,,doc_2020.pdf p.194
2020,concentradohogar,pescado,"N (12,2)",Pescados y mariscos,Sección y/o apartado,Gasto en pescados y mariscos.,,doc_2020.pdf p.197
2020,concentradohogar,pred_cons,"N (12,2)",Predial y cuotas,Sección y/o apartado,servicio de conservación.,,doc_2020.pdf p.199
2020,concentradohogar,prest_terc,"N (12,2)",Préstamos a terceros,Sección y/o apartado,Préstamos a terceros.,,doc_2020.pdf p.205
2020,concentradohogar,prestamos,"N (12,2)",Préstamos,Sección y/o apartado,hogar o instituciones.,,doc_2020.pdf p.204
2020,concentradohogar,publico,"N (12,2)",Transporte público,Sección y/o apartado,Gasto en transporte público.,,doc_2020.pdf p.201
2020,concentradohogar,refaccion,"N (12,2)",Refacciones para vehículos,Sección y/o apartado,para vehículos de uso particular.,,doc_2020.pdf p.202
2020,concentradohogar,remesas,"N (12,2)",Remesas,Sección y/o apartado,Ingresos provenientes de otros países.,,doc_2020.pdf p.195
2020,concentradohogar,remu_espec,"N (12,2)",Remuneraciones en especie,Sección y/o apartado,productos y/o servicios de consumo final y privado que reciben los trabajadores subordinados como remuneración.,,doc_2020.pdf p.193
2020,concentradohogar,rentas,"N (12,2)",Renta de la propiedad,Sección y/o apartado,derivados de la posesión de activos financieros o tangibles que han puesto a disposición de otras unidades institucionales.,,doc_2020.pdf p.194
2020,concentradohogar,reproducc,"N (12,2)",Negocios de recolección,Sección y/o apartado,reforestación y tala de árboles.,,doc_2020.pdf p.194
2020,concentradohogar,retiro_inv,"N (12,2)",Retiro de inversiones,Sección y/o apartado Sección IV,"ahorro, etcétera.",,doc_2020.pdf p.204
2020,concentradohogar,salud,"N (12,2)",Cuidados de la salud,Sección y/o apartado,Gasto en cuidados de la salud.,,doc_2020.pdf p.200
2020,concentradohogar,servicio,"N (12,2)",Servicios de reparación,Sección y/o apartado,mantenimiento y/o ampliación de la vivienda.,,doc_2020.pdf p.205
2020,concentradohogar,servicios,"N (12,2)",Negocios de servicios,Sección y/o apartado,Ingresos de negocios de servicios.,,doc_2020.pdf p.193
2020,concentradohogar,sexo_jefe,C (1),Sexo del jefe del hogar,"{1,2}",hogar en hombre o mujer.,,doc_2020.pdf p.189
2020,concentradohogar,smg,"N (6,2)",Salario mínimo general,Sección y/o apartado,Salario mínimo general trimestralizado.,,doc_2020.pdf p.206
2020,concentradohogar,sueldos,"N (12,2)",Sueldos,Sección y/o apartado,"Remuneraciones por sueldos, salarios y jornal.",,doc_2020.pdf p.192
2020,concentradohogar,tabaco,"N (12,2)",Tabaco,Sección y/o apartado,Gasto en tabaco.,,doc_2020.pdf p.199
2020,concentradohogar,tam_loc,C (1),Tamaño de localidad,"{1,...,4}",habitantes.,,doc_2020.pdf p.187
2020,concentradohogar,tot_integ,N (2),Número de integrantes del hogar,Sección y/o apartado,domésticos y a los familiares de estos ni a los huéspedes.,,doc_2020.pdf p.190
2020,concentradohogar,trabajo,"N (12,2)",Ingreso por trabajo subordinado,Sección y/o apartado,"las comisiones, aguinaldo, indemnizaciones del trabajo y remuneraciones en especie.",,doc_2020.pdf p.192
2020,concentradohogar,trans_inst,"N (12,2)",Transferencias de instituciones,Sección y/o apartado,públicas o privadas otorgan a ciertos sectores de la población.,,doc_2020.pdf p.196
2020,concentradohogar,transf_gas,"N (12,2)",Transferencias de gasto,Sección y/o apartado,Transferencias de gasto.,,doc_2020.pdf p.204
2020,concentradohogar,transf_hog,"N (12,2)",Transferencias de hogares,Sección y/o apartado,hogares.,,doc_2020.pdf p.195
2020,concentradohogar,transfer,"N (12,2)",Transferencias,Sección y/o apartado,hogar y por las cuales el proveedor o donante no demanda retribución de ninguna naturaleza.,,doc_2020.pdf p.195
2020,concentradohogar,transporte,,Transporte,Sección y/o apartado,"mantenimiento, accesorios y servicios para vehículos; comunicaciones.",,doc_2020.pdf p.201
2020,concentradohogar,tuberculo,"N (12,2)",Tubérculos,Sección y/o apartado,Gasto en tubérculos.,,doc_2020.pdf p.197
2020,concentradohogar,ubica_geo,C (5),Ubicación geográfica,Sección y/o apartado,"municipio. Estas corresponden al Catálogo de claves de entidades federativas, municipios y localidades, que está disponible en el sitio del",,doc_2020.pdf p.187
2020,concentradohogar,upm,C (7),Unidad primaria de muestreo,Sección y/o apartado,"seleccionadas en la primera etapa del muestreo y corresponden a áreas geográficas con límites identificables en el terreno que agrupan un conjunto de viviendas, cuyo número depende",,doc_2020.pdf p.188
2020,concentradohogar,utensilios,"N (12,2)",Utensilios domésticos,Sección y/o apartado,domésticos.,,doc_2020.pdf p.200
2020,concentradohogar,utilidad,"N (12,2)",Ingresos de sociedades,Sección y/o apartado,sociedades y empresas que funcionan como sociedades.,,doc_2020.pdf p.194
2020,concentradohogar,verduras,"N (12,2)",Verduras,Sección y/o apartado,semillas.,,doc_2020.pdf p.197
2020,concentradohogar,vesti_calz,"N (12,2)",Vestido y calzado,Sección y/o apartado,distingue tanto el sexo de los integrantes del hogar como los diferentes grupos de edad de,,doc_2020.pdf p.199
2020,concentradohogar,vestido,"N (12,2)",Vestido,Sección y/o apartado,Gasto en prendas de vestir.,,doc_2020.pdf p.199
2020,concentradohogar,vivienda,"N (12,2)",Vivienda,Sección y/o apartado,energía eléctrica y combustibles.,,doc_2020.pdf p.199
2020,hogares,acc_alim1,C (1),Preocupación comida se acabe,"{1,2}","Alguna vez por falta de dinero o recursos, se vio En los últimos tres meses, por falta de dinero o en la preocupación que la comida se acabara.",,doc_2020.pdf p.48
2020,hogares,acc_alim10,C (1),Menor con alimentos no sanos,"{1,2}",menor no tuvo alimentación sana y variada.,,doc_2020.pdf p.50
2020,hogares,acc_alim11,C (1),Menor con poca variedad de alimentos,"{1,2}",menor tuvo una alimentación poco variada.,,doc_2020.pdf p.50
2020,hogares,acc_alim12,C (1),Menor comió menos,"{1,2}","Alguna vez por falta de dinero o recursos algún En los últimos tres meses, por falta de dinero o menor tuvo una reducida alimentación.",,doc_2020.pdf p.51
2020,hogares,acc_alim13,C (1),Disminuyó comida para menor,"{1,2}",menor recibió menos cantidad de alimentos.,,doc_2020.pdf p.51
2020,hogares,acc_alim14,C (1),Menor sintió hambre y no comió,"{1,2}","Alguna vez por falta de dinero o recursos algún En los últimos tres meses, por falta de dinero o menor sintió hambre pero no comió.",,doc_2020.pdf p.51
2020,hogares,acc_alim15,C (1),Menor se acostó con hambre,"{1,2}","Alguna vez por falta de dinero o recursos algún En los últimos tres meses, por falta de dinero o menor se acostó con hambre.",,doc_2020.pdf p.51
2020,hogares,acc_alim16,C (1),Menor con una o menos comidas,"{1,2}",menor dejó de comer todo un día.,,doc_2020.pdf p.51
2020,hogares,acc_alim18,C (1),Relación con el consumo regular,"{1,...,3}",Relación del consumo regular de alimentos con ¿Considera usted que el consumo que reportó fue lo reportado durante la semana de entrevista.,,doc_2020.pdf p.53
2020,hogares,acc_alim2,C (1),Sin comida,"{1,2}",quedaron sin comida.,,doc_2020.pdf p.49
2020,hogares,acc_alim3,C (1),Poca variedad de alimentos,"{1,2}","Alguna vez por falta de dinero o recursos no En los últimos tres meses, ¿alguna vez se quedaron obtuvieron una alimentación sana y variada.",,doc_2020.pdf p.49
2020,hogares,acc_alim4,C (1),Adulto poca variedad de alimentos,"{1,2}",adulto no obtuvo una alimentación sana y recursos ¿alguna vez usted o algún adulto en su variada.,,doc_2020.pdf p.49
2020,hogares,acc_alim5,C (1),Dejó algún alimento,"{1,2}","Alguna vez por falta de dinero o recursos algún En los últimos tres meses, por falta de dinero o adulto no tuvo desayuno, comida o cena.",,doc_2020.pdf p.49
2020,hogares,acc_alim6,C (1),Comió menos,"{1,2}",adulto comió menos de lo pensado.,,doc_2020.pdf p.49
2020,hogares,acc_alim7,C (1),Sintió hambre y no comió,"{1,2}","Alguna vez por falta de dinero o recursos algún En los últimos tres meses, por falta de dinero o adulto sintió hambre pero no comió.",,doc_2020.pdf p.50
2020,hogares,acc_alim8,C (1),Una o menos comidas,"{1,2}",adulto comió solo una vez o dejó de comer un recursos ¿alguna vez usted o algún adulto en su día.,,doc_2020.pdf p.50
2020,hogares,acc_alim9,C (1),Mendigar por comida,"{1,2}",adulto tuvo que mendigar o mandar a niños a recursos ¿alguna vez tuvieron que hacer algo que trabajar.,,doc_2020.pdf p.50
2020,hogares,alim17_1,N (1),Número de días que comieron cereales,Sección y/o apartado Sección IV,"hechos de maíz, trigo, arroz, avena, salvado, pan (blanco, integral, de caja, rústico, dulce), etcétera, durante la última semana.",,doc_2020.pdf p.52
2020,hogares,alim17_10,N (1),Número de días que comieron aceites,Sección y/o apartado Sección IV,"durante la última semana. comieron cualquier tipo de aceite (soya, cártamo,",,doc_2020.pdf p.53
2020,hogares,alim17_11,N (1),Número de días que comieron azúcar,Sección y/o apartado Sección IV,"Número de días que comieron azúcar o mieles comieron azúcar o miel (de abeja o maple), jarabe de durante la última semana.",,doc_2020.pdf p.53
2020,hogares,alim17_12,N (1),Número de días que comieron otros alimentos,Sección y/o apartado Sección IV,"como condimentos, café, té durante la última Durante los últimos siete días, ¿cuántos días semana.",,doc_2020.pdf p.53
2020,hogares,alim17_2,N (1),Número de días que comieron tubérculos,Sección y/o apartado Sección IV,"provenientes de raíces o tubérculos, durante la Durante los últimos siete días, ¿cuántos días última semana.",,doc_2020.pdf p.52
2020,hogares,alim17_3,N (1),Número de días que comieron verduras,Sección y/o apartado Sección IV,"Número de días que comieron verduras durante Durante los últimos siete días, ¿cuántos días la última semana.",,doc_2020.pdf p.52
2020,hogares,alim17_4,N (1),Número de días que comieron frutas,Sección y/o apartado Sección IV,"Número de días que comieron frutas durante la Durante los últimos siete días, ¿cuántos días última semana.",,doc_2020.pdf p.52
2020,hogares,alim17_5,N (1),Número de días que comieron carne,Sección y/o apartado Sección IV,última semana.,,doc_2020.pdf p.52
2020,hogares,alim17_6,N (1),Número de días que comieron huevo,Sección y/o apartado Sección IV,"Durante los últimos siete días, ¿cuántos días última semana.",,doc_2020.pdf p.52
2020,hogares,alim17_7,N (1),Número de días que comieron pescado,Sección y/o apartado Sección IV,"Número de días que comieron pescado o Durante los últimos siete días, ¿cuántos días mariscos durante la última semana.",,doc_2020.pdf p.52
2020,hogares,alim17_8,N (1),Número de días que comieron leguminosas,Sección y/o apartado Sección IV,"Número de días que comieron leguminosas o comieron alimentos a base de frijoles, lentejas, semillas durante la última semana.",,doc_2020.pdf p.53
2020,hogares,alim17_9,N (1),Número de días que comieron lácteos,Sección y/o apartado Sección IV,"Número de días que comieron productos Durante los últimos siete días, ¿cuántos días lácteos durante la última semana.",,doc_2020.pdf p.53
2020,hogares,anio_aspir,C (2),Año de la última aspiradora adquirida,"{00,...,16,50,...,99}",Año de adquisición de la última aspiradora.,,doc_2020.pdf p.61
2020,hogares,anio_auto,C (2),Año del último automóvil adquirido,"{00,...,16,50,...,99}",Año de adquisición del último automóvil.,,doc_2020.pdf p.54
2020,hogares,anio_bici,C (2),Año de la última bicicleta adquirida,"{00,...,16,50,...,99}",Año de adquisición de la última bicicleta. ¿En qué año adquirió su última bicicleta que se,,doc_2020.pdf p.55
2020,hogares,anio_canoa,C (2),Año de la última canoa adquirida,"{00,...,16,50,...,99}",trajinera u otros vehículos para navegar.,,doc_2020.pdf p.56
2020,hogares,anio_carret,C (2),Año de la última carreta adquirida,"{00,...,16,50,...,99}","Año de adquisición de la última carreta. ¿En qué año adquirió su última carreta, calandria u",,doc_2020.pdf p.56
2020,hogares,anio_compu,C (2),Año de la última computadora adquirida,"{00,...,16,50,...,99}",Año de adquisición de la última computadora.,,doc_2020.pdf p.61
2020,hogares,anio_dvd,C (2),Año del último dvd adquirido,"{00,...,16,50,...,99}",(reproductor de discos de video.,,doc_2020.pdf p.58
2020,hogares,anio_ester,C (2),Año del último estéreo adquirido,"{00,...,16,50,...,99}",minicomponente.,,doc_2020.pdf p.57
2020,hogares,anio_estuf,C (2),Año de la última estufa adquirida,"{00,...,16,50,...,99}",eléctrica.,,doc_2020.pdf p.59
2020,hogares,anio_grab,C (2),Año de la última radiograbadora adquirida,"{00,...,16,50,...,99}",Año de adquisición de la última grabadora.,,doc_2020.pdf p.57
2020,hogares,anio_impre,C (2),Año de la última impresora adquirida,"{00,...,16,50,...,99}",Año de adquisición de la última impresora.,,doc_2020.pdf p.61
2020,hogares,anio_juego,C (2),Año del último videojuego adquirido,"{00,...,16,50,...,99}","Año de adquisición del último videojuego. ¿En qué año adquirió su último videojuegos: Wii,",,doc_2020.pdf p.61
2020,hogares,anio_lavad,C (2),Año de la última lavadora adquirida,"{00,...,16,50,...,99}",Año de adquisición de la última lavadora.,,doc_2020.pdf p.60
2020,hogares,anio_licua,C (2),Año de la última licuadora adquirida,"{00,...,16,50,...,99}",Año de adquisición de la última licuadora.,,doc_2020.pdf p.58
2020,hogares,anio_maqui,C (2),Año de la última máquina de coser adquirida,"{00,...,16,50,...,99}",coser.,,doc_2020.pdf p.60
2020,hogares,anio_micro,C (2),Año del último horno adquirido,"{00,...,16,50,...,99}",microondas.,,doc_2020.pdf p.59
2020,hogares,anio_moto,C (2),Año de la última moto adquirida,"{00,...,16,50,...,99}",motoneta.,,doc_2020.pdf p.55
2020,hogares,anio_otro,C (2),Año del último vehículo adquirido,"{00,...,16,50,...,99}",tipo.,,doc_2020.pdf p.56
2020,hogares,anio_pickup,C (2),Año de la última pickup adquirida,"{00,...,16,50,...,99}",caja.,,doc_2020.pdf p.55
2020,hogares,anio_planc,C (2),Año de la última plancha adquirida,"{00,...,16,50,...,99}",eléctrica.,,doc_2020.pdf p.60
2020,hogares,anio_radio,C (2),Año de la última radio adquirida,"{00,...,16,50,...,99}",Año de adquisición de la última radio.,,doc_2020.pdf p.57
2020,hogares,anio_refri,C (2),Año del último refrigerador adquirido,"{00,...,16,50,...,99}",Año de adquisición del último refrigerador.,,doc_2020.pdf p.59
2020,hogares,anio_tosta,C (2),Año del último tostador adquirido,"{00,...,16,50,...,99}",Año de adquisición del último tostador eléctrico.,,doc_2020.pdf p.59
2020,hogares,anio_trici,C (2),Año del último triciclo adquirido,"{00,...,16,50,...,99}",Año de adquisición del último triciclo. ¿En qué año adquirió su último triciclo de carga,,doc_2020.pdf p.56
2020,hogares,anio_tva,C (2),Año del último televisor analógico adquirido,"{00,...,16,50,...,99}",analógico.,,doc_2020.pdf p.57
2020,hogares,anio_tvd,C (2),Año del último televisor digital adquirido,"{00,...,16,50,...,99}",Año de adquisición del último televisor digital.,,doc_2020.pdf p.58
2020,hogares,anio_van,C (2),Año de la última camioneta adquirida,"{00,...,16,50,...,99}",cerrada o con cabina.,,doc_2020.pdf p.55
2020,hogares,anio_venti,C (2),Año del último ventilador adquirido,"{00,...,16,50,...,99}",Año de adquisición del último ventilador.,,doc_2020.pdf p.60
2020,hogares,anio_video,C (2),Año de la última videocasetera adquirida,"{00,...,16,50,...,99}",Año de adquisición de la última videocasetera.,,doc_2020.pdf p.58
2020,hogares,autocons,C (1),Autoconsumo,"{1,2}","obtuvo de un negocio que es de su propiedad, durante la semana de referencia.",,doc_2020.pdf p.65
2020,hogares,bene_licon,C (1),Beneficiario Liconsa,"{1,2}","Beneficiario en el hogar del Programa de Actualmente, ¿usted o algún integrante del hogar es Abasto Social de Leche (Liconsa).",,doc_2020.pdf p.67
2020,hogares,celular,C (1),Teléfono celular,"{1,2}",móvil aunque sea un solo integrante del hogar.,,doc_2020.pdf p.54
2020,hogares,cond_dicon,C (1),Venta condicionada,"{1,2}",Venta condicionada en tienda Diconsa. ¿Les condicionan la venta de artículos alimentarios,,doc_2020.pdf p.68
2020,hogares,cond_licon,C (1),Otorgamiento condicionado,"{1,2}",Compra condicionada por Liconsa. ¿Les condicionan el otorgamiento de leche Liconsa,,doc_2020.pdf p.67
2020,hogares,conex_inte,C (1),Dispone de conexión a internet,"{1,2}","telefónica, tarjeta prepagada o telecable.",,doc_2020.pdf p.54
2020,hogares,consumo,C (1),Consumo,"{1,2}","el desayuno, la comida o la cena o para la cada ... ¿las realizó en alguno de los días en los que despensa, en alguno de los días de la semana",,doc_2020.pdf p.64
2020,hogares,diconsa,C (1),Tienda Diconsa en la localidad,"{1,...,3}",Tienda de Diconsa en la colonia o localidad.,,doc_2020.pdf p.68
2020,hogares,embarazo_g,C (1),Servicios médicos parto,"{1,2}","profesionales o no, así como los medicamentos recetados, análisis clínicos, etcétera.",,doc_2020.pdf p.66
2020,hogares,er_aparato,C (1),Radio mediante aparato físico,{1},Medio por el cual se escucha la radio.,,doc_2020.pdf p.62
2020,hogares,er_aplicac,C (1),Radio mediante aplicación,{4},Medio por el cual se escucha la radio.,,doc_2020.pdf p.62
2020,hogares,er_celular,C (1),Radio mediante teléfono celular,{2},Medio por el cual se escucha la radio.,,doc_2020.pdf p.62
2020,hogares,er_compu,C (1),Radio mediante computadora,{3},Medio por el cual se escucha la radio.,,doc_2020.pdf p.62
2020,hogares,er_otro,C (1),Radio por otro medio,{6},Medio por el cual se escucha la radio.,,doc_2020.pdf p.62
2020,hogares,er_tv,C (1),Radio mediante televisión,{5},Medio por el cual se escucha la radio.,,doc_2020.pdf p.62
2020,hogares,esc_radio,C (1),Escuchan la radio,"{1,2}",En su hogar escuchan la radio.,,doc_2020.pdf p.61
2020,hogares,est_alim,N (9),Estimación de gastos en alimentos,Sección y/o apartado bebidas consumidas dentro y fuera de la casa y,bebidas y tabaco consumidos dentro y fuera de casa.,,doc_2020.pdf p.67
2020,hogares,est_trans,N (9),Estimación en gastos de transporte,Sección y/o apartado Estimación del gasto mensual en transporte público,público.,,doc_2020.pdf p.67
2020,hogares,foliohog,C (1),Identificador del hogar,Sección y/o apartado,5 los hogares adicionales.,,doc_2020.pdf p.48
2020,hogares,folioviv,C (10),Identificador de la vivienda,Sección y/o apartado,"rural, código 6), cuatro dígitos del número consecutivo de la upm, un dígito de la decena de levantamiento y dos dígitos con un número",,doc_2020.pdf p.48
2020,hogares,frec_dicon,C(1),Frecuencia de compra en Diconsa,"{1,...,3}",Frecuencia de compra en tienda Diconsa. ¿Con qué frecuencia usted o algún integrante del,,doc_2020.pdf p.68
2020,hogares,habito_1,C (1),Cada mes,{1},Frecuencia con la que realiza las compras de ¿Cada cuándo realizan las compras en alimentos y alimentos y bebidas.,,doc_2020.pdf p.63
2020,hogares,habito_2,C (1),Cada 15 días,{2},Frecuencia con la que realiza las compras de ¿Cada cuándo realizan las compras en alimentos y alimentos y bebidas.,,doc_2020.pdf p.63
2020,hogares,habito_3,C (1),Cada 8 días,{3},Frecuencia con la que realiza las compras de ¿Cada cuándo realizan las compras en alimentos y alimentos y bebidas.,,doc_2020.pdf p.63
2020,hogares,habito_4,C (1),Cada tercer día,{4},Frecuencia con la que realiza las compras de ¿Cada cuándo realizan las compras en alimentos y alimentos y bebidas.,,doc_2020.pdf p.64
2020,hogares,habito_5,C (1),Diariamente,{5},Frecuencia con la que realiza las compras de ¿Cada cuándo realizan las compras en alimentos y alimentos y bebidas.,,doc_2020.pdf p.64
2020,hogares,habito_6,C (1),Otros,{6},Algún otro intervalo de frecuencia con que haga ¿Cada cuándo realizan las compras en alimentos y las compras.,,doc_2020.pdf p.64
2020,hogares,huesp_come,N (1),Huéspedes que pagan por comer,Sección y/o apartado Sección II,Personas que pagan para comer en el hogar. ¿De esa o esas personas cuántas de ellas también,,doc_2020.pdf p.48
2020,hogares,huespedes,N (1),Huéspedes que pagan por dormir,Sección y/o apartado Sección II,dormir.,,doc_2020.pdf p.48
2020,hogares,lts_licon,C (1),Litros de leche Liconsa,"{1,...,7}",compra a la semana.,,doc_2020.pdf p.68
2020,hogares,negcua,C (1),Negocio del hogar,"{1,2}","negocio ya sea que se de dedique a procesar, propiedad del hogar que se dedique a elaborar, vender o prestar un servicio.",,doc_2020.pdf p.67
2020,hogares,nr_viv,C (2),Número de renglón de vivienda,Sección y/o apartado 1.5 Viviendas y Servicios de Conservación,una cuota por la vivienda como prestación en el Asignar el número de renglón que corresponda trabajo.,,doc_2020.pdf p.64
2020,hogares,num_aspir,N (2),Número de aspiradoras del hogar,Sección y/o apartado Sección V,hogar.,,doc_2020.pdf p.60
2020,hogares,num_auto,N (2),Número de automóviles del hogar,Sección y/o apartado Sección V,hogar.,,doc_2020.pdf p.54
2020,hogares,num_bici,N (2),Número de bicicletas del hogar,Sección y/o apartado Sección V,medio de transporte en el hogar.,,doc_2020.pdf p.55
2020,hogares,num_canoa,N (2),Número de canoas del hogar,Sección y/o apartado Sección V,vehículos para navegar con los que cuenta el hogar.,,doc_2020.pdf p.56
2020,hogares,num_carret,N (2),Número de carretas del hogar,Sección y/o apartado Sección V,vehículos de tracción animal con los que cuenta el hogar.,,doc_2020.pdf p.56
2020,hogares,num_compu,N (2),Número de computadoras del hogar,Sección y/o apartado Sección V,hogar.,,doc_2020.pdf p.61
2020,hogares,num_dvd,N (2),Número de dvds del hogar,Sección y/o apartado Sección V,discos de video) con los que cuenta el hogar.,,doc_2020.pdf p.58
2020,hogares,num_ester,N (2),Número de estéreos del hogar,Sección y/o apartado Sección V,minicomponentes con los que cuenta el hogar.,,doc_2020.pdf p.56
2020,hogares,num_estuf,N (2),Número de estufas del hogar,Sección y/o apartado Sección V,que cuenta el hogar.,,doc_2020.pdf p.59
2020,hogares,num_grab,N (2),Número de radiograbadoras del hogar,Sección y/o apartado Sección V,hogar.,,doc_2020.pdf p.57
2020,hogares,num_impre,N (2),Número de impresoras del hogar,Sección y/o apartado Sección V,hogar.,,doc_2020.pdf p.61
2020,hogares,num_juego,N (2),Número de videojuegos del hogar,Sección y/o apartado Sección V,otros) con los que cuenta el hogar.,,doc_2020.pdf p.61
2020,hogares,num_lavad,N (2),Número de lavadoras del hogar,Sección y/o apartado Sección V,hogar.,,doc_2020.pdf p.59
2020,hogares,num_licua,N (2),Número de licuadoras del hogar,Sección y/o apartado Sección V,hogar.,,doc_2020.pdf p.58
2020,hogares,num_maqui,N (2),Número de máquinas de coser del hogar,Sección y/o apartado Sección V,cuenta el hogar.,,doc_2020.pdf p.60
2020,hogares,num_micro,N (2),Número de hornos de microondas del hogar,Sección y/o apartado Sección V,cuenta el hogar.,,doc_2020.pdf p.59
2020,hogares,num_moto,N (2),Número de motos del hogar,Sección y/o apartado Sección V,que cuenta el hogar.,,doc_2020.pdf p.55
2020,hogares,num_otro,N (2),Número de otros vehículos del hogar,Sección y/o apartado Sección V,cuenta el hogar.,,doc_2020.pdf p.56
2020,hogares,num_pickup,N (2),Número de pickups del hogar,Sección y/o apartado Sección V,cuenta el hogar.,,doc_2020.pdf p.55
2020,hogares,num_planc,N (2),Número de planchas del hogar,Sección y/o apartado Sección V,cuenta el hogar.,,doc_2020.pdf p.60
2020,hogares,num_radio,N (2),Número de radios del hogar,Sección y/o apartado Sección V,Número de radios con las que cuenta el hogar.,,doc_2020.pdf p.57
2020,hogares,num_refri,N (2),Número de refrigeradores del hogar,Sección y/o apartado Sección V,hogar.,,doc_2020.pdf p.59
2020,hogares,num_tosta,N (2),Número de tostadores del hogar,Sección y/o apartado Sección V,hogar.,,doc_2020.pdf p.58
2020,hogares,num_trab_d,N (1),Número de trabajadores domésticos,Sección y/o apartado Sección II,familiares.,,doc_2020.pdf p.48
2020,hogares,num_trici,N (2),Número de triciclos del hogar,Sección y/o apartado Sección V,de transporte en el hogar.,,doc_2020.pdf p.55
2020,hogares,num_tva,N (2),Número de televisores analógicos del hogar,Sección y/o apartado Sección V,cuenta el hogar.,,doc_2020.pdf p.57
2020,hogares,num_tvd,N (2),Número de televisores digitales del hogar,Sección y/o apartado Sección V,cuenta el hogar.,,doc_2020.pdf p.57
2020,hogares,num_van,N (2),Número de camionetas del hogar,Sección y/o apartado Sección V,(van o minivan) con las que cuenta el hogar.,,doc_2020.pdf p.54
2020,hogares,num_venti,N (2),Número de ventiladores del hogar,Sección y/o apartado Sección V,hogar.,,doc_2020.pdf p.60
2020,hogares,num_video,N (2),Número de videocaseteras del hogar,Sección y/o apartado Sección V,el hogar.,,doc_2020.pdf p.58
2020,hogares,otro_pago,N (3),Otro monto de gasto,Sección y/o apartado Programas sociales (Liconsa y Diconsa),Otro pago por alimentos en tienda Diconsa. ¿Cuánto paga usted o algún integrante del hogar por,,doc_2020.pdf p.69
2020,hogares,otros_lts,N (2),Otra cantidad de litros,Sección y/o apartado Programas sociales (Liconsa y Diconsa),compra a la semana.,,doc_2020.pdf p.68
2020,hogares,pago_dicon,C (1),Gasto semanal en Diconsa,"{1,...,5,7}",Diconsa.,,doc_2020.pdf p.69
2020,hogares,pagotarjet,C (1),Pagos con tarjetas,"{1,2}",integrante del hogar para la adquisición de tabaco o alimentos y bebidas consumidos,,doc_2020.pdf p.65
2020,hogares,parto_g,C (1),Gasto en Parto,"{1,2}","así como los medicamentos recetados, análisis Durante los meses _______a _________, ¿el hogar clínicos, etcétera.",,doc_2020.pdf p.66
2020,hogares,recib_tvd,C (1),Recibió televisor digital,"{1,2}",Federal.,,doc_2020.pdf p.62
2020,hogares,regalodado,C (1),Regalos a otras personas,"{1,2}",Gasto en regalos a personas ajenas al hogar. ¿Compró algún artículo o pagó algún servicio para,,doc_2020.pdf p.65
2020,hogares,regalos,C (1),Regalos recibidos,"{1,2}","para su consumo final y privado, que fueron recibidos como regalo de personas que",,doc_2020.pdf p.66
2020,hogares,regalotar,C (1),Regalos con tarjeta,"{1,2}",pagado con tarjeta de crédito bancaria o comercial.,,doc_2020.pdf p.65
2020,hogares,remunera,C (1),Remuneraciones,"{1,2}",y servicios de consumo final y privado que reciben los trabajadores subordinados.,,doc_2020.pdf p.66
2020,hogares,tarjeta,C (1),Tarjeta,"{1,2}","monto en dinero (crédito) como una forma de ¿Alguna de las personas que conforman su hogar financiamiento por parte de la institución, que es",,doc_2020.pdf p.64
2020,hogares,telefono,C (1),Línea telefónica fija,"{1,2}",con instalación alámbrica o satelital (antena).,,doc_2020.pdf p.54
2020,hogares,trab_come,N (1),Trabajadores domésticos que comen,Sección y/o apartado Sección II,en este hogar.,,doc_2020.pdf p.48
2020,hogares,transferen,C (1),Transferencias,"{1,2}","puedan disfrutar de ciertos artículos o servicios, esta ayuda consiste en que el organismo absorbe parte o el total del valor del bien o",,doc_2020.pdf p.66
2020,hogares,tsalud1_h,N (2),Horas en llegar al hospital,Sección y/o apartado Sección VI,"transporte que utilizaría, ¿cuánto tiempo cree que hospital en una emergencia.",,doc_2020.pdf p.63
2020,hogares,tsalud1_m,N (2),Minutos en llegar al hospital,Sección y/o apartado Sección VI,hospital en una emergencia.,,doc_2020.pdf p.63
2020,hogares,tv_paga,C (1),Televisión de paga,"{1,2}","televisión por pago, considerando que el servicio está en funcionamiento.",,doc_2020.pdf p.54
2020,ingresos,clave,C (4),Clave de ingreso,Catálogo de ingresos,persona.,catalogo_ingresos,doc_2020.pdf p.118
2020,ingresos,foliohog,C (1),Identificador del hogar,Sección y/o apartado,5 los hogares adicionales.,,doc_2020.pdf p.118
2020,ingresos,folioviv,C (10),Identificador de la vivienda,Sección y/o apartado,"rural, código 6), cuatro dígitos del número consecutivo de la upm, un dígito de la decena de levantamiento y dos dígitos con un número",,doc_2020.pdf p.118
2020,ingresos,ing_1,N (9),Ingresos del primer mes,Sección y/o apartado,Ingreso del primer mes pasado a la entrevista.,,doc_2020.pdf p.120
2020,ingresos,ing_2,N (9),Ingresos del segundo mes,Sección y/o apartado,entrevista.,,doc_2020.pdf p.120
2020,ingresos,ing_3,N (9),Ingresos del tercer mes,Sección y/o apartado,Ingreso del tercer mes pasado a la entrevista.,,doc_2020.pdf p.121
2020,ingresos,ing_4,N (9),Ingresos del cuarto mes,Sección y/o apartado,Ingreso del cuarto mes pasado a la entrevista.,,doc_2020.pdf p.121
2020,ingresos,ing_5,N (9),Ingresos del quinto mes,,Ingreso del quinto mes pasado a la entrevista.,,doc_2020.pdf p.121
2020,ingresos,ing_6,N (9),Ingresos del sexto mes,"Sección y/o apartado 6.1, Sección VII, Apartado 7.1, Apartado 7.2,",Ingreso del sexto mes pasado a la entrevista.,,doc_2020.pdf p.121
2020,ingresos,ing_tri,"N (12,2)",Ingreso trimestral,Sección y/o apartado,la decena de levantamiento.,,doc_2020.pdf p.121
2020,ingresos,mes_1,C (2),Primer mes,"{07,…,10}",Primer mes pasado a la entrevista.,,doc_2020.pdf p.118
2020,ingresos,mes_2,C (2),Segundo mes,"{06,…,09}",Segundo mes pasado a la entrevista.,,doc_2020.pdf p.119
2020,ingresos,mes_3,C (2),Tercer mes,"{05,…,08}",Tercer mes pasado a la entrevista.,,doc_2020.pdf p.119
2020,ingresos,mes_4,C (2),Cuarto mes,"{04,…,07}",Cuarto mes pasado a la entrevista.,,doc_2020.pdf p.119
2020,ingresos,mes_5,C (2),Quinto mes,"{03,…,06}",Quinto mes pasado a la entrevista.,,doc_2020.pdf p.120
2020,ingresos,mes_6,C (2),Sexto mes,"{02,…,05}",Sexto mes pasado a la entrevista.,,doc_2020.pdf p.120
2020,ingresos,numren,C (2),Identificador de la persona,Sección y/o apartado Sección III,integrantes del hogar.,,doc_2020.pdf p.118
2020,poblacion,act_pnea1,C (1),Primera actividad del integrante PNEA,"{1,...,6}",económicamente activas.,,doc_2020.pdf p.105
2020,poblacion,act_pnea2,C (1),Segunda actividad del integrante PNEA,"{2,...,5}",económicamente activas.,,doc_2020.pdf p.105
2020,poblacion,alfabetism,C (1),Alfabetismo,"{1,2}",más años según sepan leer y escribir un recado.,,doc_2020.pdf p.76
2020,poblacion,antec_esc,C (1),Antecedente escolar,"{1,...,5}","Normal), dentro del Sistema Educativo ¿Qué estudios le pidieron a (NOMBRE) para Nacional.",,doc_2020.pdf p.79
2020,poblacion,asis_esc,C (1),Asistencia a la escuela,"{1,2}","establecimiento de enseñanza escolar del Sistema Educativo Nacional (SEN), en cualquier",,doc_2020.pdf p.76
2020,poblacion,atemed,C (1),Afiliación para atención médica,"{1,2}",alguna institución que proporciona atención ¿Está usted afiliado o inscrito para recibir atención médica.,,doc_2020.pdf p.86
2020,poblacion,aten_sal,C (1),Recibió atención médica,"{1,2}",salud que les haya impedido realizar sus actividades diarias.,,doc_2020.pdf p.90
2020,poblacion,c_futuro,C (1),Jóvenes construyendo el futuro,"{1,2}",construyendo el futuro.,,doc_2020.pdf p.105
2020,poblacion,cau_acti,C (1),Causa de discapacidad para realizar actividades diarias,"{1,...,6}",integrante del hogar.,,doc_2020.pdf p.75
2020,poblacion,cau_apren,C (1),Causa de discapacidad para aprender,"{1,...,6}",La dificultad de (NOMBRE) para (OPCIÓN EN integrante del hogar.,,doc_2020.pdf p.74
2020,poblacion,cau_brazo,C (1),Causa de discapacidad para usar brazos,"{1,...,6}",integrante del hogar.,,doc_2020.pdf p.74
2020,poblacion,cau_camin,C (1),Causa de discapacidad para caminar,"{1,...,6}",integrante del hogar.,,doc_2020.pdf p.73
2020,poblacion,cau_habla,C (1),Causa de discapacidad para hablar,"{1,...,6}",integrante del hogar.,,doc_2020.pdf p.75
2020,poblacion,cau_oir,C (1),Causa de discapacidad para escuchar,"{1,...,6}",integrante del hogar.,,doc_2020.pdf p.74
2020,poblacion,cau_ver,C (1),Causa de discapacidad para ver,"{1,...,6}",integrante del hogar.,,doc_2020.pdf p.73
2020,poblacion,cau_vest,C (1),Causa de discapacidad para vestirse,"{1,...,6}",integrante del hogar.,,doc_2020.pdf p.74
2020,poblacion,comprenind,C (1),Comprensión,"{1,2}",lengua indígena.,,doc_2020.pdf p.76
2020,poblacion,conyuge_id,C (2),Número de renglón del cónyuge,"{01,...,50}",del hogar de 12 o más años.,,doc_2020.pdf p.80
2020,poblacion,ct_futuro,C (1),"Jóvenes construyendo el futuro, código de trabajo","{1,…,3,8,9}",ingreso recibido por el programa Jóvenes ¿Declaró el ingreso de este programa Construyendo el Futuro.,,doc_2020.pdf p.105
2020,poblacion,diabetes,C (1),Diabetes,"{1,2}",¿En los últimos doce meses le han tomado alguna médicos preventivos asociados a la diabetes.,,doc_2020.pdf p.102
2020,poblacion,disc_acti,C (1),Discapacidad para realizar actividades diarias,"{1,...,4}","hogar (limitación para moverse, caminar, usar Por algún problema de nacimiento o de salud, sus brazos o piernas, persona ciega, sorda o ¿cuánta dificultad tiene (NOMBRE) para realizar sus muda, retraso o deficiencia mental).",,doc_2020.pdf p.73
2020,poblacion,disc_apren,C (1),Discapacidad para aprender,"{1,...,4}","sus brazos o piernas, persona ciega, sorda o Por algún problema de nacimiento o de salud, muda, retraso o deficiencia mental).",,doc_2020.pdf p.72
2020,poblacion,disc_brazo,C (1),Discapacidad de usar brazos,"{1,...,4}","hogar (limitación para moverse, caminar, usar Por algún problema de nacimiento o de salud, sus brazos o piernas, persona ciega, sorda o",,doc_2020.pdf p.72
2020,poblacion,disc_camin,C (1),Discapacidad de caminar,"{1,...,4}","hogar (limitación para moverse, caminar, usar Por algún problema de nacimiento o de salud, sus brazos o piernas, persona ciega, sorda o",,doc_2020.pdf p.71
2020,poblacion,disc_habla,C (1),Discapacidad para hablar,"{1,...,4}","Por algún problema de nacimiento o de salud, sus brazos o piernas, persona ciega, sorda o",,doc_2020.pdf p.73
2020,poblacion,disc_oir,C (1),Discapacidad para escuchar,"{1,...,4}","hogar (limitación para moverse, caminar, usar Por algún problema de nacimiento o de salud, sus brazos o piernas, persona ciega, sorda o",,doc_2020.pdf p.72
2020,poblacion,disc_ver,C (1),Discapacidad para ver,"{1,...,4}","sus brazos o piernas, persona ciega, sorda o",,doc_2020.pdf p.71
2020,poblacion,disc_vest,C (1),Discapacidad para vestirse,"{1,...,4}","hogar (limitación para moverse, caminar, usar Por algún problema de nacimiento o de salud, sus brazos o piernas, persona ciega, sorda o",,doc_2020.pdf p.72
2020,poblacion,edad,N (3),Edad,Sección y/o apartado Sección III,de la persona y la fecha de la entrevista.,,doc_2020.pdf p.70
2020,poblacion,edo_conyug,C (1),Situación conyugal,"{1,...,6}",o más años.,,doc_2020.pdf p.80
2020,poblacion,etnia,C (1),Autoadscripción étnica,"{1,2}",cultura se consideran indígenas.,,doc_2020.pdf p.76
2020,poblacion,foliohog,C (1),Identificador del hogar,Sección y/o apartado,5 los hogares adicionales.,,doc_2020.pdf p.70
2020,poblacion,folioviv,C (10),Identificador de la vivienda,Sección y/o apartado,"rural, código 6), cuatro dígitos del número consecutivo de la upm, un dígito de la decena de levantamiento y dos dígitos con un número",,doc_2020.pdf p.70
2020,poblacion,forma_b,C (1),Forma de beca escolar,"{1,...,5}",Forma en la que se recibió la beca escolar.,,doc_2020.pdf p.78
2020,poblacion,forma_c,C (1),Forma de crédito educativo,"{1,...,3}",Forma en la que se recibió el crédito educativo.,,doc_2020.pdf p.79
2020,poblacion,grado,C (1),Grado escolar al que asiste,"{1,...,6}",del hogar de 3 o más años dentro del Sistema Educativo Nacional.,,doc_2020.pdf p.77
2020,poblacion,gradoaprob,C (1),Grado aprobado,"{0,...,6}",integrante del hogar de 3 o más años dentro del Sistema Educativo Nacional. ¿Hasta qué año o grado aprobó (NOMBRE) en la,,doc_2020.pdf p.79
2020,poblacion,hablaesp,C (1),Español,"{1,2}",lengua indígena o dialecto también hablan el español.,,doc_2020.pdf p.76
2020,poblacion,hablaind,C (1),Hablante indígena,"{1,2}",lengua indígena o dialecto.,,doc_2020.pdf p.75
2020,poblacion,hh_esp,N (2),Hora de espera,,"Tiempo de espera en recibir atención médica. Cuando llegó al lugar, ¿cuánto tiempo tuvo que",,doc_2020.pdf p.92
2020,poblacion,hh_lug,N (2),Horas de traslado,Sección y/o apartado,Tiempo de traslado a recibir atención médica. ¿Cuánto tiempo tardó en llegar al lugar donde se,,doc_2020.pdf p.92
2020,poblacion,hijos_mue,N (2),Hijos fallecidos,Sección y/o apartado Sección X,integrante del hogar de 12 años o más.,,doc_2020.pdf p.104
2020,poblacion,hijos_sob,N (2),Hijos sobrevivientes,Sección y/o apartado Sección X,"hogar de 12 años o más, independientemente ¿Cuántas de sus hijas o hijos viven actualmente de donde residan.",,doc_2020.pdf p.104
2020,poblacion,hijos_viv,N (2),Hijos nacidos vivos,Sección y/o apartado Sección X,"tal como movimiento, latido del corazón, llanto o",,doc_2020.pdf p.104
2020,poblacion,hor_1,N (3),Horas de trabajo,Sección y/o apartado Sección IX,a trabajar.,,doc_2020.pdf p.82
2020,poblacion,hor_2,N (3),Horas de estudio,Sección y/o apartado Sección IX,a estudiar y hacer actividades relacionadas con Durante la semana pasada ¿cuánto tiempo dedicó a el estudio.,,doc_2020.pdf p.83
2020,poblacion,hor_3,N (2),Horas de trabajo comunitario,Sección y/o apartado Sección IX,a realizar trabajo comunitario o voluntario.,,doc_2020.pdf p.83
2020,poblacion,hor_4,N (2),Horas de cuidado de otras personas,Sección y/o apartado Sección IX,"a cuidar, atender sin pago y de manera Durante la semana pasada ¿cuánto tiempo dedicó a exclusiva a niños, ancianos, enfermos,",,doc_2020.pdf p.84
2020,poblacion,hor_5,N (2),Horas de reparación,Sección y/o apartado Sección IX,"a reparar o dar mantenimiento a su vivienda, Durante la semana pasada ¿cuánto tiempo dedicó a muebles, aparatos domésticos o vehículos",,doc_2020.pdf p.84
2020,poblacion,hor_6,N (2),Horas dedicadas a quehacer,Sección y/o apartado Sección IX,a los quehaceres del hogar. Durante la semana pasada ¿cuánto tiempo dedicó a,,doc_2020.pdf p.85
2020,poblacion,hor_7,N (2),Horas de acarreo,Sección y/o apartado Sección IX,a acarrear agua o leña.,,doc_2020.pdf p.85
2020,poblacion,hor_8,N (2),Horas de actividades personales,Sección y/o apartado Sección IX,a realizar actividades de su gusto. Durante la semana pasada ¿Cuánto tiempo le quedó,,doc_2020.pdf p.85
2020,poblacion,inscr_1,C (1),Prestación en el trabajo,{1},personas a las instituciones de salud o que les otorgan alguna pensión.,,doc_2020.pdf p.87
2020,poblacion,inscr_2,C (1),Jubilación o invalidez,{2},personas a las instituciones de salud o que les otorgan alguna pensión.,,doc_2020.pdf p.88
2020,poblacion,inscr_3,C (1),Familiar en el hogar,{3},personas a las instituciones de salud o que les otorgan alguna pensión.,,doc_2020.pdf p.88
2020,poblacion,inscr_4,C (1),Muerte del asegurado,{4},personas a las instituciones de salud o que les otorgan alguna pensión.,,doc_2020.pdf p.88
2020,poblacion,inscr_5,C (1),Ser estudiante,{5},personas a las instituciones de salud o que les otorgan alguna pensión.,,doc_2020.pdf p.88
2020,poblacion,inscr_6,C (1),Contratación propia,{6},personas a las instituciones de salud o que les otorgan alguna pensión.,,doc_2020.pdf p.88
2020,poblacion,inscr_7,C (1),Algún familiar de otro hogar,{7},personas a las instituciones de salud o que les otorgan alguna pensión.,,doc_2020.pdf p.88
2020,poblacion,inscr_8,C (1),No sabe,{8},personas a las instituciones de salud o que les otorgan alguna pensión.,,doc_2020.pdf p.89
2020,poblacion,inst_1,C (1),Institución médica IMSS,{1},la que está afiliada o inscrita las personas del hogar.,,doc_2020.pdf p.86
2020,poblacion,inst_2,C (1),Institución médica ISSSTE,{2},la que está afiliada o inscrita las personas del hogar.,,doc_2020.pdf p.87
2020,poblacion,inst_3,C (1),Institución médica ISSSTE estatal,{3},la que está afiliada o inscrita las personas del hogar.,,doc_2020.pdf p.87
2020,poblacion,inst_4,C (1),Institución médica PEMEX,{4},la que está afiliada o inscrita las personas del hogar.,,doc_2020.pdf p.87
2020,poblacion,inst_5,C (1),Institución médica IMSS-Prospera/IMSS-Bienestar,{5},la que está afiliada o inscrita las personas del hogar.,,doc_2020.pdf p.87
2020,poblacion,inst_6,C (1),Otra institución médica,{6},la que está afiliada o inscrita las personas del hogar.,,doc_2020.pdf p.87
2020,poblacion,lenguaind,C (4),Lengua indígena,Catálogo de lengua indígena,residentes de la vivienda de 3 años o más.,catalogo_lengua_indigena,doc_2020.pdf p.75
2020,poblacion,madre_hog,C (1),Identificador de la madre,"{1,2}",hogar.,,doc_2020.pdf p.70
2020,poblacion,madre_id,C (2),Número de renglón de la madre,Sección y/o apartado Sección III,Número de renglón correspondiente a la madre.,,doc_2020.pdf p.71
2020,poblacion,min_1,N (2),Minutos de trabajo,Sección y/o apartado Sección IX,dedicaron a trabajar.,,doc_2020.pdf p.82
2020,poblacion,min_2,N (2),Minutos de estudio,Sección y/o apartado Sección IX,dedicaron a estudiar y hacer actividades Durante la semana pasada ¿cuánto tiempo dedicó a relacionadas con el estudio.,,doc_2020.pdf p.83
2020,poblacion,min_3,N (2),Minutos de trabajo comunitario,Sección y/o apartado Sección IX,dedicaron a realizar trabajo comunitario o Durante la semana pasada ¿cuánto tiempo dedicó a voluntario.,,doc_2020.pdf p.83
2020,poblacion,min_4,N (2),Minutos de cuidado de otras personas,Sección y/o apartado Sección IX,"dedicaron a cuidar, atender sin pago y de Durante la semana pasada ¿cuánto tiempo dedicó a manera exclusiva a niños, ancianos, enfermos,",,doc_2020.pdf p.84
2020,poblacion,min_5,N (2),Minutos de reparación,Sección y/o apartado Sección IX,"dedicaron a reparar o dar mantenimiento a su Durante la semana pasada ¿cuánto tiempo dedicó a vivienda, muebles, aparatos domésticos o",,doc_2020.pdf p.84
2020,poblacion,min_6,N (2),Minutos dedicados a quehacer,Sección y/o apartado Sección IX,dedicaron a los quehaceres del hogar. Durante la semana pasada ¿cuánto tiempo dedicó a,,doc_2020.pdf p.85
2020,poblacion,min_7,N (2),Minutos de acarreo,Sección y/o apartado Sección IX,dedicaron a acarrear agua o leña. Durante la semana pasada ¿cuánto tiempo dedicó a,,doc_2020.pdf p.85
2020,poblacion,min_8,N (2),Minutos de actividades personales,Sección y/o apartado Sección IX,dedicaron a realizar actividades de su gusto. Durante la semana pasada ¿Cuánto tiempo le quedó,,doc_2020.pdf p.86
2020,poblacion,mm_esp,N (2),Minutos de espera,Sección y/o apartado,"Tiempo de espera en recibir atención médica. Cuando llegó al lugar, ¿cuánto tiempo tuvo que",,doc_2020.pdf p.93
2020,poblacion,mm_lug,N (2),Minutos de traslado,Sección y/o apartado,Tiempo de traslado a recibir atención médica. ¿Cuánto tiempo tardó en llegar al lugar donde se,,doc_2020.pdf p.92
2020,poblacion,motivo_aus,C (2),Motivo de ausencia al trabajo,"{01,...,13}",hogar no trabajó el mes pasado.,,doc_2020.pdf p.104
2020,poblacion,nivel,C (1),Nivel escolar al que asiste,"{01,...,13}",hogar de 3 o más años dentro del Sistema Educativo Nacional.,,doc_2020.pdf p.77
2020,poblacion,nivelaprob,C (1),Nivel de instrucción aprobado,"{0,...,9}",integrante del hogar de 3 o más años dentro del ¿Hasta qué año o grado aprobó (NOMBRE) en la Sistema Educativo Nacional.,,doc_2020.pdf p.79
2020,poblacion,noatenc_1,C (2),No hay donde atenderse,{01},cuando lo requiere.,,doc_2020.pdf p.94
2020,poblacion,noatenc_10,C (2),Sin atención por unidad cerrada,{10},cuando lo requiere.,,doc_2020.pdf p.96
2020,poblacion,noatenc_11,,No hubo médicos,{11},cuando lo requiere.,,doc_2020.pdf p.96
2020,poblacion,noatenc_12,,Se lo impidieron,{12},cuando lo requiere.,,doc_2020.pdf p.96
2020,poblacion,noatenc_13,C (2),Falta de tiempo,{13},cuando lo requiere.,,doc_2020.pdf p.97
2020,poblacion,noatenc_14,C (2),No hubo quién lo llevara,{14},cuando lo requiere.,,doc_2020.pdf p.97
2020,poblacion,noatenc_15,C (2),No era necesario,{15},cuando lo requiere.,,doc_2020.pdf p.97
2020,poblacion,noatenc_16,C (2),Se automedicó,{16},cuando lo requiere.,,doc_2020.pdf p.97
2020,poblacion,noatenc_2,C (2),Sin atención por falta de dinero,{02},cuando lo requiere.,,doc_2020.pdf p.94
2020,poblacion,noatenc_3,C (2),Unidad médica lejana,{03},cuando lo requiere.,,doc_2020.pdf p.95
2020,poblacion,noatenc_4,C (2),No lo atienden,{04},cuando lo requiere.,,doc_2020.pdf p.95
2020,poblacion,noatenc_5,C (2),No le tiene confianza,,cuando lo requiere.,,doc_2020.pdf p.95
2020,poblacion,noatenc_6,C (2),Lo tratan mal,{06},cuando lo requiere.,,doc_2020.pdf p.95
2020,poblacion,noatenc_7,C (2),No hablan la misma lengua,,cuando lo requiere.,,doc_2020.pdf p.95
2020,poblacion,noatenc_8,C (2),Hay que esperar mucho,{08},cuando lo requiere.,,doc_2020.pdf p.96
2020,poblacion,noatenc_9,C (2),No le dan medicamento,{09},cuando lo requiere.,,doc_2020.pdf p.96
2020,poblacion,norecib_1,C (2),Sin atención centro de salud,{01},recibió.,,doc_2020.pdf p.97
2020,poblacion,norecib_10,C (2),Sin atención curandero,{10},recibió.,,doc_2020.pdf p.99
2020,poblacion,norecib_11,C (2),Sin atención otro,{11},recibió.,,doc_2020.pdf p.99
2020,poblacion,norecib_12,C (2),Sin atención INSABI,{12},recibió.,,doc_2020.pdf p.100
2020,poblacion,norecib_2,C (2),Sin atención hospital o instituto,{02},recibió.,,doc_2020.pdf p.98
2020,poblacion,norecib_3,C (2),Sin atención IMSS,{03},recibió.,,doc_2020.pdf p.98
2020,poblacion,norecib_4,C (2),Sin atención IMSS-Prospera/IMSS-Bienestar,{04},recibió.,,doc_2020.pdf p.98
2020,poblacion,norecib_5,C (2),Sin atención ISSSTE,{05},recibió.,,doc_2020.pdf p.98
2020,poblacion,norecib_6,C (2),Sin atención ISSSTE estatal,{06},recibió.,,doc_2020.pdf p.98
2020,poblacion,norecib_7,C (2),Sin atención otro servicio médico público,{07},recibió.,,doc_2020.pdf p.99
2020,poblacion,norecib_8,C (2),Sin atención consultorios privados,{08},recibió.,,doc_2020.pdf p.99
2020,poblacion,norecib_9,C (2),Sin atención consultorio de farmacias,{09},recibió.,,doc_2020.pdf p.99
2020,poblacion,num_trabaj,C (1),Número de trabajos,"{1,2}",hogar realizaron durante el mes pasado.,,doc_2020.pdf p.105
2020,poblacion,numren,C (2),Identificador de la persona,Sección y/o apartado Sección III,integrantes del hogar.,,doc_2020.pdf p.70
2020,poblacion,otorg_b,C (1),Otorga beca escolar,"{1,...,5}",escolar.,,doc_2020.pdf p.78
2020,poblacion,otorg_c,C (1),Otorga crédito educativo,"{1,...,4}",educativo.,,doc_2020.pdf p.78
2020,poblacion,padre_hog,C (1),Identificador del padre,"{1,2}",Identifican al padre de las personas del hogar.,,doc_2020.pdf p.71
2020,poblacion,padre_id,C (2),Número de renglón del padre,Sección y/o apartado Sección III,Número de renglón correspondiente al padre.,,doc_2020.pdf p.71
2020,poblacion,pagoaten_1,C (1),Pago por consulta,{1},"Pago de atención médica. En aquella ocasión, ¿tuvo que pagar por algunos de",,doc_2020.pdf p.93
2020,poblacion,pagoaten_2,C (1),Pago por medicamentos,{2},"Pago de atención médica. En aquella ocasión, ¿tuvo que pagar por algunos de",,doc_2020.pdf p.93
2020,poblacion,pagoaten_3,C (1),Pago por estudios de laboratorio,{3},"Pago de atención médica. En aquella ocasión, ¿tuvo que pagar por algunos de",,doc_2020.pdf p.93
2020,poblacion,pagoaten_4,C (1),Pago por hospitalización,{4},"Pago de atención médica. En aquella ocasión, ¿tuvo que pagar por algunos de",,doc_2020.pdf p.93
2020,poblacion,pagoaten_5,C (1),Pago por instrumental médico,{5},"Pago de atención médica. En aquella ocasión, ¿tuvo que pagar por algunos de",,doc_2020.pdf p.94
2020,poblacion,pagoaten_6,C (1),Otro pago,{6},"Pago de atención médica. En aquella ocasión, ¿tuvo que pagar por algunos de",,doc_2020.pdf p.94
2020,poblacion,pagoaten_7,C (1),No pagó por atención médica,{7},"Pago de atención médica. En aquella ocasión, ¿tuvo que pagar por algunos de",,doc_2020.pdf p.94
2020,poblacion,pareja_hog,C (1),Identificador del cónyuge,"{1,2}","años. En este hogar, ¿vive la pareja o esposa(o) de",,doc_2020.pdf p.80
2020,poblacion,parentesco,C (3),Parentesco,Catálogo de parentesco,"conyugal, por consanguinidad, adopción,",catalogo_parentesco,doc_2020.pdf p.70
2020,poblacion,peso,C (1),Control de peso y talla,"{1,2}",cuidado de la salud o de vigilancia del,,doc_2020.pdf p.102
2020,poblacion,pop_insabi,C (1),Seguro popular / INSABI,"{1,2}","gastos médicos de bolsillo y mejorar las Actualmente, ¿se encuentra usted afiliado o inscrito condiciones de salud o tiene derecho a los",,doc_2020.pdf p.86
2020,poblacion,pres_alta,C (1),Presión alta,"{1,2}",médicos preventivos asociados a problemas ¿En los últimos doce meses le han medido a usted cardiacos.,,doc_2020.pdf p.102
2020,poblacion,prob_anio,C (4),Año con problemas de salud,Sección y/o apartado,"Fecha de la última vez que tuvo problemas de ¿Cuándo fue la última vez que sufrió algún dolor, salud.",,doc_2020.pdf p.89
2020,poblacion,prob_mes,C (2),Mes con problemas de salud,"{01,...,12}",salud.,,doc_2020.pdf p.89
2020,poblacion,prob_sal,C (1),Problemas de salud,"{1,2}",salud que les haya impedido realizar sus actividades diarias.,,doc_2020.pdf p.89
2020,poblacion,razon_1,C (2),No tenía dinero,{01},Motivo por el cual no lo atendieron.,,doc_2020.pdf p.100
2020,poblacion,razon_10,C (2),El personal dijo que no era necesario,{10},Motivo por el cual no lo atendieron.,,doc_2020.pdf p.102
2020,poblacion,razon_11,C (2),Otra razón de no atención,{11},Motivo por el cual no lo atendieron.,,doc_2020.pdf p.102
2020,poblacion,razon_2,C (2),No entendía su lengua,{02},Motivo por el cual no lo atendieron.,,doc_2020.pdf p.100
2020,poblacion,razon_3,C (2),No quisieron,{03},Motivo por el cual no lo atendieron.,,doc_2020.pdf p.100
2020,poblacion,razon_4,C (2),Dijeron que no era necesario,{04},Motivo por el cual no lo atendieron.,,doc_2020.pdf p.100
2020,poblacion,razon_5,C (2),No tenían tiempo,{05},Motivo por el cual no lo atendieron.,,doc_2020.pdf p.101
2020,poblacion,razon_6,C (2),Razón por unidad médica cerrada,{06},Motivo por el cual no lo atendieron.,,doc_2020.pdf p.101
2020,poblacion,razon_7,C (2),Cita hasta mucho tiempo después,{07},Motivo por el cual no lo atendieron.,,doc_2020.pdf p.101
2020,poblacion,razon_8,C (2),No había médico,{08},Motivo por el cual no lo atendieron.,,doc_2020.pdf p.101
2020,poblacion,razon_9,C (2),No le dieron ninguna razón,{09},Motivo por el cual no lo atendieron.,,doc_2020.pdf p.101
2020,poblacion,redsoc_1,C (1),Red social 1,"{1,...,5}",personas podrían conseguir ayuda para ¿Cree usted que si necesitara pedir ayuda para conseguir un trabajo.,,doc_2020.pdf p.81
2020,poblacion,redsoc_2,C (1),Red social 2,"{1,...,5}",personas podrían conseguir ayuda para que ¿Cree usted que si necesitara pedir ayuda para que lo(a) cuiden en una enfermedad.,,doc_2020.pdf p.81
2020,poblacion,redsoc_3,C (1),Red social 3,"{1,...,5}",¿Cree usted que si necesitara pedirle a alguien la cantidad de dinero que ingresa al hogar en un,,doc_2020.pdf p.81
2020,poblacion,redsoc_4,C (1),Red social 4,"{1,...,5}",personas podrían conseguir ayuda para que ¿Cree usted que si necesitarapedir ayuda para que lo(a) acompañen al doctor.,,doc_2020.pdf p.82
2020,poblacion,redsoc_5,C (1),Red social 5,"{1,...,5}",personas podrían conseguir cooperación para ¿Cree usted que si necesitara pedir cooperación realizar mejoras en su colonia o localidad.,,doc_2020.pdf p.82
2020,poblacion,redsoc_6,C (1),Red social 6,"{1,...,5}",personas podrían conseguir ayuda para que ¿Cree usted que si necesitara pedir ayuda para que cuiden a los(as) niños(as) en este hogar.,,doc_2020.pdf p.82
2020,poblacion,residencia,C (2),Residencia,Catálogo de residencia,"hogar, 5 años antes del momento de la ¿Hace 5 años, en octubre de 2005, en qué estado de entrevista.",catalogo_residencia,doc_2020.pdf p.80
2020,poblacion,segsoc,C (1),Contribución a la seguridad social,,productiva a fin de gozar de los beneficios de esta. Pueden ser instituciones nacionales y/o ¿Alguna vez ha contribuido o cotizado para alguna,,doc_2020.pdf p.80
2020,poblacion,segvol_1,C (1),"Seguro voluntario SAR, AFORE",{1},contratado voluntariamente.,,doc_2020.pdf p.103
2020,poblacion,segvol_2,C (1),Seguro voluntario de gastos médicos,{2},contratado voluntariamente.,,doc_2020.pdf p.103
2020,poblacion,segvol_3,C (1),Seguro voluntario de vida,{3},contratado voluntariamente.,,doc_2020.pdf p.103
2020,poblacion,segvol_4,C (1),Seguro voluntario de invalidez,{4},contratado voluntariamente.,,doc_2020.pdf p.103
2020,poblacion,segvol_5,C (1),Otro tipo de seguro voluntario,{5},contratado voluntariamente.,,doc_2020.pdf p.103
2020,poblacion,segvol_6,C (1),Ningún tipo de seguro voluntario,{6},contratado voluntariamente.,,doc_2020.pdf p.103
2020,poblacion,segvol_7,C (1),No sabe si tiene seguros,{7},contratado voluntariamente.,,doc_2020.pdf p.103
2020,poblacion,servmed_1,C (2),Atención en centros de salud,{01},para recibir atención médica.,,doc_2020.pdf p.90
2020,poblacion,servmed_10,C (2),Atención con curandero,{10},para recibir atención médica.,,doc_2020.pdf p.92
2020,poblacion,servmed_11,C (2),Atención en otro lugar,{11},para recibir atención médica.,,doc_2020.pdf p.92
2020,poblacion,servmed_12,C (2),Atención INSABI,{12},para recibir atención médica.,,doc_2020.pdf p.92
2020,poblacion,servmed_2,C (2),Atención en hospital,,para recibir atención médica.,,doc_2020.pdf p.90
2020,poblacion,servmed_3,C (2),Atención en el IMSS,{03},para recibir atención médica.,,doc_2020.pdf p.90
2020,poblacion,servmed_4,C (2),IMSS-Prospera/IMSS-Bienestar,{04},para recibir atención médica.,,doc_2020.pdf p.90
2020,poblacion,servmed_5,C (2),Atención en ISSSTE,{05},para recibir atención médica.,,doc_2020.pdf p.91
2020,poblacion,servmed_6,C (2),Atención en ISSSTE estatal,{06},para recibir atención médica.,,doc_2020.pdf p.91
2020,poblacion,servmed_7,C (2),Atención médica en otra institución pública,{07},para recibir atención médica.,,doc_2020.pdf p.91
2020,poblacion,servmed_8,C (2),Atención en consultorios privados,,para recibir atención médica.,,doc_2020.pdf p.91
2020,poblacion,servmed_9,C (2),Atención en consultorio de farmacias,,para recibir atención médica.,,doc_2020.pdf p.91
2020,poblacion,sexo,C (1),Sexo,"{1,2}",en hombres o mujeres.,,doc_2020.pdf p.70
2020,poblacion,ss_aa,N (2),Tiempo de contribución años,Sección y/o apartado Sección VI,social.,,doc_2020.pdf p.81
2020,poblacion,ss_mm,N (2),Tiempo de contribución meses,Sección y/o apartado Sección VI,seguridad social.,,doc_2020.pdf p.81
2020,poblacion,tiene_b,C (1),Beca escolar,"{1,2}",los integrantes del hogar que asisten a la ¿Le otorgaron beca a (NOMBRE) para este año escuela.,,doc_2020.pdf p.77
2020,poblacion,tiene_c,C (1),Crédito educativo,"{1,2}","materiales, etcétera. Quien lo recibe está comprometido a pagarlo en parte o en su ¿Le otorgaron crédito educativo a (NOMBRE) para",,doc_2020.pdf p.78
2020,poblacion,tipoesc,C (1),Tipo de escuela,"{1,...,3}","Educativo Nacional según sea pública, privada",,doc_2020.pdf p.77
2020,poblacion,trabajo_mp,C (1),Trabajó el mes pasado,"{1,2}","referencia, que permite clasificarla como parte de la Población Económicamente Activa (PEA) Durante el mes pasado________________, ¿usted o como parte de la Población No",,doc_2020.pdf p.104
2020,poblacion,usotiempo1,C (1),Trabajar,"{8,9}",No recuerda haber trabajado. Durante la semana pasada ¿cuánto tiempo dedicó a,,doc_2020.pdf p.83
2020,poblacion,usotiempo2,C (1),Estudiar y hacer actividades,"{8,9}",No recuerda haber dedicado tiempo para Durante la semana pasada ¿cuánto tiempo dedicó a estudiar.,,doc_2020.pdf p.83
2020,poblacion,usotiempo3,C (1),Trabajo comunitario,"{8,9}",realizar trabajo comunitario o voluntario.,,doc_2020.pdf p.83
2020,poblacion,usotiempo4,C (1),"Cuidar, atender sin pago","{8,9}","cuidar, atender sin pago y de manera exclusiva Durante la semana pasada ¿cuánto tiempo dedicó a a niños, ancianos, enfermos, discapacitados.",,doc_2020.pdf p.84
2020,poblacion,usotiempo5,C (1),Reparar su vivienda,"{8,9}","dar mantenimiento a su vivienda, muebles, Durante la semana pasada ¿cuánto tiempo dedicó a aparatos domésticos o vehículos.",,doc_2020.pdf p.84
2020,poblacion,usotiempo6,C (1),Realizar quehacer en su hogar,"{8,9}",quehaceres del hogar.,,doc_2020.pdf p.85
2020,poblacion,usotiempo7,C (1),Acarrear agua o leña,"{8,9}",acarrear agua o leña.,,doc_2020.pdf p.85
2020,poblacion,usotiempo8,C (1),Tiempo para realizar actividades,"{8,9}",realizar actividades de su gusto.,,doc_2020.pdf p.86
2020,trabajos,clas_emp,C (1),Clasificación de la empresa,"{1,...,4}","a las unidades económicas privadas que no se ubican bajo la modalidad de negocios privados, para canalizarlas a una secuencia propia de",,doc_2020.pdf p.134
2020,trabajos,conf_pers,C (1),Confirmación de personal,"{1,2}",actividad principal durante el periodo de ¿El personal empleado es el mismo que utilizó en la referencia.,,doc_2020.pdf p.137
2020,trabajos,contrato,C (1),Tuvo contrato,"{1,2}",Existencia de un contrato laboral por escrito.,,doc_2020.pdf p.128
2020,trabajos,foliohog,C (1),Identificador del hogar,Sección y/o apartado,5 los hogares adicionales.,,doc_2020.pdf p.127
2020,trabajos,folioviv,C (10),Identificador de la vivienda,Sección y/o apartado,"rural, código 6), cuatro dígitos del número consecutivo de la upm, un dígito de la decena de levantamiento y dos dígitos con un número",,doc_2020.pdf p.127
2020,trabajos,htrab,N (3),Horas trabajadas,"Sección y/o apartado Apartado 3.1, Pregunta 1; Sección IV, Apartado 4.2,","Número de horas que trabajó a la semana. El mes pasado en este trabajo, ¿cuántas horas a la",,doc_2020.pdf p.133
2020,trabajos,id_trabajo,C (1),Identificador del trabajo,"{1,2}",Identificador del trabajo.,,doc_2020.pdf p.127
2020,trabajos,indep,C (1),Trabajó por su cuenta,"{1,2}","El trabajo que tuvo fue por su cuenta. Entonces, ¿se dedicó a un negocio o actividad por su",,doc_2020.pdf p.128
2020,trabajos,lugar,C (1),Confirmación de establecimiento,"{1,2}","misma unidad económica, en la que se ¿Esta(s) actividad(es) la(s) realizó en el mismo lugar desarrolla la actividad principal.",,doc_2020.pdf p.137
2020,trabajos,medtrab_1,C (1),Servicios médicos del IMSS,{1},servicios médicos del seguro social.,,doc_2020.pdf p.138
2020,trabajos,medtrab_2,C (1),Servicios médicos del ISSSTE,{2},servicios médicos del ISSSTE.,,doc_2020.pdf p.138
2020,trabajos,medtrab_3,C (1),Servicios médicos ISSSTE Estatal,{3},servicios médicos del ISSSTE estatal.,,doc_2020.pdf p.138
2020,trabajos,medtrab_4,C (1),Servicios médicos de PEMEX,{4},"servicios médicos de PEMEX, del ejército o de ¿En este trabajo le dieron las siguientes la marina.",,doc_2020.pdf p.138
2020,trabajos,medtrab_5,C (1),Servicios médicos de universidades,{5},servicios médicos de universidades.,,doc_2020.pdf p.138
2020,trabajos,medtrab_6,C (1),Servicios médicos privados,{6},servicios médicos privados.,,doc_2020.pdf p.139
2020,trabajos,medtrab_7,C (1),No tiene servicios médicos,{7},En el trabajo no cuentan con servicios médicos. ¿En este trabajo le dieron las siguientes,,doc_2020.pdf p.139
2020,trabajos,no_ing,C (2),No ingresos,"{01,...,13,99)","económicas, no percibieron ingresos",,doc_2020.pdf p.134
2020,trabajos,numren,C (2),Identificador de la persona,Sección y/o apartado Sección III,integrantes del hogar.,,doc_2020.pdf p.127
2020,trabajos,otra_act,C (1),Otras actividades del negocio,"{1,2}","durante el periodo de referencia, tanto en el Además de la actividad mencionada, el mes pasado, trabajo principal como en el secundario.",,doc_2020.pdf p.136
2020,trabajos,pago,C (1),Como le pagaron,"{1,...,3}",Forma de pago en su trabajo.,,doc_2020.pdf p.128
2020,trabajos,personal,C (1),Tuvo personal,"{1,2}",cargo.,,doc_2020.pdf p.128
2020,trabajos,pres_1,C (2),Incapacidad médica,{01},"incapacidad en caso de enfermedad, accidente ¿En este trabajo le dieron las siguientes o maternidad.",,doc_2020.pdf p.129
2020,trabajos,pres_10,C (2),Préstamos,{10},préstamos personales y/o caja de ahorro.,,doc_2020.pdf p.131
2020,trabajos,pres_11,C (2),Prima vacacional,{11},prima vacacional.,,doc_2020.pdf p.131
2020,trabajos,pres_12,C (2),Apoyos educativos,{12},becas y apoyos educativos.,,doc_2020.pdf p.131
2020,trabajos,pres_13,C (2),Servicio de comedor,{13},servicio de comedor.,,doc_2020.pdf p.131
2020,trabajos,pres_14,C (2),Crédito FONACOT,{14},crédito FONACOT.,,doc_2020.pdf p.132
2020,trabajos,pres_15,C (2),Ayuda de despensas,{15},ayuda de despensas.,,doc_2020.pdf p.132
2020,trabajos,pres_16,C (2),Ayuda en el pago de servicios,{16},"ayuda o exención en el pago de luz, agua, ¿En este trabajo le dieron las siguientes teléfono, etcétera.",,doc_2020.pdf p.132
2020,trabajos,pres_17,C (2),Pensión en caso de invalidez,{17},¿En este trabajo le dieron las siguientes pensión en caso de invalidez.,,doc_2020.pdf p.132
2020,trabajos,pres_18,C (2),Pensión en caso de fallecimiento,{18},pensión para sus familiares en caso de ¿En este trabajo le dieron las siguientes fallecimiento.,,doc_2020.pdf p.132
2020,trabajos,pres_19,C (2),Otras prestaciones,{19},prestaciones.,,doc_2020.pdf p.133
2020,trabajos,pres_2,C (2),Aguinaldo,{02},aguinaldo.,,doc_2020.pdf p.129
2020,trabajos,pres_20,C (2),No tiene prestaciones,{20},En el trabajo que tuvo no le dieron prestaciones. ¿En este trabajo le dieron las siguientes,,doc_2020.pdf p.133
2020,trabajos,pres_3,C (2),Vacaciones,{03},vacaciones con goce de sueldo.,,doc_2020.pdf p.129
2020,trabajos,pres_4,C (2),Reparto de utilidades,{04},reparto de utilidades.,,doc_2020.pdf p.129
2020,trabajos,pres_5,C (2),Crédito de vivienda,{05},crédito de vivienda.,,doc_2020.pdf p.130
2020,trabajos,pres_6,C (2),Guarderías,{06},guarderías y estancias infantiles.,,doc_2020.pdf p.130
2020,trabajos,pres_7,C (2),Cuidados maternos o paternos,{07},tiempo para cuidados maternos o paternos.,,doc_2020.pdf p.130
2020,trabajos,pres_8,C (2),SAR o AFORE,{08},SAR o AFORE.,,doc_2020.pdf p.130
2020,trabajos,pres_9,C (2),Seguro de vida,{09},seguro de vida.,,doc_2020.pdf p.130
2020,trabajos,scian,C (4),Catálogo SCIAN,Catálogo SCIAN,trabajó el integrante del hogar de acuerdo al Sistema de clasificación Industrial de América,catalogo_scian,doc_2020.pdf p.133
2020,trabajos,sinco,C (4),Catálogo SINCO,Catálogo SINCO,acuerdo al Sistema Nacional de Clasificación de Ocupaciones.,catalogo_sinco,doc_2020.pdf p.133
2020,trabajos,soc_nr1,C (2),Primer socio del negocio,"{01,...,30}",también es dueño(a) del negocio.,,doc_2020.pdf p.136
2020,trabajos,soc_nr2,C (2),Segundo socio del negocio,"{01,...,30}",también es dueño(a) del negocio.,,doc_2020.pdf p.136
2020,trabajos,soc_resp,C (2),Responsable del negocio,"{01,...,30}","responsable del negocio. ¿Quién de estas personas, incluyéndose usted,",,doc_2020.pdf p.136
2020,trabajos,socios,C (1),Socios del negocio,"{1,2}",también sea(n) dueño(s) del negocio.,,doc_2020.pdf p.135
2020,trabajos,subor,C (1),Fue subordinado,"{1,2}",En el trabajo que tuvo fue subordinado.,,doc_2020.pdf p.127
2020,trabajos,tam_emp,C (2),Tamaño de la empresa,"{01,...,12}","trabajadores, donde desempeño su trabajo Durante el mes pasado, ¿cuántas personas principal el integrante del hogar, el mes pasado.",,doc_2020.pdf p.134
2020,trabajos,tiene_suel,C (1),Asignación de sueldo,"{1,2}","años, por el desempeño del trabajo que realizó ¿En este trabajo usted recibió o tuvo asignado un el mes pasado.",,doc_2020.pdf p.135
2020,trabajos,tipoact,C (1),Actividad de la empresa,"{1,...,9}","empresa, negocio o institución.",,doc_2020.pdf p.135
2020,trabajos,tipoact2,C (1),Segunda actividad del negocio,"{1,...,9}","dedica la empresa, negocio o institución.",,doc_2020.pdf p.136
2020,trabajos,tipoact3,C (1),Tercera actividad del negocio,"{1,...,9}","la empresa, negocio o institución.",,doc_2020.pdf p.137
2020,trabajos,tipoact4,C (1),Cuarta actividad del negocio,"{1,...,9}","la empresa, negocio o institución.",,doc_2020.pdf p.137
2020,trabajos,tipocontr,C (1),Tipo de contrato,"{1,2}",tuvo.,,doc_2020.pdf p.129
2020,trabajos,trapais,C (1),Trabajo en el país,"{1,2}",El trabajo que tuvo fue dentro del país.,,doc_2020.pdf p.127
2020,viviendas,aire_acond,C (1),Dispone de aire acondicionado,"{1,2}",Aire acondicionado.,,doc_2020.pdf p.44
2020,viviendas,antigua_ne,C (1),Antigüedad no especificada de la vivienda,{1},No sabe la antigüedad de la vivienda ¿Cuántos años hace que se construyó esta,,doc_2020.pdf p.36
2020,viviendas,antiguedad,N (2),Antigüedad de la vivienda,"{0,...,99}",construida. ¿Cuántos años hace que se construyó esta,,doc_2020.pdf p.36
2020,viviendas,bano_comp,N (1),Sanitario excusado regadera,Sección y/o apartado Sección I,Número de baños con excusado y regadera. ¿Cuántos baños tiene esta vivienda con excusado y,,doc_2020.pdf p.38
2020,viviendas,bano_excus,N (1),Sanitario excusado,Sección y/o apartado Sección I,Número de baños solo con excusado. ¿Cuántos baños tiene esta vivienda solo con,,doc_2020.pdf p.38
2020,viviendas,bano_regad,N (1),Sanitario regadera,Sección y/o apartado Sección I,Número de baños solo con regadera. ¿Cuántos baños tiene esta vivienda solo con,,doc_2020.pdf p.38
2020,viviendas,biodigest,C (1),Dispone de biodigestor,"{1,2}",servicio sanitario.,,doc_2020.pdf p.38
2020,viviendas,bomba_agua,C (1),Dispone de bomba de agua,"{1,2}",Bomba de agua.,,doc_2020.pdf p.44
2020,viviendas,calefacc,C (1),Dispone de calefacción,"{1,2}",Calefacción.,,doc_2020.pdf p.44
2020,viviendas,calent_gas,C (1),Dispone de calentador de gas,"{1,2}",Calentador de gas u otros.,,doc_2020.pdf p.43
2020,viviendas,calent_sol,C (1),Dispone de calentador solar de agua,"{1,2}",Calentador de agua solar.,,doc_2020.pdf p.43
2020,viviendas,cisterna,C (1),Dispone de cisterna,"{1,2}",Cisterna o aljibe.,,doc_2020.pdf p.43
2020,viviendas,cocina,C (1),Tiene cocina,"{1,2}","calentar alimentos, aunque también tenga otros usos.",,doc_2020.pdf p.36
2020,viviendas,cocina_dor,C (1),Utiliza cocina de dormitorio,"{1,2}",para dormir.,,doc_2020.pdf p.36
2020,viviendas,combustible,C (1),Tipo de combustible,"{1,...,6}",calentar alimentos en la vivienda.,,doc_2020.pdf p.39
2020,viviendas,cuart_dorm,N (2),Cuartos dormitorio,Sección y/o apartado Sección I,"usados habitualmente para dormir, aunque ¿Cuántos cuartos se usan para dormir sin contar también tengan otros usos.",,doc_2020.pdf p.37
2020,viviendas,disp_agua,C (1),Disponibilidad de agua,"{1,...,7}","sea que se cuente o no, con agua entubada de la red pública.",,doc_2020.pdf p.37
2020,viviendas,disp_elect,C (1),Disponibilidad eléctrica,"{1,...,5}",en la vivienda.,,doc_2020.pdf p.39
2020,viviendas,dotac_agua,C (1),Dotación de agua,"{1,...,5}",agua entubada que proviene de la red pública.,,doc_2020.pdf p.37
2020,viviendas,drenaje,C (1),Destino de drenaje,"{1,...,5}",desalojar de la vivienda los desechos humanos ¿Esta vivienda tiene drenaje o desagüe conectado y las aguas utilizadas.,,doc_2020.pdf p.38
2020,viviendas,eli_basura,C (1),Eliminación de basura,"{1,...,8}",Formas de eliminar la basura de la vivienda.,,doc_2020.pdf p.40
2020,viviendas,ero_1,N (9),Erogación en el mes de referencia 1,Sección y/o apartado 3.5 Erogaciones Financieras y de Capital,"durante el mes pasado del 1° mes, en relación con el mes en que se realiza la entrevista.",,doc_2020.pdf p.115
2020,viviendas,ero_2,N (9),Erogación en el mes de referencia 2,Sección y/o apartado 3.5 Erogaciones Financieras y de Capital,"durante el mes pasado del 2° mes, en relación con el mes en que se realiza la entrevista.",,doc_2020.pdf p.115
2020,viviendas,ero_3,N (9),Erogación en el mes de referencia 3,Sección y/o apartado 3.5 Erogaciones Financieras y de Capital,"durante el mes pasado del 3° mes, en relación con el mes en que se realiza la entrevista.",,doc_2020.pdf p.115
2020,viviendas,ero_4,N (9),Erogación en el mes de referencia 4,Sección y/o apartado 3.5 Erogaciones Financieras y de Capital,"durante el mes pasado del 4° mes, en relación con el mes en que se realiza la entrevista.",,doc_2020.pdf p.115
2020,viviendas,ero_5,N (9),Erogación en el mes de referencia 5,Sección y/o apartado 3.5 Erogaciones Financieras y de Capital,"durante el mes pasado del 5° mes, en relación con el mes en que se realiza la entrevista.",,doc_2020.pdf p.115
2020,viviendas,ero_6,N (9),Erogación en el mes de referencia 6,Sección y/o apartado 3.5 Erogaciones Financieras y de Capital,"durante el mes pasado del 6° mes, en relación con el mes en que se realiza la entrevista.",,doc_2020.pdf p.115
2020,viviendas,ero_tri,"N (12,2)",Erogación trimestral,Sección y/o apartado,levantamiento. Solo se trimestralizaron las erogaciones realizadas en el período de,,doc_2020.pdf p.116
2020,viviendas,escrituras,C (1),Escrituras de la vivienda,"{1,...,4}",Escrituras o título de propiedad de la vivienda. ¿Esta vivienda cuenta con escrituras o título de,,doc_2020.pdf p.42
2020,viviendas,est_dis,C (3),Estrato de diseño muestral,Sección y/o apartado,UPMs de acuerdo con su estrato geográfico (entidad-ámbito-zona).,,doc_2020.pdf p.46
2020,viviendas,est_socio,C (1),Estrato socioeconómico,"{1,...,4}",equipamiento de las mismas expresadas por medio de 24 indicadores construidos con información del Censo de Población y Vivienda 2010. Esta estratificación se realizó por medio,,doc_2020.pdf p.46
2020,viviendas,estim_pago,N (9),Estimación del pago de renta,Sección y/o apartado Sección I,vivienda que habita el hogar.,,doc_2020.pdf p.40
2020,viviendas,estufa_chi,C (1),Estufa con chimenea,,al cocinar.,,doc_2020.pdf p.40
2020,viviendas,excusado,C (1),Tiene excusado,"{1,2}","para el desalojo de los desechos humanos. ¿Tienen excusado, retrete, sanitario, letrina u hoyo",,doc_2020.pdf p.37
2020,viviendas,factor,N (5),Factor de expansión,Sección y/o apartado,Factor de expansión.,,doc_2020.pdf p.46
2020,viviendas,focos_ahor,N (2),Número de focos ahorradores,Sección y/o apartado Sección I,"iluminar la vivienda, tanto en el interior como en el exterior.",,doc_2020.pdf p.39
2020,viviendas,focos_inca,N (2),Número de focos incandescentes,Sección y/o apartado Sección I,"para iluminar la vivienda, tanto en el interior como en el exterior.",,doc_2020.pdf p.39
2020,viviendas,folioviv,C (10),Identificador de la vivienda,Sección y/o apartado,"rural, código 6), cuatro dígitos del número consecutivo de la upm, un dígito de la decena de levantamiento y dos dígitos con un número",,doc_2020.pdf p.35
2020,viviendas,fregadero,C (1),Dispone de fregadero,"{1,2}",Fregadero o tarja.,,doc_2020.pdf p.42
2020,viviendas,hog_dueno1,C (1),Hogar del primer dueño,Sección y/o apartado Sección I,vivienda.,,doc_2020.pdf p.42
2020,viviendas,hog_dueno2,C (1),Hogar del segundo dueño,Sección y/o apartado Sección I,de la vivienda.,,doc_2020.pdf p.42
2020,viviendas,lavadero,C (1),Dispone de lavadero,"{1,2}",Lavadero.,,doc_2020.pdf p.42
2020,viviendas,mat_pared,C (1),Material de paredes,"{1,...,8}",vivienda.,,doc_2020.pdf p.35
2020,viviendas,mat_pisos,C (1),Material de pisos,"{1,...,3}",Material predominante en el piso de la vivienda. ¿De qué material es la mayor parte del piso de esta,,doc_2020.pdf p.36
2020,viviendas,mat_techos,C (2),Material de techos,"{01,...,10}",vivienda.,,doc_2020.pdf p.35
2020,viviendas,medidor_luz,C (1),Dispone de medidor de luz,"{1,2}",Medidor de luz.,,doc_2020.pdf p.44
2020,viviendas,mes_1,C (2),Mes 1,"{07,…,10}",Primer mes pasado a la entrevista.,,doc_2020.pdf p.114
2020,viviendas,mes_2,C (2),Mes 2,"{06,…,09}",Segundo mes pasado a la entrevista.,,doc_2020.pdf p.114
2020,viviendas,mes_3,C (2),Mes 3,"{05,…,08}",Tercer mes pasado a la entrevista.,,doc_2020.pdf p.114
2020,viviendas,mes_4,C (2),Mes 4,"{04,…,07}",Cuarto mes pasado a la entrevista.,,doc_2020.pdf p.114
2020,viviendas,mes_5,C (2),Mes 5,"{03,…,06}",Quinto mes pasado a la entrevista.,,doc_2020.pdf p.114
2020,viviendas,mes_6,C (2),Mes 6,"{02,…,05}",Sexto mes pasado a la entrevista.,,doc_2020.pdf p.115
2020,viviendas,num_cuarto,N (2),Número de cuartos,Sección y/o apartado Sección I,independientemente de su uso.,,doc_2020.pdf p.37
2020,viviendas,num_dueno1,C (2),Identificador del primer dueño,Sección y/o apartado Sección I,vivienda.,,doc_2020.pdf p.41
2020,viviendas,num_dueno2,C (2),Identificador del segundo dueño,Sección y/o apartado Sección I,de la vivienda.,,doc_2020.pdf p.42
2020,viviendas,pago_mesp,C (1),Pagó el mes pasado,"{1,2}",Pago por la vivienda el mes pasado.,,doc_2020.pdf p.41
2020,viviendas,pago_viv,N (6),Pago de vivienda,Sección y/o apartado Sección I,Monto del pago mensual por la vivienda,,doc_2020.pdf p.41
2020,viviendas,pileta,C (1),Dispone de pileta o tanque,"{1,2}","Pileta, tanque o depósito de agua. ¿Esta vivienda tiene pileta, tanque o depósito de",,doc_2020.pdf p.43
2020,viviendas,procaptar,N (1),Viviendas PROCAPTAR,"{0,1}","anuales acumuladas iguales o mayores a 1 500 mm, y que además se encuentran dentro de la Cruzada Nacional Contra el Hambre, para las cuales el apoyo del programa es de hasta el 100% para la instalación de un sistema de",,doc_2020.pdf p.47
2020,viviendas,regadera,C (1),Dispone de regadera,"{1,2}",Regadera.,,doc_2020.pdf p.43
2020,viviendas,renta,N (6),Monto de la renta mensual,Sección y/o apartado Sección I,Monto de la renta mensual.,,doc_2020.pdf p.40
2020,viviendas,sanit_agua,C (1),Sanitario conexión agua,"{1,...,3}",sin conexión de agua.,,doc_2020.pdf p.38
2020,viviendas,tam_loc,C (1),Tamaño de localidad,"{1,...,4}",habitantes.,,doc_2020.pdf p.45
2020,viviendas,tanque_gas,C (1),Dispone de tanque de gas estacionario,"{1,2}",Tanque de gas estacionario.,,doc_2020.pdf p.44
2020,viviendas,tenencia,C (1),Tipo de tenencia de la vivienda,"{1,...,6}",ocupantes.,,doc_2020.pdf p.40
2020,viviendas,tinaco_azo,C (1),Dispone de tinaco,"{1,2}",Tinaco en la azotea.,,doc_2020.pdf p.43
2020,viviendas,tipo_adqui,C (1),Tipo de adquisición,"{1,...,4}",adquirirla.,,doc_2020.pdf p.41
2020,viviendas,tipo_finan,C (1),Tipo de financiamiento,"{1,...,5}","para pagar, construir, ampliar, o modifica la vivienda.",,doc_2020.pdf p.41
2020,viviendas,tipo_viv,C (1),Tipo de vivienda,"{1,...,5}",Clase de vivienda particular.,,doc_2020.pdf p.35
2020,viviendas,tot_hog,N (1),Total de hogares en la vivienda,Sección y/o apartado,Total de hogares en la vivienda.,,doc_2020.pdf p.45
2020,viviendas,tot_hom,N (2),Total de residentes hombres,Sección y/o apartado,vivienda.,,doc_2020.pdf p.45
2020,viviendas,tot_muj,N (2),Total de residentes mujeres,Sección y/o apartado,vivienda.,,doc_2020.pdf p.45
2020,viviendas,tot_resid,N (2),Total de residentes de la vivienda,Sección y/o apartado,Número de personas que habitan la vivienda.,,doc_2020.pdf p.44
2020,viviendas,ubica_geo,C (5),Ubicación geográfica,Sección y/o apartado,"municipio. Estas corresponden al Catálogo de claves de entidades federativas, municipios y localidades, que está disponible en el sitio del",,doc_2020.pdf p.45
2020,viviendas,upm,C (7),Unidad primaria de muestreo,Sección y/o apartado,"seleccionadas en la primera etapa del muestreo y corresponden a áreas geográficas con límites identificables en el terreno que agrupan un conjunto de viviendas, cuyo número depende",,doc_2020.pdf p.46
2020,viviendas,uso_compar,C (1),Uso compartido del sanitario,"{1,2}",los habitantes de otra vivienda.,,doc_2020.pdf p.38
2020,viviendas,viv_usada,C (1),Compró la vivienda usada,"{1,2}",Estado de la vivienda al momento de adquirirla.,,doc_2020.pdf p.41
2022,concentradohogar,acces_pers,"N (12,2)",Accesorios personales,"en H123 a H131, H133 más la suma de","Gasto en accesorios y efectos personales. H123 a H131, H133. nóicpircseD .2202 y",,doc_2022.pdf p.202
2022,concentradohogar,aceites,"N (12,2)",Aceites y grasas,en A095 a A100 más la suma de,Gasto en aceites y grasas. A095 a A100.,,doc_2022.pdf p.198
2022,concentradohogar,adqui_vehi,"N (12,2)",Adquisición de vehículos,en M007 a M011 más la suma de,M007 a M011. particular.,,doc_2022.pdf p.201
2022,concentradohogar,agricolas,"N (12,2)",Negocios agrícolas,Suma de ingresos.ing_tri cuando la clave es P071 o,Ingresos de negocios agrícolas.,,doc_2022.pdf p.195
2022,concentradohogar,agrope,"N (12,2)",Negocios agropecuarios,,Ingresos de negocios agropecuarios.,,doc_2022.pdf p.195
2022,concentradohogar,agua,"N (12,2)",Agua,"en J001 a J015, J070 a J072 más la suma de","Gasto en agua. J001 a J015, J070 a J072.",,doc_2022.pdf p.200
2022,concentradohogar,aguinaldo,"N (12,2)",Aguinaldo y reparto de utilidades,"Suma de ingresos.ing_tri cuando la clave es P008,",utilidades.,,doc_2022.pdf p.194
2022,concentradohogar,ali_dentro,"N (12,2)",Alimentos dentro del hogar,"La suma de cereales, carnes, pescado, leche, huevo,",dentro del hogar.,,doc_2022.pdf p.198
2022,concentradohogar,ali_fuera,"N (12,2)",Alimentos fuera del hogar,en A243 a A247 más la suma de,A243 a A247. del hogar.,,doc_2022.pdf p.199
2022,concentradohogar,alimentos,"N (12,2)",Alimentos,,"que realizan día a día los integrantes del hogar en alimentos, bebidas y tabaco. nóicpircseD .2202 y",,doc_2022.pdf p.197
2022,concentradohogar,alquiler,"N (12,2)",Alquileres brutos,"en G001 a G004, G101 más la suma de",Gasto en alquileres brutos. G001 a G004,,doc_2022.pdf p.200
2022,concentradohogar,arrenda,"N (12,2)",Arrendamiento,Suma de ingresos.ing_tri cuando la clave es P023 a,financieros.,,doc_2022.pdf p.196
2022,concentradohogar,atenc_ambu,"N (12,2)",Atención primaria o ambulatoria,en J016 a J043 más la suma de,Gasto en atención primaria o ambulatoria. J016 a J043.,,doc_2022.pdf p.201
2022,concentradohogar,azucar,"N (12,2)",Azúcar y mieles,en A173 a A175 más la suma de,Gasto en azúcar y mieles. A173 a A175.,,doc_2022.pdf p.199
2022,concentradohogar,balance,"N (12,2)",Pérdidas del negocio,Suma de erogaciones.ero_tri cuando la clave está en,Pérdidas en los negocios del hogar. nóicpircseD .2202 y,,doc_2022.pdf p.204
2022,concentradohogar,bebidas,"N (12,2)",Bebidas,en A215 a A238 más la suma de,Gasto en bebidas alcohólicas y no alcohólicas. A215 a A238.,,doc_2022.pdf p.199
2022,concentradohogar,becas,"N (12,2)",Becas,Suma de ingresos.ing_tri cuando la clave es P037 o,instituciones. nóicpircseD .2202 y sosergnI,,doc_2022.pdf p.196
2022,concentradohogar,bene_gob,"N (12,2)",Beneficios gubernamentales,"Suma de ingresos.ing_tri cuando la clave es P043,",gubernamentales.,,doc_2022.pdf p.197
2022,concentradohogar,cafe,"N (12,2)","Café, té y chocolate",en A176 aA182 más la suma de,"Gasto en café, té y chocolate. A176 a A182",,doc_2022.pdf p.199
2022,concentradohogar,calzado,"N (12,2)",Calzado y su reparación,en H084 a H122 más la suma de,Gasto en calzado y su reparación. H084 a H122.,,doc_2022.pdf p.200
2022,concentradohogar,carnes,"N (12,2)",Carnes,en A025 a A065 más la suma de,Gasto en carnes. A025 a A065.,,doc_2022.pdf p.198
2022,concentradohogar,cereales,"N (12,2)",Cereales,en A001 a A024 más la suma de,Gasto en cereales. A001 a A024.,,doc_2022.pdf p.198
2022,concentradohogar,clase_hog,C (1),Clase de hogar,"{1,...,5} parentesco (tabla Poblacion): Jefe: contar los",familiar primario; ampliado: hogar formado por 2 (Si Jefe = 1 y (Esposa > 0 o Hijos > 0) y Parientes el jefe(a) y su grupo familiar primario más otros = 0 y NoParientes = 0)CLASE_HOG = 3 (Si Jefe = 1 grupos familiares u otros parientes; compuesto: y (Esposa > 0 o Hijos > 0 o Parientes > 0) y hogar formado por un hogar nuclear o ampliado NoParientes = 0) CLASE_HOG = 4 (Si Jefe = 1 y con personas sin parentesco con el jefe(a); (Esposa > 0 o Hijos > 0 o Parientes > 0) y corresidente: hogar formado ,,doc_2022.pdf p.191
2022,concentradohogar,combus,"N (12,2)",Combustibles para vehículos,,"de llantas, pensiones y otros servicios para F007 a F014. vehículos de uso particular.",,doc_2022.pdf p.202
2022,concentradohogar,comercio,"N (12,2)",Negocios comerciales,Suma de ingresos.ing_tri cuando la clave es P069 o,Ingresos de negocios comerciales.,,doc_2022.pdf p.195
2022,concentradohogar,comisiones,"N (12,2)",Comisiones y propinas,,Remuneraciones por comisiones y propinas.,,doc_2022.pdf p.194
2022,concentradohogar,comunica,"N (12,2)",Comunicaciones,"en F001 a F006, R005 a R008, R010, R011 más la","Gasto en comunicaciones. está en F001 a F006, R005 a R008, R010, R011.",,doc_2022.pdf p.202
2022,concentradohogar,cuida_pers,"N (12,2)",Cuidados personales,"en D001 a D026, H132 más la suma de","Gasto en cuidados personales. D001 a D026, H132.",,doc_2022.pdf p.202
2022,concentradohogar,cuidados,"N (12,2)",Cuidados de la casa,en C001 a C024 más la suma de,C001 a C024. cuidados de la casa.,,doc_2022.pdf p.200
2022,concentradohogar,cuota_viv,"N (12,2)",Cuota por vivienda,Suma de erogaciones.ero_tri cuando la clave está en,Cuota pagada por la vivienda propia.,,doc_2022.pdf p.204
2022,concentradohogar,deposito,"N (12,2) Suma de erogaciones.ero_tri cuando la clave está en",Depósito de ahorro,Q001 más la suma de gastoshogar.gasto_tri cuando,"de ahorro, etcétera. Q001.",,doc_2022.pdf p.204
2022,concentradohogar,deudas,"N (12,2) Suma de erogaciones.ero_tri cuando la clave está en",Pago de deudas,Q004 más la suma de gastoshogar.gasto_tri cuando,empresa donde trabajan y/o a otras personas o Q004. instituciones.,,doc_2022.pdf p.204
2022,concentradohogar,donativos,"N (12,2)",Donativos,Suma de ingresos.ing_tri cuando la clave es P039 o,instituciones y otros hogares.,,doc_2022.pdf p.197
2022,concentradohogar,edad_jefe,N (2),Edad del jefe del hogar,,del jefe del hogar y la fecha de la entrevista.,,doc_2022.pdf p.192
2022,concentradohogar,educa_espa,"N (12,2)",Educación y esparcimiento,,"educativos, artículos de esparcimiento y otros gastos esparcimiento.",,doc_2022.pdf p.202
2022,concentradohogar,educa_jefe,C (2),Educación formal del jefe del hogar,"{01,...,11} educa_jefe = 02 (Si nivelaprob = 1)",Educación formal del jefe del hogar. o ((nivelaprob = 5 o nivelaprob = 6) y antec_esc = 3) educa_jefe = 09 (Si nivelaprob = 7 y gradoaprob < 4) educa_jefe = 10 (Si nivelaprob = 7 y gradoaprob >= 4) o ((nivelaprob = 5 o nivelaprob = 6) y antec_esc = 4) educa_jefe = 11 (Si nivelaprob = 8 o nivelaprob = 9) o ((nivelaprob = 5 o nivelaprob = 6) y antec_esc = 5).,,doc_2022.pdf p.192
2022,concentradohogar,educacion,"N (12,2)",Educación,,"Gasto en artículos y servicios de educación. E001 a E021, H134, H135.",,doc_2022.pdf p.202
2022,concentradohogar,energia,"N (12,2)",Electricidad y combustibles,"en G009 a G016, R001, R003 más la suma de","Gasto en electricidad y combustibles. G009 a G016, R001, R003.",,doc_2022.pdf p.200
2022,concentradohogar,enseres,"N (12,2)",Enseres domésticos,en K001 a K037 más la suma de,Gasto en enseres domésticos. K001 a K037. nóicpircseD .2202 y,,doc_2022.pdf p.200
2022,concentradohogar,ero_nm_hog,"N (12,2)",Transferencias no regulares,Suma de gastoshogar.gas_nm_tri cuando tipo_gasto,provenientes de otros hogares.,,doc_2022.pdf p.203
2022,concentradohogar,ero_nm_viv,"N (12,2) Suma de gastoshogar.gas_nm_tri cuando tipo_gasto",Erogaciones patrimoniales,"está en G5, G6 y clave está en Q001 a Q016, K038 a","vivienda propia. a Q016, K038 a K045.",,doc_2022.pdf p.203
2022,concentradohogar,erogac_tot,"N (12,2)",Erogaciones totales,,financieras y de capital monetarias y no monetarias que realizan los integrantes del hogar en un lapso determinado. nóicpircseD .2202 y,,doc_2022.pdf p.203
2022,concentradohogar,esparci,"N (12,2) Suma de gastoshogar.gasto_tri cuando la clave está",Esparcimiento,"en E022 a E034, L001 a L029, R009 más la suma de","Gasto en artículos y servicios de esparcimiento. E022 a E034, L001 a L029, R009.",,doc_2022.pdf p.202
2022,concentradohogar,especias,"N (12,2)",Especias y aderezos,en A183 a A194 mas la suma de,Gasto en especias y aderezos. A183 a A194,,doc_2022.pdf p.199
2022,concentradohogar,est_dis,C (3),Estrato de diseño muestral,,upms de acuerdo con su estrato geográfico (entidad-ámbito-zona).,,doc_2022.pdf p.191
2022,concentradohogar,est_socio,C (1),Estrato socioeconómico,"{1,...,4}",equipamiento de las mismas expresadas por medio de 24 indicadores construidos con información del Censo de Población y Vivienda 2010. Esta estratificación se realizó por medio de métodos estadísticos multivariados.,,doc_2022.pdf p.190
2022,concentradohogar,estim_alqu,"N (12,2)",Estimación del alquiler,,ubicación. Esta estimación la realiza el propio informante con base en su apreciación del valor de mercado de la renta de su vivienda.,,doc_2022.pdf p.197
2022,concentradohogar,factor,N (5),Factor de expansión,,Factor de expansión.,,doc_2022.pdf p.191
2022,concentradohogar,foliohog,C (1),Identificador del hogar,,5 los hogares adicionales.,,doc_2022.pdf p.190
2022,concentradohogar,folioviv,C (10),Identificador de la vivienda,,"rural, código 6), cuatro dígitos del número consecutivo de la UPM, un dígito de la decena de levantamiento y dos dígitos con un número consecutivo para la vivienda seleccionada.",,doc_2022.pdf p.190
2022,concentradohogar,foraneo,"N (12,2)",Transporte foráneo,en M001 a M006 más la suma de,Gasto en transporte foráneo. M001 a M006.,,doc_2022.pdf p.201
2022,concentradohogar,frutas,"N (12,2)",Frutas,en A147 a A172 mas la suma de,Gasto en frutas. A147 a A172. nóicpircseD .2202 y,,doc_2022.pdf p.198
2022,concentradohogar,gasto_mon,"N (12,2)",Gasto corriente monetario,"La suma de alimentos, vesti_calz, vivienda, limpieza,",directamente hacen los hogares en bienes y servicios para su consumo.,,doc_2022.pdf p.197
2022,concentradohogar,hombres,N (2),Integrantes del hogar hombres,,domésticos y a los familiares de estos ni a los huéspedes.,,doc_2022.pdf p.193
2022,concentradohogar,horas_extr,"N (12,2)",Horas extras,,Remuneraciones por trabajar horas extras.,,doc_2022.pdf p.194
2022,concentradohogar,hospital,"N (12,2)",Atención hospitalaria,,"J001 a J015, J070 a J072. y parto, aparatos ortopédicos, terapéuticos y seguros médicos.",,doc_2022.pdf p.201
2022,concentradohogar,huevo,"N (12,2)",Huevo,en A093 a A094 más la suma de,Gasto en huevo. A093 a A094.,,doc_2022.pdf p.198
2022,concentradohogar,indemtrab,"N (12,2)",Indemnizaciones,Suma de ingresos.ing_tri cuando la clave es P035 o,por despido y retiro voluntario.,,doc_2022.pdf p.194
2022,concentradohogar,industria,"N (12,2)",Negocios industriales,Suma de ingresos.ing_tri cuando la clave es P068 o,Ingresos de negocios industriales.,,doc_2022.pdf p.195
2022,concentradohogar,ing_cor,"N (12,2)",Ingreso corriente,,"provenientes de rentas, de transferencias, de estimación del alquiler y de otros ingresos.",,doc_2022.pdf p.194
2022,concentradohogar,ingtrab,"N (12,2)",Ingreso por trabajo,,"subordinado, como independiente y de otros trabajos.",,doc_2022.pdf p.194
2022,concentradohogar,jubilacion,"N (12,2)",Jubilaciones,Suma de ingresos.ing_tri cuando la clave es P032 o,Jubilaciones y pensiones.,,doc_2022.pdf p.196
2022,concentradohogar,leche,"N (12,2)",Leche y derivados,en A075 a A092 más la suma de,Gasto en leche y sus derivados. A075 a A092.,,doc_2022.pdf p.198
2022,concentradohogar,limpieza,"N (12,2)",Limpieza,,"muebles, cristalería, utensilios domésticos y blancos.",,doc_2022.pdf p.200
2022,concentradohogar,mantenim,"N (12,2)",Mantenimiento de vehículos,,"mantenimiento, combustibles y servicio para vehículos. nóicpircseD .2202 y",,doc_2022.pdf p.201
2022,concentradohogar,mater_serv,"N (12,2)",Servicios y materiales,,mantenimiento y/o ampliación de la vivienda.,,doc_2022.pdf p.204
2022,concentradohogar,material,"N (12,2)",Materiales,"en K038, K040, K042, K044 más la suma de","K038, K040, K042, K044. ampliación de la vivienda",,doc_2022.pdf p.204
2022,concentradohogar,mayores,N (2),Integrantes mayores,Contar a las personas de la tabla Poblacion donde,de edad.,,doc_2022.pdf p.193
2022,concentradohogar,medicinas,"N (12,2)",Medicamentos sin receta,en J044 a J069 más la suma de,Gasto en medicamentos sin receta. J044 a J069.,,doc_2022.pdf p.201
2022,concentradohogar,menores,N (2),Integrantes menores,Contar a las personas de la tabla Poblacion donde,años de edad.,,doc_2022.pdf p.193
2022,concentradohogar,mujeres,N (2),Integrantes del hogar mujeres,,domésticos y a los familiares de estos ni a los huéspedes.,,doc_2022.pdf p.193
2022,concentradohogar,negocio,"N (12,2)",Ingresos independiente,,"regularmente por su desempeño como trabajadores independientes en su trabajo principal o, si es el caso, en su trabajo secundario.",,doc_2022.pdf p.195
2022,concentradohogar,noagrop,"N (12,2)",Negocios no agropecuarios,,Ingresos de negocios no agropecuarios.,,doc_2022.pdf p.195
2022,concentradohogar,ocupados,N (2),Número de ocupados,,más años de edad.,,doc_2022.pdf p.193
2022,concentradohogar,otra_rem,"N (12,2)",Otras remuneraciones,"Suma de ingresos.ing_tri cuando la clave es P005,",Otras remuneraciones monetarias. nóicpircseD .2202 y,,doc_2022.pdf p.194
2022,concentradohogar,otras_erog,"N (12,2) Suma de erogaciones.ero_tri cuando la clave está en",Otras erogaciones,gastoshogar.gasto_tri cuando la clave está en Q005,"Otras erogaciones financieras y de capital. gastospersona.gasto_tri cuando la clave está en Q005 a Q013, Q015 a Q016.",,doc_2022.pdf p.205
2022,concentradohogar,otras_perc,"N (12,2)",Otras percepciones,Suma de ingresos.ing_tri cuando la clave está en,Otras percepciones financieras y de capital.,,doc_2022.pdf p.203
2022,concentradohogar,otro_alim,"N (12,2)",Otros alimentos diversos,"en A195 a A214, A242 más la suma de","Gasto en otros alimentos diversos. A195 a A214, A242.",,doc_2022.pdf p.199
2022,concentradohogar,otros_gas,"N (12,2)",Otros gastos diversos,"en N001 a N002, N005 a N010, R012, R013 más la","Otros gastos diversos. está en N001 a N002, N005 a N010, R012, R013.",,doc_2022.pdf p.203
2022,concentradohogar,otros_ing,"N (12,2)",Otros ingresos corrientes,"{1,2}",Otros ingresos corrientes.,,doc_2022.pdf p.197
2022,concentradohogar,otros_trab,"N (12,2)",Otros ingresos por trabajo,Suma de ingresos.ing_tri cuando la clave es P021 o,Otros ingresos provenientes del trabajo.,,doc_2022.pdf p.196
2022,concentradohogar,p12_64,N (2),Integrantes de 12 a 64 años,Contar a las personas de la tabla Poblacion donde,12 y los 64 años.,,doc_2022.pdf p.193
2022,concentradohogar,p65mas,N (2),Integrantes de 65 años y más,Contar a las personas de la tabla Poblacion donde,de edad.,,doc_2022.pdf p.193
2022,concentradohogar,pago_tarje,"N (12,2) Suma de erogaciones.ero_tri cuando la clave está en",Pago por tarjeta de crédito,Q003 más la suma de gastoshogar.gasto_tri cuando,comercial. Q003.,,doc_2022.pdf p.204
2022,concentradohogar,paq_turist,"N (12,2)",Paquetes turísticos,en N003 a N004 más la suma de,N003 a N004. hospedaje y alojamiento.,,doc_2022.pdf p.202
2022,concentradohogar,pecuarios,"N (12,2)",Negocios pecuarios,Suma de ingresos.ing_tri cuando la clave es P072 o,Ingresos de negocios pecuarios. nóicpircseD .2202 y,,doc_2022.pdf p.195
2022,concentradohogar,perc_ocupa,N (2) Contar a las personas que reportan ingreso en,Perceptores de ingreso ocupados,"cualquiera de las claves P001-P009, P011-P016,",corriente monetario y tienen trabajo. = 1 o 2 nóicpircseD .2202 y,,doc_2022.pdf p.193
2022,concentradohogar,percep_ing,N (2),Perceptores de ingreso,,P101-P108 en Ingresos. corriente monetario.,,doc_2022.pdf p.193
2022,concentradohogar,percep_tot,"N (12,2)",Percepciones totales,,que reciben los integrantes del hogar que se derivan de movimientos en el valor de sus activos.,,doc_2022.pdf p.203
2022,concentradohogar,personales,"N (12,2)",Personales,,personales y otros gastos diversos.,,doc_2022.pdf p.202
2022,concentradohogar,pesca,"N (12,2)",Negocios de pesca,Suma de ingresos.ing_tri cuando la clave es P074 o,de animales.,,doc_2022.pdf p.196
2022,concentradohogar,pescado,"N (12,2)",Pescados y mariscos,en A066 a A074 más la suma de,Gasto en pescados y mariscos. A066 a A074.,,doc_2022.pdf p.198
2022,concentradohogar,pred_cons,"N (12,2)",Predial y cuotas,"en G005 a G008, R004 más la suma de","G005 a G008, R004. servicio de conservación.",,doc_2022.pdf p.200
2022,concentradohogar,prest_terc,"N (12,2) Suma de erogaciones.ero_tri cuando la clave está en",Préstamos a terceros,Q002 más la suma de gastoshogar.gasto_tri cuando,Préstamos a terceros. Q002.,,doc_2022.pdf p.204
2022,concentradohogar,prestamos,"N (12,2)",Préstamos,Suma de ingresos.ing_tri cuando la clave está en,hogar o instituciones.,,doc_2022.pdf p.203
2022,concentradohogar,publico,"N (12,2)",Transporte público,en B001 a B007 más la suma de,Gasto en transporte público. B001 a B007.,,doc_2022.pdf p.201
2022,concentradohogar,refaccion,"N (12,2)",Refacciones para vehículos,en M012 a M018 más la suma de,M012 a M018. para vehículos de uso particular.,,doc_2022.pdf p.202
2022,concentradohogar,remesas,"N (12,2)",Remesas,,Ingresos provenientes de otros países.,,doc_2022.pdf p.197
2022,concentradohogar,remu_espec,"N (12,2)",Remuneraciones en especie,,productos y/o servicios de consumo final y privado que reciben los trabajadores subordinados como remuneración.,,doc_2022.pdf p.195
2022,concentradohogar,rentas,"N (12,2)",Renta de la propiedad,,derivados de la posesión de activos financieros o tangibles que han puesto a disposición de otras unidades institucionales.,,doc_2022.pdf p.196
2022,concentradohogar,reproducc,"N (12,2)",Negocios de recolección,Suma de ingresos.ing_tri cuando la clave es P073 o,reforestación y tala de árboles.,,doc_2022.pdf p.196
2022,concentradohogar,retiro_inv,"N (12,2)",Retiro de inversiones,Suma de ingresos.ing_tri cuando la clave está en,"ahorro, etcétera.",,doc_2022.pdf p.203
2022,concentradohogar,salud,"N (12,2)",Cuidados de la salud,,Gasto en cuidados de la salud.,,doc_2022.pdf p.201
2022,concentradohogar,servicio,"N (12,2)",Servicios de reparación,"en K039, K041, K043, K045 más la suma de","K039, K041, K043, K045. mantenimiento y/o ampliación de la vivienda.",,doc_2022.pdf p.204
2022,concentradohogar,servicios,"N (12,2)",Negocios de servicios,Suma de ingresos.ing_tri cuando la clave es P070 o,Ingresos de negocios de servicios.,,doc_2022.pdf p.195
2022,concentradohogar,sexo_jefe,C (1),Sexo del jefe del hogar,"{1,2}",hogar en hombre o mujer.,,doc_2022.pdf p.192
2022,concentradohogar,smg,"N (6,2)",Salario mínimo general,Construcción Para todos los registros smg= 15558.30,Salario mínimo general trimestralizado. nóicpircseD .2202 y,,doc_2022.pdf p.205
2022,concentradohogar,sueldos,"N (12,2)",Sueldos,"Suma de ingresos.ing_tri cuando la clave es P001,","Remuneraciones por sueldos, salarios y jornal.",,doc_2022.pdf p.194
2022,concentradohogar,tabaco,"N (12,2)",Tabaco,en A239 a A241 mas la suma de,Gasto en tabaco. A239 a A241.,,doc_2022.pdf p.199
2022,concentradohogar,tam_loc,C (1),Tamaño de localidad,"{1,...,4}",habitantes.,,doc_2022.pdf p.190
2022,concentradohogar,tot_integ,N (2),Número de integrantes del hogar,,domésticos y a los familiares de estos ni a los huéspedes. nóicpircseD .2202 y,,doc_2022.pdf p.192
2022,concentradohogar,trabajo,"N (12,2)",Ingreso por trabajo subordinado,,"las comisiones, aguinaldo, indemnizaciones del trabajo y remuneraciones en especie.",,doc_2022.pdf p.194
2022,concentradohogar,trans_inst,"N (12,2)",Transferencias de instituciones,Suma de gastoshogar.gas_nm_tri cuando tipo_gasto,públicas o privadas otorgan a ciertos sectores de la población.,,doc_2022.pdf p.197
2022,concentradohogar,transf_gas,"N (12,2)",Transferencias de gasto,"en N011 a N016, T901 a T915 más la suma de","Transferencias de gasto. N011 a N016, T901 a T915.",,doc_2022.pdf p.203
2022,concentradohogar,transf_hog,"N (12,2)",Transferencias de hogares,Suma de gastoshogar.gas_nm_tri cuando tipo_gasto,hogares.,,doc_2022.pdf p.197
2022,concentradohogar,transfer,"N (12,2)",Transferencias,,hogar y por las cuales el proveedor o donante no demanda retribución de ninguna naturaleza.,,doc_2022.pdf p.196
2022,concentradohogar,transporte,"N (12,2)",Transporte,"La suma de publico, foraneo, adqui_vehi, mantenim y","mantenimiento, accesorios y servicios para vehículos; comunicaciones.",,doc_2022.pdf p.201
2022,concentradohogar,tuberculo,"N (12,2)",Tubérculos,en A101 a A106 más la suma de,Gasto en tubérculos. A101 a A106.,,doc_2022.pdf p.198
2022,concentradohogar,ubica_geo,C (5),Ubicación geográfica,,"municipio. Estas corresponden al Catálogo de claves de entidades federativas, municipios y localidades, que está disponible en el sitio del",,doc_2022.pdf p.190
2022,concentradohogar,upm,C (7),Unidad primaria de muestreo,,"seleccionadas en la primera etapa del muestreo y corresponden a áreas geográficas con límites identificables en el terreno que agrupan un conjunto de viviendas, cuyo número depende del tamaño de las localidades.",,doc_2022.pdf p.191
2022,concentradohogar,utensilios,"N (12,2)",Utensilios domésticos,en I001 a I026 más la suma de,a I026. domésticos.,,doc_2022.pdf p.200
2022,concentradohogar,utilidad,"N (12,2)",Ingresos de sociedades,,sociedades y empresas que funcionan como sociedades.,,doc_2022.pdf p.196
2022,concentradohogar,verduras,"N (12,2)",Verduras,en A107 a A146 más la suma de,A107 a A146. semillas.,,doc_2022.pdf p.198
2022,concentradohogar,vesti_calz,"N (12,2)",Vestido y calzado,,distingue tanto el sexo de los integrantes del hogar como los diferentes grupos de edad de estos.,,doc_2022.pdf p.199
2022,concentradohogar,vestido,"N (12,2)",Vestido,"en H001 a H083, H136 más la suma de","Gasto en prendas de vestir. H001 a H083, H136. nóicpircseD .2202 y",,doc_2022.pdf p.199
2022,concentradohogar,vivienda,"N (12,2)",Vivienda,,energía eléctrica y combustibles.,,doc_2022.pdf p.200
2022,hogares,acc_alim1,C (1),Preocupación comida se acabe,"{1,2}","Alguna vez por falta de dinero o recursos, se vio En los últimos tres meses, por falta de dinero o en la preocupación que la comida se acabara.",,doc_2022.pdf p.48
2022,hogares,acc_alim10,C (1),Menor con alimentos no sanos,"{1,2}",menor no tuvo alimentación sana y variada.,,doc_2022.pdf p.50
2022,hogares,acc_alim11,C (1),Menor con poca variedad de alimentos,"{1,2}",menor tuvo una alimentación poco variada.,,doc_2022.pdf p.50
2022,hogares,acc_alim12,C (1),Menor comió menos,"{1,2}","Alguna vez por falta de dinero o recursos algún En los últimos tres meses, por falta de dinero o menor tuvo una reducida alimentación.",,doc_2022.pdf p.51
2022,hogares,acc_alim13,C (1),Disminuyó comida para menor,"{1,2}",menor recibió menos cantidad de alimentos.,,doc_2022.pdf p.51
2022,hogares,acc_alim14,C (1),Menor sintió hambre y no comió,"{1,2}","Alguna vez por falta de dinero o recursos algún En los últimos tres meses, por falta de dinero o menor sintió hambre pero no comió.",,doc_2022.pdf p.51
2022,hogares,acc_alim15,C (1),Menor se acostó con hambre,"{1,2}","Alguna vez por falta de dinero o recursos algún En los últimos tres meses, por falta de dinero o menor se acostó con hambre.",,doc_2022.pdf p.51
2022,hogares,acc_alim16,C (1),Menor con una o menos comidas,"{1,2}",menor dejó de comer todo un día.,,doc_2022.pdf p.51
2022,hogares,acc_alim18,C (1),Relación con el consumo regular,"{1,...,3}",Relación del consumo regular de alimentos con ¿Considera usted que el consumo que reportó fue lo reportado durante la semana de entrevista.,,doc_2022.pdf p.53
2022,hogares,acc_alim2,C (1),Sin comida,"{1,2}",quedaron sin comida.,,doc_2022.pdf p.49
2022,hogares,acc_alim3,C (1),Poca variedad de alimentos,"{1,2}","Alguna vez por falta de dinero o recursos no En los últimos tres meses, ¿alguna vez se quedaron obtuvieron una alimentación sana y variada.",,doc_2022.pdf p.49
2022,hogares,acc_alim4,C (1),Adulto poca variedad de alimentos,"{1,2}",adulto no obtuvo una alimentación sana y recursos ¿alguna vez usted o algún adulto en su variada.,,doc_2022.pdf p.49
2022,hogares,acc_alim5,C (1),Dejó algún alimento,"{1,2}","Alguna vez por falta de dinero o recursos algún En los últimos tres meses, por falta de dinero o adulto no tuvo desayuno, comida o cena.",,doc_2022.pdf p.49
2022,hogares,acc_alim6,C (1),Comió menos,"{1,2}",adulto comió menos de lo pensado.,,doc_2022.pdf p.49
2022,hogares,acc_alim7,C (1),Sintió hambre y no comió,"{1,2}","Alguna vez por falta de dinero o recursos algún En los últimos tres meses, por falta de dinero o adulto sintió hambre pero no comió.",,doc_2022.pdf p.50
2022,hogares,acc_alim8,C (1),Una o menos comidas,"{1,2}",adulto comió solo una vez o dejó de comer un recursos ¿alguna vez usted o algún adulto en su día.,,doc_2022.pdf p.50
2022,hogares,acc_alim9,C (1),Mendigar por comida,"{1,2}",adulto tuvo que mendigar o mandar a niños a recursos ¿alguna vez tuvieron que hacer algo que trabajar.,,doc_2022.pdf p.50
2022,hogares,alim17_1,N (1),Número de días que comieron cereales,Sección y/o apartado Sección IV,"hechos de maíz, trigo, arroz, avena, salvado, pan (blanco, integral, de caja, rústico, dulce), etcétera, durante la última semana.",,doc_2022.pdf p.52
2022,hogares,alim17_10,N (1),Número de días que comieron aceites,Sección y/o apartado Sección IV,"durante la última semana. comieron cualquier tipo de aceite (soya, cártamo,",,doc_2022.pdf p.53
2022,hogares,alim17_11,N (1),Número de días que comieron azúcar,Sección y/o apartado Sección IV,"Número de días que comieron azúcar o mieles comieron azúcar o miel (de abeja o maple), jarabe de durante la última semana.",,doc_2022.pdf p.53
2022,hogares,alim17_12,N (1),Número de días que comieron otros alimentos,Sección y/o apartado Sección IV,"como condimentos, café, té durante la última Durante los últimos siete días, ¿cuántos días semana.",,doc_2022.pdf p.53
2022,hogares,alim17_2,N (1),Número de días que comieron tubérculos,Sección y/o apartado Sección IV,"provenientes de raíces o tubérculos, durante la Durante los últimos siete días, ¿cuántos días última semana.",,doc_2022.pdf p.52
2022,hogares,alim17_3,N (1),Número de días que comieron verduras,Sección y/o apartado Sección IV,"Número de días que comieron verduras durante Durante los últimos siete días, ¿cuántos días la última semana.",,doc_2022.pdf p.52
2022,hogares,alim17_4,N (1),Número de días que comieron frutas,Sección y/o apartado Sección IV,"Número de días que comieron frutas durante la Durante los últimos siete días, ¿cuántos días última semana.",,doc_2022.pdf p.52
2022,hogares,alim17_5,N (1),Número de días que comieron carne,Sección y/o apartado Sección IV,última semana.,,doc_2022.pdf p.52
2022,hogares,alim17_6,N (1),Número de días que comieron huevo,Sección y/o apartado Sección IV,"Durante los últimos siete días, ¿cuántos días última semana.",,doc_2022.pdf p.52
2022,hogares,alim17_7,N (1),Número de días que comieron pescado,Sección y/o apartado Sección IV,"Número de días que comieron pescado o Durante los últimos siete días, ¿cuántos días mariscos durante la última semana.",,doc_2022.pdf p.52
2022,hogares,alim17_8,N (1),Número de días que comieron leguminosas,Sección y/o apartado Sección IV,"Número de días que comieron leguminosas o comieron alimentos a base de frijoles, lentejas, semillas durante la última semana.",,doc_2022.pdf p.53
2022,hogares,alim17_9,N (1),Número de días que comieron lácteos,Sección y/o apartado Sección IV,"Número de días que comieron productos Durante los últimos siete días, ¿cuántos días lácteos durante la última semana.",,doc_2022.pdf p.53
2022,hogares,anio_aspir,C (2),Año de la última aspiradora adquirida,"{00,...,23,50,...,99}",Año de adquisición de la última aspiradora.,,doc_2022.pdf p.61
2022,hogares,anio_auto,C (2),Año del último automóvil adquirido,"{00,...,23,50,...,99}",Año de adquisición del último automóvil.,,doc_2022.pdf p.54
2022,hogares,anio_bici,C (2),Año de la última bicicleta adquirida,"{00,...,23,50,...,99}",Año de adquisición de la última bicicleta. ¿En qué año adquirió su última bicicleta que se,,doc_2022.pdf p.55
2022,hogares,anio_canoa,C (2),Año de la última canoa adquirida,"{00,...,23,50,...,99}",trajinera u otros vehículos para navegar.,,doc_2022.pdf p.56
2022,hogares,anio_carret,C (2),Año de la última carreta adquirida,"{00,...,23,50,...,99}","Año de adquisición de la última carreta. ¿En qué año adquirió su última carreta, calandria u",,doc_2022.pdf p.56
2022,hogares,anio_compu,C (2),Año de la última computadora adquirida,"{00,...,23,50,...,99}",Año de adquisición de la última computadora.,,doc_2022.pdf p.61
2022,hogares,anio_dvd,C (2),Año del último dvd adquirido,"{00,...,23,50,...,99}",(reproductor de discos de video).,,doc_2022.pdf p.58
2022,hogares,anio_ester,C (2),Año del último estéreo adquirido,"{00,...,23,50,...,99}",minicomponente.,,doc_2022.pdf p.57
2022,hogares,anio_estuf,C (2),Año de la última estufa adquirida,"{00,...,23,50,...,99}",eléctrica.,,doc_2022.pdf p.59
2022,hogares,anio_grab,C (2),Año de la última radiograbadora adquirida,"{00,...,23,50,...,99}",Año de adquisición de la última grabadora.,,doc_2022.pdf p.57
2022,hogares,anio_impre,C (2),Año de la última impresora adquirida,"{00,...,23,50,...,99}",Año de adquisición de la última impresora.,,doc_2022.pdf p.61
2022,hogares,anio_juego,C (2),Año del último videojuego adquirido,"{00,...,23,50,...,99}","Año de adquisición del último videojuego. ¿En qué año adquirió su último videojuegos: Wii,",,doc_2022.pdf p.61
2022,hogares,anio_lavad,C (2),Año de la última lavadora adquirida,"{00,...,23,50,...,99}",Año de adquisición de la última lavadora.,,doc_2022.pdf p.60
2022,hogares,anio_licua,C (2),Año de la última licuadora adquirida,"{00,...,23,50,...,99}",Año de adquisición de la última licuadora.,,doc_2022.pdf p.58
2022,hogares,anio_maqui,C (2),Año de la última máquina de coser adquirida,"{00,...,23,50,...,99}",coser.,,doc_2022.pdf p.60
2022,hogares,anio_micro,C (2),Año del último horno adquirido,"{00,...,23,50,...,99}",microondas.,,doc_2022.pdf p.59
2022,hogares,anio_moto,C (2),Año de la última moto adquirida,"{00,...,23,50,...,99}",motoneta.,,doc_2022.pdf p.55
2022,hogares,anio_otro,C (2),Año del último vehículo adquirido,"{00,...,23,50,...,99}",tipo.,,doc_2022.pdf p.56
2022,hogares,anio_pickup,C (2),Año de la última pickup adquirida,"{00,...,23,50,...,99}",caja.,,doc_2022.pdf p.55
2022,hogares,anio_planc,C (2),Año de la última plancha adquirida,"{00,...,23,50,...,99}",eléctrica.,,doc_2022.pdf p.60
2022,hogares,anio_radio,C (2),Año del último radio adquirido,"{00,...,23,50,...,99}",Año de adquisición del último radio.,,doc_2022.pdf p.57
2022,hogares,anio_refri,C (2),Año del último refrigerador adquirido,"{00,...,23,50,...,99}",Año de adquisición del último refrigerador.,,doc_2022.pdf p.59
2022,hogares,anio_tosta,C (2),Año del último tostador adquirido,"{00,...,23,50,...,99}",Año de adquisición del último tostador eléctrico.,,doc_2022.pdf p.59
2022,hogares,anio_trici,C (2),Año del último triciclo adquirido,"{00,...,23,50,...,99}",Año de adquisición del último triciclo. ¿En qué año adquirió su último triciclo de carga,,doc_2022.pdf p.56
2022,hogares,anio_tva,C (2),Año del último televisor analógico adquirido,"{00,...,23,50,...,99}",analógico.,,doc_2022.pdf p.57
2022,hogares,anio_tvd,C (2),Año del último televisor digital adquirido,"{00,...,23,50,...,99}",Año de adquisición del último televisor digital.,,doc_2022.pdf p.58
2022,hogares,anio_van,C (2),Año de la última camioneta adquirida,"{00,...,23,50,...,99}",cerrada o con cabina.,,doc_2022.pdf p.55
2022,hogares,anio_venti,C (2),Año del último ventilador adquirido,"{00,...,23,50,...,99}",Año de adquisición del último ventilador.,,doc_2022.pdf p.60
2022,hogares,anio_video,C (2),Año de la última videocasetera adquirida,"{00,...,23,50,...,99}",Año de adquisición de la última videocasetera.,,doc_2022.pdf p.58
2022,hogares,autocons,C (1),Autoconsumo,"{1,2}","obtuvo de un negocio que es de su propiedad, durante la semana de referencia.",,doc_2022.pdf p.65
2022,hogares,bene_licon,C (1),Beneficiario Liconsa,"{1,2}","Beneficiario en el hogar del Programa de Actualmente, ¿usted o algún integrante del hogar es Abasto Social de Leche (Liconsa).",,doc_2022.pdf p.67
2022,hogares,celular,C (1),Teléfono celular,"{1,2}",móvil aunque sea un solo integrante del hogar.,,doc_2022.pdf p.54
2022,hogares,cond_dicon,C (1),Venta condicionada,"{1,2}",Venta condicionada en tienda Diconsa. ¿Les condicionan la venta de artículos alimentarios,,doc_2022.pdf p.68
2022,hogares,cond_licon,C (1),Otorgamiento condicionado,"{1,2}",Compra condicionada por Liconsa. ¿Les condicionan el otorgamiento de leche Liconsa,,doc_2022.pdf p.67
2022,hogares,conex_inte,C (1),Dispone de conexión a internet,"{1,2}",Hogares que cuentan con el servicio de internet.,,doc_2022.pdf p.54
2022,hogares,consumo,C (1),Consumo,"{1,2}","el desayuno, la comida o la cena o para la cada ... ¿las realizó en alguno de los días en los que despensa, en alguno de los días de la semana",,doc_2022.pdf p.64
2022,hogares,diconsa,C (1),Tienda Diconsa en la localidad,"{1,...,3}",Tienda de Diconsa en la colonia o localidad.,,doc_2022.pdf p.68
2022,hogares,embarazo_g,C (1),Servicios médicos parto,"{1,2}","profesionales o no, así como los medicamentos recetados, análisis clínicos, etcétera.",,doc_2022.pdf p.66
2022,hogares,entidad,C (2),Entidad federativa,Catálogo de Entidades Federativas,"entidades federativas, municipios y localidades, que está disponible en el sitio del",Catálogo de Entidades Federativas,doc_2022.pdf p.69
2022,hogares,er_aparato,C (1),Radio mediante aparato físico,{1},Medio por el cual se escucha la radio.,,doc_2022.pdf p.62
2022,hogares,er_aplicac,C (1),Radio mediante aplicación,{4},Medio por el cual se escucha la radio.,,doc_2022.pdf p.62
2022,hogares,er_celular,C (1),Radio mediante teléfono celular,{2},Medio por el cual se escucha la radio.,,doc_2022.pdf p.62
2022,hogares,er_compu,C (1),Radio mediante computadora,{3},Medio por el cual se escucha la radio.,,doc_2022.pdf p.62
2022,hogares,er_otro,C (1),Radio por otro medio,{6},Medio por el cual se escucha la radio.,,doc_2022.pdf p.62
2022,hogares,er_tv,C (1),Radio mediante televisión,{5},Medio por el cual se escucha la radio.,,doc_2022.pdf p.62
2022,hogares,esc_radio,C (1),Escuchan la radio,"{1,2}",En su hogar escuchan la radio.,,doc_2022.pdf p.61
2022,hogares,est_alim,N (9),Estimación de gastos en alimentos,Sección y/o apartado bebidas consumidas dentro y fuera de la casa y,bebidas y tabaco consumidos dentro y fuera de casa.,,doc_2022.pdf p.67
2022,hogares,est_dis,C (3),Estrato de diseño muestral,Sección y/o apartado,upms de acuerdo con su estrato geográfico,,doc_2022.pdf p.69
2022,hogares,est_trans,N (9),Estimación en gastos de transporte,Sección y/o apartado Estimación del gasto mensual en transporte público,público.,,doc_2022.pdf p.67
2022,hogares,factor,N (5),Factor de expansión,Sección y/o apartado,Factor de expansión.,,doc_2022.pdf p.69
2022,hogares,foliohog,C (1),Identificador del hogar,Sección y/o apartado,5 los hogares adicionales.,,doc_2022.pdf p.48
2022,hogares,folioviv,C (10),Identificador de la vivienda,Sección y/o apartado,"rural, código 6), cuatro dígitos del número consecutivo de la UPM, un dígito de la decena de levantamiento y dos dígitos con un número",,doc_2022.pdf p.48
2022,hogares,frec_dicon,C(1),Frecuencia de compra en Diconsa,"{1,...,3}",Frecuencia de compra en tienda Diconsa. ¿Con qué frecuencia usted o algún integrante del,,doc_2022.pdf p.68
2022,hogares,habito_1,C (1),Cada mes,{1},Frecuencia con la que realiza las compras de ¿Cada cuándo realizan las compras en alimentos y alimentos y bebidas.,,doc_2022.pdf p.63
2022,hogares,habito_2,C (1),Cada 15 días,{2},Frecuencia con la que realiza las compras de ¿Cada cuándo realizan las compras en alimentos y alimentos y bebidas.,,doc_2022.pdf p.63
2022,hogares,habito_3,C (1),Cada 8 días,{3},Frecuencia con la que realiza las compras de ¿Cada cuándo realizan las compras en alimentos y alimentos y bebidas.,,doc_2022.pdf p.63
2022,hogares,habito_4,C (1),Cada tercer día,{4},Frecuencia con la que realiza las compras de ¿Cada cuándo realizan las compras en alimentos y alimentos y bebidas.,,doc_2022.pdf p.64
2022,hogares,habito_5,C (1),Diariamente,{5},Frecuencia con la que realiza las compras de ¿Cada cuándo realizan las compras en alimentos y alimentos y bebidas.,,doc_2022.pdf p.64
2022,hogares,habito_6,C (1),Otros,{6},Algún otro intervalo de frecuencia con que haga ¿Cada cuándo realizan las compras en alimentos y las compras.,,doc_2022.pdf p.64
2022,hogares,huesp_come,N (1),Huéspedes que pagan por comer,Sección y/o apartado Sección II,Personas que pagan para comer en el hogar. ¿De esa o esas personas cuántas de ellas también,,doc_2022.pdf p.48
2022,hogares,huespedes,N (1),Huéspedes que pagan por dormir,Sección y/o apartado Sección II,dormir.,,doc_2022.pdf p.48
2022,hogares,lts_licon,C (1),Litros de leche Liconsa,"{1,...,7}",compra a la semana.,,doc_2022.pdf p.68
2022,hogares,negcua,C (1),Negocio del hogar,"{1,2}","negocio que se de dedique a procesar, vender o propiedad del hogar que se dedique a elaborar, prestar un servicio.",,doc_2022.pdf p.67
2022,hogares,nr_viv,C (2),Número de renglón de vivienda,Sección y/o apartado 1.5 Viviendas y Servicios de Conservación,una cuota por la vivienda como prestación en el Asignar el número de renglón que corresponda trabajo.,,doc_2022.pdf p.64
2022,hogares,num_aspir,N (2),Número de aspiradoras del hogar,Sección y/o apartado Sección V,hogar.,,doc_2022.pdf p.60
2022,hogares,num_auto,N (2),Número de automóviles del hogar,Sección y/o apartado Sección V,hogar.,,doc_2022.pdf p.54
2022,hogares,num_bici,N (2),Número de bicicletas del hogar,Sección y/o apartado Sección V,medio de transporte en el hogar.,,doc_2022.pdf p.55
2022,hogares,num_canoa,N (2),Número de canoas del hogar,Sección y/o apartado Sección V,vehículos para navegar con los que cuenta el hogar.,,doc_2022.pdf p.56
2022,hogares,num_carret,N (2),Número de carretas del hogar,Sección y/o apartado Sección V,vehículos de tracción animal con los que cuenta el hogar.,,doc_2022.pdf p.56
2022,hogares,num_compu,N (2),Número de computadoras del hogar,Sección y/o apartado Sección V,hogar.,,doc_2022.pdf p.61
2022,hogares,num_dvd,N (2),Número de dvds del hogar,Sección y/o apartado Sección V,discos de video) con los que cuenta el hogar.,,doc_2022.pdf p.58
2022,hogares,num_ester,N (2),Número de estéreos del hogar,Sección y/o apartado Sección V,minicomponentes con los que cuenta el hogar.,,doc_2022.pdf p.56
2022,hogares,num_estuf,N (2),Número de estufas del hogar,Sección y/o apartado Sección V,que cuenta el hogar.,,doc_2022.pdf p.59
2022,hogares,num_grab,N (2),Número de radiograbadoras del hogar,Sección y/o apartado Sección V,hogar.,,doc_2022.pdf p.57
2022,hogares,num_impre,N (2),Número de impresoras del hogar,Sección y/o apartado Sección V,hogar.,,doc_2022.pdf p.61
2022,hogares,num_juego,N (2),Número de videojuegos del hogar,Sección y/o apartado Sección V,otros) con los que cuenta el hogar.,,doc_2022.pdf p.61
2022,hogares,num_lavad,N (2),Número de lavadoras del hogar,Sección y/o apartado Sección V,hogar.,,doc_2022.pdf p.59
2022,hogares,num_licua,N (2),Número de licuadoras del hogar,Sección y/o apartado Sección V,hogar.,,doc_2022.pdf p.58
2022,hogares,num_maqui,N (2),Número de máquinas de coser del hogar,Sección y/o apartado Sección V,cuenta el hogar.,,doc_2022.pdf p.60
2022,hogares,num_micro,N (2),Número de hornos de microondas del hogar,Sección y/o apartado Sección V,cuenta el hogar.,,doc_2022.pdf p.59
2022,hogares,num_moto,N (2),Número de motos del hogar,Sección y/o apartado Sección V,que cuenta el hogar.,,doc_2022.pdf p.55
2022,hogares,num_otro,N (2),Número de otros vehículos del hogar,Sección y/o apartado Sección V,cuenta el hogar.,,doc_2022.pdf p.56
2022,hogares,num_pickup,N (2),Número de pickups del hogar,Sección y/o apartado Sección V,cuenta el hogar.,,doc_2022.pdf p.55
2022,hogares,num_planc,N (2),Número de planchas del hogar,Sección y/o apartado Sección V,cuenta el hogar.,,doc_2022.pdf p.60
2022,hogares,num_radio,N (2),Número de radios del hogar,Sección y/o apartado Sección V,Número de radios con los que cuenta el hogar.,,doc_2022.pdf p.57
2022,hogares,num_refri,N (2),Número de refrigeradores del hogar,Sección y/o apartado Sección V,hogar.,,doc_2022.pdf p.59
2022,hogares,num_tosta,N (2),Número de tostadores del hogar,Sección y/o apartado Sección V,hogar.,,doc_2022.pdf p.58
2022,hogares,num_trab_d,N (1),Número de trabajadores domésticos,Sección y/o apartado Sección II,familiares.,,doc_2022.pdf p.48
2022,hogares,num_trici,N (2),Número de triciclos del hogar,Sección y/o apartado Sección V,de transporte en el hogar.,,doc_2022.pdf p.55
2022,hogares,num_tva,N (2),Número de televisores analógicos del hogar,Sección y/o apartado Sección V,cuenta el hogar.,,doc_2022.pdf p.57
2022,hogares,num_tvd,N (2),Número de televisores digitales del hogar,Sección y/o apartado Sección V,cuenta el hogar.,,doc_2022.pdf p.57
2022,hogares,num_van,N (2),Número de camionetas del hogar,Sección y/o apartado Sección V,(van o minivan) con las que cuenta el hogar.,,doc_2022.pdf p.54
2022,hogares,num_venti,N (2),Número de ventiladores del hogar,Sección y/o apartado Sección V,hogar.,,doc_2022.pdf p.60
2022,hogares,num_video,N (2),Número de videocaseteras del hogar,Sección y/o apartado Sección V,el hogar.,,doc_2022.pdf p.58
2022,hogares,otro_pago,N (3),Otro monto de gasto,Sección y/o apartado Programas sociales (Liconsa y Diconsa),Otro pago por alimentos en tienda Diconsa. ¿Cuánto paga usted o algún integrante del hogar por,,doc_2022.pdf p.69
2022,hogares,otros_lts,N (2),Otra cantidad de litros,Sección y/o apartado Programas sociales (Liconsa y Diconsa),compra a la semana.,,doc_2022.pdf p.68
2022,hogares,pago_dicon,C (1),Gasto semanal en Diconsa,"{1,...,5,7}",Diconsa.,,doc_2022.pdf p.69
2022,hogares,pagotarjet,C (1),Pagos con tarjetas,"{1,2}",integrante del hogar para la adquisición de tabaco o alimentos y bebidas consumidos,,doc_2022.pdf p.65
2022,hogares,parto_g,C (1),Gasto en parto,"{1,2}","así como los medicamentos recetados, análisis Durante los meses _______a _________, ¿el hogar clínicos, etcétera.",,doc_2022.pdf p.66
2022,hogares,recib_tvd,C (1),Recibió televisor digital,"{1,2}",Federal.,,doc_2022.pdf p.63
2022,hogares,regalodado,C (1),Regalos a otras personas,"{1,2}",Gasto en regalos a personas ajenas al hogar. ¿Compró algún artículo o pagó algún servicio para,,doc_2022.pdf p.65
2022,hogares,regalos,C (1),Regalos recibidos,"{1,2}","para su consumo final y privado, que fueron recibidos como regalo de personas que",,doc_2022.pdf p.66
2022,hogares,regalotar,C (1),Regalos con tarjeta,"{1,2}",pagado con tarjeta de crédito bancaria o comercial.,,doc_2022.pdf p.65
2022,hogares,remunera,C (1),Remuneraciones,"{1,2}",y servicios de consumo final y privado que reciben los trabajadores subordinados.,,doc_2022.pdf p.66
2022,hogares,tarjeta,C (1),Tarjeta,"{1,2}","monto en dinero (crédito) como una forma de ¿Alguna de las personas que conforman su hogar financiamiento por parte de la institución, que es",,doc_2022.pdf p.64
2022,hogares,telefono,C (1),Línea telefónica fija,"{1,2}",con instalación alámbrica o satelital (antena).,,doc_2022.pdf p.54
2022,hogares,trab_come,N (1),Trabajadores domésticos que comen,Sección y/o apartado Sección II,en este hogar.,,doc_2022.pdf p.48
2022,hogares,transferen,C (1),Transferencias,"{1,2}","puedan disfrutar de ciertos artículos o servicios, esta ayuda consiste en que el organismo absorbe parte o el total del valor del bien o",,doc_2022.pdf p.66
2022,hogares,tsalud1_h,N (2),Horas en llegar al hospital,Sección y/o apartado Sección VI,"transporte que utilizaría, ¿cuánto tiempo cree que hospital en una emergencia.",,doc_2022.pdf p.63
2022,hogares,tsalud1_m,N (2),Minutos en llegar al hospital,Sección y/o apartado Sección VI,hospital en una emergencia.,,doc_2022.pdf p.63
2022,hogares,tv_paga,C (1),Televisión de paga,"{1,2}","televisión por pago, considerando que el servicio está en funcionamiento.",,doc_2022.pdf p.54
2022,hogares,upm,C (7),Unidad Primaria de Muestreo,Sección y/o apartado,seleccionadas en la primera etapa del muestreo y corresponden a áreas geográficas con límites identificables en el terreno que agrupan un,,doc_2022.pdf p.69
2022,ingresos,clave,C (4),Clave de ingreso,Catálogo de ingresos,persona.,catalogo_ingresos,doc_2022.pdf p.120
2022,ingresos,entidad,C (2),Entidad federativa,Catálogo de Entidades Federativas,"entidades federativas, municipios y localidades,",Catálogo de Entidades Federativas,doc_2022.pdf p.124
2022,ingresos,est_dis,C (3),Estrato de diseño muestral,Sección y/o apartado,upms de acuerdo con su estrato geográfico,,doc_2022.pdf p.124
2022,ingresos,factor,N (5),Factor de expansión,Sección y/o apartado,Factor de expansión.,,doc_2022.pdf p.124
2022,ingresos,foliohog,C (1),Identificador del hogar,Sección y/o apartado,5 los hogares adicionales.,,doc_2022.pdf p.120
2022,ingresos,folioviv,C (10),Identificador de la vivienda,Sección y/o apartado,"rural, código 6), cuatro dígitos del número consecutivo de la UPM, un dígito de la decena de levantamiento y dos dígitos con un número",,doc_2022.pdf p.120
2022,ingresos,ing_1,N (9),Ingresos del primer mes,Sección y/o apartado,Ingreso del primer mes pasado a la entrevista.,,doc_2022.pdf p.122
2022,ingresos,ing_2,N (9),Ingresos del segundo mes,,entrevista.,,doc_2022.pdf p.122
2022,ingresos,ing_3,N (9),Ingresos del tercer mes,Sección y/o apartado,Ingreso del tercer mes pasado a la entrevista.,,doc_2022.pdf p.123
2022,ingresos,ing_4,N (9),Ingresos del cuarto mes,Sección y/o apartado,Ingreso del cuarto mes pasado a la entrevista.,,doc_2022.pdf p.123
2022,ingresos,ing_5,N (9),Ingresos del quinto mes,Sección y/o apartado,Ingreso del quinto mes pasado a la entrevista.,,doc_2022.pdf p.123
2022,ingresos,ing_6,N (9),Ingresos del sexto mes,Sección y/o apartado,Ingreso del sexto mes pasado a la entrevista.,,doc_2022.pdf p.123
2022,ingresos,ing_tri,"N (12,2)",Ingreso trimestral,Sección y/o apartado,la decena de levantamiento.,,doc_2022.pdf p.123
2022,ingresos,mes_1,,Primer mes,"{07,…,10}",Primer mes pasado a la entrevista.,,doc_2022.pdf p.120
2022,ingresos,mes_2,C (2),Segundo mes,"{06,…,09}",Segundo mes pasado a la entrevista.,,doc_2022.pdf p.121
2022,ingresos,mes_3,C (2),Tercer mes,"{05,…,08}",Tercer mes pasado a la entrevista.,,doc_2022.pdf p.121
2022,ingresos,mes_4,C (2),Cuarto mes,"{04,…,07}",Cuarto mes pasado a la entrevista.,,doc_2022.pdf p.121
2022,ingresos,mes_5,C (2),Quinto mes,"{03,…,06}",Quinto mes pasado a la entrevista.,,doc_2022.pdf p.122
2022,ingresos,mes_6,C (2),Sexto mes,"{02,…,05}",Sexto mes pasado a la entrevista.,,doc_2022.pdf p.122
2022,ingresos,numren,C (2),Identificador de la persona,Sección y/o apartado Sección III,integrantes del hogar.,,doc_2022.pdf p.120
2022,ingresos,upm,C (7),Unidad Primaria de Muestreo,Sección y/o apartado,seleccionadas en la primera etapa del muestreo y corresponden a áreas geográficas con límites identificables en el terreno que agrupan un,,doc_2022.pdf p.124
2022,poblacion,act_pnea1,C (1),Primera actividad del integrante PNEA,"{1,...,6}",económicamente activas.,,doc_2022.pdf p.105
2022,poblacion,act_pnea2,C (1),Segunda actividad del integrante PNEA,"{2,...,5}",económicamente activas.,,doc_2022.pdf p.105
2022,poblacion,alfabetism,C (1),Alfabetismo,"{1,2}",más años según sepan leer y escribir un recado.,,doc_2022.pdf p.76
2022,poblacion,antec_esc,C (1),Antecedente escolar,"{1,...,5}","Normal), dentro del Sistema Educativo ¿Qué estudios le pidieron a (NOMBRE) para Nacional.",,doc_2022.pdf p.79
2022,poblacion,asis_esc,C (1),Asistencia a la escuela,"{1,2}","establecimiento de enseñanza escolar del Sistema Educativo Nacional (SEN), en cualquier",,doc_2022.pdf p.76
2022,poblacion,atemed,C (1),Afiliación para atención médica,"{1,2}",alguna institución que proporciona atención ¿Está usted afiliado o inscrito para recibir atención médica.,,doc_2022.pdf p.86
2022,poblacion,aten_sal,C (1),Recibió atención médica,"{1,2}",salud que les haya impedido realizar sus actividades diarias.,,doc_2022.pdf p.90
2022,poblacion,c_futuro,C (1),Jóvenes construyendo el futuro,"{1,2}",construyendo el futuro.,,doc_2022.pdf p.105
2022,poblacion,cau_acti,C (1),Causa de discapacidad para realizar actividades diarias,"{1,...,6}",diarias por problemas emocionales o mentales La dificultad de (NOMBRE) para (OPCIÓN EN,,doc_2022.pdf p.75
2022,poblacion,cau_apren,C (1),Causa de discapacidad para aprender,"{1,...,6}","integrante del hogar para aprender, recordar o La dificultad de (NOMBRE) para (OPCIÓN EN concentrarse.",,doc_2022.pdf p.74
2022,poblacion,cau_brazo,C (1),Causa de discapacidad para usar brazos,"{1,...,6}",integrante del hogar para mover o usar brazos o La dificultad de (NOMBRE) para (OPCIÓN EN manos.,,doc_2022.pdf p.74
2022,poblacion,cau_camin,C (1),Causa de discapacidad para caminar,"{1,...,6}","integrante del hogar para caminar, subir o bajar La dificultad de (NOMBRE) para (OPCIÓN EN usando sus piernas.",,doc_2022.pdf p.73
2022,poblacion,cau_habla,C (1),Causa de discapacidad para hablar,"{1,...,6}",integrante del hogar para hablar o comunicarse.,,doc_2022.pdf p.75
2022,poblacion,cau_oir,C (1),Causa de discapacidad para escuchar,"{1,...,6}",integrante de hogar para escuchar (aunque use La dificultad de (NOMBRE) para (OPCIÓN EN aparato auditivo).,,doc_2022.pdf p.74
2022,poblacion,cau_ver,C (1),Causa de discapacidad para ver,"{1,...,6}",integrante del hogar para ver (aunque use La dificultad de (NOMBRE) para (OPCIÓN EN lentes).,,doc_2022.pdf p.73
2022,poblacion,cau_vest,C (1),Causa de discapacidad para vestirse,"{1,...,6}","integrante del hogar para bañarse, vestirse o La dificultad de (NOMBRE) para (OPCIÓN EN comer.",,doc_2022.pdf p.74
2022,poblacion,comprenind,C (1),Comprensión,"{1,2}",lengua indígena.,,doc_2022.pdf p.76
2022,poblacion,conyuge_id,C (2),Número de renglón del cónyuge,"{01,...,50}",del hogar de 12 o más años.,,doc_2022.pdf p.80
2022,poblacion,ct_futuro,C (1),"Jóvenes construyendo el futuro, código de trabajo","{1,…,3,8,9}",ingreso recibido por el programa Jóvenes ¿Declaró el ingreso de este programa Construyendo el Futuro.,,doc_2022.pdf p.105
2022,poblacion,diabetes,C (1),Diabetes,"{1,2}",¿En los últimos doce meses le han tomado alguna médicos preventivos asociados a la diabetes.,,doc_2022.pdf p.102
2022,poblacion,disc_acti,C (1),Discapacidad para realizar actividades diarias,"{1,...,4}","hogar para realizar actividades diarias por Por algún problema de nacimiento o de salud, problemas emocionales o mentales (con ¿cuánta dificultad tiene (NOMBRE) para realizar sus autonomía e independencia).",,doc_2022.pdf p.73
2022,poblacion,disc_apren,C (1),Discapacidad para aprender,"{1,...,4}","hogar para aprender, recordar o concentrarse. Por algún problema de nacimiento o de salud,",,doc_2022.pdf p.72
2022,poblacion,disc_brazo,C (1),Discapacidad para usar brazos,"{1,...,4}","Discapacidad que presenta algún integrante del Por algún problema de nacimiento o de salud, hogar para mover o usar brazos o manos.",,doc_2022.pdf p.72
2022,poblacion,disc_camin,C (1),Discapacidad para caminar,"{1,...,4}","hogar para caminar, subir o bajar usando sus Por algún problema de nacimiento o de salud, piernas.",,doc_2022.pdf p.71
2022,poblacion,disc_habla,C (1),Discapacidad para hablar,"{1,...,4}","Por algún problema de nacimiento o de salud, hogar para hablar o comunicarse.",,doc_2022.pdf p.73
2022,poblacion,disc_oir,C (1),Discapacidad para escuchar,"{1,...,4}","hogar para escuchar (aunque use aparato Por algún problema de nacimiento o de salud, auditivo).",,doc_2022.pdf p.72
2022,poblacion,disc_ver,C (1),Discapacidad para ver,"{1,...,4}",hogar para ver (aunque use lentes).,,doc_2022.pdf p.71
2022,poblacion,disc_vest,C (1),Discapacidad para vestirse,"{1,...,4}","Discapacidad que presenta algún integrante del Por algún problema de nacimiento o de salud, hogar para bañarse, vestirse o comer.",,doc_2022.pdf p.72
2022,poblacion,edad,N (3),Edad,Sección y/o apartado Sección III,de la persona y la fecha de la entrevista.,,doc_2022.pdf p.70
2022,poblacion,edo_conyug,C (1),Situación conyugal,"{1,...,6}",o más años.,,doc_2022.pdf p.80
2022,poblacion,entidad,C (2),Entidad federativa,Catálogo de Entidades Federativas,"entidades federativas, municipios y localidades, que está disponible en el sitio del",Catálogo de Entidades Federativas,doc_2022.pdf p.106
2022,poblacion,est_dis,C (3),Estrato de diseño muestral,Sección y/o apartado,upms de acuerdo con su estrato geográfico (entidad-ámbito-zona).,,doc_2022.pdf p.106
2022,poblacion,etnia,C (1),Autoadscripción étnica,"{1,2}",su cultura se consideran indígenas.,,doc_2022.pdf p.76
2022,poblacion,factor,N (5),Factor de expansión,Sección y/o apartado,Factor de expansión.,,doc_2022.pdf p.106
2022,poblacion,foliohog,C (1),Identificador del hogar,Sección y/o apartado,5 los hogares adicionales.,,doc_2022.pdf p.70
2022,poblacion,folioviv,C (10),Identificador de la vivienda,Sección y/o apartado,"rural, código 6), cuatro dígitos del número consecutivo de la UPM, un dígito de la decena de levantamiento y dos dígitos con un número",,doc_2022.pdf p.70
2022,poblacion,forma_b,C (1),Forma de beca escolar,"{1,...,5}",Forma en la que se recibió la beca escolar.,,doc_2022.pdf p.78
2022,poblacion,forma_c,C (1),Forma de crédito educativo,"{1,...,3}",Forma en la que se recibió el crédito educativo.,,doc_2022.pdf p.79
2022,poblacion,grado,C (1),Grado escolar al que asiste,"{1,...,6}",del hogar de 3 o más años dentro del Sistema Educativo Nacional.,,doc_2022.pdf p.77
2022,poblacion,gradoaprob,C (1),Grado aprobado,"{0,...,6}",integrante del hogar de 3 o más años dentro del Sistema Educativo Nacional. ¿Hasta qué año o grado aprobó (NOMBRE) en la,,doc_2022.pdf p.79
2022,poblacion,hablaesp,C (1),Español,"{1,2}",lengua indígena o dialecto que también habla español.,,doc_2022.pdf p.76
2022,poblacion,hablaind,C (1),Hablante indígena,"{1,2}",lengua indígena o dialecto.,,doc_2022.pdf p.75
2022,poblacion,hh_esp,N (2),Hora de espera,Sección y/o apartado,"Tiempo de espera en recibir atención médica. Cuando llegó al lugar, ¿cuánto tiempo tuvo que",,doc_2022.pdf p.92
2022,poblacion,hh_lug,N (2),Horas de traslado,Sección y/o apartado,Tiempo de traslado a recibir atención médica. ¿Cuánto tiempo tardó en llegar al lugar donde se,,doc_2022.pdf p.92
2022,poblacion,hijos_mue,N (2),Hijos fallecidos,Sección y/o apartado Sección X,hogar de 12 años o más.,,doc_2022.pdf p.104
2022,poblacion,hijos_sob,N (2),Hijos sobrevivientes,Sección y/o apartado Sección X,"hogar de 12 años o más, independientemente ¿Cuántas de sus hijas o hijos viven actualmente de donde residan.",,doc_2022.pdf p.104
2022,poblacion,hijos_viv,N (2),Hijos nacidos vivos,Sección y/o apartado Sección X,"tal como movimiento, latido del corazón, llanto o",,doc_2022.pdf p.104
2022,poblacion,hor_1,N (3),Horas de trabajo,Sección y/o apartado Sección IX,a trabajar.,,doc_2022.pdf p.82
2022,poblacion,hor_2,N (3),Horas de estudio,Sección y/o apartado Sección IX,a estudiar y hacer actividades relacionadas con Durante la semana pasada ¿cuánto tiempo dedicó a el estudio.,,doc_2022.pdf p.83
2022,poblacion,hor_3,N (2),Horas de trabajo comunitario,Sección y/o apartado Sección IX,a realizar trabajo comunitario o voluntario.,,doc_2022.pdf p.83
2022,poblacion,hor_4,N (2),Horas de cuidado de otras personas,Sección y/o apartado Sección IX,"a cuidar, atender sin pago y de manera Durante la semana pasada ¿cuánto tiempo dedicó a exclusiva a niños, ancianos, enfermos,",,doc_2022.pdf p.84
2022,poblacion,hor_5,N (2),Horas de reparación,Sección y/o apartado Sección IX,"a reparar o dar mantenimiento a su vivienda, Durante la semana pasada ¿cuánto tiempo dedicó a muebles, aparatos domésticos o vehículos",,doc_2022.pdf p.84
2022,poblacion,hor_6,N (2),Horas dedicadas a quehacer,Sección y/o apartado Sección IX,a los quehaceres del hogar. Durante la semana pasada ¿cuánto tiempo dedicó a,,doc_2022.pdf p.85
2022,poblacion,hor_7,N (2),Horas de acarreo,Sección y/o apartado Sección IX,a acarrear agua o leña.,,doc_2022.pdf p.85
2022,poblacion,hor_8,N (2),Horas de actividades personales,Sección y/o apartado Sección IX,a realizar actividades de su gusto. Durante la semana pasada ¿Cuánto tiempo le quedó,,doc_2022.pdf p.85
2022,poblacion,inscr_1,C (1),Prestación en el trabajo,{1},personas a las instituciones de salud o que les otorgan alguna pensión.,,doc_2022.pdf p.87
2022,poblacion,inscr_2,C (1),Jubilación o invalidez,{2},personas a las instituciones de salud o que les otorgan alguna pensión.,,doc_2022.pdf p.88
2022,poblacion,inscr_3,C (1),Familiar en el hogar,{3},personas a las instituciones de salud o que les otorgan alguna pensión.,,doc_2022.pdf p.88
2022,poblacion,inscr_4,C (1),Muerte del asegurado,{4},personas a las instituciones de salud o que les otorgan alguna pensión.,,doc_2022.pdf p.88
2022,poblacion,inscr_5,C (1),Ser estudiante,{5},personas a las instituciones de salud o que les otorgan alguna pensión.,,doc_2022.pdf p.88
2022,poblacion,inscr_6,C (1),Contratación propia,{6},personas a las instituciones de salud o que les otorgan alguna pensión.,,doc_2022.pdf p.88
2022,poblacion,inscr_7,C (1),Algún familiar de otro hogar,{7},personas a las instituciones de salud o que les otorgan alguna pensión.,,doc_2022.pdf p.88
2022,poblacion,inscr_8,C (1),No sabe,{8},personas a las instituciones de salud o que les otorgan alguna pensión.,,doc_2022.pdf p.89
2022,poblacion,inst_1,C (1),Institución médica IMSS,{1},la persona que está afiliada o inscrita.,,doc_2022.pdf p.86
2022,poblacion,inst_2,C (1),Institución médica ISSSTE,{2},la persona que está afiliada o inscrita.,,doc_2022.pdf p.87
2022,poblacion,inst_3,C (1),Institución médica ISSSTE estatal,{3},la persona que está afiliada o inscrita.,,doc_2022.pdf p.87
2022,poblacion,inst_4,C (1),Institución médica PEMEX,{4},la persona que está afiliada o inscrita.,,doc_2022.pdf p.87
2022,poblacion,inst_5,C (1),Institución médica IMSS Prospera/IMSS Bienestar,{5},la persona que está afiliada o inscrita.,,doc_2022.pdf p.87
2022,poblacion,inst_6,,Otra institución médica,{6},la persona que está afiliada o inscrita.,,doc_2022.pdf p.87
2022,poblacion,lenguaind,C (4),Lengua indígena,Catálogo de lengua indígena,residentes de la vivienda de 3 años o más.,catalogo_lengua_indigena,doc_2022.pdf p.75
2022,poblacion,madre_hog,C (1),Identificador de la madre,"{1,2}",hogar.,,doc_2022.pdf p.70
2022,poblacion,madre_id,C (2),Número de renglón de la madre,Sección y/o apartado Sección III,Número de renglón correspondiente a la madre.,,doc_2022.pdf p.71
2022,poblacion,min_1,N (2),Minutos de trabajo,Sección y/o apartado Sección IX,dedicaron a trabajar.,,doc_2022.pdf p.82
2022,poblacion,min_2,N (2),Minutos de estudio,Sección y/o apartado Sección IX,dedicaron a estudiar y hacer actividades Durante la semana pasada ¿cuánto tiempo dedicó a relacionadas con el estudio.,,doc_2022.pdf p.83
2022,poblacion,min_3,N (2),Minutos de trabajo comunitario,Sección y/o apartado Sección IX,dedicaron a realizar trabajo comunitario o Durante la semana pasada ¿cuánto tiempo dedicó a voluntario.,,doc_2022.pdf p.83
2022,poblacion,min_4,N (2),Minutos de cuidado de otras personas,Sección y/o apartado Sección IX,"dedicaron a cuidar, atender sin pago y de Durante la semana pasada ¿cuánto tiempo dedicó a manera exclusiva a niños, ancianos, enfermos,",,doc_2022.pdf p.84
2022,poblacion,min_5,N (2),Minutos de reparación,Sección y/o apartado Sección IX,"dedicaron a reparar o dar mantenimiento a su Durante la semana pasada ¿cuánto tiempo dedicó a vivienda, muebles, aparatos domésticos o",,doc_2022.pdf p.84
2022,poblacion,min_6,N (2),Minutos dedicados a quehacer,Sección y/o apartado Sección IX,dedicaron a los quehaceres del hogar. Durante la semana pasada ¿cuánto tiempo dedicó a,,doc_2022.pdf p.85
2022,poblacion,min_7,N (2),Minutos de acarreo,Sección y/o apartado Sección IX,dedicaron a acarrear agua o leña. Durante la semana pasada ¿cuánto tiempo dedicó a,,doc_2022.pdf p.85
2022,poblacion,min_8,N (2),Minutos de actividades personales,Sección y/o apartado Sección IX,dedicaron a realizar actividades de su gusto. Durante la semana pasada ¿Cuánto tiempo le quedó,,doc_2022.pdf p.86
2022,poblacion,mm_esp,N (2),Minutos de espera,Sección y/o apartado,"Tiempo de espera en recibir atención médica. Cuando llegó al lugar, ¿cuánto tiempo tuvo que",,doc_2022.pdf p.93
2022,poblacion,mm_lug,N (2),Minutos de traslado,Sección y/o apartado,Tiempo de traslado a recibir atención médica. ¿Cuánto tiempo tardó en llegar al lugar donde se,,doc_2022.pdf p.92
2022,poblacion,motivo_aus,C (2),Motivo de ausencia al trabajo,"{01,...,13}",hogar no trabajó el mes pasado.,,doc_2022.pdf p.104
2022,poblacion,nivel,C (1),Nivel escolar al que asiste,"{01,...,13}",hogar de 3 o más años dentro del Sistema Educativo Nacional.,,doc_2022.pdf p.77
2022,poblacion,nivelaprob,C (1),Nivel de instrucción aprobado,"{0,...,9}",integrante del hogar de 3 o más años dentro del ¿Hasta qué año o grado aprobó (NOMBRE) en la Sistema Educativo Nacional.,,doc_2022.pdf p.79
2022,poblacion,noatenc_1,C (2),No hay donde atenderse,{01},cuando lo requiere.,,doc_2022.pdf p.94
2022,poblacion,noatenc_10,C (2),Sin atención por unidad cerrada,{10},cuando lo requiere.,,doc_2022.pdf p.96
2022,poblacion,noatenc_11,C (2),No hubo médicos,{11},cuando lo requiere.,,doc_2022.pdf p.96
2022,poblacion,noatenc_12,C (2),Se lo impidieron,{12},cuando lo requiere.,,doc_2022.pdf p.96
2022,poblacion,noatenc_13,C (2),Falta de tiempo,{13},cuando lo requiere.,,doc_2022.pdf p.97
2022,poblacion,noatenc_14,C (2),No hubo quién lo llevara,{14},cuando lo requiere.,,doc_2022.pdf p.97
2022,poblacion,noatenc_15,C (2),No era necesario,{15},cuando lo requiere.,,doc_2022.pdf p.97
2022,poblacion,noatenc_16,C (2),Se automedicó,{16},cuando lo requiere.,,doc_2022.pdf p.97
2022,poblacion,noatenc_2,C (2),Sin atención por falta de dinero,{02},cuando lo requiere.,,doc_2022.pdf p.94
2022,poblacion,noatenc_3,C (2),Unidad médica lejana,{03},cuando lo requiere.,,doc_2022.pdf p.95
2022,poblacion,noatenc_4,C (2),No lo atienden,{04},cuando lo requiere.,,doc_2022.pdf p.95
2022,poblacion,noatenc_5,C (2),No le tiene confianza,{05},cuando lo requiere.,,doc_2022.pdf p.95
2022,poblacion,noatenc_6,C (2),Lo tratan mal,{06},cuando lo requiere.,,doc_2022.pdf p.95
2022,poblacion,noatenc_7,C (2),No hablan la misma lengua,{07},cuando lo requiere.,,doc_2022.pdf p.95
2022,poblacion,noatenc_8,C (2),Hay que esperar mucho,{08},cuando lo requiere.,,doc_2022.pdf p.96
2022,poblacion,noatenc_9,C (2),No le dan medicamento,{09},cuando lo requiere.,,doc_2022.pdf p.96
2022,poblacion,norecib_1,C (2),Sin atención centro de salud,{01},recibió.,,doc_2022.pdf p.97
2022,poblacion,norecib_10,C (2),Sin atención curandero,{10},recibió.,,doc_2022.pdf p.99
2022,poblacion,norecib_11,C (2),Sin atención otro lugar,{11},recibió.,,doc_2022.pdf p.99
2022,poblacion,norecib_12,C (2),Sin atención INSABI,{12},recibió.,,doc_2022.pdf p.100
2022,poblacion,norecib_2,C (2),Sin atención hospital o instituto,{02},recibió.,,doc_2022.pdf p.98
2022,poblacion,norecib_3,C (2),Sin atención IMSS,{03},recibió.,,doc_2022.pdf p.98
2022,poblacion,norecib_4,C (2),Sin atención IMSS Prospera/IMSS Bienestar,{04},recibió.,,doc_2022.pdf p.98
2022,poblacion,norecib_5,C (2),Sin atención ISSSTE,{05},recibió.,,doc_2022.pdf p.98
2022,poblacion,norecib_6,C (2),Sin atención ISSSTE estatal,{06},recibió.,,doc_2022.pdf p.98
2022,poblacion,norecib_7,C (2),Sin atención otro servicio médico público,{07},recibió.,,doc_2022.pdf p.99
2022,poblacion,norecib_8,C (2),Sin atención consultorios privados,{08},recibió.,,doc_2022.pdf p.99
2022,poblacion,norecib_9,C (2),Sin atención consultorio de farmacias,,recibió.,,doc_2022.pdf p.99
2022,poblacion,num_trabaj,C (1),Número de trabajos,"{1,2}",hogar realizaron durante el mes pasado.,,doc_2022.pdf p.105
2022,poblacion,numren,C (2),Identificador de la persona,Sección y/o apartado Sección III,integrantes del hogar.,,doc_2022.pdf p.70
2022,poblacion,otorg_b,C (1),Otorga beca escolar,"{1,...,5}",escolar.,,doc_2022.pdf p.78
2022,poblacion,otorg_c,C (1),Otorga crédito educativo,"{1,...,4}",educativo.,,doc_2022.pdf p.78
2022,poblacion,padre_hog,C (1),Identificador del padre,"{1,2}",Identifican al padre de las personas del hogar.,,doc_2022.pdf p.71
2022,poblacion,padre_id,C (2),Número de renglón del padre,Sección y/o apartado Sección III,Número de renglón correspondiente al padre.,,doc_2022.pdf p.71
2022,poblacion,pagoaten_1,C (1),Pago por consulta,{1},"Pago de atención médica. En aquella ocasión, ¿tuvo que pagar por algunos de",,doc_2022.pdf p.93
2022,poblacion,pagoaten_2,,Pago por medicamentos,{2},"Pago de atención médica. En aquella ocasión, ¿tuvo que pagar por algunos de",,doc_2022.pdf p.93
2022,poblacion,pagoaten_3,C (1),Pago por estudios de laboratorio,{3},"Pago de atención médica. En aquella ocasión, ¿tuvo que pagar por algunos de",,doc_2022.pdf p.93
2022,poblacion,pagoaten_4,C (1),Pago por hospitalización,{4},"Pago de atención médica. En aquella ocasión, ¿tuvo que pagar por algunos de",,doc_2022.pdf p.93
2022,poblacion,pagoaten_5,C (1),Pago por instrumental médico,{5},"Pago de atención médica. En aquella ocasión, ¿tuvo que pagar por algunos de",,doc_2022.pdf p.94
2022,poblacion,pagoaten_6,C (1),Otro pago,{6},"Pago de atención médica. En aquella ocasión, ¿tuvo que pagar por algunos de",,doc_2022.pdf p.94
2022,poblacion,pagoaten_7,,No pagó por atención médica,{7},"Pago de atención médica. En aquella ocasión, ¿tuvo que pagar por algunos de",,doc_2022.pdf p.94
2022,poblacion,pareja_hog,C (1),Identificador del cónyuge,"{1,2}","años. En este hogar, ¿vive la pareja o esposa(o) de",,doc_2022.pdf p.80
2022,poblacion,parentesco,C (3),Parentesco,Catálogo de parentesco,"conyugal, por consanguinidad, adopción,",catalogo_parentesco,doc_2022.pdf p.70
2022,poblacion,peso,C (1),Control de peso y talla,"{1,2}",cuidado de la salud o de vigilancia del,,doc_2022.pdf p.102
2022,poblacion,pop_insabi,C (1),Seguro popular / INSABI,"{1,2}","gastos médicos de bolsillo y mejorar las Actualmente, ¿se encuentra usted afiliado o inscrito condiciones de salud o tiene derecho a los",,doc_2022.pdf p.86
2022,poblacion,pres_alta,C (1),Presión alta,"{1,2}",médicos preventivos asociados a problemas ¿En los últimos doce meses le han medido a usted cardiacos.,,doc_2022.pdf p.102
2022,poblacion,prob_anio,C (4),Año con problemas de salud,Sección y/o apartado,"Fecha de la última vez que tuvo problemas de ¿Cuándo fue la última vez que sufrió algún dolor, salud.",,doc_2022.pdf p.89
2022,poblacion,prob_mes,C (2),Mes con problemas de salud,"{01,...,12}",salud.,,doc_2022.pdf p.89
2022,poblacion,prob_sal,,Problemas de salud,"{1,2}",salud que les haya impedido realizar sus actividades diarias.,,doc_2022.pdf p.89
2022,poblacion,razon_1,C (2),No tenía dinero,{01},Motivo por el cual no lo atendieron.,,doc_2022.pdf p.100
2022,poblacion,razon_10,C (2),El personal dijo que no era necesario,{10},Motivo por el cual no lo atendieron.,,doc_2022.pdf p.102
2022,poblacion,razon_11,C (2),Otra razón de no atención,{11},Motivo por el cual no lo atendieron.,,doc_2022.pdf p.102
2022,poblacion,razon_2,C (2),No entendía su lengua,,Motivo por el cual no lo atendieron.,,doc_2022.pdf p.100
2022,poblacion,razon_3,C (2),No quisieron,{03},Motivo por el cual no lo atendieron.,,doc_2022.pdf p.100
2022,poblacion,razon_4,C (2),Dijeron que no era necesario,{04},Motivo por el cual no lo atendieron.,,doc_2022.pdf p.100
2022,poblacion,razon_5,C (2),No tenían tiempo,{05},Motivo por el cual no lo atendieron.,,doc_2022.pdf p.101
2022,poblacion,razon_6,C (2),Razón por unidad médica cerrada,{06},Motivo por el cual no lo atendieron.,,doc_2022.pdf p.101
2022,poblacion,razon_7,C (2),Cita hasta mucho tiempo después,,Motivo por el cual no lo atendieron.,,doc_2022.pdf p.101
2022,poblacion,razon_8,C (2),No había médico,{08},Motivo por el cual no lo atendieron.,,doc_2022.pdf p.101
2022,poblacion,razon_9,C (2),No le dieron ninguna razón,{09},Motivo por el cual no lo atendieron.,,doc_2022.pdf p.101
2022,poblacion,redsoc_1,C (1),Pedir ayuda para conseguir trabajo,"{1,...,5}",personas podrían conseguir ayuda para ¿Cree usted que si necesitara pedir ayuda para conseguir un trabajo.,,doc_2022.pdf p.81
2022,poblacion,redsoc_2,C (1),Pedir ayuda para que lo (la) cuiden,"{1,...,5}",personas podrían conseguir ayuda para que ¿Cree usted que si necesitara pedir ayuda para que lo(a) cuiden en una enfermedad.,,doc_2022.pdf p.81
2022,poblacion,redsoc_3,C (1),Pedir la cantidad de dinero de un mes,"{1,...,5}",¿Cree usted que si necesitara pedirle a alguien la cantidad de dinero que ingresa al hogar en un,,doc_2022.pdf p.81
2022,poblacion,redsoc_4,C (1),Pedir que lo (la) acompañen al doctor,"{1,...,5}",personas podrían conseguir ayuda para que ¿Cree usted que si necesitara pedir ayuda para que lo(a) acompañen al doctor.,,doc_2022.pdf p.82
2022,poblacion,redsoc_5,C (1),Pedir cooperación para mejoras en su colonia,"{1,...,5}",personas podrían conseguir cooperación para ¿Cree usted que si necesitara pedir cooperación realizar mejoras en su colonia o localidad.,,doc_2022.pdf p.82
2022,poblacion,redsoc_6,C (1),Pedir que le cuiden a los (as) niños (as),"{1,...,5}",personas podrían conseguir ayuda para que ¿Cree usted que si necesitara pedir ayuda para que cuiden a los(as) niños(as) en este hogar.,,doc_2022.pdf p.82
2022,poblacion,residencia,C (2),Residencia,Catálogo de residencia,"hogar, 5 años antes del momento de la ¿Hace 5 años, en octubre de 2005, en qué estado de entrevista.",catalogo_residencia,doc_2022.pdf p.80
2022,poblacion,segsoc,C (1),Contribución a la seguridad social,"{1,2}",productiva a fin de gozar de los beneficios de esta. Pueden ser instituciones nacionales y/o ¿Alguna vez ha contribuido o cotizado para alguna,,doc_2022.pdf p.80
2022,poblacion,segvol_1,C (1),"Seguro voluntario SAR, AFORE",{1},contratado voluntariamente.,,doc_2022.pdf p.103
2022,poblacion,segvol_2,C (1),Seguro voluntario de gastos médicos,{2},contratado voluntariamente.,,doc_2022.pdf p.103
2022,poblacion,segvol_3,C (1),Seguro voluntario de vida,{3},contratado voluntariamente.,,doc_2022.pdf p.103
2022,poblacion,segvol_4,C (1),Seguro voluntario de invalidez,{4},contratado voluntariamente.,,doc_2022.pdf p.103
2022,poblacion,segvol_5,C (1),Otro tipo de seguro voluntario,{5},contratado voluntariamente.,,doc_2022.pdf p.103
2022,poblacion,segvol_6,C (1),Ningún tipo de seguro voluntario,{6},contratado voluntariamente.,,doc_2022.pdf p.103
2022,poblacion,segvol_7,C (1),No sabe si tiene seguros,{7},contratado voluntariamente.,,doc_2022.pdf p.103
2022,poblacion,servmed_1,C (2),Atención en centros de salud,{01},para recibir atención médica.,,doc_2022.pdf p.90
2022,poblacion,servmed_10,C (2),Atención con curandero,{10},para recibir atención médica.,,doc_2022.pdf p.92
2022,poblacion,servmed_11,C (2),Atención en otro lugar,{11},para recibir atención médica.,,doc_2022.pdf p.92
2022,poblacion,servmed_12,C (2),Atención INSABI,{12},para recibir atención médica.,,doc_2022.pdf p.92
2022,poblacion,servmed_2,,Atención en hospital,{02},para recibir atención médica.,,doc_2022.pdf p.90
2022,poblacion,servmed_3,C (2),Atención en el IMSS,{03},para recibir atención médica.,,doc_2022.pdf p.90
2022,poblacion,servmed_4,C (2),Atención en IMSS Prospera/IMSS Bienestar,{04},para recibir atención médica.,,doc_2022.pdf p.90
2022,poblacion,servmed_5,C (2),Atención en ISSSTE,{05},para recibir atención médica.,,doc_2022.pdf p.91
2022,poblacion,servmed_6,C (2),Atención en ISSSTE estatal,{06},para recibir atención médica.,,doc_2022.pdf p.91
2022,poblacion,servmed_7,C (2),Atención médica en otra institución pública,{07},para recibir atención médica.,,doc_2022.pdf p.91
2022,poblacion,servmed_8,C (2),Atención en consultorios privados,{08},para recibir atención médica.,,doc_2022.pdf p.91
2022,poblacion,servmed_9,C (2),Atención en consultorios de farmacias,{09},para recibir atención médica.,,doc_2022.pdf p.91
2022,poblacion,sexo,C (1),Sexo,"{1,2}",en hombres o mujeres.,,doc_2022.pdf p.70
2022,poblacion,ss_aa,N (2),Tiempo de contribución años,Sección y/o apartado Sección VI,social.,,doc_2022.pdf p.81
2022,poblacion,ss_mm,N (2),Tiempo de contribución meses,Sección y/o apartado Sección VI,seguridad social.,,doc_2022.pdf p.81
2022,poblacion,tiene_b,C (1),Beca escolar,"{1,2}",los integrantes del hogar que asisten a la ¿Le otorgaron beca a (NOMBRE) para este año escuela.,,doc_2022.pdf p.77
2022,poblacion,tiene_c,C (1),Crédito educativo,"{1,2}","materiales, etcétera. Quien lo recibe está comprometido a pagarlo en parte o en su ¿Le otorgaron crédito educativo a (NOMBRE) para",,doc_2022.pdf p.78
2022,poblacion,tipoesc,C (1),Tipo de escuela,"{1,...,3}","Educativo Nacional según sea pública, privada",,doc_2022.pdf p.77
2022,poblacion,trabajo_mp,C (1),Trabajó el mes pasado,"{1,2}","referencia, que permite clasificarla como parte de la Población Económicamente Activa (PEA) Durante el mes pasado________________, ¿usted o como parte de la Población No",,doc_2022.pdf p.104
2022,poblacion,upm,C (7),Unidad Primaria de Muestreo,Sección y/o apartado,"seleccionadas en la primera etapa del muestreo y corresponden a áreas geográficas con límites identificables en el terreno que agrupan un conjunto de viviendas, cuyo número depende",,doc_2022.pdf p.106
2022,poblacion,usotiempo1,C (1),Trabajar,"{8,9}",No recuerda haber trabajado. Durante la semana pasada ¿cuánto tiempo dedicó a,,doc_2022.pdf p.83
2022,poblacion,usotiempo2,C (1),Estudiar y hacer actividades,"{8,9}",No recuerda haber dedicado tiempo para Durante la semana pasada ¿cuánto tiempo dedicó a estudiar.,,doc_2022.pdf p.83
2022,poblacion,usotiempo3,C (1),Trabajo comunitario,"{8,9}",realizar trabajo comunitario o voluntario.,,doc_2022.pdf p.83
2022,poblacion,usotiempo4,C (1),"Cuidar, atender sin pago","{8,9}","cuidar, atender sin pago y de manera exclusiva Durante la semana pasada ¿cuánto tiempo dedicó a a niños, ancianos, enfermos, discapacitados.",,doc_2022.pdf p.84
2022,poblacion,usotiempo5,C (1),Reparar su vivienda,"{8,9}","dar mantenimiento a su vivienda, muebles, Durante la semana pasada ¿cuánto tiempo dedicó a aparatos domésticos o vehículos.",,doc_2022.pdf p.84
2022,poblacion,usotiempo6,C (1),Realizar quehacer en su hogar,"{8,9}",quehaceres del hogar.,,doc_2022.pdf p.85
2022,poblacion,usotiempo7,C (1),Acarrear agua o leña,"{8,9}",acarrear agua o leña.,,doc_2022.pdf p.85
2022,poblacion,usotiempo8,C (1),Tiempo para realizar actividades,"{8,9}",realizar actividades de su gusto.,,doc_2022.pdf p.86
2022,trabajos,clas_emp,C (1),Clasificación de la empresa,"{1,...,4}","a las unidades económicas privadas que no se ubican bajo la modalidad de negocios privados, para canalizarlas a una secuencia propia de",,doc_2022.pdf p.137
2022,trabajos,conf_pers,C (1),Confirmación de personal,"{1,2}",actividad principal durante el periodo de ¿El personal empleado es el mismo que utilizó en la referencia.,,doc_2022.pdf p.140
2022,trabajos,contrato,C (1),Tuvo contrato,"{1,2}",Existencia de un contrato laboral por escrito.,,doc_2022.pdf p.131
2022,trabajos,entidad,C (2),Entidad federativa,Catálogo de Entidades Federativas,"entidades federativas, municipios y localidades, que está disponible en el sitio del",Catálogo de Entidades Federativas,doc_2022.pdf p.142
2022,trabajos,est_dis,C (3),Estrato de diseño muestral,Sección y/o apartado,upms de acuerdo con su estrato geográfico,,doc_2022.pdf p.142
2022,trabajos,factor,N (5),Factor de expansión,Sección y/o apartado,Factor de expansión.,,doc_2022.pdf p.142
2022,trabajos,foliohog,C (1),Identificador del hogar,Sección y/o apartado,5 los hogares adicionales.,,doc_2022.pdf p.130
2022,trabajos,folioviv,C (10),Identificador de la vivienda,Sección y/o apartado,"rural, código 6), cuatro dígitos del número consecutivo de la UPM, un dígito de la decena de levantamiento y dos dígitos con un número",,doc_2022.pdf p.130
2022,trabajos,htrab,N (3),Horas trabajadas,"Sección y/o apartado Apartado 3.1, Pregunta 1; Sección IV, Apartado 4.2,","Número de horas que trabajó a la semana. El mes pasado en este trabajo, ¿cuántas horas a la",,doc_2022.pdf p.136
2022,trabajos,id_trabajo,C (1),Identificador del trabajo,"{1,2}",Identificador del trabajo.,,doc_2022.pdf p.130
2022,trabajos,indep,C (1),Trabajó por su cuenta,"{1,2}","El trabajo que tuvo fue por su cuenta. Entonces, ¿se dedicó a un negocio o actividad por su",,doc_2022.pdf p.131
2022,trabajos,lugar,C (1),Confirmación de establecimiento,"{1,2}","misma unidad económica, en la que se ¿Esta(s) actividad(es) la(s) realizó en el mismo lugar desarrolla la actividad principal.",,doc_2022.pdf p.140
2022,trabajos,medtrab_1,C (1),Servicios médicos del IMSS,{1},servicios médicos del seguro social.,,doc_2022.pdf p.141
2022,trabajos,medtrab_2,C (1),Servicios médicos del ISSSTE,{2},servicios médicos del ISSSTE.,,doc_2022.pdf p.141
2022,trabajos,medtrab_3,C (1),Servicios médicos ISSSTE Estatal,{3},servicios médicos del ISSSTE estatal.,,doc_2022.pdf p.141
2022,trabajos,medtrab_4,C (1),Servicios médicos de PEMEX,{4},"servicios médicos de PEMEX, del ejército o de ¿En este trabajo le dieron las siguientes la marina.",,doc_2022.pdf p.141
2022,trabajos,medtrab_5,C (1),Servicios médicos de universidades,{5},servicios médicos de universidades.,,doc_2022.pdf p.141
2022,trabajos,medtrab_6,C (1),Servicios médicos privados,{6},servicios médicos privados.,,doc_2022.pdf p.142
2022,trabajos,medtrab_7,C (1),No tiene servicios médicos,{7},En el trabajo no cuentan con servicios médicos. ¿En este trabajo le dieron las siguientes,,doc_2022.pdf p.142
2022,trabajos,no_ing,C (2),No ingresos,"{01,...,13,99)","económicas, no percibieron ingresos",,doc_2022.pdf p.137
2022,trabajos,numren,C (2),Identificador de la persona,Sección y/o apartado Sección III,integrantes del hogar.,,doc_2022.pdf p.130
2022,trabajos,otra_act,C (1),Otras actividades del negocio,"{1,2}","durante el periodo de referencia, tanto en el Además de la actividad mencionada, el mes pasado, trabajo principal como en el secundario.",,doc_2022.pdf p.139
2022,trabajos,pago,C (1),Cómo le pagaron,"{1,...,3}",Forma de pago en su trabajo.,,doc_2022.pdf p.131
2022,trabajos,personal,C (1),Tuvo personal,"{1,2}",cargo.,,doc_2022.pdf p.131
2022,trabajos,pres_1,C (2),Incapacidad médica,{01},"incapacidad en caso de enfermedad, accidente ¿En este trabajo le dieron las siguientes o maternidad.",,doc_2022.pdf p.132
2022,trabajos,pres_10,C (2),Préstamos,{10},préstamos personales y/o caja de ahorro.,,doc_2022.pdf p.134
2022,trabajos,pres_11,C (2),Prima vacacional,{11},prima vacacional.,,doc_2022.pdf p.134
2022,trabajos,pres_12,C (2),Apoyos educativos,{12},becas y apoyos educativos.,,doc_2022.pdf p.134
2022,trabajos,pres_13,C (2),Servicio de comedor,{13},servicio de comedor.,,doc_2022.pdf p.134
2022,trabajos,pres_14,C (2),Crédito FONACOT,{14},crédito FONACOT.,,doc_2022.pdf p.135
2022,trabajos,pres_15,C (2),Ayuda de despensas,{15},ayuda de despensas.,,doc_2022.pdf p.135
2022,trabajos,pres_16,C (2),Ayuda en el pago de servicios,{16},"ayuda o exención en el pago de luz, agua, ¿En este trabajo le dieron las siguientes teléfono, etcétera.",,doc_2022.pdf p.135
2022,trabajos,pres_17,C (2),Pensión en caso de invalidez,{17},¿En este trabajo le dieron las siguientes pensión en caso de invalidez.,,doc_2022.pdf p.135
2022,trabajos,pres_18,C (2),Pensión en caso de fallecimiento,{18},pensión para sus familiares en caso de ¿En este trabajo le dieron las siguientes fallecimiento.,,doc_2022.pdf p.135
2022,trabajos,pres_19,C (2),Otras prestaciones,{19},prestaciones.,,doc_2022.pdf p.136
2022,trabajos,pres_2,C (2),Aguinaldo,{02},aguinaldo.,,doc_2022.pdf p.132
2022,trabajos,pres_20,C (2),No tiene prestaciones,{20},En el trabajo que tuvo no le dieron prestaciones. ¿En este trabajo le dieron las siguientes,,doc_2022.pdf p.136
2022,trabajos,pres_3,C (2),Vacaciones,{03},vacaciones con goce de sueldo.,,doc_2022.pdf p.132
2022,trabajos,pres_4,C (2),Reparto de utilidades,{04},reparto de utilidades.,,doc_2022.pdf p.132
2022,trabajos,pres_5,C (2),Crédito de vivienda,{05},crédito de vivienda.,,doc_2022.pdf p.133
2022,trabajos,pres_6,C (2),Guarderías,{06},guarderías y estancias infantiles.,,doc_2022.pdf p.133
2022,trabajos,pres_7,C (2),Cuidados maternos o paternos,{07},tiempo para cuidados maternos o paternos.,,doc_2022.pdf p.133
2022,trabajos,pres_8,C (2),SAR o AFORE,{08},SAR o AFORE.,,doc_2022.pdf p.133
2022,trabajos,pres_9,C (2),Seguro de vida,{09},seguro de vida.,,doc_2022.pdf p.133
2022,trabajos,scian,C (4),Catálogo SCIAN,Catálogo SCIAN,trabajó el integrante del hogar de acuerdo al Sistema de clasificación Industrial de América,catalogo_scian,doc_2022.pdf p.136
2022,trabajos,sinco,C (4),Catálogo SINCO,Catálogo SINCO,acuerdo al Sistema Nacional de Clasificación de Ocupaciones.,catalogo_sinco,doc_2022.pdf p.136
2022,trabajos,soc_nr1,C (2),Primer socio del negocio,"{01,...,30}",también es dueño(a) del negocio.,,doc_2022.pdf p.139
2022,trabajos,soc_nr2,C (2),Segundo socio del negocio,"{01,...,30}",también es dueño(a) del negocio.,,doc_2022.pdf p.139
2022,trabajos,soc_resp,C (2),Responsable del negocio,"{01,...,30}","responsable del negocio. ¿Quién de estas personas, incluyéndose usted,",,doc_2022.pdf p.139
2022,trabajos,socios,C (1),Socios del negocio,"{1,2}",también sea(n) dueño(s) del negocio.,,doc_2022.pdf p.138
2022,trabajos,subor,C (1),Fue subordinado,"{1,2}",En el trabajo que tuvo fue subordinado.,,doc_2022.pdf p.130
2022,trabajos,tam_emp,C (2),Tamaño de la empresa,"{01,...,12}","de trabajadores, donde desempeñó su trabajo Durante el mes pasado, ¿cuántas personas principal el integrante del hogar, el mes pasado.",,doc_2022.pdf p.137
2022,trabajos,tiene_suel,C (1),Asignación de sueldo,"{1,2}","años, por el desempeño del trabajo que realizó ¿En este trabajo usted recibió o tuvo asignado un el mes pasado.",,doc_2022.pdf p.138
2022,trabajos,tipoact,C (1),Actividad de la empresa,"{1,...,9}","empresa, negocio o institución.",,doc_2022.pdf p.138
2022,trabajos,tipoact2,C (1),Segunda actividad del negocio,"{1,...,9}","dedica la empresa, negocio o institución.",,doc_2022.pdf p.139
2022,trabajos,tipoact3,C (1),Tercera actividad del negocio,"{1,...,9}","la empresa, negocio o institución.",,doc_2022.pdf p.140
2022,trabajos,tipoact4,C (1),Cuarta actividad del negocio,"{1,...,9}","la empresa, negocio o institución.",,doc_2022.pdf p.140
2022,trabajos,tipocontr,C (1),Tipo de contrato,"{1,2}",tuvo.,,doc_2022.pdf p.132
2022,trabajos,trapais,C (1),Trabajó en el país,"{1,2}",El trabajo que tuvo fue dentro del país.,,doc_2022.pdf p.130
2022,trabajos,upm,C (7),Unidad Primaria de Muestreo,Sección y/o apartado,seleccionadas en la primera etapa del muestreo y corresponden a áreas geográficas con límites identificables en el terreno que agrupan un,,doc_2022.pdf p.142
2022,viviendas,aire_acond,C (1),Dispone de aire acondicionado,"{1,2}",Aire acondicionado.,,doc_2022.pdf p.44
2022,viviendas,antigua_ne,C (1),Antigüedad no especificada de la vivienda,{1},No sabe la antigüedad de la vivienda ¿Cuántos años hace que se construyó esta,,doc_2022.pdf p.36
2022,viviendas,antiguedad,N (2),Antigüedad de la vivienda,"{0,...,99}",construida. ¿Cuántos años hace que se construyó esta,,doc_2022.pdf p.36
2022,viviendas,bano_comp,N (1),Sanitario con excusado y regadera,Sección y/o apartado Sección I,Número de baños con excusado y regadera. ¿Cuántos baños tiene esta vivienda con excusado y,,doc_2022.pdf p.38
2022,viviendas,bano_excus,N (1),Sanitario con excusado,Sección y/o apartado Sección I,Número de baños solo con excusado. ¿Cuántos baños tiene esta vivienda solo con,,doc_2022.pdf p.38
2022,viviendas,bano_regad,N (1),Sanitario con regadera,Sección y/o apartado Sección I,Número de baños solo con regadera. ¿Cuántos baños tiene esta vivienda solo con,,doc_2022.pdf p.38
2022,viviendas,biodigest,C (1),Dispone de biodigestor,"{1,2}",servicio sanitario.,,doc_2022.pdf p.38
2022,viviendas,bomba_agua,C (1),Dispone de bomba de agua,"{1,2}",Bomba de agua.,,doc_2022.pdf p.44
2022,viviendas,calefacc,C (1),Dispone de calefacción,"{1,2}",Calefacción.,,doc_2022.pdf p.44
2022,viviendas,calent_gas,C (1),Dispone de calentador de gas,"{1,2}",Calentador de gas u otros.,,doc_2022.pdf p.43
2022,viviendas,calent_sol,C (1),Dispone de calentador solar de agua,"{1,2}",Calentador de agua solar.,,doc_2022.pdf p.43
2022,viviendas,cisterna,C (1),Dispone de cisterna,"{1,2}",Cisterna o aljibe.,,doc_2022.pdf p.43
2022,viviendas,cocina,C (1),Tiene cocina,"{1,2}","calentar alimentos, aunque también tenga otros usos.",,doc_2022.pdf p.36
2022,viviendas,cocina_dor,C (1),Utiliza cocina de dormitorio,"{1,2}",para dormir.,,doc_2022.pdf p.36
2022,viviendas,combustible,C (1),Tipo de combustible,"{1,...,6}",calentar alimentos en la vivienda.,,doc_2022.pdf p.39
2022,viviendas,cuart_dorm,N (2),Cuartos dormitorio,Sección y/o apartado Sección I,"usados habitualmente para dormir, aunque ¿Cuántos cuartos se usan para dormir sin contar también tengan otros usos.",,doc_2022.pdf p.37
2022,viviendas,disp_agua,C (1),Disponibilidad de agua,"{1,...,7}","sea que se cuente o no, con agua entubada de la red pública.",,doc_2022.pdf p.37
2022,viviendas,disp_elect,C (1),Disponibilidad eléctrica,"{1,...,5}",en la vivienda.,,doc_2022.pdf p.39
2022,viviendas,dotac_agua,C (1),Dotación de agua,"{1,...,5}",agua entubada que proviene de la red pública.,,doc_2022.pdf p.37
2022,viviendas,drenaje,C (1),Destino de drenaje,"{1,...,5}",desalojar de la vivienda los desechos humanos ¿Esta vivienda tiene drenaje o desagüe conectado y las aguas utilizadas.,,doc_2022.pdf p.38
2022,viviendas,eli_basura,C (1),Eliminación de basura,"{1,...,8}",Formas de eliminar la basura de la vivienda.,,doc_2022.pdf p.40
2022,viviendas,ero_1,N (9),Erogación en el mes de referencia 1,Sección y/o apartado 3.5 Erogaciones Financieras y de Capital,la entrevista.,,doc_2022.pdf p.117
2022,viviendas,ero_2,N (9),Erogación en el mes de referencia 2,Sección y/o apartado 3.5 Erogaciones Financieras y de Capital,a la entrevista.,,doc_2022.pdf p.117
2022,viviendas,ero_3,N (9),Erogación en el mes de referencia 3,Sección y/o apartado 3.5 Erogaciones Financieras y de Capital,la entrevista.,,doc_2022.pdf p.117
2022,viviendas,ero_4,N (9),Erogación en el mes de referencia 4,Sección y/o apartado 3.5 Erogaciones Financieras y de Capital,la entrevista.,,doc_2022.pdf p.117
2022,viviendas,ero_5,N (9),Erogación en el mes de referencia 5,Sección y/o apartado 3.5 Erogaciones Financieras y de Capital,la entrevista.,,doc_2022.pdf p.117
2022,viviendas,ero_6,N (9),Erogación en el mes de referencia 6,Sección y/o apartado 3.5 Erogaciones Financieras y de Capital,la entrevista.,,doc_2022.pdf p.117
2022,viviendas,ero_tri,"N (12,2)",Erogación trimestral,Sección y/o apartado,"levantamiento, solo se trimestralizaron las erogaciones realizadas en el periodo de",,doc_2022.pdf p.118
2022,viviendas,escrituras,C (1),Escrituras de la vivienda,"{1,...,4}",Escrituras o título de propiedad de la vivienda. ¿Esta vivienda cuenta con escrituras o título de,,doc_2022.pdf p.42
2022,viviendas,est_dis,C (3),Estrato de diseño muestral,Sección y/o apartado,upms de acuerdo con su estrato geográfico (entidad-ámbito-zona).,,doc_2022.pdf p.46
2022,viviendas,est_socio,C (1),Estrato socioeconómico,"{1,...,4}",equipamiento de las mismas expresadas por medio de 24 indicadores construidos con información del Censo de Población y Vivienda 2010. Esta estratificación se realizó por medio,,doc_2022.pdf p.46
2022,viviendas,estim_pago,N (9),Estimación del pago de renta,Sección y/o apartado Sección I,vivienda que habita el hogar.,,doc_2022.pdf p.40
2022,viviendas,estufa_chi,C (1),Estufa con chimenea,,al cocinar.,,doc_2022.pdf p.40
2022,viviendas,excusado,C (1),Tiene excusado,"{1,2}","para el desalojo de los desechos humanos. ¿Tienen excusado, retrete, sanitario, letrina u hoyo",,doc_2022.pdf p.37
2022,viviendas,factor,N (5),Factor de expansión,Sección y/o apartado,Factor de expansión.,,doc_2022.pdf p.46
2022,viviendas,focos_ahor,N (2),Número de focos ahorradores,Sección y/o apartado Sección I,"iluminar la vivienda, tanto en el interior como en el exterior.",,doc_2022.pdf p.39
2022,viviendas,focos_inca,N (2),Número de focos incandescentes,Sección y/o apartado Sección I,"para iluminar la vivienda, tanto en el interior como en el exterior.",,doc_2022.pdf p.39
2022,viviendas,folioviv,C (10),Identificador de la vivienda,Sección y/o apartado,"rural, código 6), cuatro dígitos del número consecutivo de la UPM, un dígito de la decena",,doc_2022.pdf p.35
2022,viviendas,fregadero,C (1),Dispone de fregadero,"{1,2}",Fregadero o tarja.,,doc_2022.pdf p.42
2022,viviendas,hog_dueno1,C (1),Hogar del primer dueño,Sección y/o apartado Sección I,vivienda.,,doc_2022.pdf p.42
2022,viviendas,hog_dueno2,C (1),Hogar del segundo dueño,Sección y/o apartado Sección I,de la vivienda.,,doc_2022.pdf p.42
2022,viviendas,lavadero,C (1),Dispone de lavadero,"{1,2}",Lavadero.,,doc_2022.pdf p.42
2022,viviendas,mat_pared,C (1),Material de paredes,"{1,...,8}",vivienda.,,doc_2022.pdf p.35
2022,viviendas,mat_pisos,C (1),Material de pisos,"{1,...,3}",Material predominante en el piso de la vivienda. ¿De qué material es la mayor parte del piso de esta,,doc_2022.pdf p.36
2022,viviendas,mat_techos,C (2),Material de techos,"{01,...,10}",vivienda. ¿De qué material es la mayor parte del techo de esta,,doc_2022.pdf p.35
2022,viviendas,medidor_luz,C (1),Dispone de medidor de luz,"{1,2}",Medidor de luz.,,doc_2022.pdf p.44
2022,viviendas,mes_1,C (2),Mes 1,"{07,…,10}",Un mes previo a la entrevista.,,doc_2022.pdf p.116
2022,viviendas,mes_2,C (2),Mes 2,"{06,…,09}",Dos meses previos a la entrevista.,,doc_2022.pdf p.116
2022,viviendas,mes_3,C (2),Mes 3,"{05,…,08}",Tres meses previos a la entrevista.,,doc_2022.pdf p.116
2022,viviendas,mes_4,C (2),Mes 4,"{04,…,07}",Cuatro meses previos a la entrevista.,,doc_2022.pdf p.116
2022,viviendas,mes_5,C (2),Mes 5,"{03,…,06}",Cinco meses previos a la entrevista.,,doc_2022.pdf p.116
2022,viviendas,mes_6,C (2),Mes 6,"{02,…,05}",Seis meses previos a la entrevista.,,doc_2022.pdf p.117
2022,viviendas,num_cuarto,N (2),Número de cuartos,Sección y/o apartado Sección I,independientemente de su uso.,,doc_2022.pdf p.37
2022,viviendas,num_dueno1,C (2),Identificador del primer dueño,Sección y/o apartado Sección I,vivienda.,,doc_2022.pdf p.41
2022,viviendas,num_dueno2,C (2),Identificador del segundo dueño,Sección y/o apartado Sección I,de la vivienda.,,doc_2022.pdf p.42
2022,viviendas,pago_mesp,C (1),Pagó el mes pasado,"{1,2}",Pagó por la vivienda el mes pasado.,,doc_2022.pdf p.41
2022,viviendas,pago_viv,N (6),Pago de vivienda,Sección y/o apartado Sección I,Monto del pago mensual por la vivienda,,doc_2022.pdf p.41
2022,viviendas,pileta,C (1),Dispone de pileta o tanque,"{1,2}","Pileta, tanque o depósito de agua. ¿Esta vivienda tiene pileta, tanque o depósito de",,doc_2022.pdf p.43
2022,viviendas,procaptar,N (1),Viviendas PROCAPTAR,"{0,1}","anuales acumuladas iguales o mayores a 1 500 mm, y que además se encuentran dentro de la Cruzada Nacional Contra el Hambre, por lo cual el apoyo del programa es de hasta el 100% para la instalación de un sistema de captación",,doc_2022.pdf p.47
2022,viviendas,regadera,C (1),Dispone de regadera,"{1,2}",Regadera.,,doc_2022.pdf p.43
2022,viviendas,renta,N (6),Monto de la renta mensual,Sección y/o apartado Sección I,Monto de la renta mensual.,,doc_2022.pdf p.40
2022,viviendas,sanit_agua,C (1),Sanitario conexión agua,"{1,...,3}",sin conexión de agua.,,doc_2022.pdf p.38
2022,viviendas,tam_loc,C (1),Tamaño de localidad,"{1,...,4}",habitantes.,,doc_2022.pdf p.45
2022,viviendas,tanque_gas,C (1),Dispone de tanque de gas estacionario,"{1,2}",Tanque de gas estacionario.,,doc_2022.pdf p.44
2022,viviendas,tenencia,C (1),Tipo de tenencia de la vivienda,"{1,...,6}",ocupantes.,,doc_2022.pdf p.40
2022,viviendas,tinaco_azo,C (1),Dispone de tinaco,"{1,2}",Tinaco en la azotea.,,doc_2022.pdf p.43
2022,viviendas,tipo_adqui,C (1),Tipo de adquisición,"{1,...,4}",adquirirla.,,doc_2022.pdf p.41
2022,viviendas,tipo_finan,C (1),Tipo de financiamiento,"{1,...,5}","para pagar, construir, ampliar o modificar la vivienda.",,doc_2022.pdf p.41
2022,viviendas,tipo_viv,C (1),Tipo de vivienda,"{1,...,5}",Clase de vivienda particular.,,doc_2022.pdf p.35
2022,viviendas,tot_hog,N (1),Total de hogares en la vivienda,Sección y/o apartado,Total de hogares en la vivienda.,,doc_2022.pdf p.45
2022,viviendas,tot_hom,N (2),Total de residentes hombres,Sección y/o apartado,vivienda.,,doc_2022.pdf p.45
2022,viviendas,tot_muj,N (2),Total de residentes mujeres,Sección y/o apartado,vivienda.,,doc_2022.pdf p.45
2022,viviendas,tot_resid,N (2),Total de residentes de la vivienda,Sección y/o apartado,Número de personas que habitan la vivienda.,,doc_2022.pdf p.44
2022,viviendas,ubica_geo,C (5),Ubicación geográfica,Sección y/o apartado,"municipio. Estas corresponden al Catálogo de claves de entidades federativas, municipios y localidades, que está disponible en el sitio del",,doc_2022.pdf p.45
2022,viviendas,upm,C (7),Unidad Primaria de Muestreo,Sección y/o apartado,"seleccionadas en la primera etapa del muestreo y corresponden a áreas geográficas con límites identificables en el terreno que agrupan un conjunto de viviendas, cuyo número depende",,doc_2022.pdf p.46
2022,viviendas,uso_compar,C (1),Uso compartido del sanitario,"{1,2}",los habitantes de otra vivienda.,,doc_2022.pdf p.38
2022,viviendas,viv_usada,C (1),Compró la vivienda usada,"{1,2}",Estado de la vivienda al momento de adquirirla.,,doc_2022.pdf p.41
2024,concentradohogar,acces_pers,"N (12,2)",Accesorios personales,,Gasto en accesorios y efectos personales.,,doc_2024.pdf p.230
2024,concentradohogar,aceites,"N (12,2)",Aceites y grasas,Suma de gasto_tri de las tablas gastoshogar y,Gasto en aceites y grasas.,,doc_2024.pdf p.225
2024,concentradohogar,adqui_vehi,"N (12,2)",Adquisición de vehículos,,particular. nóicpircseD .4202 y,,doc_2024.pdf p.228
2024,concentradohogar,agricolas,"N (12,2)",Negocios agrícolas,,Ingresos de negocios agrícolas.,,doc_2024.pdf p.222
2024,concentradohogar,agrope,"N (12,2)",Negocios agropecuarios,,Ingresos de negocios agropecuarios.,,doc_2024.pdf p.222
2024,concentradohogar,agua,"N (12,2)",Agua,Construcción Suma de gasto_tri de las tablas gastoshogar y,Gasto en agua.,,doc_2024.pdf p.227
2024,concentradohogar,aguinaldo,"N (12,2)",Aguinaldo y reparto de utilidades,,de utilidades. nóicpircseD .4202 y,,doc_2024.pdf p.220
2024,concentradohogar,ali_dentro,"N (12,2)",Alimentos dentro del hogar,"Suma de cereales, carnes, pescado, leche, huevo,",dentro del hogar.,,doc_2024.pdf p.224
2024,concentradohogar,ali_fuera,"N (12,2)",Alimentos fuera del hogar,,fuera del hogar.,,doc_2024.pdf p.226
2024,concentradohogar,alimentos,"N (12,2)",Alimentos,,"que realizan día a día los integrantes del hogar en alimentos, bebidas y tabaco.",,doc_2024.pdf p.224
2024,concentradohogar,alquiler,"N (12,2)",Alquileres brutos,Suma de gasto_tri de las tablas gastoshogar y,Gasto en alquileres brutos.,,doc_2024.pdf p.227
2024,concentradohogar,ambul_serv,"N (12,2)",Atención ambulatoria y otros servicios,,servicios de salud.,,doc_2024.pdf p.228
2024,concentradohogar,arrenda,"N (12,2)",Arrendamiento,,financieros.,,doc_2024.pdf p.223
2024,concentradohogar,aten_hosp,"N (12,2)",Atención hospitalaria,,médicos.,,doc_2024.pdf p.228
2024,concentradohogar,azucar,"N (12,2)",Azúcar y mieles,Suma de gasto_tri de las tablas gastoshogar y,Gasto en azúcar y mieles.,,doc_2024.pdf p.225
2024,concentradohogar,balance,"N (12,2)",Pérdidas del negocio,,Pérdidas en los negocios del hogar.,,doc_2024.pdf p.232
2024,concentradohogar,bebidas,"N (12,2)",Bebidas,,Gasto en bebidas alcohólicas y no alcohólicas.,,doc_2024.pdf p.226
2024,concentradohogar,becas,"N (12,2)",Becas,Suma de ingresos.ing_tri cuando la clave es P037 o,instituciones.,,doc_2024.pdf p.223
2024,concentradohogar,bene_gob,"N (12,2)",Beneficios gubernamentales,,gubernamentales.,,doc_2024.pdf p.223
2024,concentradohogar,cafe,"N (12,2)","Café, té y chocolate",Suma de gasto_tri de las tablas gastoshogar y,"Gasto en café, té y chocolate. nóicpircseD .4202 y",,doc_2024.pdf p.225
2024,concentradohogar,calzado,"N (12,2)",Calzado y su reparación,Suma de gasto_tri de las tablas gastoshogar y,Gasto en calzado y su reparación. nóicpircseD .4202 y,,doc_2024.pdf p.226
2024,concentradohogar,carnes,"N (12,2)",Carnes,Suma de gasto_tri de las tablas gastoshogar y,Gasto en carnes. nóicpircseD .4202 y,,doc_2024.pdf p.224
2024,concentradohogar,cereales,"N (12,2)",Cereales,Suma de gasto_tri de las tablas gastoshogar y,Gasto en cereales.,,doc_2024.pdf p.224
2024,concentradohogar,clase_hog,C (1),Clase de hogar,"{1,..., 5} clave de parentesco (tabla Poblacion):",constituido por un solo grupo familiar primario; CLASE_HOG = 1 (Si Jefe = 1 y Esposa = 0 y Hijos = ampliado: hogar formado por el(la) jefe(a) y su 0 y Parientes = 0 y NoParientes = 0) grupo familiar primario más otros grupos CLASE_HOG = 2 (Si Jefe = 1 y (Esposa > 0 o Hijos familiares u otros parientes; compuesto: hogar > 0) y Parientes = 0 y NoParientes = 0) formado por un hogar nuclear o ampliado con CLASE_HOG = 3 (Si Jefe = 1 y (Esposa > 0 o Hijos personas sin parentesco con el(la) jefe(a); > ,,doc_2024.pdf p.217
2024,concentradohogar,combus,"N (12,2)",Combustibles para vehículos,,"de llantas, pensiones y otros servicios para vehículos de uso particular.",,doc_2024.pdf p.229
2024,concentradohogar,comercio,"N (12,2)",Negocios comerciales,Suma de ingresos.ing_tri cuando la clave es P069 o,Ingresos de negocios comerciales.,,doc_2024.pdf p.221
2024,concentradohogar,comisiones,"N (12,2)",Comisiones y propinas,,Remuneraciones por comisiones y propinas.,,doc_2024.pdf p.220
2024,concentradohogar,comunica,"N (12,2)",Comunicaciones,,Gasto en comunicaciones.,,doc_2024.pdf p.229
2024,concentradohogar,cuida_pers,"N (12,2)",Cuidados personales,Suma de gasto_tri de las tablas gastoshogar y,Gasto en cuidados personales.,,doc_2024.pdf p.230
2024,concentradohogar,cuidados,"N (12,2)",Cuidados de la casa,Suma de gasto_tri de las tablas gastoshogar y,cuidados de la casa.,,doc_2024.pdf p.227
2024,concentradohogar,cuota_viv,"N (12,2)",Cuota por vivienda,,Cuota pagada por la vivienda propia.,,doc_2024.pdf p.231
2024,concentradohogar,deposito,"N (12,2)",Depósito de ahorro,gastospersona para las claves del rubro deposito,"Depósitos en cuentas de ahorros, tandas, cajas del rubro deposito. de ahorro, etcétera.",,doc_2024.pdf p.232
2024,concentradohogar,deudas,"N (12,2)",Pago de deudas,gastospersona para las claves del rubro deudas más,empresa donde trabajan y/o a otras personas o rubro deudas. instituciones.,,doc_2024.pdf p.232
2024,concentradohogar,donativos,"N (12,2)",Donativos,,instituciones y otros hogares.,,doc_2024.pdf p.223
2024,concentradohogar,edad_jefe,N (3),Edad del jefe del hogar,Es igual a Poblacion.edad donde,del jefe del hogar y la fecha de la entrevista. nóicpircseD .4202 y,,doc_2024.pdf p.217
2024,concentradohogar,educa_espa,"N (12,2)",Educación y esparcimiento,,"educativos, artículos de esparcimiento y otros gastos esparcimiento.",,doc_2024.pdf p.229
2024,concentradohogar,educa_jefe,C (2),Educación formal del jefe del hogar,"{01,..., 11} educa_jefe = 02 (Si nivelaprob = 01)",Educación formal del jefe del hogar. educa_jefe = 08 (Si nivelaprob = 04 y gradoaprob = 3) o ((nivelaprob = 05 o nivelaprob = 06) y antec_esc = 3) educa_jefe = 09 (Si nivelaprob = 07 y gradoaprob < 4) educa_jefe = 10 (Si nivelaprob = 07 y gradoaprob >= 4) o ((nivelaprob = 05 o nivelaprob = 06) y antec_esc = 4) educa_jefe = 11 (Si nivelaprob = 08 o nivelaprob = 09 o nivelaprob = 10) o ((nivelaprob = 05 o nivelaprob = 06) y antec_esc = 5).,,doc_2024.pdf p.218
2024,concentradohogar,educacion,"N (12,2)",Educación,Suma de gasto_tri de las tablas gastoshogar y,Gasto en artículos y servicios de educación.,,doc_2024.pdf p.229
2024,concentradohogar,energia,"N (12,2)",Electricidad y combustibles,Suma de gasto_tri de las tablas gastoshogar y,Gasto en electricidad y combustibles.,,doc_2024.pdf p.227
2024,concentradohogar,enseres,"N (12,2)",Enseres domésticos,Suma de gasto_tri de las tablas gastoshogar y,Gasto en enseres domésticos. nóicpircseD .4202 y,,doc_2024.pdf p.227
2024,concentradohogar,ero_nm_hog,"N (12,2)",Transferencias no regulares,,provenientes de otros hogares.,,doc_2024.pdf p.231
2024,concentradohogar,ero_nm_viv,"N (12,2)",Erogaciones patrimoniales,"tipo_gasto está en G5, G6 para las claves del rubro",vivienda propia. rubro ero_nm.,,doc_2024.pdf p.231
2024,concentradohogar,erogac_tot,"N (12,2)",Erogaciones totales,,financieras y de capital monetarias y no monetarias que realizan las personas integrantes del hogar en un lapso determinado.,,doc_2024.pdf p.231
2024,concentradohogar,esparci,"N (12,2)",Esparcimiento,,esparcimiento.,,doc_2024.pdf p.229
2024,concentradohogar,especias,"N (12,2)",Especias y aderezos,,Gasto en especias y aderezos.,,doc_2024.pdf p.226
2024,concentradohogar,est_dis,C (3),Estrato de diseño muestral,,de UPM de acuerdo con su estrato geográfico (entidad-ámbito-zona).,,doc_2024.pdf p.216
2024,concentradohogar,est_socio,C (1),Estrato socioeconómico,"{1,..., 4}",equipamiento de las mismas expresadas por medio de 34 indicadores construidos con información del Censo de Población y Vivienda 2010. Esta estratificación se realizó por medio de métodos estadísticos multivariados.,,doc_2024.pdf p.216
2024,concentradohogar,estim_alqu,"N (12,2)",Estimación del alquiler,,ubicación. Esta estimación la realiza el propio informante con base en su apreciación del valor de mercado de la renta de su vivienda.,,doc_2024.pdf p.224
2024,concentradohogar,factor,N (5),Factor de expansión,,Factor de expansión.,,doc_2024.pdf p.216
2024,concentradohogar,foliohog,C (1),Identificador del hogar,,al 5 los hogares adicionales.,,doc_2024.pdf p.215
2024,concentradohogar,folioviv,C (10),Identificador de la vivienda,,"rural, código 6), cuatro dígitos del número consecutivo de la UPM, un dígito de la decena de levantamiento y dos dígitos con un número consecutivo para la vivienda seleccionada.",,doc_2024.pdf p.215
2024,concentradohogar,foraneo,"N (12,2)",Transporte foráneo,Suma de gasto_tri de las tablas gastoshogar y,Gasto en transporte foráneo.,,doc_2024.pdf p.228
2024,concentradohogar,frutas,"N (12,2)",Frutas,Suma de gasto_tri de las tablas gastoshogar y,Gasto en frutas.,,doc_2024.pdf p.225
2024,concentradohogar,gasto_mon,"N (12,2)",Gasto corriente monetario,"Suma de de alimentos, vesti_calz, vivienda,",directamente hacen los hogares en bienes y servicios para su consumo.,,doc_2024.pdf p.224
2024,concentradohogar,hombres,N (2),Integrantes del hogar hombres,,domésticos y a los familiares de estos ni a los huéspedes.,,doc_2024.pdf p.219
2024,concentradohogar,horas_extr,"N (12,2)",Horas extras,,Remuneraciones por trabajar horas extras.,,doc_2024.pdf p.220
2024,concentradohogar,huevo,"N (12,2)",Huevo,Suma de gasto_tri de las tablas gastoshogar y,Gasto en huevo.,,doc_2024.pdf p.225
2024,concentradohogar,indemtrab,"N (12,2)",Indemnizaciones,,por despido y retiro voluntario.,,doc_2024.pdf p.221
2024,concentradohogar,industria,"N (12,2)",Negocios industriales,Suma de ingresos.ing_tri cuando la clave es P068 o,Ingresos de negocios industriales.,,doc_2024.pdf p.221
2024,concentradohogar,ing_cor,"N (12,2)",Ingreso corriente,,"provenientes de rentas, de transferencias, de estimación del alquiler y de otros ingresos.",,doc_2024.pdf p.220
2024,concentradohogar,ingtrab,"N (12,2)",Ingreso por trabajo,,"subordinado, como independiente y de otros trabajos.",,doc_2024.pdf p.220
2024,concentradohogar,jubilacion,"N (12,2)",Jubilaciones,,Jubilaciones y pensiones.1/,,doc_2024.pdf p.223
2024,concentradohogar,leche,"N (12,2)",Leche y derivados,Suma de gasto_tri de las tablas gastoshogar y,Gasto en leche y sus derivados.,,doc_2024.pdf p.225
2024,concentradohogar,limpieza,"N (12,2)",Limpieza,,"muebles, cristalería, utensilios domésticos y blancos.",,doc_2024.pdf p.227
2024,concentradohogar,mantenim,"N (12,2)",Mantenimiento de vehículos,,"mantenimiento, combustibles y servicio para vehículos.",,doc_2024.pdf p.229
2024,concentradohogar,mater_serv,"N (12,2)",Servicios y materiales,,"reparación, mantenimiento y/o ampliación de la vivienda.",,doc_2024.pdf p.231
2024,concentradohogar,material,"N (12,2)",Materiales,Suma de gasto_tri de las tablas gastoshogar y,ampliación de la vivienda.,,doc_2024.pdf p.231
2024,concentradohogar,mayores,N (2),Integrantes mayores,,de edad.,,doc_2024.pdf p.219
2024,concentradohogar,medic_prod,"N (12,2)",Medicamentos y productos sanitarios,,Gasto en medicamentos y productos sanitarios.,,doc_2024.pdf p.228
2024,concentradohogar,menores,N (2),Integrantes menores,,años de edad.,,doc_2024.pdf p.219
2024,concentradohogar,mujeres,N (2),Integrantes del hogar mujeres,Contar a las personas de la tabla Poblacion donde,domésticos y a los familiares de estos ni a los huéspedes.,,doc_2024.pdf p.219
2024,concentradohogar,negocio,"N (12,2)",Ingresos independiente,,"regularmente por su desempeño como trabajadores independientes en su trabajo principal o, si es el caso, en su trabajo secundario.",,doc_2024.pdf p.221
2024,concentradohogar,noagrop,"N (12,2)",Negocios no agropecuarios,,Ingresos de negocios no agropecuarios.,,doc_2024.pdf p.221
2024,concentradohogar,ocupados,N (2),Número de ocupados,Contar a las personas con trabajo,más años de edad.,,doc_2024.pdf p.219
2024,concentradohogar,otra_rem,"N (12,2)",Otras remuneraciones,,Otras remuneraciones monetarias.,,doc_2024.pdf p.221
2024,concentradohogar,otras_erog,"N (12,2)",Otras erogaciones,gastospersona para las claves del rubro otras_erog,Otras erogaciones financieras y de capital. del rubro otras_erog.,,doc_2024.pdf p.232
2024,concentradohogar,otras_perc,"N (12,2)",Otras percepciones,,Otras percepciones financieras y de capital.,,doc_2024.pdf p.231
2024,concentradohogar,otros_alim,"N (12,2)",Otros alimentos diversos,,Gasto en otros alimentos diversos.,,doc_2024.pdf p.226
2024,concentradohogar,otros_gas,"N (12,2)",Otros gastos diversos,,Otros gastos diversos.,,doc_2024.pdf p.230
2024,concentradohogar,otros_ing,"N (12,2)",Otros ingresos corrientes,,Otros ingresos corrientes.,,doc_2024.pdf p.224
2024,concentradohogar,otros_trab,"N (12,2)",Otros ingresos por trabajo,,Otros ingresos provenientes del trabajo.,,doc_2024.pdf p.222
2024,concentradohogar,p12_64,N (2),Integrantes de 12 a 64 años,Contar a las personas de la tabla Poblacion donde,12 y los 64 años.,,doc_2024.pdf p.219
2024,concentradohogar,p65mas,N (2),Integrantes de 65 años y más,,de edad.,,doc_2024.pdf p.219
2024,concentradohogar,pago_tarje,"N (12,2)",Pago por tarjeta de crédito,,Pago por tarjeta de crédito al banco o casa del rubro pago_tarje. comercial.,,doc_2024.pdf p.232
2024,concentradohogar,paq_turist,"N (12,2)",Paquetes turísticos,Suma de gasto_tri de las tablas gastoshogar y,hospedaje y alojamiento. nóicpircseD .4202 y,,doc_2024.pdf p.229
2024,concentradohogar,pecuarios,"N (12,2)",Negocios pecuarios,Suma de ingresos.ing_tri cuando la clave es P072 o,Ingresos de negocios pecuarios.,,doc_2024.pdf p.222
2024,concentradohogar,perc_ocupa,N (2),Perceptores de ingreso ocupados,"cualquiera de las claves P001-P009, P011-P016,",= 1 o 2. corriente monetario y tienen trabajo.,,doc_2024.pdf p.220
2024,concentradohogar,percep_ing,N (2),Perceptores de ingreso,,Número de personas que perciben ingreso P101-P108 en Ingresos. corriente monetario. nóicpircseD .4202 y,,doc_2024.pdf p.219
2024,concentradohogar,percep_tot,"N (12,2)",Percepciones totales,,que reciben las personas integrantes del hogar que se derivan de movimientos en el valor de sus activos.,,doc_2024.pdf p.230
2024,concentradohogar,personales,"N (12,2)",Personales,,personales y otros gastos diversos.,,doc_2024.pdf p.230
2024,concentradohogar,pesca,"N (12,2)",Negocios de pesca,,de animales.,,doc_2024.pdf p.222
2024,concentradohogar,pescado,"N (12,2)",Pescados y mariscos,Suma de gasto_tri de las tablas gastoshogar y,Gasto en pescados y mariscos.,,doc_2024.pdf p.225
2024,concentradohogar,pred_cons,"N (12,2)",Predial y cuotas,Suma de gasto_tri de las tablas gastoshogar y,servicio de conservación.,,doc_2024.pdf p.227
2024,concentradohogar,prest_terc,"N (12,2)",Préstamos a terceros,gastospersona para las claves del rubro prest_terc,Préstamos a terceros. del rubro prest_terc.,,doc_2024.pdf p.232
2024,concentradohogar,prestamos,"N (12,2)",Préstamos,Suma de ingresos.ing_tri cuando clave está en,hogar o instituciones. nóicpircseD .4202 y,,doc_2024.pdf p.230
2024,concentradohogar,publico,"N (12,2)",Transporte público,,Gasto en transporte público.,,doc_2024.pdf p.228
2024,concentradohogar,refaccion,"N (12,2)",Refacciones para vehículos,,para vehículos de uso particular.,,doc_2024.pdf p.229
2024,concentradohogar,remesas,"N (12,2)",Remesas,,Ingresos provenientes de otros países.,,doc_2024.pdf p.223
2024,concentradohogar,remu_espec,"N (12,2)",Remuneraciones en especie,,productos y/o servicios de consumo final y privado que reciben los trabajadores subordinados como remuneración.,,doc_2024.pdf p.221
2024,concentradohogar,rentas,"N (12,2)",Renta de la propiedad,,derivados de la posesión de activos financieros o tangibles que han puesto a disposición de otras unidades institucionales.,,doc_2024.pdf p.222
2024,concentradohogar,reproducc,"N (12,2)",Negocios de recolección,,reforestación y tala de árboles.,,doc_2024.pdf p.222
2024,concentradohogar,retiro_inv,"N (12,2)",Retiro de inversiones,Suma de ingresos.ing_tri cuando clave está en,"ahorro, etcétera.",,doc_2024.pdf p.230
2024,concentradohogar,salud,"N (12,2)",Cuidados de la salud,,Gasto en cuidados de la salud.,,doc_2024.pdf p.228
2024,concentradohogar,servicio,"N (12,2)",Servicios de reparación,Suma de gasto_tri de las tablas gastoshogar y,mantenimiento y/o ampliación de la vivienda. nóicpircseD .4202 y,,doc_2024.pdf p.231
2024,concentradohogar,servicios,"N (12,2)",Negocios de servicios,Suma de ingresos.ing_tri cuando la clave es P070 o,Ingresos de negocios de servicios. nóicpircseD .4202 y,,doc_2024.pdf p.221
2024,concentradohogar,sexo_jefe,C (1),Sexo del jefe del hogar,"{1, 2}",hogar en hombre o mujer.,,doc_2024.pdf p.217
2024,concentradohogar,smg,"N (8,2)",Salario mínimo general,,Salario mínimo general trimestralizado. nóicpircseD .4202 y,,doc_2024.pdf p.232
2024,concentradohogar,sueldos,"N (12,2)",Sueldos,,"Remuneraciones por sueldos, salarios y jornal.",,doc_2024.pdf p.220
2024,concentradohogar,tabaco,"N (12,2)",Tabaco,,Gasto en tabaco.,,doc_2024.pdf p.226
2024,concentradohogar,tam_loc,C (1),Tamaño de localidad,"{1,..., 4}",habitantes.,,doc_2024.pdf p.215
2024,concentradohogar,tot_integ,N (2),Número de integrantes del hogar,,domésticos y a los familiares de estos ni a los huéspedes. nóicpircseD .4202 y,,doc_2024.pdf p.218
2024,concentradohogar,trabajo,"N (12,2)",Ingreso por trabajo subordinado,,"las comisiones, aguinaldo, indemnizaciones del trabajo y remuneraciones en especie.",,doc_2024.pdf p.220
2024,concentradohogar,trans_inst,"N (12,2)",Transferencias de instituciones,Suma de gas_nm_tri de la tabla gastoshogar cuando,públicas o privadas otorgan a ciertos sectores de la población.,,doc_2024.pdf p.224
2024,concentradohogar,transf_gas,"N (12,2)",Transferencias de gasto,,Transferencias de gasto.,,doc_2024.pdf p.230
2024,concentradohogar,transf_hog,"N (12,2)",Transferencias de hogares,Suma de gas_nm_tri de la tabla gastoshogar cuando,hogares. nóicpircseD .4202 y,,doc_2024.pdf p.223
2024,concentradohogar,transfer,"N (12,2)",Transferencias,,hogar y por las cuales el proveedor o donante no demanda retribución de ninguna naturaleza.,,doc_2024.pdf p.223
2024,concentradohogar,transporte,"N (12,2)",Transporte,,"mantenimiento, accesorios y servicios para vehículos; comunicaciones.",,doc_2024.pdf p.228
2024,concentradohogar,tuberculo,"N (12,2)",Tubérculos,Suma de gasto_tri de las tablas gastoshogar y,Gasto en tubérculos.,,doc_2024.pdf p.225
2024,concentradohogar,ubica_geo,C (5),Ubicación geográfica,,"municipio. Estas corresponden al Catálogo de claves de entidades federativas, municipios y localidades, que está disponible en el sitio del",,doc_2024.pdf p.215
2024,concentradohogar,upm,C (7),Unidad primaria de muestreo,,"muestreo y corresponden a áreas geográficas con límites identificables en el terreno que agrupan un conjunto de viviendas, cuyo número depende del tamaño de las localidades.",,doc_2024.pdf p.216
2024,concentradohogar,utensilios,"N (12,2)",Utensilios domésticos,Suma de gasto_tri de las tablas gastoshogar y,domésticos.,,doc_2024.pdf p.227
2024,concentradohogar,utilidad,"N (12,2)",Ingresos de sociedades,,sociedades y empresas que funcionan como sociedades. nóicpircseD .4202 y,,doc_2024.pdf p.222
2024,concentradohogar,verduras,"N (12,2)",Verduras,Suma de gasto_tri de las tablas gastoshogar y,semillas.,,doc_2024.pdf p.225
2024,concentradohogar,vesti_calz,"N (12,2)",Vestido y calzado,,distingue tanto el sexo de los integrantes del hogar como los diferentes grupos de edad de estos.,,doc_2024.pdf p.226
2024,concentradohogar,vestido,"N (12,2)",Vestido,Suma de gasto_tri de las tablas gastoshogar y,Gasto en prendas de vestir.,,doc_2024.pdf p.226
2024,concentradohogar,vivienda,"N (12,2)",Vivienda,,energía eléctrica y combustibles.,,doc_2024.pdf p.227
2024,hogares,acc_alim1,C (1),Preocupación comida se acabe,"{1, 2}","vio en la preocupación que la comida se En los últimos tres meses, por falta de dinero o acabara.",,doc_2024.pdf p.54
2024,hogares,acc_alim10,C (1),Menor con alimentos no sanos,"{1, 2}",menor no tuvo alimentación sana y variada. recursos ¿alguna vez algún menor de 18 años en su,,doc_2024.pdf p.56
2024,hogares,acc_alim11,C (1),Menor con poca variedad de alimentos,"{1, 2}",menor tuvo una alimentación poco variada. recursos ¿alguna vez algún menor de 18 años en su,,doc_2024.pdf p.56
2024,hogares,acc_alim12,C (1),Menor comió menos,"{1, 2}","En los últimos tres meses, por falta de dinero o menor tuvo una reducida alimentación.",,doc_2024.pdf p.56
2024,hogares,acc_alim13,C (1),Disminuyó comida para menor,"{1, 2}",menor recibió menos cantidad de alimentos. recursos ¿alguna vez tuvieron que disminuir la,,doc_2024.pdf p.56
2024,hogares,acc_alim14,C (1),Menor sintió hambre y no comió,"{1, 2}","En los últimos tres meses, por falta de dinero o menor sintió hambre pero no comió.",,doc_2024.pdf p.57
2024,hogares,acc_alim15,C (1),Menor se acostó con hambre,"{1, 2}","En los últimos tres meses, por falta de dinero o menor se acostó con hambre.",,doc_2024.pdf p.57
2024,hogares,acc_alim16,C (1),Menor con una o menos comidas,"{1, 2}",menor dejó de comer todo un día. recursos ¿alguna vez algún menor de 18 años en su,,doc_2024.pdf p.57
2024,hogares,acc_alim18,C (1),Relación con el consumo regular,"{1,..., 3}",Relación del consumo regular de alimentos con ¿Considera usted que el consumo que reportó fue lo reportado durante la semana de entrevista.,,doc_2024.pdf p.59
2024,hogares,acc_alim2,C (1),Sin comida,"{1, 2}","quedaron sin comida. En los últimos tres meses, por falta de dinero o",,doc_2024.pdf p.54
2024,hogares,acc_alim3,C (1),Poca variedad de alimentos,"{1, 2}","En los últimos tres meses, ¿alguna vez se quedaron obtuvieron una alimentación sana y variada.",,doc_2024.pdf p.54
2024,hogares,acc_alim4,C (1),Adulto poca variedad de alimentos,"{1, 2}","alguna persona adulta no obtuvo una recursos, ¿alguna vez usted o alguna persona alimentación sana y variada.",,doc_2024.pdf p.54
2024,hogares,acc_alim5,C (1),Dejó algún alimento,"{1, 2}","alguna persona adulta no tuvo desayuno, En los últimos tres meses, por falta de dinero o comida o cena.",,doc_2024.pdf p.54
2024,hogares,acc_alim6,C (1),Comió menos,"{1, 2}",alguna persona adulta comió menos de lo recursos ¿alguna vez usted o alguna persona adulta pensado.,,doc_2024.pdf p.55
2024,hogares,acc_alim7,C (1),Sintió hambre y no comió,"{1, 2}","alguna persona adulta sintió hambre pero no En los últimos tres meses, por falta de dinero o comió.",,doc_2024.pdf p.55
2024,hogares,acc_alim8,C (1),Una o menos comidas,"{1, 2}",alguna persona adulta comió solo una vez o recursos ¿alguna vez usted o alguna persona adulta dejó de comer un día.,,doc_2024.pdf p.55
2024,hogares,acc_alim9,C (1),Mendigar por comida,"{1, 2}",familiar tuvo que mendigar o mandar a niños a recursos ¿alguna vez tuvieron que hacer algo que trabajar.,,doc_2024.pdf p.55
2024,hogares,af_cultivo,C (1),Afectación a cultivos por fenómeno climático,"{1, 2}","climáticos. Respecto al fenómeno climático referido, ¿cómo les",,doc_2024.pdf p.71
2024,hogares,af_empleo,C (1),Perdida de empleo por fenómeno climático,"{1, 2}","empleo o se quedó sin trabajo por un tiempo Respecto al fenómeno climático referido, ¿cómo les ante fenómenos climáticos.",,doc_2024.pdf p.71
2024,hogares,af_negocio,C (1),Daño en su negocio por fenómeno climático,"{1, 2}","Daño a su negocio ante fenómenos climáticos. Respecto al fenómeno climático referido, ¿cómo les",,doc_2024.pdf p.71
2024,hogares,af_otro,C (1),Otro tipo de afectación por fenómeno climático,"{1, 2}","Otra afectación ante fenómenos climáticos. Respecto al fenómeno climático referido, ¿cómo les",,doc_2024.pdf p.72
2024,hogares,af_salud,C (1),Afectaciones graves a su salud por fenómeno climático,"{1, 2}","fenómenos climáticos. Respecto al fenómeno climático referido, ¿cómo les",,doc_2024.pdf p.71
2024,hogares,af_trabajo,C (1),Perdida de animales de trabajo por fenómeno climático,"{1, 2}","ante fenómenos climáticos. Respecto al fenómeno climático referido, ¿cómo les",,doc_2024.pdf p.71
2024,hogares,af_viv,C (1),Daños a la vivienda por fenómeno climático,"{1, 2}","climáticos. Respecto al fenómeno climático referido, ¿cómo les",,doc_2024.pdf p.70
2024,hogares,alim17_1,N (1),Número de días que comieron cereales,Sección y/o apartado Sección IV,"hechos de maíz, trigo, arroz, avena, salvado, maíz, pan (blanco, integral, de caja, rústico, dulce), etcétera, durante la última semana.",,doc_2024.pdf p.57
2024,hogares,alim17_10,N (1),Número de días que comieron aceites,Sección y/o apartado Sección IV,"durante la última semana. comieron cualquier tipo de aceite (soya, cártamo,",,doc_2024.pdf p.59
2024,hogares,alim17_11,N (1),Número de días que comieron azúcar,Sección y/o apartado Sección IV,"comieron azúcar o miel (de abeja o maple), jarabe durante la última semana.",,doc_2024.pdf p.59
2024,hogares,alim17_12,N (1),Número de días que comieron otros alimentos,Sección y/o apartado Sección IV,"como condimentos, café, té durante la última Durante los últimos siete días, ¿cuántos días semana.",,doc_2024.pdf p.59
2024,hogares,alim17_2,N (1),Número de días que comieron tubérculos,Sección y/o apartado Sección IV,"provenientes de raíces o tubérculos, durante la Durante los últimos siete días, ¿cuántos días última semana.",,doc_2024.pdf p.57
2024,hogares,alim17_3,N (1),Número de días que comieron verduras,Sección y/o apartado Sección IV,"durante la última semana. Durante los últimos siete días, ¿cuántos días",,doc_2024.pdf p.58
2024,hogares,alim17_4,N (1),Número de días que comieron frutas,Sección y/o apartado Sección IV,"Durante los últimos siete días, ¿cuántos días última semana.",,doc_2024.pdf p.58
2024,hogares,alim17_5,N (1),Número de días que comieron carne,Sección y/o apartado Sección IV,"última semana. Durante los últimos siete días, ¿cuántos días comieron carne de vaca, cerdo, cordero, cabra,",,doc_2024.pdf p.58
2024,hogares,alim17_6,N (1),Número de días que comieron huevo,Sección y/o apartado Sección IV,"Durante los últimos siete días, ¿cuántos días última semana.",,doc_2024.pdf p.58
2024,hogares,alim17_7,N (1),Número de días que comieron pescado,Sección y/o apartado Sección IV,"Durante los últimos siete días, ¿cuántos días mariscos durante la última semana.",,doc_2024.pdf p.58
2024,hogares,alim17_8,N (1),Número de días que comieron leguminosas,Sección y/o apartado Sección IV,"comieron alimentos a base de frijoles, lentejas, semillas durante la última semana.",,doc_2024.pdf p.58
2024,hogares,alim17_9,N (1),Número de días que comieron lácteos,Sección y/o apartado Sección IV,"Durante los últimos siete días, ¿cuántos días lácteos durante la última semana.",,doc_2024.pdf p.59
2024,hogares,anio_aspir,C (2),Año de la última aspiradora adquirida,"{00,..., 24, 51,..., 99}",Año de adquisición de la última aspiradora.,,doc_2024.pdf p.67
2024,hogares,anio_auto,C (2),Año del último automóvil adquirido,"{00,..., 24, 51,..., 99}",Año de adquisición del último automóvil.,,doc_2024.pdf p.60
2024,hogares,anio_bici,C (2),Año de la última bicicleta adquirida,"{00,..., 24, 51,..., 99}",Año de adquisición de la última bicicleta. ¿En qué año adquirió su última bicicleta que se,,doc_2024.pdf p.62
2024,hogares,anio_canoa,C (2),Año de la última canoa adquirida,"{00,..., 24, 51,..., 99}","trajinera u otros vehículos para navegar. ¿En qué año adquirió su última canoa, lancha,",,doc_2024.pdf p.62
2024,hogares,anio_carre,C (2),Año de la última carreta adquirida,"{00,..., 24, 51,..., 99}","Año de adquisición de la última carreta. ¿En qué año adquirió su última carreta, calandria u",,doc_2024.pdf p.62
2024,hogares,anio_compu,C (2),Año de la última computadora adquirida,"{00,..., 24, 51,..., 99}",Año de adquisición de la última computadora. ¿En qué año adquirió su última computadora de,,doc_2024.pdf p.67
2024,hogares,anio_dvd,C (2),Año del último DVD adquirido,"{00,..., 24, 51,..., 99}","(reproductor de discos de video). ¿En qué año adquirió su último DVD, Blue-ray",,doc_2024.pdf p.64
2024,hogares,anio_ester,C (2),Año del último estéreo adquirido,"{00,..., 24, 51,..., 99}","minicomponente. ¿En qué año adquirió su último estéreo, modular o",,doc_2024.pdf p.63
2024,hogares,anio_estuf,C (2),Año de la última estufa adquirida,"{00,..., 24, 51,..., 99}",eléctrica. ¿En qué año adquirió su última estufa de gas o,,doc_2024.pdf p.66
2024,hogares,anio_impre,C (2),Año de la última impresora adquirida,"{00,..., 24, 51,..., 99}",Año de adquisición de la última impresora.,,doc_2024.pdf p.68
2024,hogares,anio_juego,C (2),Año del última consola de videojuegos adquirida,"{00,..., 24, 51,..., 99}",videojuegos. ¿En qué año adquirió su última consola de,,doc_2024.pdf p.68
2024,hogares,anio_lap,C (2),Año de la última laptop adquirida,"{00,..., 24, 51,..., 99}","computadora portátil (laptop, notebook). ¿En qué año adquirió su última computadora",,doc_2024.pdf p.68
2024,hogares,anio_lavad,C (2),Año de la última lavadora adquirida,"{00,..., 24, 51,..., 99}",Año de adquisición de la última lavadora.,,doc_2024.pdf p.66
2024,hogares,anio_licua,C (2),Año de la última licuadora adquirida,"{00,..., 24, 51,..., 99}",Año de adquisición de la última licuadora.,,doc_2024.pdf p.64
2024,hogares,anio_maqui,C (2),Año de la última máquina de coser adquirida,"{00,..., 24, 51,..., 99}",coser.,,doc_2024.pdf p.66
2024,hogares,anio_micro,C (2),Año del último horno adquirido,"{00,..., 24, 51,..., 99}",microondas. ¿En qué año adquirió su último horno de,,doc_2024.pdf p.65
2024,hogares,anio_moto,C (2),Año de la última moto adquirida,"{00,..., 24, 51,..., 99}",motoneta. ¿En qué año adquirió su última motocicleta o,,doc_2024.pdf p.61
2024,hogares,anio_otro,C (2),Año del último vehículo adquirido,"{00,..., 24, 51,..., 99}",tipo.,,doc_2024.pdf p.63
2024,hogares,anio_pick,C (2),Año de la última pick-up adquirida,"{00,..., 24, 51,..., 99}",caja.,,doc_2024.pdf p.61
2024,hogares,anio_planc,C (2),Año de la última plancha adquirida,"{00,..., 24, 51,..., 99}",eléctrica.,,doc_2024.pdf p.66
2024,hogares,anio_radio,C (2),Año del último radio adquirido,"{00,..., 24, 51,..., 99}",Año de adquisición del último radio. ¿En qué año adquirió su último aparato o dispositivo,,doc_2024.pdf p.63
2024,hogares,anio_refri,C (2),Año del último refrigerador adquirido,"{00,..., 24, 51,..., 99}",Año de adquisición del último refrigerador.,,doc_2024.pdf p.65
2024,hogares,anio_table,C (2),Año de la última tablet adquirida,"{00,..., 24, 51,..., 99}",Año de adquisición de la última tablet.,,doc_2024.pdf p.68
2024,hogares,anio_tosta,C (2),Año del último tostador adquirido,"{00,..., 24, 51,..., 99}",Año de adquisición del último tostador eléctrico.,,doc_2024.pdf p.65
2024,hogares,anio_trici,C (2),Año del último triciclo adquirido,"{00,..., 24, 51,..., 99}",Año de adquisición del último triciclo. ¿En qué año adquirió su último triciclo de carga,,doc_2024.pdf p.62
2024,hogares,anio_tva,C (2),Año del último televisor analógico adquirido,"{00,..., 24, 51,..., 99}",analógico.,,doc_2024.pdf p.64
2024,hogares,anio_tvd,C (2),Año del último televisor digital adquirido,"{00,..., 24, 51,..., 99}",Año de adquisición del último televisor digital. ¿En qué año adquirió su última plana (televisión,,doc_2024.pdf p.64
2024,hogares,anio_van,C (2),Año de la última camioneta adquirida,"{00,..., 24, 51,..., 99}",cerrada o con cabina. ¿En qué año adquirió su última camioneta cerrada o,,doc_2024.pdf p.61
2024,hogares,anio_venti,C (2),Año del último ventilador adquirido,"{00,..., 24, 51,..., 99}",Año de adquisición del último ventilador.,,doc_2024.pdf p.67
2024,hogares,autocons,C (1),Autoconsumo,"{1, 2}","obtuvo de un negocio que es de su propiedad,",,doc_2024.pdf p.74
2024,hogares,bene_licon,C (1),Beneficiario Liconsa,"{1, 2}","Actualmente, ¿usted o algún integrante del hogar es Abasto Social de Leche (Liconsa).",,doc_2024.pdf p.76
2024,hogares,camb_clim,C (1),Afectación por cambio climático,"{1, 2}","fenómeno climático como sequía, inundación, afectados por algún fenómeno climático como helada, incendio, huracán o tormenta tropical.",,doc_2024.pdf p.69
2024,hogares,celular,C (1),Teléfono celular,"{1, 2}",teléfono móvil aunque sea un solo integrante del hogar.,,doc_2024.pdf p.60
2024,hogares,cond_dicon,C (1),Venta condicionada,"{1, 2}",Venta condicionada en tienda Diconsa. ¿Les condicionan la venta de artículos alimentarios,,doc_2024.pdf p.78
2024,hogares,cond_licon,C (1),Otorgamiento condicionado,"{1, 2}",Compra condicionada por Liconsa. ¿Les condicionan el otorgamiento de leche Liconsa,,doc_2024.pdf p.76
2024,hogares,conex_inte,C (1),Dispone de conexión a internet,"{1, 2}",internet.,,doc_2024.pdf p.60
2024,hogares,consumo,C (1),Consumo,"{1, 2}","el desayuno, la comida o la cena o para la cada ... ¿las realizó en alguno de los días en los que despensa, en alguno de los días de la semana",,doc_2024.pdf p.73
2024,hogares,diconsa,C (1),Tienda Diconsa en la localidad,"{1, 2, 9}",Tienda de Diconsa en la colonia o localidad.,,doc_2024.pdf p.77
2024,hogares,entidad,C (2),Entidad federativa,Catálogo de entidades federativas,"entidades federativas, municipios y localidades,",Catálogo de entidades federativas,doc_2024.pdf p.78
2024,hogares,est_alim,N (9),Estimación de gastos en alimentos,Sección y/o apartado,bebidas y tabaco consumidos dentro y fuera de casa.,,doc_2024.pdf p.76
2024,hogares,est_dis,C (3),Estrato de diseño muestral,Sección y/o apartado,de UPM de acuerdo con su estrato geográfico (entidad-ámbito-zona).,,doc_2024.pdf p.78
2024,hogares,est_trans,N (9),Estimación en gastos de transporte,Sección y/o apartado Estimación del gasto mensual en transporte público,público. y las demás personas que conforman este hogar en,,doc_2024.pdf p.76
2024,hogares,f_desliza,C (1),Afectación por deslizamiento de tierras,{6},el año pasado. ¿Cuál fue el último fenómeno climático que los,,doc_2024.pdf p.70
2024,hogares,f_helada,C (1),Afectación por helada,{3},Afectación por helada durante el año pasado. ¿Cuál fue el último fenómeno climático que los,,doc_2024.pdf p.70
2024,hogares,f_huracan,C (1),Afectación por huracán o ciclón,{5},pasado. ¿Cuál fue el último fenómeno climático que los,,doc_2024.pdf p.70
2024,hogares,f_incendio,C (1),Afectación por incendio,{4},Afectación por incendio durante el año pasado. ¿Cuál fue el último fenómeno climático que los,,doc_2024.pdf p.70
2024,hogares,f_inunda,C (1),Afectación por inundación,{2},pasado. ¿Cuál fue el último fenómeno climático que los,,doc_2024.pdf p.69
2024,hogares,f_otro,C (1),Afectación por otro fenómeno climático,{7},el año pasado. ¿Cuál fue el último fenómeno climático que los,,doc_2024.pdf p.70
2024,hogares,f_sequia,C (1),Afectación por sequía,{1},Afectación por sequía durante el año pasado. ¿Cuál fue el último fenómeno climático que los,,doc_2024.pdf p.69
2024,hogares,factor,N (5),Factor de expansión,Sección y/o apartado,Factor de expansión.,,doc_2024.pdf p.79
2024,hogares,foliohog,C (1),Identificador del hogar,Sección y/o apartado,al 5 los hogares adicionales.,,doc_2024.pdf p.53
2024,hogares,folioviv,C (10),Identificador de la vivienda,Sección y/o apartado,"rural, código 6), cuatro dígitos del número consecutivo de la UPM, un dígito de la decena",,doc_2024.pdf p.53
2024,hogares,frec_dicon,C (1),Frecuencia de compra en Diconsa,"{1,..., 3}",Frecuencia de compra en tienda Diconsa. ¿Con qué frecuencia usted o algún integrante del,,doc_2024.pdf p.77
2024,hogares,habito_1,C (1),Cada mes,{1},¿Cada cuándo realizan las compras en alimentos y alimentos y bebidas.,,doc_2024.pdf p.72
2024,hogares,habito_2,C (1),Cada 15 días,{2},¿Cada cuándo realizan las compras en alimentos y alimentos y bebidas.,,doc_2024.pdf p.72
2024,hogares,habito_3,C (1),Cada 8 días,{3},¿Cada cuándo realizan las compras en alimentos y alimentos y bebidas.,,doc_2024.pdf p.72
2024,hogares,habito_4,C (1),Cada tercer día,{4},¿Cada cuándo realizan las compras en alimentos y alimentos y bebidas.,,doc_2024.pdf p.72
2024,hogares,habito_5,C (1),Diariamente,{5},¿Cada cuándo realizan las compras en alimentos y alimentos y bebidas.,,doc_2024.pdf p.73
2024,hogares,habito_6,C (1),Otros,{6},¿Cada cuándo realizan las compras en alimentos y las compras.,,doc_2024.pdf p.73
2024,hogares,huesp_come,N (1),Huéspedes que pagan por comer,Sección y/o apartado Sección II,Personas que pagan para comer en el hogar. ¿De esa o esas personas cuántas de ellas también,,doc_2024.pdf p.53
2024,hogares,huespedes,N (1),Huéspedes que pagan por dormir,Sección y/o apartado Sección II,dormir. Hay personas en este hogar que paguen por dormir,,doc_2024.pdf p.53
2024,hogares,lts_licon,C (1),Litros de leche Liconsa,"{1,..., 7}",compra a la semana. ¿Cuántos litros de leche Liconsa compra el hogar a,,doc_2024.pdf p.77
2024,hogares,negcua,C (1),Negocio del hogar,"{1, 2}","negocio que se de dedique a procesar, vender propiedad del hogar que se dedique a elaborar, o prestar un servicio.",,doc_2024.pdf p.76
2024,hogares,nr_viv,C (2),Número de renglón de vivienda,"Sección y/o apartado Sección I, Apartado 1.5",una cuota por la vivienda como prestación en el Asignar el número de renglón que corresponda trabajo.,,doc_2024.pdf p.73
2024,hogares,num_aspir,N (2),Número de aspiradoras del hogar,Sección y/o apartado Sección V,hogar.,,doc_2024.pdf p.67
2024,hogares,num_auto,N (2),Número de automóviles del hogar,Sección y/o apartado Sección V,hogar.,,doc_2024.pdf p.60
2024,hogares,num_bici,N (2),Número de bicicletas del hogar,Sección y/o apartado Sección V,medio de transporte en el hogar.,,doc_2024.pdf p.61
2024,hogares,num_canoa,N (2),Número de canoas del hogar,Sección y/o apartado Sección V,vehículos para navegar con los que cuenta el hogar.,,doc_2024.pdf p.62
2024,hogares,num_carre,N (2),Número de carretas del hogar,Sección y/o apartado Sección V,vehículos de tracción animal con los que cuenta el hogar.,,doc_2024.pdf p.62
2024,hogares,num_compu,N (2),Número de computadoras del hogar,Sección y/o apartado Sección V,el hogar.,,doc_2024.pdf p.67
2024,hogares,num_dvd,N (2),Número de DVD del hogar,Sección y/o apartado Sección V,discos de video) con los que cuenta el hogar.,,doc_2024.pdf p.64
2024,hogares,num_ester,N (2),Número de estéreos del hogar,Sección y/o apartado Sección V,minicomponentes con los que cuenta el hogar.,,doc_2024.pdf p.63
2024,hogares,num_estuf,N (2),Número de estufas del hogar,Sección y/o apartado Sección V,que cuenta el hogar.,,doc_2024.pdf p.65
2024,hogares,num_impre,N (2),Número de impresoras del hogar,Sección y/o apartado Sección V,hogar.,,doc_2024.pdf p.68
2024,hogares,num_juego,N (2),Número de consola de videojuegos,Sección y/o apartado Sección V,que cuenta el hogar.,,doc_2024.pdf p.68
2024,hogares,num_lap,N (2),Número de laptop adquiridas,Sección y/o apartado Sección V,notebook) con las que cuenta el hogar.,,doc_2024.pdf p.67
2024,hogares,num_lavad,N (2),Número de lavadoras del hogar,Sección y/o apartado Sección V,hogar.,,doc_2024.pdf p.66
2024,hogares,num_licua,N (2),Número de licuadoras del hogar,Sección y/o apartado Sección V,hogar.,,doc_2024.pdf p.64
2024,hogares,num_maqui,N (2),Número de máquinas de coser del hogar,Sección y/o apartado Sección V,cuenta el hogar.,,doc_2024.pdf p.66
2024,hogares,num_micro,N (2),Número de hornos de microondas del hogar,Sección y/o apartado Sección V,cuenta el hogar.,,doc_2024.pdf p.65
2024,hogares,num_moto,N (2),Número de motos del hogar,Sección y/o apartado Sección V,que cuenta el hogar.,,doc_2024.pdf p.61
2024,hogares,num_otro,N (2),Número de otros vehículos del hogar,Sección y/o apartado Sección V,cuenta el hogar.,,doc_2024.pdf p.63
2024,hogares,num_pick,N (2),Número de pick-up del hogar,Sección y/o apartado Sección V,cuenta el hogar.,,doc_2024.pdf p.61
2024,hogares,num_planc,N (2),Número de planchas del hogar,Sección y/o apartado Sección V,cuenta el hogar.,,doc_2024.pdf p.66
2024,hogares,num_radio,N (2),Número de radios del hogar,Sección y/o apartado Sección V,Número de radios con los que cuenta el hogar.,,doc_2024.pdf p.63
2024,hogares,num_refri,N (2),Número de refrigeradores del hogar,Sección y/o apartado Sección V,hogar.,,doc_2024.pdf p.65
2024,hogares,num_table,N (2),Número de tablet adquiridas,Sección y/o apartado Sección V,Número de tablet con las que cuenta el hogar.,,doc_2024.pdf p.68
2024,hogares,num_tosta,N (2),Número de tostadores del hogar,Sección y/o apartado Sección V,hogar.,,doc_2024.pdf p.65
2024,hogares,num_trab_d,N (1),Número de trabajadores domésticos,Sección y/o apartado Sección II,familiares.,,doc_2024.pdf p.53
2024,hogares,num_trici,N (2),Número de triciclos del hogar,Sección y/o apartado Sección V,de transporte en el hogar.,,doc_2024.pdf p.62
2024,hogares,num_tva,N (2),Número de televisores analógicos del hogar,Sección y/o apartado Sección V,cuenta el hogar.,,doc_2024.pdf p.63
2024,hogares,num_tvd,N (2),Número de televisores digitales del hogar,Sección y/o apartado Sección V,cuenta el hogar.,,doc_2024.pdf p.64
2024,hogares,num_van,N (2),Número de camionetas del hogar,Sección y/o apartado Sección V,(van o minivan) con las que cuenta el hogar.,,doc_2024.pdf p.61
2024,hogares,num_venti,N (2),Número de ventiladores del hogar,Sección y/o apartado Sección V,hogar.,,doc_2024.pdf p.67
2024,hogares,otro_pago,N (3),Otro monto de gasto,Sección y/o apartado Programas sociales (Liconsa y Diconsa),Otro pago por alimentos en tienda Diconsa. ¿Cuánto paga usted o algún integrante del hogar por,,doc_2024.pdf p.78
2024,hogares,otros_lts,N (2),Otra cantidad de litros,Sección y/o apartado Programas sociales (Liconsa y Diconsa),compra a la semana. ¿Cuántos litros de leche Liconsa compra el hogar a,,doc_2024.pdf p.77
2024,hogares,pago_dicon,C (1),Gasto semanal en Diconsa,"{1,..., 5, 7}",Diconsa. ¿Cuánto paga usted o algún integrante del hogar por,,doc_2024.pdf p.78
2024,hogares,pagotarjet,C (1),Pagos con tarjetas,"{1, 2}",integrante del hogar para la adquisición de personas que forman parte de su hogar alguno de tabaco o alimentos y bebidas consumidos,,doc_2024.pdf p.74
2024,hogares,parto_g,C (1),Gasto en parto,"{1, 2}","así como los medicamentos recetados, análisis Durante los meses _______a _________, ¿el hogar",,doc_2024.pdf p.75
2024,hogares,peliculas,C (1),Dispone de servicios de películas,"{1, 2}","películas, música o videos de paga por internet. ¿Este hogar cuenta con servicios de películas",,doc_2024.pdf p.60
2024,hogares,regalodado,C (1),Regalos a otras personas,"{1, 2}","Gasto en regalos a personas ajenas al hogar. Durante el mes pasado, ¿compró algún artículo o",,doc_2024.pdf p.74
2024,hogares,regalos,C (1),Regalos recibidos,"{1, 2}","para su consumo final y privado, que fueron recibidos como regalo de personas que",,doc_2024.pdf p.75
2024,hogares,regalotar,C (1),Regalos con tarjeta,"{1, 2}",pagado con tarjeta de crédito bancaria o De los artículos o servicios que compró o pagó comercial.,,doc_2024.pdf p.74
2024,hogares,remunera,C (1),Remuneraciones,"{1, 2}",productos y servicios de consumo final y privado que reciben los trabajadores,,doc_2024.pdf p.75
2024,hogares,tarjeta,C (1),Tarjeta,"{1, 2}","monto en dinero (crédito) como una forma de financiamiento por parte de la institución, que ¿Alguna de las personas que conforman su hogar",,doc_2024.pdf p.73
2024,hogares,telefono,C (1),Línea telefónica fija,"{1, 2}",con instalación alámbrica o satelital (antena).,,doc_2024.pdf p.59
2024,hogares,trab_come,N (1),Trabajadores domésticos que comen,Sección y/o apartado Sección II,en este hogar. ¿De esa o esas personas cuántas de ellas comen,,doc_2024.pdf p.53
2024,hogares,transferen,C (1),Transferencias,"{1, 2}","puedan disfrutar de ciertos artículos o servicios, esta ayuda consiste en que el organismo absorbe parte o el total del valor del bien o",,doc_2024.pdf p.75
2024,hogares,tsalud1_h,N (2),Horas en llegar al hospital,Sección y/o apartado Sección VI,"hospital en una emergencia. transporte que utilizaría, ¿cuánto tiempo cree que",,doc_2024.pdf p.69
2024,hogares,tsalud1_m,N (2),Minutos en llegar al hospital,Sección y/o apartado Sección VI,"hospital en una emergencia. transporte que utilizaría, ¿cuánto tiempo cree que",,doc_2024.pdf p.69
2024,hogares,tv_paga,C (1),Televisión de paga,"{1, 2}","televisión por pago, considerando que el ¿Este hogar cuenta con servicio de televisión servicio está en funcionamiento.",,doc_2024.pdf p.60
2024,hogares,upm,C (7),Unidad Primaria de Muestreo,Sección y/o apartado,"muestreo y corresponden a áreas geográficas con límites identificables en el terreno que agrupan un conjunto de viviendas, cuyo",,doc_2024.pdf p.79
2024,ingresos,clave,C (4),Clave de ingreso,Catálogo de ingresos,persona.,catalogo_ingresos,doc_2024.pdf p.135
2024,ingresos,entidad,C (2),Entidad federativa,Catálogo de entidades federativas,"entidades federativas, municipios y localidades, que está disponible en el sitio del",Catálogo de entidades federativas,doc_2024.pdf p.139
2024,ingresos,est_dis,C (3),Estrato de diseño muestral,Sección y/o apartado,de UPM de acuerdo con su estrato geográfico (entidad-ámbito-zona).,,doc_2024.pdf p.139
2024,ingresos,factor,N (5),Factor de expansión,Sección y/o apartado,Factor de expansión.,,doc_2024.pdf p.140
2024,ingresos,foliohog,C (1),Identificador del hogar,Sección y/o apartado,al 5 los hogares adicionales.,,doc_2024.pdf p.135
2024,ingresos,folioviv,C (10),Identificador de la vivienda,Sección y/o apartado,"rural, código 6), cuatro dígitos del número consecutivo de la UPM, un dígito de la decena de levantamiento y dos dígitos con un número",,doc_2024.pdf p.135
2024,ingresos,ing_1,N (9),Ingresos del primer mes,Sección y/o apartado,Ingreso del primer mes pasado a la entrevista.,,doc_2024.pdf p.137
2024,ingresos,ing_2,N (9),Ingresos del segundo mes,Sección y/o apartado,entrevista.,,doc_2024.pdf p.138
2024,ingresos,ing_3,N (9),Ingresos del tercer mes,Sección y/o apartado,Ingreso del tercer mes pasado a la entrevista.,,doc_2024.pdf p.138
2024,ingresos,ing_4,N (9),Ingresos del cuarto mes,Sección y/o apartado,Ingreso del cuarto mes pasado a la entrevista.,,doc_2024.pdf p.138
2024,ingresos,ing_5,N (9),Ingresos del quinto mes,Sección y/o apartado,Ingreso del quinto mes pasado a la entrevista.,,doc_2024.pdf p.138
2024,ingresos,ing_6,N (9),Ingresos del sexto mes,Sección y/o apartado,Ingreso del sexto mes pasado a la entrevista.,,doc_2024.pdf p.139
2024,ingresos,ing_tri,"N (12,2)",Ingreso trimestral,Sección y/o apartado,la decena de levantamiento.,,doc_2024.pdf p.139
2024,ingresos,mes_1,C (2),Primer mes,"{07,…, 10}",Primer mes pasado a la entrevista.,,doc_2024.pdf p.135
2024,ingresos,mes_2,C (2),Segundo mes,"{06,…, 09}",Segundo mes pasado a la entrevista.,,doc_2024.pdf p.136
2024,ingresos,mes_3,C (2),Tercer mes,"{05,…, 08}",Tercer mes pasado a la entrevista.,,doc_2024.pdf p.136
2024,ingresos,mes_4,C (2),Cuarto mes,"{04,…, 07}",Cuarto mes pasado a la entrevista.,,doc_2024.pdf p.136
2024,ingresos,mes_5,C (2),Quinto mes,"{03,…, 06}",Quinto mes pasado a la entrevista.,,doc_2024.pdf p.137
2024,ingresos,mes_6,C (2),Sexto mes,"{02,…, 05}",Sexto mes pasado a la entrevista.,,doc_2024.pdf p.137
2024,ingresos,numren,C (2),Identificador de la persona,Sección y/o apartado Sección III,integrantes del hogar. ¿Cuál es el nombre de los integrantes de este,,doc_2024.pdf p.135
2024,ingresos,upm,C (7),Unidad Primaria de Muestreo,Sección y/o apartado,"muestreo y corresponden a áreas geográficas con límites identificables en el terreno que agrupan un conjunto de viviendas, cuyo",,doc_2024.pdf p.139
2024,poblacion,act_pnea1,C (1),Primera actividad del integrante PNEA,"{1,..., 6}",económicamente activas.,,doc_2024.pdf p.120
2024,poblacion,act_pnea2,C (1),Segunda actividad del integrante PNEA,"{2,..., 5}",económicamente activas.,,doc_2024.pdf p.120
2024,poblacion,afrod,C (1),Afrodescendiente,"{1, 2}","negro(a) afrodescendiente. constumbres y tradiciones, ¿(NOMBRE) se",,doc_2024.pdf p.82
2024,poblacion,alfabetism,C (1),Alfabetismo,"{1, 2}",más años según sepan leer y escribir un recado.,,doc_2024.pdf p.86
2024,poblacion,antec_esc,C (1),Antecedente escolar,"{1,..., 5}","Normal), dentro del Sistema Educativo ¿Qué estudios le pidieron a (NOMBRE) para",,doc_2024.pdf p.90
2024,poblacion,asis_esc,C (1),Asistencia a la escuela,"{1, 2}","establecimiento de enseñanza escolar del Sistema Educativo Nacional (SEN), en",,doc_2024.pdf p.86
2024,poblacion,atemed,C (1),Servicios médicos,"{1, 2}",Salud Público (federal o estatal). o accidente que requiera de atención médica,,doc_2024.pdf p.99
2024,poblacion,aten_sal,C (1),Recepción de atención médica,"{1, 2}",de salud.,,doc_2024.pdf p.102
2024,poblacion,c_futuro,C (1),Jóvenes construyendo el futuro,"{1, 2}",construyendo el futuro. ¿Recibió el programa Jóvenes Construyendo el,,doc_2024.pdf p.120
2024,poblacion,comprenind,C (1),Comprensión,"{1, 2}",lengua indígena.,,doc_2024.pdf p.85
2024,poblacion,conyuge_id,C (2),Número de renglón del cónyuge,"{01,...,50}",del hogar de 12 o más años.,,doc_2024.pdf p.91
2024,poblacion,ct_futuro,C (1),"Jóvenes construyendo el futuro, código de trabajo","{1,…, 3, 8, 9}",ingreso recibido por el programa Jóvenes ¿Declaró el ingreso de este programa Construyendo el Futuro.,,doc_2024.pdf p.121
2024,poblacion,diabetes,C (1),Diabetes,"{1, 2}",servicios médicos preventivos asociados a la ¿En los últimos 12 meses le han tomado alguna diabetes.,,doc_2024.pdf p.117
2024,poblacion,disc_acti,C (1),Discapacidad para realizar actividades diarias,"{1,..., 4}","hogar para realizar actividades diarias por En su vida diaria (NOMBRE), ¿cuánta dificultad problemas emocionales o mentales (con",,doc_2024.pdf p.84
2024,poblacion,disc_apren,C (1),Discapacidad para aprender,"{1,..., 4}","hogar para aprender, recordar o concentrarse.",,doc_2024.pdf p.83
2024,poblacion,disc_brazo,C (1),Discapacidad para usar brazos,"{1,..., 4}","hogar para mover o usar brazos o manos. En su vida diaria (NOMBRE), ¿cuánta dificultad",,doc_2024.pdf p.82
2024,poblacion,disc_camin,C (1),Discapacidad para caminar,"{1,..., 4}","hogar para caminar, subir o bajar usando sus En su vida diaria (NOMBRE), ¿cuánta dificultad piernas.",,doc_2024.pdf p.83
2024,poblacion,disc_habla,C (1),Discapacidad para hablar,"{1,..., 4}",hogar para hablar o comunicarse.,,doc_2024.pdf p.83
2024,poblacion,disc_oir,C (1),Discapacidad para escuchar,"{1,..., 4}","hogar para escuchar (aunque use aparato En su vida diaria (NOMBRE), ¿cuánta dificultad auditivo).",,doc_2024.pdf p.82
2024,poblacion,disc_ver,C (1),Discapacidad para ver,"{1,..., 4}",hogar para ver (aunque use lentes).,,doc_2024.pdf p.82
2024,poblacion,disc_vest,C (1),Discapacidad para vestirse,"{1,..., 4}","hogar para bañarse, vestirse o comer.",,doc_2024.pdf p.83
2024,poblacion,edad,N (3),Edad,Sección y/o apartado Sección III,de la persona y la fecha de la entrevista.,,doc_2024.pdf p.80
2024,poblacion,edo_conyug,C (1),Situación conyugal,"{1,..., 8}",o más años.,,doc_2024.pdf p.90
2024,poblacion,edu_ini,C (1),Asistencia educación inicial,"{1,..., 6}",Lugar al que asiste para su educación inicial.,,doc_2024.pdf p.84
2024,poblacion,entidad,C (2),Entidad federativa,Catálogo de entidades federativas,"entidades federativas, municipios y localidades, que está disponible en el sitio del",Catálogo de entidades federativas,doc_2024.pdf p.121
2024,poblacion,est_dis,C (3),Estrato de diseño muestral,Sección y/o apartado,de UPM de acuerdo con su estrato geográfico (entidad-ámbito-zona).,,doc_2024.pdf p.121
2024,poblacion,etnia,C (1),Autoadscripción étnica,"{1, 2}",su cultura se consideran indígenas.,,doc_2024.pdf p.85
2024,poblacion,factor,N (5),Factor de expansión,Sección y/o apartado,Factor de expansión.,,doc_2024.pdf p.121
2024,poblacion,foliohog,C (1),Identificador del hogar,Sección y/o apartado,al 5 los hogares adicionales.,,doc_2024.pdf p.80
2024,poblacion,folioviv,C (10),Identificador de la vivienda,Sección y/o apartado,"rural, código 6), cuatro dígitos del número consecutivo de la UPM, un dígito de la decena de levantamiento y dos dígitos con un número",,doc_2024.pdf p.80
2024,poblacion,forma_b,C (1),Forma de beca escolar,"{1,..., 5}",Forma en la que se recibió la beca escolar.,,doc_2024.pdf p.88
2024,poblacion,forma_c,C (1),Forma de crédito educativo,"{1,..., 3}",Forma en la que se recibió el crédito educativo.,,doc_2024.pdf p.89
2024,poblacion,grado,C (1),Grado escolar al que asiste,"{1,..., 6}",del hogar de 3 o más años dentro del Sistema Educativo Nacional.,,doc_2024.pdf p.87
2024,poblacion,gradoaprob,C (1),Grado aprobado,"{0,...,6}",integrante del hogar de 3 o más años dentro ¿Hasta qué año o grado aprobó (NOMBRE) en la del Sistema Educativo Nacional.,,doc_2024.pdf p.89
2024,poblacion,hablaesp,C (1),Español,"{1, 2}",lengua indígena o dialecto que también habla español.,,doc_2024.pdf p.85
2024,poblacion,hablaind,C (1),Hablante indígena,"{1, 2}",lengua indígena o dialecto. ¿(NOMBRE) habla alguna lengua indígena o,,doc_2024.pdf p.85
2024,poblacion,hh_esp,N (2),Hora de espera,Sección y/o apartado,"Horas de espera para recibir atención médica. Cuando llegó al lugar, ¿cuánto tiempo tuvo que",,doc_2024.pdf p.105
2024,poblacion,hh_lug,N (2),Horas de traslado,Sección y/o apartado,Horas de traslado para recibir atención médica. ¿Cuánto tiempo tardó en llegar al lugar donde se,,doc_2024.pdf p.105
2024,poblacion,hijos_mue,N (2),Hijos fallecidos,Sección y/o apartado Sección X,hogar de 12 años o más.,,doc_2024.pdf p.119
2024,poblacion,hijos_sob,N (2),Hijos sobrevivientes,Sección y/o apartado Sección X,"hogar de 12 años o más, independientemente ¿Cuántas de sus hijas o hijos viven actualmente de donde residan.",,doc_2024.pdf p.119
2024,poblacion,hijos_viv,N (2),Hijos nacidos vivos,Sección y/o apartado Sección X,"tal como movimiento, latido del corazón, llanto En total, ¿cuántas hijas o hijos que nacieron vivos",,doc_2024.pdf p.119
2024,poblacion,hor_1,N (3),Horas de trabajo,Sección y/o apartado Sección IX,dedicaron a trabajar. Durante la semana pasada ¿cuánto tiempo dedicó a,,doc_2024.pdf p.93
2024,poblacion,hor_2,N (3),Horas de estudio,Sección y/o apartado Sección IX,dedicaron a estudiar y hacer actividades Durante la semana pasada ¿cuánto tiempo dedicó a relacionadas con el estudio.,,doc_2024.pdf p.94
2024,poblacion,hor_3,N (2),Horas de trabajo comunitario,Sección y/o apartado Sección IX,dedicaron a realizar trabajo comunitario o Durante la semana pasada ¿cuánto tiempo dedicó a voluntario.,,doc_2024.pdf p.94
2024,poblacion,hor_4,N (2),Horas de cuidado de otras personas,Sección y/o apartado Sección IX,"manera exclusiva a niños, ancianos, enfermos, cuidar, atender sin pago y de manera exclusiva a",,doc_2024.pdf p.95
2024,poblacion,hor_5,N (2),Horas de reparación,Sección y/o apartado Sección IX,"Durante la semana pasada ¿cuánto tiempo dedicó a vivienda, muebles, aparatos domésticos o",,doc_2024.pdf p.95
2024,poblacion,hor_6,N (2),Horas dedicadas a quehacer,Sección y/o apartado Sección IX,dedicaron a los quehaceres del hogar. Durante la semana pasada ¿cuánto tiempo dedicó a,,doc_2024.pdf p.96
2024,poblacion,hor_7,N (2),Horas de acarreo,Sección y/o apartado Sección IX,dedicaron a acarrear agua o leña. Durante la semana pasada ¿cuánto tiempo dedicó a,,doc_2024.pdf p.96
2024,poblacion,hor_8,N (2),Horas de actividades personales,Sección y/o apartado Sección IX,Durante la semana pasada ¿Cuánto tiempo le dedicaron a realizar actividades de su gusto.,,doc_2024.pdf p.97
2024,poblacion,inscr_1,C (1),Afiliado por prestación en el trabajo,{1},prestación en el trabajo.,,doc_2024.pdf p.99
2024,poblacion,inscr_2,C (1),Afiliado por jubilación o invalidez,{2},jubilación o invalidez,,doc_2024.pdf p.100
2024,poblacion,inscr_3,C (1),Afiliado por algún familiar en el hogar,{3},El origen de la afiliación o inscripción es por algún familiar en el hogar.,,doc_2024.pdf p.100
2024,poblacion,inscr_4,C (1),Afiliado por muerte del asegurado,{4},muerte del asegurado.,,doc_2024.pdf p.100
2024,poblacion,inscr_5,C (1),Afiliado por ser estudiante,{5},estudiante.,,doc_2024.pdf p.100
2024,poblacion,inscr_6,C (1),Afiliado por contratación propia,{6},contratación propia.,,doc_2024.pdf p.100
2024,poblacion,inscr_7,C (1),Afiliado por algún familiar de otro hogar,{7},algún familiar.,,doc_2024.pdf p.100
2024,poblacion,inscr_8,C (1),No sabe si está afiliado,{8},inscripción.,,doc_2024.pdf p.101
2024,poblacion,inst_1,,Institución médica IMSS,{1},a la persona que está afiliada al IMSS.,,doc_2024.pdf p.97
2024,poblacion,inst_2,C (1),Institución médica ISSSTE,{2},a la persona que está afiliada al ISSSTE.,,doc_2024.pdf p.98
2024,poblacion,inst_3,C (1),Institución médica ISSSTE estatal,{3},a la persona que está afiliada al ISSSTE estatal.,,doc_2024.pdf p.98
2024,poblacion,inst_4,C (1),Institución médica PEMEX,{4},"la persona que está afiliada a PEMEX, la defensa ¿Usted está afiliado o tiene acceso a servicios o la Marina.",,doc_2024.pdf p.98
2024,poblacion,inst_5,C (1),Institución médica IMSS-Bienestar,{5},la persona que está afiliada al IMSS-Bienestar. ¿Usted está afiliado o tiene acceso a servicios,,doc_2024.pdf p.98
2024,poblacion,inst_6,C (1),Institución de salud federal o estatal,{6},la persona que está afiliada o inscrita a un ¿Usted está afiliado o tiene acceso a servicios centro de salud.,,doc_2024.pdf p.98
2024,poblacion,inst_7,C (1),Seguro de gastos médicos,{7},la persona que está afiliada o inscrita a un ¿Usted está afiliado o tiene acceso a servicios seguro privado.,,doc_2024.pdf p.99
2024,poblacion,inst_8,C (1),Otra institución médica,{8},la persona que está afiliada o inscrita a otra ¿Usted está afiliado o tiene acceso a servicios institución.,,doc_2024.pdf p.99
2024,poblacion,inst_9,C (1),Sin afiliación,{9},servicios de salud. ¿Usted está afiliado o tiene acceso a servicios,,doc_2024.pdf p.99
2024,poblacion,lenguaind,C (4),Lengua indígena,Catálogo de lengua indígena,residentes de la vivienda de 3 años o más.,catalogo_lengua_indigena,doc_2024.pdf p.85
2024,poblacion,madre_hog,C (1),Identificador de la madre,"{1, 2}",hogar.,,doc_2024.pdf p.81
2024,poblacion,madre_id,C (2),Número de renglón de la madre,Sección y/o apartado Sección III,madre.,,doc_2024.pdf p.81
2024,poblacion,min_1,N (2),Minutos de trabajo,Sección y/o apartado Sección IX,dedicaron a trabajar. Durante la semana pasada ¿cuánto tiempo dedicó a,,doc_2024.pdf p.93
2024,poblacion,min_2,N (2),Minutos de estudio,Sección y/o apartado Sección IX,dedicaron a estudiar y hacer actividades Durante la semana pasada ¿cuánto tiempo dedicó a relacionadas con el estudio.,,doc_2024.pdf p.94
2024,poblacion,min_3,N (2),Minutos de trabajo comunitario,Sección y/o apartado Sección IX,dedicaron a realizar trabajo comunitario o Durante la semana pasada ¿cuánto tiempo dedicó a voluntario.,,doc_2024.pdf p.94
2024,poblacion,min_4,N (2),Minutos de cuidado de otras personas,Sección y/o apartado Sección IX,"manera exclusiva a niños, ancianos, enfermos, cuidar, atender sin pago y de manera exclusiva a",,doc_2024.pdf p.95
2024,poblacion,min_5,N (2),Minutos de reparación,Sección y/o apartado Sección IX,"Durante la semana pasada ¿cuánto tiempo dedicó a vivienda, muebles, aparatos domésticos o",,doc_2024.pdf p.96
2024,poblacion,min_6,N (2),Minutos dedicados a quehacer,Sección y/o apartado Sección IX,dedicaron a los quehaceres del hogar. Durante la semana pasada ¿cuánto tiempo dedicó a,,doc_2024.pdf p.96
2024,poblacion,min_7,N (2),Minutos de acarreo,Sección y/o apartado Sección IX,dedicaron a acarrear agua o leña. Durante la semana pasada ¿cuánto tiempo dedicó a,,doc_2024.pdf p.97
2024,poblacion,min_8,N (2),Minutos de actividades personales,Sección y/o apartado Sección IX,Durante la semana pasada ¿Cuánto tiempo le dedicaron a realizar actividades de su gusto.,,doc_2024.pdf p.97
2024,poblacion,mm_esp,N (2),Minutos de espera,"Sección y/o apartado Sección II, Pregunta 9","médica. Cuando llegó al lugar, ¿cuánto tiempo tuvo que",,doc_2024.pdf p.105
2024,poblacion,mm_lug,N (2),Minutos de traslado,Sección y/o apartado,médica. ¿Cuánto tiempo tardó en llegar al lugar donde se,,doc_2024.pdf p.105
2024,poblacion,motivo_aus,C (2),Motivo de ausencia al trabajo,"{01,...,13}",del hogar no trabajó el mes pasado. ¿Cuál es la razón principal por la que estuvo,,doc_2024.pdf p.119
2024,poblacion,nivel,C (2),Nivel escolar al que asiste,"{01,..., 14}",hogar de 3 o más años dentro del Sistema Educativo Nacional.,,doc_2024.pdf p.87
2024,poblacion,nivelaprob,C (2),Nivel de instrucción aprobado,"{00,..., 10}",integrante del hogar de 3 o más años dentro ¿Hasta qué año o grado aprobó (NOMBRE) en la del Sistema Educativo Nacional.,,doc_2024.pdf p.89
2024,poblacion,no_asis,C (1),Razón de no asistencia escolar,"{1,..., 9}","asiste a la escuela, estancia infantil, CENDI, CADI ¿Cuál es la razón principal por que (NOMBRE) no o guardería.",,doc_2024.pdf p.84
2024,poblacion,no_asisb,C (2),Razón de no asistencia escolar,"{01,..., 13, 99}","no asiste a la escuela, estancia infantil, CENDI, ¿Cuál es la razón principal por la que (NOMBRE) no CADI o guardería.",,doc_2024.pdf p.86
2024,poblacion,noatenc_1,C (2),No hay donde atenderse,{01},el cual la gente no se atiende cuando lo requiere.,,doc_2024.pdf p.107
2024,poblacion,noatenc_10,C (2),Sin atención por unidad cerrada,{10},motivo por el cual la gente no se atiende cuando lo requiere.,,doc_2024.pdf p.110
2024,poblacion,noatenc_11,C (2),No hubo médicos,{11},la gente no se atiende cuando lo requiere.,,doc_2024.pdf p.110
2024,poblacion,noatenc_12,,Se lo impidieron,{12},gente no se atiende cuando lo requiere.,,doc_2024.pdf p.110
2024,poblacion,noatenc_13,C (2),Falta de tiempo,{13},gente no se atiende cuando lo requiere.,,doc_2024.pdf p.110
2024,poblacion,noatenc_14,C (2),No hubo quién lo llevara,{14},cual la gente no se atiende cuando lo requiere.,,doc_2024.pdf p.111
2024,poblacion,noatenc_15,C (2),No era necesario,{15},la gente no se atiende cuando lo requiere.,,doc_2024.pdf p.111
2024,poblacion,noatenc_16,C (2),Se automedicó,{16},gente no se atiende cuando lo requiere.,,doc_2024.pdf p.111
2024,poblacion,noatenc_2,C (2),Sin atención por falta de dinero,{02},motivo por el cual la gente no se atiende cuando lo requiere.,,doc_2024.pdf p.108
2024,poblacion,noatenc_3,C (2),Unidad médica lejana,{03},cual la gente no se atiende cuando lo requiere.,,doc_2024.pdf p.108
2024,poblacion,noatenc_4,C (2),No lo atienden,{04},gente no se atiende cuando lo requiere.,,doc_2024.pdf p.108
2024,poblacion,noatenc_5,C (2),No le tiene confianza,{05},cual la gente no se atiende cuando lo requiere.,,doc_2024.pdf p.108
2024,poblacion,noatenc_6,C (2),Lo tratan mal,{06},gente no se atiende cuando lo requiere.,,doc_2024.pdf p.109
2024,poblacion,noatenc_7,C (2),No hablan la misma lengua,{07},por el cual la gente no se atiende cuando lo requiere.,,doc_2024.pdf p.109
2024,poblacion,noatenc_8,C (2),Hay que esperar mucho,{08},el cual la gente no se atiende cuando lo requiere.,,doc_2024.pdf p.109
2024,poblacion,noatenc_9,C (2),No le dan medicamento,{09},cual la gente no se atiende cuando lo requiere.,,doc_2024.pdf p.109
2024,poblacion,norecib_1,C (2),Sin atención centro de salud,{01},(Secretaría de Salud).,,doc_2024.pdf p.111
2024,poblacion,norecib_10,C (2),Sin atención curandero,{10},"comadrona, brujo, etcétera.",,doc_2024.pdf p.114
2024,poblacion,norecib_11,C (2),Sin atención otro lugar,{11},No recibió atención médica en otro lugar.,,doc_2024.pdf p.114
2024,poblacion,norecib_2,C (2),Sin atención hospital o instituto,{02},(Secretaría de Salud).,,doc_2024.pdf p.112
2024,poblacion,norecib_3,C (2),Sin atención IMSS,{03},IMSS.,,doc_2024.pdf p.112
2024,poblacion,norecib_4,C (2),Sin atención IMSS-Bienestar,,No recibió atención en el IMSS-BIENESTAR.,,doc_2024.pdf p.112
2024,poblacion,norecib_5,C (2),Sin atención ISSSTE,{05},No recibió atención en el ISSSTE.,,doc_2024.pdf p.112
2024,poblacion,norecib_6,C (2),Sin atención ISSSTE estatal,{06},No recibió atención en el ISSSTE estatal.,,doc_2024.pdf p.113
2024,poblacion,norecib_7,C (2),Sin atención otro servicio médico público,{07},"público (PEMEX, Defensa, Marina, DIF, INI).",,doc_2024.pdf p.113
2024,poblacion,norecib_8,C (2),Sin atención consultorios privados,{08},privado.,,doc_2024.pdf p.113
2024,poblacion,norecib_9,,Sin atención consultorio de farmacias,,farmacias.,,doc_2024.pdf p.113
2024,poblacion,num_trabaj,C (1),Número de trabajos,"{1, 2}",hogar realizaron durante el mes pasado.,,doc_2024.pdf p.120
2024,poblacion,numren,C (2),Identificador de la persona,Sección y/o apartado Sección III,integrantes del hogar.,,doc_2024.pdf p.80
2024,poblacion,otorg_b,C (1),Otorga beca escolar,"{1,..., 5}",escolar.,,doc_2024.pdf p.88
2024,poblacion,otorg_c,C (1),Otorga crédito educativo,"{1,..., 4}",educativo.,,doc_2024.pdf p.89
2024,poblacion,padre_hog,C (1),Identificador del padre,"{1, 2}",Identifican al padre de las personas del hogar.,,doc_2024.pdf p.81
2024,poblacion,padre_id,C (2),Número de renglón del padre,Sección y/o apartado Sección III,Número de renglón correspondiente al padre.,,doc_2024.pdf p.81
2024,poblacion,pagoaten_1,C (1),Pago por consulta,{1},"Pago por consulta en su atención médica. En aquella ocasión, ¿tuvo que pagar por algunos de",,doc_2024.pdf p.106
2024,poblacion,pagoaten_2,C (1),Pago por medicamentos,{2},"médica. En aquella ocasión, ¿tuvo que pagar por algunos de",,doc_2024.pdf p.106
2024,poblacion,pagoaten_3,C (1),Pago por estudios de laboratorio,{3},"atención médica. En aquella ocasión, ¿tuvo que pagar por algunos de",,doc_2024.pdf p.106
2024,poblacion,pagoaten_4,C (1),Pago por hospitalización,{4},"médica. En aquella ocasión, ¿tuvo que pagar por algunos de",,doc_2024.pdf p.106
2024,poblacion,pagoaten_5,C (1),Pago por instrumental médico,{5},"médica. En aquella ocasión, ¿tuvo que pagar por algunos de",,doc_2024.pdf p.107
2024,poblacion,pagoaten_6,C (1),Otro pago,{6},"Otro pago en su atención médica. En aquella ocasión, ¿tuvo que pagar por algunos de",,doc_2024.pdf p.107
2024,poblacion,pagoaten_7,C (1),No pagó por atención médica,{7},"No pagó nada en su atención médica. En aquella ocasión, ¿tuvo que pagar por algunos de",,doc_2024.pdf p.107
2024,poblacion,pais_nac,C (1),Entidad o país de nacimiento,"{1,..., 4}",Estado de la república o el país en que nació ¿En qué estado de la República o en qué país,,doc_2024.pdf p.81
2024,poblacion,pareja_hog,C (1),Identificador del cónyuge,"{1, 2}","años. En este hogar, ¿vive la pareja o esposa(o) de",,doc_2024.pdf p.91
2024,poblacion,parentesco,C (3),Parentesco,Catálogo de parentesco,"conyugal, por consanguinidad, adopción, ¿Qué parentesco tiene (NOMBRE) con la jefa o jefe afinidad o costumbre.",catalogo_parentesco,doc_2024.pdf p.80
2024,poblacion,peso,C (1),Control de peso y talla,"{1, 2}","cuidado de la salud o de vigilancia del ¿En los últimos 12 meses, algún médico o",,doc_2024.pdf p.117
2024,poblacion,pres_alta,C (1),Presión alta,"{1, 2}",servicios médicos preventivos asociados a ¿En los últimos 12 meses le han medido a usted su problemas cardiacos.,,doc_2024.pdf p.117
2024,poblacion,prob_anio,C (4),Año con problemas de salud,Sección y/o apartado,"¿Cuándo fue la última vez que sufrió algún dolor, salud.",,doc_2024.pdf p.101
2024,poblacion,prob_mes,C (2),Mes con problemas de salud,"{01,..., 12}","¿Cuándo fue la última vez que sufrió algún dolor, salud.",,doc_2024.pdf p.101
2024,poblacion,prob_sal,C (1),Búsqueda de atención médica,"{1, 2}",de salud.,,doc_2024.pdf p.102
2024,poblacion,razon_1,C (2),No tenía dinero,{01},porque no tenía dinero.,,doc_2024.pdf p.114
2024,poblacion,razon_10,C (2),El personal dijo que no era necesario,,porque el personal de la unidad le dijo que no era necesario que se atendiera.,,doc_2024.pdf p.116
2024,poblacion,razon_11,C (2),Otra razón de no atención,{11},médica.,,doc_2024.pdf p.117
2024,poblacion,razon_2,C (2),No entendía su lengua,{02},porque no entendía su lengua.,,doc_2024.pdf p.114
2024,poblacion,razon_3,C (2),No quisieron,{03},porque no quisieron.,,doc_2024.pdf p.115
2024,poblacion,razon_4,C (2),Dijeron que no era necesario,{04},porque dijeron que no era necesario.,,doc_2024.pdf p.115
2024,poblacion,razon_5,C (2),No tenían tiempo,{05},porque no tenían tiempo.,,doc_2024.pdf p.115
2024,poblacion,razon_6,C (2),Razón por unidad médica cerrada,{06},porque la unidad médica estaba cerrada.,,doc_2024.pdf p.115
2024,poblacion,razon_7,C (2),Cita hasta mucho tiempo después,{07},porque le dieron cita hasta mucho tiempo después.,,doc_2024.pdf p.116
2024,poblacion,razon_8,C (2),No había médico,{08},porque no había médico.,,doc_2024.pdf p.116
2024,poblacion,razon_9,C (2),No le dieron ninguna razón,{09},No le dieron ninguna razón para no atenderla.,,doc_2024.pdf p.116
2024,poblacion,redsoc_1,C (1),Pedir ayuda para conseguir trabajo,"{1,..., 5}",personas podrían conseguir ayuda para ¿Cree usted que si necesitara pedir ayuda para conseguir un trabajo.,,doc_2024.pdf p.92
2024,poblacion,redsoc_2,C (1),Pedir ayuda para que lo (la) cuiden,"{1,..., 5}",personas podrían conseguir ayuda para que ¿Cree usted que si necesitara pedir ayuda para que lo(a) cuiden en una enfermedad.,,doc_2024.pdf p.92
2024,poblacion,redsoc_3,C (1),Pedir la cantidad de dinero de un mes,"{1,..., 5}",¿Cree usted que si necesitara pedirle a alguien la cantidad de dinero que ingresa al hogar en un,,doc_2024.pdf p.92
2024,poblacion,redsoc_4,C (1),Pedir que lo (la) acompañen al doctor,"{1,..., 5}",personas podrían conseguir ayuda para que ¿Cree usted que si necesitara pedir ayuda para que lo(a) acompañen al doctor.,,doc_2024.pdf p.92
2024,poblacion,redsoc_5,C (1),Pedir cooperación para mejoras en su colonia,"{1,..., 5}",personas podrían conseguir cooperación para ¿Cree usted que si necesitara pedir cooperación realizar mejoras en su colonia o localidad.,,doc_2024.pdf p.93
2024,poblacion,redsoc_6,C (1),Pedir que le cuiden a los (as) niños (as),"{1,..., 5}",personas podrían conseguir ayuda para que ¿Cree usted que si necesitara pedir ayuda para que cuiden a los(as) niños(as) en este hogar.,,doc_2024.pdf p.93
2024,poblacion,residencia,C (2),Residencia,Catálogo de residencia,"hogar, 5 años antes del momento de la ¿Hace 5 años, en octubre de 2019, en qué estado entrevista.",catalogo_residencia,doc_2024.pdf p.90
2024,poblacion,segsoc,C (1),Contribución a la seguridad social,"{1, 2}",productiva a fin de gozar de los beneficios de ¿Alguna vez ha contribuido o cotizado para alguna esta. Pueden ser instituciones nacionales y/o,,doc_2024.pdf p.91
2024,poblacion,segvol_1,C (1),"Seguro voluntario SAR, AFORE",{1},de seguro que el integrante del hogar ha contratado voluntariamente.,,doc_2024.pdf p.117
2024,poblacion,segvol_2,C (1),Seguro voluntario de gastos médicos,{2},seguro que el integrante del hogar ha contratado voluntariamente.,,doc_2024.pdf p.118
2024,poblacion,segvol_3,C (1),Seguro voluntario de vida,{3},integrante del hogar ha contratado voluntariamente.,,doc_2024.pdf p.118
2024,poblacion,segvol_4,C (1),Seguro voluntario de invalidez,{4},integrante del hogar ha contratado voluntariamente.,,doc_2024.pdf p.118
2024,poblacion,segvol_5,C (1),Otro tipo de seguro voluntario,{5},ha contratado voluntariamente.,,doc_2024.pdf p.118
2024,poblacion,segvol_6,C (1),Ningún tipo de seguro voluntario,{6},Ningún tipo de seguro voluntario.,,doc_2024.pdf p.118
2024,poblacion,segvol_7,C (1),No sabe si tiene seguros,{7},del hogar tiene contratado.,,doc_2024.pdf p.118
2024,poblacion,servmed_1,,Atención en centros de salud,{01},Recibe atención médica en centros de salud.,,doc_2024.pdf p.102
2024,poblacion,servmed_10,C (2),Atención con curandero,{10},Recibe atención médica con curandero.,,doc_2024.pdf p.104
2024,poblacion,servmed_11,C (2),Atención en otro lugar,{11},Recibe atención médica en otro lugar.,,doc_2024.pdf p.105
2024,poblacion,servmed_2,C (2),Atención en hospital,{02},Recibe atención médica en hospital.,,doc_2024.pdf p.102
2024,poblacion,servmed_3,C (2),Atención en el IMSS,{03},Recibe atención médica en el IMSS.,,doc_2024.pdf p.103
2024,poblacion,servmed_4,C (2),Atención en IMSS-Bienestar,{04},Recibe atención médica en IMSS-Bienestar.,,doc_2024.pdf p.103
2024,poblacion,servmed_5,,Atención en ISSSTE,{05},Recibe atención médica en ISSSTE.,,doc_2024.pdf p.103
2024,poblacion,servmed_6,C (2),Atención en ISSSTE estatal,{06},Recibe atención médica en ISSSTE estatal.,,doc_2024.pdf p.103
2024,poblacion,servmed_7,C (2),Atención médica en otra institución pública,{07},pública .,,doc_2024.pdf p.104
2024,poblacion,servmed_8,C (2),Atención en consultorios privados,{08},privados.,,doc_2024.pdf p.104
2024,poblacion,servmed_9,C (2),Atención en consultorios de farmacias,{09},farmacias.,,doc_2024.pdf p.104
2024,poblacion,sexo,C (1),Sexo,"{1, 2}",en hombres o mujeres.,,doc_2024.pdf p.80
2024,poblacion,ss_aa,N (2),Tiempo de contribución años,Sección y/o apartado Sección VI,social.,,doc_2024.pdf p.91
2024,poblacion,ss_mm,N (2),Tiempo de contribución meses,Sección y/o apartado Sección VI,seguridad social.,,doc_2024.pdf p.91
2024,poblacion,tiene_b,C (1),Beca escolar,"{1, 2}",a los integrantes del hogar que asisten a la ¿Le otorgaron beca a (NOMBRE) para este año escuela.,,doc_2024.pdf p.88
2024,poblacion,tiene_c,C (1),Crédito educativo,"{1, 2}","materiales, etcétera. Quien lo recibe está comprometido a pagarlo en parte o en su ¿Le otorgaron crédito educativo a (NOMBRE) para",,doc_2024.pdf p.88
2024,poblacion,tipoesc,C (1),Tipo de escuela,"{1,..., 3}","Educativo Nacional según sea pública, privada",,doc_2024.pdf p.87
2024,poblacion,trabajo_mp,C (1),Trabajó el mes pasado,"{1, 2}","referencia, que permite clasificarla como parte de la Población Económicamente Activa (PEA) o como parte de la Población No",,doc_2024.pdf p.119
2024,poblacion,upm,C (7),Unidad Primaria de Muestreo,Sección y/o apartado,"muestreo y corresponden a áreas geográficas con límites identificables en el terreno que agrupan un conjunto de viviendas, cuyo",,doc_2024.pdf p.121
2024,poblacion,usotiempo1,C (1),Trabajar,"{8, 9}",No recuerda haber trabajado. Durante la semana pasada ¿cuánto tiempo dedicó a,,doc_2024.pdf p.94
2024,poblacion,usotiempo2,C (1),Estudiar y hacer actividades,"{8, 9}",Durante la semana pasada ¿cuánto tiempo dedicó a estudiar.,,doc_2024.pdf p.94
2024,poblacion,usotiempo3,C (1),Trabajo comunitario,"{8, 9}",realizar trabajo comunitario o voluntario. Durante la semana pasada ¿cuánto tiempo dedicó a,,doc_2024.pdf p.95
2024,poblacion,usotiempo4,C (1),"Cuidar, atender sin pago","{8, 9}","cuidar, atender sin pago y de manera exclusiva cuidar, atender sin pago y de manera exclusiva a a niños, ancianos, enfermos, discapacitados.",,doc_2024.pdf p.95
2024,poblacion,usotiempo5,C (1),Reparar su vivienda,"{8, 9}","dar mantenimiento a su vivienda, muebles, Durante la semana pasada ¿cuánto tiempo dedicó a aparatos domésticos o vehículos.",,doc_2024.pdf p.96
2024,poblacion,usotiempo6,C (1),Realizar quehacer en su hogar,"{8, 9}",quehaceres del hogar. Durante la semana pasada ¿cuánto tiempo dedicó a,,doc_2024.pdf p.96
2024,poblacion,usotiempo7,C (1),Acarrear agua o leña,"{8, 9}",acarrear agua o leña. Durante la semana pasada ¿cuánto tiempo dedicó a,,doc_2024.pdf p.97
2024,poblacion,usotiempo8,C (1),Tiempo para realizar actividades,"{8, 9}",Durante la semana pasada ¿Cuánto tiempo le realizar actividades de su gusto.,,doc_2024.pdf p.97
2024,trabajos,clas_emp,C (1),Clasificación de la empresa,"{1,..., 4}","como a las unidades económicas privadas que no se ubican bajo la modalidad de negocios Entonces, ¿estamos hablando de que esta empresa privados, para canalizarlas a una secuencia",,doc_2024.pdf p.155
2024,trabajos,conf_pers,C (1),Confirmación de personal,"{1, 2}",actividad principal durante el periodo de ¿El personal empleado es el mismo que utilizó en la,,doc_2024.pdf p.159
2024,trabajos,contrato,C (1),Tuvo contrato,"{1, 2}",Existencia de un contrato laboral por escrito.,,doc_2024.pdf p.149
2024,trabajos,entidad,C (2),Entidad federativa,Catálogo de entidades federativas,"entidades federativas, municipios y localidades, que está disponible en el sitio del",Catálogo de entidades federativas,doc_2024.pdf p.161
2024,trabajos,est_dis,C (3),Estrato de diseño muestral,Sección y/o apartado,de UPM de acuerdo con su estrato geográfico,,doc_2024.pdf p.161
2024,trabajos,factor,N (5),Factor de expansión,Sección y/o apartado,Factor de expansión.,,doc_2024.pdf p.161
2024,trabajos,foliohog,C (1),Identificador del hogar,Sección y/o apartado,al 5 los hogares adicionales.,,doc_2024.pdf p.147
2024,trabajos,folioviv,C (10),Identificador de la vivienda,Sección y/o apartado,"rural, código 6), cuatro dígitos del número consecutivo de la UPM, un dígito de la decena de levantamiento y dos dígitos con un número",,doc_2024.pdf p.147
2024,trabajos,htrab,N (3),Horas trabajadas,"Sección y/o apartado Apartado 3.1, Pregunta 1; Sección IV, Apartado 4.2,","Número de horas que trabajó a la semana. El mes pasado en este trabajo, ¿cuántas horas a la",,doc_2024.pdf p.154
2024,trabajos,id_trabajo,C (1),Identificador del trabajo,"{1, 2}",Identificador del trabajo.,,doc_2024.pdf p.147
2024,trabajos,indep,C (1),Trabajó por su cuenta,"{1, 2}","El trabajo que tuvo fue por su cuenta. Entonces, ¿se dedicó a un negocio o actividad por",,doc_2024.pdf p.148
2024,trabajos,lugar,C (1),Confirmación de establecimiento,"{1, 2}","misma unidad económica, en la que se ¿Esta(s) actividad(es) la(s) realizó en el mismo lugar desarrolla la actividad principal.",,doc_2024.pdf p.159
2024,trabajos,medtrab_1,C (1),Servicios médicos del IMSS,{1},servicios médicos del seguro social. ¿En este trabajo le dieron las siguientes,,doc_2024.pdf p.159
2024,trabajos,medtrab_2,C (1),Servicios médicos del ISSSTE,{2},de servicios médicos del ISSSTE.,,doc_2024.pdf p.159
2024,trabajos,medtrab_3,C (1),Servicios médicos ISSSTE Estatal,{3},de servicios médicos del ISSSTE estatal.,,doc_2024.pdf p.160
2024,trabajos,medtrab_4,C (1),Servicios médicos de PEMEX,{4},"de servicios médicos de PEMEX, del ejército o ¿En este trabajo le dieron las siguientes de la marina.",,doc_2024.pdf p.160
2024,trabajos,medtrab_5,C (1),Servicios médicos de universidades,{5},servicios médicos de universidades. ¿En este trabajo le dieron las siguientes,,doc_2024.pdf p.160
2024,trabajos,medtrab_6,C (1),Servicios médicos privados,{6},servicios médicos privados. ¿En este trabajo le dieron las siguientes,,doc_2024.pdf p.160
2024,trabajos,medtrab_7,C (1),No tiene servicios médicos,{7},En el trabajo no cuentan con servicios médicos. ¿En este trabajo le dieron las siguientes,,doc_2024.pdf p.161
2024,trabajos,no_ing,C (2),No ingresos,"{01,..., 13, 99)","económicas, no percibieron ingresos",,doc_2024.pdf p.156
2024,trabajos,numren,C (2),Identificador de la persona,Sección y/o apartado Sección III,integrantes del hogar.,,doc_2024.pdf p.147
2024,trabajos,otra_act,C (1),Otras actividades del negocio,"{1, 2}","durante el periodo de referencia, tanto en el Además de la actividad mencionada, el mes pasado,",,doc_2024.pdf p.157
2024,trabajos,pago,C (1),Cómo le pagaron,"{1,..., 3}",Forma de pago en su trabajo.,,doc_2024.pdf p.148
2024,trabajos,personal,C (1),Tuvo personal,"{1, 2}",cargo. ¿Tuvo empleados o le ayudaron personas en su,,doc_2024.pdf p.148
2024,trabajos,pres_1,C (2),Incapacidad médica,{01},"incapacidad en caso de enfermedad, accidente ¿En este trabajo le dieron las siguientes o maternidad.",,doc_2024.pdf p.149
2024,trabajos,pres_10,C (2),Préstamos,{10},préstamos personales y/o caja de ahorro. ¿En este trabajo le dieron las siguientes,,doc_2024.pdf p.151
2024,trabajos,pres_11,C (2),Prima vacacional,{11},prima vacacional. ¿En este trabajo le dieron las siguientes,,doc_2024.pdf p.152
2024,trabajos,pres_12,C (2),Apoyos educativos,{12},becas y apoyos educativos. ¿En este trabajo le dieron las siguientes,,doc_2024.pdf p.152
2024,trabajos,pres_13,C (2),Servicio de comedor,{13},servicio de comedor. ¿En este trabajo le dieron las siguientes,,doc_2024.pdf p.152
2024,trabajos,pres_14,C (2),Crédito FONACOT,{14},de crédito FONACOT.,,doc_2024.pdf p.152
2024,trabajos,pres_15,C (2),Ayuda de despensas,{15},ayuda de despensas. ¿En este trabajo le dieron las siguientes,,doc_2024.pdf p.153
2024,trabajos,pres_16,C (2),Ayuda en el pago de servicios,{16},"ayuda o exención en el pago de luz, agua, ¿En este trabajo le dieron las siguientes teléfono, etcétera.",,doc_2024.pdf p.153
2024,trabajos,pres_17,C (2),Pensión en caso de invalidez,{17},pensión en caso de invalidez. ¿En este trabajo le dieron las siguientes,,doc_2024.pdf p.153
2024,trabajos,pres_18,C (2),Pensión en caso de fallecimiento,{18},pensión para sus familiares en caso de fallecimiento.,,doc_2024.pdf p.153
2024,trabajos,pres_19,C (2),Otras prestaciones,{19},prestaciones. ¿En este trabajo le dieron las siguientes,,doc_2024.pdf p.154
2024,trabajos,pres_2,C (2),Aguinaldo,{02},aguinaldo. ¿En este trabajo le dieron las siguientes,,doc_2024.pdf p.149
2024,trabajos,pres_20,C (2),No tiene prestaciones,{20},prestaciones. ¿En este trabajo le dieron las siguientes,,doc_2024.pdf p.154
2024,trabajos,pres_3,C (2),Vacaciones,{03},vacaciones con goce de sueldo. ¿En este trabajo le dieron las siguientes,,doc_2024.pdf p.150
2024,trabajos,pres_4,C (2),Reparto de utilidades,{04},reparto de utilidades. ¿En este trabajo le dieron las siguientes,,doc_2024.pdf p.150
2024,trabajos,pres_5,C (2),Crédito de vivienda,{05},crédito de vivienda. ¿En este trabajo le dieron las siguientes,,doc_2024.pdf p.150
2024,trabajos,pres_6,C (2),Guarderías,{06},guarderías y estancias infantiles. ¿En este trabajo le dieron las siguientes,,doc_2024.pdf p.150
2024,trabajos,pres_7,C (2),Cuidados maternos o paternos,{07},tiempo para cuidados maternos o paternos. ¿En este trabajo le dieron las siguientes,,doc_2024.pdf p.151
2024,trabajos,pres_8,C (2),SAR o AFORE,{08},de SAR o AFORE.,,doc_2024.pdf p.151
2024,trabajos,pres_9,C (2),Seguro de vida,{09},seguro de vida. ¿En este trabajo le dieron las siguientes,,doc_2024.pdf p.151
2024,trabajos,scian,C (4),Catálogo SCIAN,Catálogo SCIAN,trabajó el integrante del hogar de acuerdo al Sistema de Clasificación Industrial de América,catalogo_scian,doc_2024.pdf p.155
2024,trabajos,sinco,C (4),Catálogo SINCO,Catálogo SINCO,acuerdo al Sistema Nacional de Clasificación de Ocupaciones.,catalogo_sinco,doc_2024.pdf p.154
2024,trabajos,soc_nr1,C (2),Primer socio del negocio,"{01,..., 30}",también es dueño(a) del negocio.,,doc_2024.pdf p.157
2024,trabajos,soc_nr2,C (2),Segundo socio del negocio,"{01,..., 30}",también es dueño(a) del negocio.,,doc_2024.pdf p.157
2024,trabajos,soc_resp,C (2),Responsable del negocio,"{01,..., 30}","responsable del negocio. ¿Quién de estas personas, incluyéndose usted,",,doc_2024.pdf p.157
2024,trabajos,socios,C (1),Socios del negocio,"{1, 2}",¿Existe alguna otra persona en el hogar además de también sea(n) dueño(s) del negocio.,,doc_2024.pdf p.157
2024,trabajos,subor,C (1),Fue subordinado,"{1, 2}",En el trabajo que tuvo fue subordinado.,,doc_2024.pdf p.148
2024,trabajos,tam_emp,C (2),Tamaño de la empresa,"{01,..., 12}","de trabajadores, donde desempeñó su trabajo Durante el mes pasado, ¿cuántas personas principal el integrante del hogar, el mes",,doc_2024.pdf p.155
2024,trabajos,tiene_suel,C (1),Asignación de sueldo,"{1, 2}","años, por el desempeño del trabajo que realizó ¿En este trabajo usted recibió o tuvo asignado un",,doc_2024.pdf p.156
2024,trabajos,tipoact,C (1),Actividad de la empresa,"{1,..., 9}","empresa, negocio o institución.",,doc_2024.pdf p.156
2024,trabajos,tipoact2,C (1),Segunda actividad del negocio,"{1,..., 9}","dedica la empresa, negocio o institución.",,doc_2024.pdf p.158
2024,trabajos,tipoact3,C (1),Tercera actividad del negocio,"{1,..., 9}","la empresa, negocio o institución.",,doc_2024.pdf p.158
2024,trabajos,tipoact4,C (1),Cuarta actividad del negocio,"{1,..., 9}","la empresa, negocio o institución.",,doc_2024.pdf p.158
2024,trabajos,tipocontr,C (1),Tipo de contrato,"{1, 2}",tuvo.,,doc_2024.pdf p.149
2024,trabajos,trapais,C (1),Trabajó en el país,"{1, 2}",El trabajo que tuvo fue dentro del país.,,doc_2024.pdf p.147
2024,trabajos,upm,C (7),Unidad Primaria de Muestreo,Sección y/o apartado,"muestreo y corresponden a áreas geográficas con límites identificables en el terreno que agrupan un conjunto de viviendas, cuyo",,doc_2024.pdf p.161
2024,viviendas,ab_agua,C (1),Abastecimiento de agua,"{1,..., 7}",Lugar de donde proviene el agua.,,doc_2024.pdf p.39
2024,viviendas,agua_ent,C (1),Agua entubada,"{1,..., 3}",manguera con la que obtienen el agua. ¿El agua la obtienen de llaves o mangueras que,,doc_2024.pdf p.39
2024,viviendas,agua_noe,C (1),Agua no entubada,"{1,..., 6}",el hogar.,,doc_2024.pdf p.39
2024,viviendas,aire_acond,C (1),Dispone de aire acondicionado,"{1, 2}",Aire acondicionado.,,doc_2024.pdf p.48
2024,viviendas,antigua_ne,C (1),Antigüedad no especificada de la vivienda,{1},No sabe la antigüedad de la vivienda ¿Cuántos años hace que se construyó esta,,doc_2024.pdf p.37
2024,viviendas,antiguedad,N (2),Antigüedad de la vivienda,"{0,..., 99}",construida. ¿Cuántos años hace que se construyó esta,,doc_2024.pdf p.37
2024,viviendas,bano_comp,N (1),Baño con excusado y regadera,Sección y/o apartado Sección I,Número de baños con excusado y regadera. ¿Cuántos baños tiene esta vivienda con excusado y,,doc_2024.pdf p.40
2024,viviendas,bano_excus,N (1),Baño solo con excusado,Sección y/o apartado Sección I,Número de baños solo con excusado. ¿Cuántos baños tiene esta vivienda solo con,,doc_2024.pdf p.41
2024,viviendas,bano_regad,N (1),Baño solo con regadera,Sección y/o apartado Sección I,Número de baños solo con regadera. ¿Cuántos baños tiene esta vivienda solo con,,doc_2024.pdf p.41
2024,viviendas,biodigest,C (1),Dispone de biodigestor,"{1, 2}",servicio sanitario.,,doc_2024.pdf p.40
2024,viviendas,bomba_agua,C (1),Dispone de bomba de agua,"{1, 2}",Bomba de agua.,,doc_2024.pdf p.48
2024,viviendas,calefacc,C (1),Dispone de calefacción,"{1, 2}",Calefacción.,,doc_2024.pdf p.49
2024,viviendas,calen_lena,C (1),Dispone de calentador de leña,"{1, 2}",Boiler o calentador de agua (leña) ¿Esta vivienda tiene boiler o calentador,,doc_2024.pdf p.48
2024,viviendas,calent_gas,C (1),Dispone de calentador de gas,"{1, 2}","Boiler o calentador de agua (gas, eléctrico) ¿Esta vivienda tiene boiler o calentador",,doc_2024.pdf p.47
2024,viviendas,calent_sol,C (1),Dispone de calentador solar de agua,"{1, 2}",Calentador de agua solar.,,doc_2024.pdf p.47
2024,viviendas,cisterna,C (1),Dispone de cisterna,"{1, 2}",Cisterna o aljibe.,,doc_2024.pdf p.47
2024,viviendas,cocina,C (1),Tiene cocina,"{1, 2}","calentar alimentos, aunque también tenga otros usos.",,doc_2024.pdf p.38
2024,viviendas,cocina_dor,C (1),Utiliza cocina de dormitorio,"{1, 2}",para dormir.,,doc_2024.pdf p.38
2024,viviendas,combus,C (1),Tipo de combustible,"{1,..., 7}",calentar alimentos en la vivienda.,,doc_2024.pdf p.42
2024,viviendas,combustible,C (1),Tipo de combustible,"{1,..., 7}",calentar alimentos en la vivienda.,,doc_2024.pdf p.42
2024,viviendas,cuart_dorm,N (2),Cuartos dormitorio,Sección y/o apartado Sección I,"usados habitualmente para dormir, aunque ¿Cuántos cuartos se usan para dormir sin contar también tengan otros usos.",,doc_2024.pdf p.38
2024,viviendas,disp_elect,C (1),Disponibilidad eléctrica,"{1,..., 5}",en la vivienda.,,doc_2024.pdf p.41
2024,viviendas,dotac_agua,C (1),Dotación de agua,"{1,..., 5}",agua entubada. ¿Cuántos días a la semana llega el agua a esta,,doc_2024.pdf p.39
2024,viviendas,drenaje,C (1),Destino de drenaje,"{1,..., 5}",desalojar de la vivienda los desechos humanos ¿Esta vivienda tiene drenaje o desagüe conectado y las aguas utilizadas.,,doc_2024.pdf p.41
2024,viviendas,eli_basura,C (1),Eliminación de basura,"{1,..., 8}",Formas de eliminar la basura de la vivienda.,,doc_2024.pdf p.42
2024,viviendas,escrituras,C (1),Escrituras de la vivienda,"{1,..., 4}",Escrituras o título de propiedad de la vivienda. ¿Esta vivienda cuenta con escrituras o título de,,doc_2024.pdf p.46
2024,viviendas,est_dis,C (3),Estrato de diseño muestral,Sección y/o apartado,de UPM de acuerdo con su estrato geográfico (entidad-ámbito-zona).,,doc_2024.pdf p.52
2024,viviendas,est_socio,C (1),Estrato socioeconómico,"{1,..., 4}",equipamiento de las mismas expresadas por medio de 34 indicadores construidos con información del Censo de Población y Vivienda 2010. Esta estratificación se realizó por medio,,doc_2024.pdf p.51
2024,viviendas,estim_pago,N (9),Estimación del pago de renta,Sección y/o apartado Sección I,vivienda que habita el hogar. ¿Cuánto pagaría mensualmente si la estuviera,,doc_2024.pdf p.43
2024,viviendas,excusado,C (1),Tiene excusado,"{1,.., 3}",para el desalojo de los desechos humanos.,,doc_2024.pdf p.40
2024,viviendas,factor,N (5),Factor de expansión,Sección y/o apartado,Factor de expansión.,,doc_2024.pdf p.52
2024,viviendas,finan_1,C (1),Financiamiento INFONAVIT,{1},construir su casa.,,doc_2024.pdf p.44
2024,viviendas,finan_2,C (1),Financiamiento FOVISSSTE,{2},construir su casa.,,doc_2024.pdf p.44
2024,viviendas,finan_3,C (1),Financiamiento PEMEX,{3},construir su casa.,,doc_2024.pdf p.44
2024,viviendas,finan_4,C (1),Financiamiento FONHAPO,{4},construir su casa.,,doc_2024.pdf p.44
2024,viviendas,finan_5,C (1),Financiamiento crédito bancario,{5},construir su casa.,,doc_2024.pdf p.44
2024,viviendas,finan_6,C (1),Financiamiento otra institución,{6},construir su casa.,,doc_2024.pdf p.45
2024,viviendas,finan_7,C (1),Financiamiento préstamo familiar,{7},construir su casa.,,doc_2024.pdf p.45
2024,viviendas,finan_8,C (1),Financiamiento con sus propios recursos,{8},construir su casa. ¿Quién de las personas que viven aquí es la dueña,,doc_2024.pdf p.45
2024,viviendas,focos,N (2),Total de focos,Sección y/o apartado Sección I,"vivienda, tanto en el interior como en el exterior.",,doc_2024.pdf p.41
2024,viviendas,focos_ahor,N (2),Número de focos ahorradores,Sección y/o apartado Sección I,"para iluminar la vivienda, tanto en el interior como en el exterior.",,doc_2024.pdf p.41
2024,viviendas,fogon_chi,C (1),Estufa o fogón con chimenea,"{1, 2}","de la vivienda al cocinar. ¿El fogón (anafre, estufa, comal) donde cocinan con",,doc_2024.pdf p.42
2024,viviendas,folioviv,C (10),Identificador de la vivienda,Sección y/o apartado,"rural, código 6), cuatro dígitos del número consecutivo de la UPM, un dígito de la decena de levantamiento y dos dígitos con un número",,doc_2024.pdf p.36
2024,viviendas,fregadero,C (1),Dispone de fregadero,"{1, 2}",Fregadero o tarja.,,doc_2024.pdf p.46
2024,viviendas,hog_dueno1,C (1),Hogar del primer dueño,Sección y/o apartado Sección I,vivienda. ¿Quién de las personas que viven aquí es la dueña,,doc_2024.pdf p.45
2024,viviendas,hog_dueno2,C (1),Hogar del segundo dueño,Sección y/o apartado Sección I,de la vivienda. ¿Quién de las personas que viven aquí es la dueña,,doc_2024.pdf p.46
2024,viviendas,lavadero,C (1),Dispone de lavadero,"{1, 2}",Lavadero.,,doc_2024.pdf p.46
2024,viviendas,lugar_coc,C (1),Lugar donde cocinan,"{1,..., 6}",alimentos. ¿El espacio para cocinar o preparar alimentos,,doc_2024.pdf p.38
2024,viviendas,mat_pared,C (1),Material de paredes,"{1,..., 8}",vivienda. ¿De qué material es la mayor parte de las paredes o,,doc_2024.pdf p.36
2024,viviendas,mat_pisos,C (1),Material de pisos,"{1,..., 3}",Material predominante en el piso de la vivienda. ¿De qué material es la mayor parte del piso de esta,,doc_2024.pdf p.37
2024,viviendas,mat_techos,C (2),Material de techos,"{01,..., 10}",vivienda. ¿De qué material es la mayor parte del techo de,,doc_2024.pdf p.37
2024,viviendas,medid_luz,C (1),Dispone de medidor de luz,"{1, 2}",Medidor de luz.,,doc_2024.pdf p.48
2024,viviendas,medidor_luz,C (1),Dispone de medidor de luz,"{1, 2}",Medidor de luz.,,doc_2024.pdf p.48
2024,viviendas,num_cuarto,N (2),Número de cuartos,Sección y/o apartado Sección I,"independientemente de su uso. ¿Cuántos cuartos tiene en total esta vivienda,",,doc_2024.pdf p.38
2024,viviendas,num_dueno1,C (2),Identificador del primer dueño,Sección y/o apartado Sección I,vivienda. ¿Quién de las personas que viven aquí es la dueña,,doc_2024.pdf p.45
2024,viviendas,num_dueno2,C (2),Identificador del segundo dueño,Sección y/o apartado Sección I,de la vivienda. ¿Quién de las personas que viven aquí es la dueña,,doc_2024.pdf p.45
2024,viviendas,p_electric,C (1),Problema con el sistema eléctrico,"{1, 2, 9}","sistema eléctrico (muros, techos, etcétera). ¿Esta vivienda, ¿tiene problemas con el sistema",,doc_2024.pdf p.50
2024,viviendas,p_fractura,C (1),Problema por fracturas,"{1, 2, 9}","fracturas, pandeos o deformación de columnas, ¿Esta vivienda, ¿tiene problemas con fracturas, vigas o trabes.",,doc_2024.pdf p.50
2024,viviendas,p_grietas,C (1),Problema por grietas,"{1, 2, 9}","o cuarteaduras en techos o muros. ¿Esta vivienda, ¿tiene problemas con grietas o",,doc_2024.pdf p.49
2024,viviendas,p_humedad,C (1),Problema por humedad,"{1, 2, 9}","humedad o filtraciones de agua en cimientos, ¿Esta vivienda, ¿tiene problemas con humedad o muros o techos.",,doc_2024.pdf p.49
2024,viviendas,p_levanta,C (1),Problema por levantamientos,"{1, 2, 9}","levantamientos o hundimientos del piso. ¿Esta vivienda, ¿tiene problemas con",,doc_2024.pdf p.49
2024,viviendas,p_pandeos,C (1),Problema por pandeos,"{1, 2, 9}","pandeos o deformaciones en los marcos de las ¿Esta vivienda, ¿tiene problemas con pandeos o puertas o ventanas.",,doc_2024.pdf p.49
2024,viviendas,p_tuberias,C (1),Problema con las tuberías de agua,"{1, 2, 9}","tuberías de agua o drenaje dentro de la ¿Esta vivienda, ¿tiene problemas con las tuberías vivienda.",,doc_2024.pdf p.50
2024,viviendas,pago_mesp,C (1),Pagó el mes pasado,"{1, 2}",Pagó por la vivienda el mes pasado.,,doc_2024.pdf p.43
2024,viviendas,pago_viv,N (6),Pago de vivienda,Sección y/o apartado Sección I,Monto del pago mensual por la vivienda.,,doc_2024.pdf p.43
2024,viviendas,pileta,C (1),Dispone de pileta o tanque,"{1, 2}","Pileta, tanque o depósito de agua. ¿Esta vivienda tiene pileta, tanque o depósito de",,doc_2024.pdf p.47
2024,viviendas,procaptar,N (1),Viviendas PROCAPTAR,"{0, 1}","anuales acumuladas iguales o mayores a 1 500mm, además se encontraban dentro de la Cruzada Nacional Contra el Hambre, para las cuales el apoyo del programa es de hasta el",,doc_2024.pdf p.52
2024,viviendas,regadera,C (1),Dispone de regadera,"{1, 2}",Regadera.,,doc_2024.pdf p.46
2024,viviendas,renta,N (6),Monto de la renta mensual,Sección y/o apartado Sección I,Monto de la renta mensual.,,doc_2024.pdf p.43
2024,viviendas,sanit_agua,C (1),Sanitario conexión agua,"{1,..., 3}",o sin conexión de agua.,,doc_2024.pdf p.40
2024,viviendas,tam_loc,C (1),Tamaño de localidad,"{1,..., 4}",habitantes.,,doc_2024.pdf p.51
2024,viviendas,tanque_gas,C (1),Dispone de tanque de gas estacionario,"{1, 2}",Tanque de gas estacionario.,,doc_2024.pdf p.48
2024,viviendas,tenencia,C (1),Tipo de tenencia de la vivienda,"{1,..., 6}",ocupantes.,,doc_2024.pdf p.42
2024,viviendas,tinaco_azo,C (1),Dispone de tinaco,"{1, 2}",Tinaco en la azotea.,,doc_2024.pdf p.47
2024,viviendas,tipo_adqui,C (1),Tipo de adquisición,"{1,..., 6}",adquirirla.,,doc_2024.pdf p.43
2024,viviendas,tipo_viv,C (1),Tipo de vivienda,"{1,..., 7}",Clase de vivienda particular.,,doc_2024.pdf p.36
2024,viviendas,tot_hog,N (1),Total de hogares en la vivienda,Sección y/o apartado,Total de hogares en la vivienda.,,doc_2024.pdf p.51
2024,viviendas,tot_hom,N (2),Total de residentes hombres,Sección y/o apartado,la vivienda.,,doc_2024.pdf p.50
2024,viviendas,tot_muj,N (2),Total de residentes mujeres,Sección y/o apartado,vivienda.,,doc_2024.pdf p.51
2024,viviendas,tot_resid,N (2),Total de residentes de la vivienda,Sección y/o apartado,Número de personas que habitan la vivienda.,,doc_2024.pdf p.50
2024,viviendas,ubica_geo,C (5),Ubicación geográfica,Sección y/o apartado,"municipio. Estas corresponden al Catálogo de claves de entidades federativas, municipios y",,doc_2024.pdf p.51
2024,viviendas,upm,C (7),Unidad Primaria de Muestreo,Sección y/o apartado,"muestreo y corresponden a áreas geográficas con límites identificables en el terreno que agrupan un conjunto de viviendas, cuyo",,doc_2024.pdf p.52
2024,viviendas,uso_compar,C (1),Uso compartido del sanitario,"{1, 2}",los habitantes de otra vivienda.,,doc_2024.pdf p.40
2024,viviendas,viv_usada,C (1),Compró la vivienda usada,"{1, 2}",Estado de la vivienda al momento de adquirirla.,,doc_2024.pdf p.44
